Student ID,Test Name,Gender,Version,Level,Test Date,Standardised Score,Name
39257628490,English,F,V2,11,2022-12-04,92.0,Dr. Andrew Guerra
37673672694,English,F,V3,11,2022-12-04,92.0,  Anthony Villanueva
40075344408,English,F,V2,11,2022-12-04,130.0,Pamela Brown
67158587238,English,M,V2,11,2022-12-04,93.0,Patricia Pitts
55162317757,English,F,V1,11,2022-12-04,139.0,  Sandra Powell
93444345217,English,F,V2,11,2022-12-04,136.0,  Joshua Meyer
12642977054,English,F,V1,11,2022-12-04,144.0,  Kayla Robbins
41539714369,English,M,V1,11,2022-12-04,144.0,  Johnny Rodriguez
64427716338,English,M,V3,11,2022-12-04,141.0,  Jennifer Blackwell
69967151926,English,M,V3,11,2022-12-04,91.0,Joseph Fields
60017168581,English,F,V1,11,2022-12-04,143.0,Denise Clark
97291598150,English,M,V3,11,2022-12-04,, Lisa Ray
78150584647,English,F,V1,11,2022-12-04,92.0, Stacy Frye
23264235645,English,M,V1,11,2022-12-04,139.0,  Paul Bennett
54602343043,English,M,V2,11,2022-12-04,132.0,Sarah Garcia
93918237664,English,F,V2,11,2022-12-04,95.0,Laura Wang
83847324991,English,M,V3,11,2022-12-04,87.0,  Sarah Mcdowell
48773080177,English,F,V2,11,2022-12-04,91.0,Paul Cooper
98733682789,English,F,V3,11,2022-12-04,104.0,  Ian Nielsen
53501417757,English,M,V3,11,2022-12-04,131.0,Douglas Greene
75020514492,English,F,V3,11,2022-12-04,127.0,Laura Cox
14847064335,English,F,V3,11,2022-12-04,136.0,David Patton
64268875790,English,F,V1,11,2022-12-04,, Rebecca Larsen
11164829383,English,M,V3,11,2022-12-04,143.0,  Brandon Mcintyre
89092516637,English,F,V1,11,2022-12-04,91.0,Joseph Edwards
13777677718,English,M,V1,11,2022-12-04,89.0, Sara Liu
14495497195,English,F,V2,11,2022-12-04,88.0, Brittany Gibson
99938701825,English,F,V3,11,2022-12-04,97.0,Dan Lewis
74264049659,English,M,V2,11,2022-12-04,145.0,William Knox
96688090325,English,F,V1,11,2022-12-04,87.0,Larry Lopez
41164529937,English,F,V2,11,2022-12-04,142.0,Cynthia Scott
16430763799,English,M,V2,11,2022-12-04,90.0,Casey Fernandez
32971671088,English,F,V1,11,2022-12-04,147.0,  Corey Lucas
71625239876,English,M,V3,11,2022-12-04,96.0,Anita Griffith
10149548254,English,M,V1,11,2022-12-04,129.0,  Gregory Johnson
22236095251,English,F,V1,11,2022-12-04,134.0,  Tracy Mcintyre
83186443516,English,M,V3,11,2022-12-04,142.0,  Mike Mann
60346090784,English,M,V2,11,2022-12-04,144.0,  Debra Ferrell
47909057047,English,M,V2,11,2022-12-04,145.0,Janet Todd
53501417757,English,M,V1,11,2022-12-04,133.0,Gary Weber
40920659986,English,F,V2,11,2022-12-04,90.0,  Benjamin Santos
75337490997,English,M,V2,11,2022-12-04,100.0,Megan Hamilton
93264844472,English,F,V3,11,2022-12-04,142.0,Monica Barnett
33863619558,English,M,V3,11,2022-12-04,87.0, Lisa Bowers
42934353417,English,F,V2,11,2022-12-04,133.0,Tracy Wells
22918734247,English,M,V3,11,2022-12-04,137.0,David Moyer
55589552522,English,F,V3,11,2022-12-04,92.0, Dwayne Bennett
35663218245,English,F,V2,11,2022-12-04,138.0, Danielle Diaz
66556345987,English,M,V3,11,2022-12-04,94.0,  Jason Villegas
66340279523,English,M,V3,11,2022-12-04,139.0, Cameron Galvan
94528524323,English,F,V1,11,2022-12-04,139.0, Desiree Sheppard
29377064333,English,F,V3,11,2022-12-04,135.0, Cindy Schultz
29312825875,English,F,V3,11,2022-12-04,91.0,  Jay Riggs
33034474593,English,F,V1,11,2022-12-04,138.0, Kimberly Curtis
36357438752,English,F,V2,11,2022-12-04,141.0,  Allison Thompson
85259461393,English,M,V3,11,2022-12-04,93.0,Thomas Larson
89964821083,English,F,V1,11,2022-12-04,88.0, Mr. Casey Murphy
51642233353,English,M,V1,11,2022-12-04,128.0, Joseph Lowery
63359029630,English,F,V2,11,2022-12-04,134.0, Isabella Ramsey
30991503388,English,M,V3,11,2022-12-04,138.0, Jennifer Chavez
96708691069,English,F,V1,11,2022-12-04,91.0,  Heather Stout
81896740196,English,F,V3,11,2022-12-04,91.0,  Patrick Parks
82910011214,English,F,V1,11,2022-12-04,119.0, Jacqueline Brown
42934353417,English,M,V3,11,2022-12-04,135.0,Victor Wilson
69750783881,English,M,V1,11,2022-12-04,92.0, Kenneth Alvarado
69215234955,English,M,V2,11,2022-12-04,143.0,  Max Martin MD
79948760075,English,M,V3,11,2022-12-04,91.0,  Kenneth Mendoza
41197629449,English,F,V1,11,2022-12-04,93.0,Heather Russell
36357438752,English,F,V2,11,2022-12-04,144.0,  James Cooley
57398679186,English,F,V2,11,2022-12-04,100.0, Katherine Steele
29967993073,English,M,V3,11,2022-12-04,95.0,Robert Singh
30970122215,English,X,V1,11,2022-12-04,124.0,Brittany Franklin
21785874311,English,X,V1,11,2022-12-04,142.0,  Ronald Figueroa
81776063185,English,F,V1,11,2022-12-04,148.0, Angela Hardin
85142083276,English,M,V3,11,2022-12-04,138.0,Brett Hernandez
38803689058,English,F,V1,11,2022-12-04,90.0,Margaret Ray
96455111020,English,F,V2,11,2022-12-04,124.0,Joy Wright
70793899934,English,M,V3,11,2022-12-04,102.0, Darrell Galloway
96653829871,English,F,V3,11,2022-12-04,92.0,Andrea Hanson
16111480090,English,M,V2,11,2022-12-04,122.0, Mrs. Erika Hughes
43464269956,English,M,V2,11,2022-12-04,147.0,  Chelsea Williams
18421544331,English,M,V1,11,2022-12-04,131.0, Joshua Morgan
81444319253,English,F,V1,11,2022-12-04,139.0, Craig Wilson
66303125603,English,F,V3,11,2022-12-04,129.0,  Amy Francis
32743693205,English,M,V1,11,2022-12-04,138.0, Neil Deleon
22918734247,English,F,V3,11,2022-12-04,137.0,Dr. Alexander Collins
43729112581,English,F,V2,11,2022-12-04,134.0, Rodney Rogers
26110386605,English,F,V3,11,2022-12-04,128.0, Dawn Moran
49195446716,English,F,V3,11,2022-12-04,89.0, Patrick Downs
44216996017,English,M,V1,11,2022-12-04,149.0,  Joseph Young
47521934112,English,F,V2,11,2022-12-04,136.0, Sharon Norman
50627516974,English,F,V3,11,2022-12-04,147.0, Michelle Phillips
15679694410,English,F,V2,11,2022-12-04,144.0,Samuel Boyd
77844905150,English,M,V2,11,2022-12-04,147.0,  Caleb Cunningham
75096657668,English,M,V2,11,2022-12-04,97.0, Ryan Perez
22237622104,English,M,V3,11,2022-12-04,122.0,George Lane
66637893554,English,M,V3,11,2022-12-04,90.0,Tina Patton
69487469844,English,F,V3,11,2022-12-04,100.0,  Marcus Flores
54563931614,English,F,V1,11,2022-12-04,144.0,Heather Graham
10516896006,English,F,V3,11,2022-12-04,128.0, Sierra Zamora
45224781603,English,M,V1,11,2022-12-04,133.0,Alexander Sellers
78640131856,English,F,V2,11,2022-12-04,137.0, Katie Pugh
47909057047,English,F,V1,11,2022-12-04,139.0,  Tammy Salazar
16381718141,English,M,V3,11,2022-12-04,135.0,Mary Hawkins
33687202461,English,M,V2,11,2022-12-04,138.0,  Susan Perry
25554998482,English,F,V3,11,2022-12-04,95.0, Richard Harrison
74923108938,English,M,V1,11,2022-12-04,144.0,Larry Jones
85629845090,English,F,V3,11,2022-12-04,93.0,  Gabriel Watson
56732888638,English,M,V1,11,2022-12-04,99.0,  Rachel Young
59079274686,English,F,V3,11,2022-12-04,94.0, Susan Norton
64828326492,English,F,V2,11,2022-12-04,146.0,Joanne Johnson
28214965638,English,M,V3,11,2022-12-04,87.0,  Danielle Lowe
17115771819,English,M,V2,11,2022-12-04,138.0,  Anthony Butler
11448678894,English,M,V1,11,2022-12-04,86.0,Carl Villanueva
96277079540,English,M,V1,11,2022-12-04,90.0, Micheal Taylor
22315761552,English,F,V2,11,2022-12-04,129.0,Charlene Chapman
71387547420,English,M,V3,11,2022-12-04,148.0,  Jorge Byrd
29847692503,English,F,V2,11,2022-12-04,89.0,Danny Phillips
22433349631,English,F,V2,11,2022-12-04,132.0,  Christopher Whitehead
75872773604,English,F,V1,11,2022-12-04,94.0,  Jeffrey Mccall
22988766573,English,F,V1,11,2022-12-04,96.0,  George Garza
43661906350,English,F,V3,11,2022-12-04,132.0,  Lindsey Jones
20117489612,English,M,V2,11,2022-12-04,,  Henry Weber
31030309953,English,F,V3,11,2022-12-04,127.0,  Colleen Wagner
60076235963,English,M,V2,11,2022-12-04,133.0, Melissa Norton
99852524165,English,F,V2,11,2022-12-04,88.0,  Devin Levy
26754744447,English,F,V2,11,2022-12-04,91.0, Samuel Ruiz
65547631277,English,F,V3,11,2022-12-04,143.0,David Mccarty
49647073525,English,M,V2,11,2022-12-04,88.0,  Justin Hall
90239976137,English,M,V2,11,2022-12-04,145.0,Ronald Holmes
79305997122,English,F,V1,11,2022-12-04,146.0,Kimberly Wright
59448525125,English,M,V1,11,2022-12-04,141.0, Jennifer Berry
19386871820,English,F,V2,11,2022-12-04,147.0, Andrew Booker
53249544585,English,M,V1,11,2022-12-04,88.0,  Natalie Chang
69654121552,English,F,V2,11,2022-12-04,142.0, Amy Mason
14897389155,English,M,V1,11,2022-12-04,96.0,Allison Gardner
48307390171,English,F,V3,11,2022-12-04,139.0,Jodi Cantu
97852925349,English,F,V3,11,2022-12-04,101.0,Jill Williams
71534927954,English,M,V1,11,2022-12-04,86.0,  Deborah Wood
96920125494,English,F,V3,11,2022-12-04,141.0,  Deborah Berry
35307824187,English,F,V1,11,2022-12-04,145.0, Misty Calhoun
93197659248,English,M,V3,11,2022-12-04,101.0,Christopher Vasquez
22431082750,English,M,V2,11,2022-12-04,124.0,Brianna Townsend
77509765600,English,F,V1,11,2022-12-04,143.0,  Julie Weber
59164784040,English,M,V2,11,2022-12-04,142.0,Jeremy Strong
93033355481,English,M,V2,11,2022-12-04,142.0, Melissa Ward
31737932907,English,F,V2,11,2022-12-04,139.0,  Angela Wise
37763289964,English,M,V1,11,2022-12-04,96.0,Mary Lopez
18219648203,English,M,V2,11,2022-12-04,137.0,  Todd Osborne
17115771819,English,M,V3,11,2022-12-04,140.0,Bailey Taylor
50200126886,English,F,V2,11,2022-12-04,138.0, Tiffany Harris
83970548701,English,M,V3,11,2022-12-04,148.0,Barbara Long
80575118569,English,F,V1,11,2022-12-04,148.0,Kathy Tran
72225023100,English,F,V2,11,2022-12-04,111.0,Robin Sullivan
64268875790,English,M,V1,11,2022-12-04,91.0,  Joshua Velasquez
17198969270,English,F,V1,11,2022-12-04,89.0,Lori Holmes
84526417074,English,M,V1,11,2022-12-04,144.0, Raymond Stewart Jr.
93411768796,English,F,V2,11,2022-12-04,91.0,  Johnny Reeves
78433026278,English,M,V1,11,2022-12-04,137.0,  Alexandria Logan
86542449593,English,F,V1,11,2022-12-04,92.0,  Leslie Richards
41697237056,English,M,V3,11,2022-12-04,142.0, Emily Brown
91214910522,English,M,V2,11,2022-12-04,124.0, Derek Lawrence
15227548242,English,M,V1,11,2022-12-04,138.0, Dylan Lewis
52417428379,English,M,V2,11,2022-12-04,141.0,  Cristian Jones
48740734906,English,M,V2,11,2022-12-04,149.0,David Garner
41164529937,English,F,V1,11,2022-12-04,148.0,  Lindsay Fox
24716447246,English,F,V1,11,2022-12-04,137.0, Sydney Blevins
42722721347,English,M,V2,11,2022-12-04,131.0,  Melanie Hall DVM
12412282444,English,F,V2,11,2022-12-04,124.0,  Peggy Jackson
28664912140,English,M,V3,11,2022-12-04,130.0,Michelle Morales
53783048836,English,M,V1,11,2022-12-04,91.0,Andrea Martinez
26718437316,English,F,V3,11,2022-12-04,139.0, Katie Harris
71387547420,English,F,V3,11,2022-12-04,147.0,Tammy Curry
86669097394,English,M,V3,11,2022-12-04,96.0,  John Phillips
49840230840,English,M,V3,11,2022-12-04,139.0,  Brian Olson
74291213013,English,M,V1,11,2022-12-04,120.0, Aaron Johnston DDS
36613252863,English,F,V1,11,2022-12-04,139.0,Jacob Jones
99362897044,English,F,V3,11,2022-12-04,92.0,  William Patel
53129369838,English,F,V1,11,2022-12-04,93.0,  James Rich
85223356723,English,F,V3,11,2022-12-04,136.0, Judith Lewis
22426124972,English,M,V1,11,2022-12-04,128.0,James Edwards
79624361411,English,F,V1,11,2022-12-04,135.0, Joseph Weber
13136213652,English,M,V3,11,2022-12-04,123.0,  Lisa Diaz
49273075980,English,M,V3,11,2022-12-04,91.0,Michael Baker
91965693443,English,F,V3,11,2022-12-04,147.0,  Douglas Baker
56704858083,English,F,V3,11,2022-12-04,147.0,  Jennifer Morgan
66884195417,English,F,V3,11,2022-12-04,94.0, Kathleen Salas
10062407788,English,M,V1,11,2022-12-04,132.0,  Kristy Collier
24279088405,English,F,V2,11,2022-12-04,147.0, Robert Moreno
34669821602,English,X,V3,11,2022-12-04,139.0,  Suzanne Rivera
54846395566,English,M,V1,11,2022-12-04,96.0,Carl Ingram
73013335860,English,M,V1,11,2022-12-04,127.0, Ashley Holt
45905527776,English,F,V1,11,2022-12-04,142.0, Christopher Mack
44127421391,English,M,V3,11,2022-12-04,131.0,  Sheila Adams
86205570390,English,M,V1,11,2022-12-04,141.0,Amber Brady
70006397174,English,F,V2,11,2022-12-04,140.0,  Mary Jenkins
70999919688,English,F,V1,11,2022-12-04,110.0,  Helen Winters
79599129455,English,M,V3,11,2022-12-04,102.0, Jake Huerta
22028765845,English,F,V3,11,2022-12-04,143.0,  Taylor Diaz
75193538730,English,F,V1,11,2022-12-04,147.0,Jonathan Moore
21465361852,English,M,V2,11,2022-12-04,136.0, Bryan Nelson
62435008900,English,F,V3,11,2022-12-04,133.0,Thomas Duncan
27957147490,English,M,V1,11,2022-12-04,147.0, John Stevens
97238426760,English,M,V2,11,2022-12-04,85.0, Don Wilson
28764628474,English,F,V1,11,2022-12-04,89.0, Crystal Fuller
93911161068,English,M,V3,11,2022-12-04,141.0,  Michelle Wright
93444345217,English,F,V3,11,2022-12-04,136.0,Elizabeth Phillips
95714983357,English,F,V3,11,2022-12-04,89.0,  Mary Graham
89314791255,English,F,V2,11,2022-12-04,142.0,Breanna Schultz
40943599191,English,M,V2,11,2022-12-04,87.0,John Herrera
87742275368,English,F,V1,11,2022-12-04,95.0,  Joyce Murphy DDS
92460828179,English,M,V3,11,2022-12-04,94.0, Ryan Forbes
10502002040,English,F,V1,11,2022-12-04,101.0, Juan Huerta
99687947879,English,M,V3,11,2022-12-04,113.0,Brandon Ruiz
78162897323,English,M,V2,11,2022-12-04,141.0, Ethan Graham
33687202461,English,M,V1,11,2022-12-04,135.0,  Michael Harding
88007338647,English,X,V2,11,2022-12-04,147.0,Steven Wade
28157612948,English,F,V3,11,2022-12-04,143.0, Eugene Gutierrez
47069663558,English,M,V1,11,2022-12-04,93.0,  Jason Gomez
45859503185,English,F,V2,11,2022-12-04,89.0,Karen Foley
35332870309,English,F,V1,11,2022-12-04,142.0,Lee Rivas
60607879146,English,F,V3,11,2022-12-04,85.0, Cathy Cervantes
29679285587,English,M,V3,11,2022-12-04,103.0,  Dana Taylor
19120278527,English,F,V3,11,2022-12-04,137.0,Cheryl Byrd
64661148999,English,M,V3,11,2022-12-04,89.0,Christopher Zavala
50506660797,English,M,V1,11,2022-12-04,145.0,  Vanessa Frank
57989261506,English,F,V2,11,2022-12-04,87.0, Laura Winters
33122332352,English,M,V3,11,2022-12-04,119.0,  Ronald Freeman
34546064089,English,M,V1,11,2022-12-04,142.0,Vickie Tapia
95912877167,English,M,V1,11,2022-12-04,91.0,  Scott Garcia
77799546951,English,M,V2,11,2022-12-04,101.0,Ronald Forbes
30739555984,English,M,V3,11,2022-12-04,147.0,Miguel Hays
17147986536,English,M,V1,11,2022-12-04,91.0,  Stephanie Lamb
69881405848,English,M,V2,11,2022-12-04,88.0,Jerome Cook
68096307252,English,M,V3,11,2022-12-04,140.0, Kyle Delgado
45709279644,English,F,V3,11,2022-12-04,147.0,  Phillip Rivera
66055900783,English,M,V2,11,2022-12-04,142.0,  Jonathan Hernandez
55772403908,English,M,V3,11,2022-12-04,149.0,  David Jennings
87832208296,English,F,V2,11,2022-12-04,88.0,  Cynthia Duncan
42052223928,English,F,V1,11,2022-12-04,, Jordan Bryant
33266948612,English,M,V2,11,2022-12-04,137.0, Lisa Romero
83258969641,English,F,V3,11,2022-12-04,94.0, John Mueller
50773173950,English,M,V2,11,2022-12-04,135.0, Derek Rios DVM
14716652116,English,F,V3,11,2022-12-04,130.0,Anthony Perry
56108261551,English,F,V2,11,2022-12-04,131.0,  Jack Ramirez
36533873869,English,F,V2,11,2022-12-04,90.0, Elizabeth Novak
26659504600,English,F,V2,11,2022-12-04,138.0, Erika Taylor
98736963531,English,M,V2,11,2022-12-04,92.0,Emily Robles
72945182799,English,F,V1,11,2022-12-04,94.0,Scott Bailey
78596246021,English,F,V2,11,2022-12-04,141.0,Jessica Garcia
56469271188,English,F,V1,11,2022-12-04,86.0, Sara Perez
55217503053,English,F,V2,11,2022-12-04,127.0, Veronica Smith
83723257705,English,F,V1,11,2022-12-04,146.0, Timothy Myers
13820160638,English,M,V1,11,2022-12-04,129.0,  Lori Walker
85274237474,English,M,V1,11,2022-12-04,145.0,Loretta Costa
11170663676,English,F,V1,11,2022-12-04,138.0,Tony Bishop
94147980841,English,F,V1,11,2022-12-04,94.0,Timothy Snyder
18278710644,English,F,V2,11,2022-12-04,141.0,Travis Rowland
47650216431,English,M,V1,11,2022-12-04,133.0,  Chad Walker
78457780233,English,M,V1,11,2022-12-04,91.0,Megan Turner
27976876969,English,M,V2,11,2022-12-04,109.0,Aaron Anderson
95796231948,English,M,V3,11,2022-12-04,99.0,  Kelsey Morgan
37232285682,English,F,V1,11,2022-12-04,137.0, Billy Holland
30349958634,English,F,V1,11,2022-12-04,144.0, Samantha Adams
23124209894,English,M,V1,11,2022-12-04,136.0,Peter Ortiz
48902780299,English,F,V1,11,2022-12-04,88.0, Christina Gaines
99525406022,English,F,V2,11,2022-12-04,133.0,  Mark Pierce
15914951752,English,F,V3,11,2022-12-04,140.0,Laura Reid
68096307252,English,M,V3,11,2022-12-04,140.0,Charles Ramirez
90855382115,English,F,V1,11,2022-12-04,135.0, James Clark
25187132076,English,M,V2,11,2022-12-04,136.0,  Yvonne Good
69436599424,English,M,V2,11,2022-12-04,90.0,  David Stevens
94551260048,English,M,V3,11,2022-12-04,139.0, Cory Nelson
86829284249,English,F,V1,11,2022-12-04,94.0,  Stephanie Wilkins
29054335654,English,F,V2,11,2022-12-04,140.0, Veronica Patel
66303125603,English,F,V2,11,2022-12-04,134.0,Jeffery Juarez
29679285587,English,M,V2,11,2022-12-04,105.0,Bradley Casey
47413723941,English,M,V3,11,2022-12-04,132.0, Debbie Richardson
76549968104,English,M,V1,11,2022-12-04,92.0, Jonathon Robinson
14379882673,English,F,V2,11,2022-12-04,150.0,  Dr. Mackenzie Wells
54563931614,English,M,V3,11,2022-12-04,143.0, Robert Oneill
48278474008,English,F,V3,11,2022-12-04,140.0, Elizabeth Richards
23168927908,English,F,V2,11,2022-12-04,148.0, Stacy Bailey
29145333455,English,F,V2,11,2022-12-04,137.0, Bradley Stafford
66210984530,English,F,V1,11,2022-12-04,131.0,  Carl Rivera DDS
86347838174,English,F,V2,11,2022-12-04,92.0, Jeanette Collins
72833755933,English,F,V2,11,2022-12-04,145.0,  Allison Davis
88246494418,English,F,V2,11,2022-12-04,93.0,Tonya Johnston
60607879146,English,M,V1,11,2022-12-04,87.0,  Jessica Mckee
27166140971,English,M,V1,11,2022-12-04,131.0,  Ralph Moyer
65893471618,English,F,V1,11,2022-12-04,144.0, Autumn Jones
65509335875,English,M,V3,11,2022-12-04,95.0, Wendy Edwards
13820160638,English,F,V3,11,2022-12-04,127.0,Julie Patterson
58611983280,English,F,V3,11,2022-12-04,149.0,Shawn Smith
64739545537,English,M,V3,11,2022-12-04,97.0, Mrs. Jennifer Gonzalez
38677065715,English,F,V1,11,2022-12-04,148.0, Joseph Ross
94968642746,English,M,V3,11,2022-12-04,96.0, Sharon Sanders
24366224055,English,F,V2,11,2022-12-04,132.0,John Riddle
18219648203,English,M,V3,11,2022-12-04,136.0,  Miranda Perez
93033355481,English,F,V2,11,2022-12-04,143.0, Megan Graham
38677065715,English,M,V3,11,2022-12-04,145.0,Tyler Barnes
35332870309,English,M,V3,11,2022-12-04,143.0,Anne Flynn
62311601261,English,F,V2,11,2022-12-04,121.0, Megan Daniels
58702912644,English,M,V3,11,2022-12-04,145.0, Stephanie Boyd
96260752647,English,M,V3,11,2022-12-04,144.0, Courtney Moon
54777732108,English,F,V2,11,2022-12-04,140.0, Krystal Webster
89737993871,English,M,V1,11,2022-12-04,105.0,  Christina Holmes
34630506094,English,M,V3,11,2022-12-04,131.0,Teresa Bell
64269047997,English,F,V2,11,2022-12-04,103.0,Brent Watts
21151850952,English,M,V1,11,2022-12-04,128.0,  Lori Atkinson
20155897011,English,M,V2,11,2022-12-04,135.0,Andrea Edwards
32157292809,English,M,V2,11,2022-12-04,135.0,  Dale Knight
87184073596,English,M,V1,11,2022-12-04,145.0,  Marc Johnson
85022660982,English,M,V3,11,2022-12-04,141.0,Nicholas Morse
32331897485,English,F,V3,11,2022-12-04,92.0,Brandi Hall
21532485140,English,M,V2,11,2022-12-04,131.0,  Adriana Mora
43291652924,English,F,V1,11,2022-12-04,141.0,Mrs. Maria Smith
26531174654,English,M,V3,11,2022-12-04,141.0, Kevin Lloyd
31325052982,English,M,V1,11,2022-12-04,134.0,  Heather Bryant
91068051632,English,M,V1,11,2022-12-04,136.0,Lisa Estrada
96633550586,English,F,V2,11,2022-12-04,91.0,Ronald Coleman
20697718467,English,F,V1,11,2022-12-04,92.0,  James Johnson Jr.
79740175665,English,M,V1,11,2022-12-04,88.0,Charles Santos
11164829383,English,M,V3,11,2022-12-04,140.0, Jessica Mccullough
11595423704,English,F,V3,11,2022-12-04,129.0, Lisa Obrien
93652113600,English,F,V2,11,2022-12-04,122.0, Joseph Cook
13985036584,English,F,V1,11,2022-12-04,92.0,  Derek Thompson
82367147306,English,X,V1,11,2022-12-04,144.0,  Olivia Pena
66908252864,English,F,V2,11,2022-12-04,92.0, Abigail Baldwin
52901009898,English,F,V2,11,2022-12-04,144.0, Mitchell Adams
44835856520,English,F,V3,11,2022-12-04,145.0,Emily Steele
70251846217,English,M,V1,11,2022-12-04,140.0,Charles Jensen
95107607168,English,F,V3,11,2022-12-04,147.0, Mark Burnett
17298560771,English,M,V1,11,2022-12-04,141.0,  Melissa Lewis
31990795801,English,M,V3,11,2022-12-04,146.0,  Brittany Guerrero
85588750987,English,M,V2,11,2022-12-04,99.0,Jennifer Johnson MD
91627863710,English,M,V3,11,2022-12-04,145.0,  Parker Pugh
30439906070,English,M,V2,11,2022-12-04,139.0,Michelle Clark
59309824550,English,F,V1,11,2022-12-04,143.0,  Zachary Brown
55951439199,English,F,V3,11,2022-12-04,93.0, John Mclean
91866089529,English,F,V2,11,2022-12-04,94.0, Ryan Scott
50476385278,English,M,V3,11,2022-12-04,144.0,Vickie Miller
52901009898,English,F,V1,11,2022-12-04,145.0, Candace Oliver
18625582392,English,M,V3,11,2022-12-04,144.0, Scott Humphrey
64225858788,English,M,V1,11,2022-12-04,103.0,  Alan Jones
87947334685,English,F,V1,11,2022-12-04,94.0,  James Lucas
46391948712,English,M,V1,11,2022-12-04,143.0, Barbara Goodwin
42334274200,English,F,V3,11,2022-12-04,126.0,Carlos Miller
42934353417,English,M,V3,11,2022-12-04,137.0,Jared Hickman
25496941345,English,F,V3,11,2022-12-04,143.0,Kelly Jackson
81776063185,English,F,V3,11,2022-12-04,150.0,Malik Garcia
64431114483,English,F,V3,11,2022-12-04,127.0, Kendra Decker
93104584713,English,M,V1,11,2022-12-04,135.0,Daniel Gregory
10609598072,English,M,V2,11,2022-12-04,141.0,  David Ellis
45657302689,English,M,V1,11,2022-12-04,144.0, Eric Foster
32206312014,English,M,V3,11,2022-12-04,120.0,  Tyrone Stanley
41568031531,English,M,V2,11,2022-12-04,128.0, Donald Huber
56108261551,English,F,V3,11,2022-12-04,128.0,Todd Lewis
89314791255,English,F,V2,11,2022-12-04,144.0, Janet Patel
62948181626,English,F,V3,11,2022-12-04,143.0,  Jessica Wood
32195836132,English,F,V2,11,2022-12-04,138.0,Curtis Kennedy
54817124892,English,M,V1,11,2022-12-04,149.0, Jenna Guzman
61996967428,English,F,V2,11,2022-12-04,96.0,Tiffany Beard
54563931614,English,M,V2,11,2022-12-04,147.0, Claudia Bowman
49807968138,English,F,V1,11,2022-12-04,95.0, John Swanson
83847324991,English,M,V1,11,2022-12-04,91.0,Christopher Schwartz
55550210051,English,M,V3,11,2022-12-04,116.0,Erica Hunt
78945003388,English,F,V2,11,2022-12-04,87.0,Nancy Moore
14498415952,English,M,V2,11,2022-12-04,141.0,  Sheila Kim
44842539041,English,X,V3,11,2022-12-04,132.0,  Julia Jordan
16389838678,English,M,V2,11,2022-12-04,100.0,Stephanie Aguirre
30937872911,English,F,V3,11,2022-12-04,144.0,Brian Garrett
66661092604,English,M,V2,11,2022-12-04,139.0,Lindsey Bishop
74807321483,English,M,V1,11,2022-12-04,141.0,  Amy Davenport
91700763507,English,F,V1,11,2022-12-04,134.0,Jeffery Rogers
11877732684,English,M,V2,11,2022-12-04,87.0,  Randall Rodriguez
96880326346,English,M,V3,11,2022-12-04,90.0,Robert Finley
58300117961,English,F,V1,11,2022-12-04,130.0,Mr. Isaiah Garcia MD
88992339712,English,M,V2,11,2022-12-04,98.0, Cody Lynch
33954447689,English,F,V1,11,2022-12-04,94.0,David Melton
22737760921,English,F,V3,11,2022-12-04,137.0, Jacob Barber
26596016680,English,F,V2,11,2022-12-04,139.0,  Chase Stout
79965949019,English,F,V3,11,2022-12-04,94.0, Brandon Jackson
17588192816,English,F,V3,11,2022-12-04,93.0, Joann Walker
10745141541,English,F,V3,11,2022-12-04,125.0,  William Benson
52682401259,English,F,V3,11,2022-12-04,134.0, Andrea Barajas
79142660212,English,M,V1,11,2022-12-04,131.0,Susan Kirby
39342584620,English,F,V3,11,2022-12-04,139.0, Julia Acosta
12358135306,English,F,V1,11,2022-12-04,131.0,Victoria Patterson
95714983357,English,M,V1,11,2022-12-04,86.0, Lisa Jones MD
76431487746,English,F,V2,11,2022-12-04,94.0, Kevin Rivas
73904247848,English,F,V2,11,2022-12-04,148.0,  Jeffrey Torres
52685372905,English,X,V3,11,2022-12-04,146.0,  James Richard
74915207873,English,F,V3,11,2022-12-04,144.0,James Spencer
58663627186,English,F,V2,11,2022-12-04,91.0, Samantha Bell
89964821083,English,F,V1,11,2022-12-04,89.0,Cynthia Williams DVM
29679285587,English,F,V2,11,2022-12-04,100.0, Erica Miller
95010591218,English,F,V3,11,2022-12-04,139.0,James Kane
91646696327,English,M,V3,11,2022-12-04,96.0,  Brittany Weber
56299377265,English,F,V3,11,2022-12-04,93.0, Chris Valentine
75804599110,English,F,V2,11,2022-12-04,141.0,David Ross
20201767413,English,F,V2,11,2022-12-04,122.0,  Robert Stevens
47638576107,English,F,V2,11,2022-12-04,147.0,  Catherine Martinez
61754492521,English,F,V3,11,2022-12-04,134.0, Michael Cummings
32206312014,English,F,V2,11,2022-12-04,120.0,  Jamie Manning
43061651169,English,M,V1,11,2022-12-04,131.0,  David Sanford
15185148980,English,F,V2,11,2022-12-04,137.0,Lauren Jones
78150584647,English,F,V3,11,2022-12-04,88.0,  Emily Pittman
47521934112,English,F,V1,11,2022-12-04,135.0,Darren Smith
94088023085,English,F,V2,11,2022-12-04,136.0,  Stephen Morrow
14221838889,English,F,V3,11,2022-12-04,89.0, Kelly Richardson
61859199695,English,M,V2,11,2022-12-04,106.0,  Brittany Ward
74059620334,English,M,V1,11,2022-12-04,134.0, Matthew Mccullough
68228333529,English,M,V3,11,2022-12-04,146.0,  Justin Thompson
91591063537,English,F,V2,11,2022-12-04,143.0, Alex Frye
83929465288,English,M,V2,11,2022-12-04,95.0,  Christopher Palmer
51646741505,English,M,V2,11,2022-12-04,140.0, Sharon Morrison
88095996491,English,M,V1,11,2022-12-04,100.0,Deanna Taylor
69032828757,English,M,V2,11,2022-12-04,148.0,  Vanessa Morris
31325052982,English,F,V1,11,2022-12-04,131.0, Hannah Hudson
62522074442,English,F,V1,11,2022-12-04,134.0,Andrew Green
71211942981,English,F,V1,11,2022-12-04,136.0,Bryan Jackson
75827665788,English,F,V2,11,2022-12-04,98.0, Krystal Dean
84853203646,English,M,V2,11,2022-12-04,141.0,  Kaitlyn Willis MD
63290318517,English,M,V1,11,2022-12-04,135.0,Nathan Perez
31998946558,English,F,V2,11,2022-12-04,102.0,Gregory Adams
36449855509,English,F,V2,11,2022-12-04,146.0,Danielle Mclaughlin
44021484951,English,F,V3,11,2022-12-04,136.0, Aaron Sanchez
61020199773,English,M,V1,11,2022-12-04,136.0,  Dawn Stone
75371744597,English,M,V3,11,2022-12-04,94.0, David Higgins
54121208546,English,M,V2,11,2022-12-04,129.0,Hannah Weaver
74163438965,English,M,V2,11,2022-12-04,143.0,Jamie Phillips
61716641891,English,M,V2,11,2022-12-04,146.0,  Brian Stone DDS
14609874833,English,M,V1,11,2022-12-04,88.0,  Julia Webb DDS
20500223477,English,M,V1,11,2022-12-04,121.0,  Sandra Santos
39253959591,English,M,V1,11,2022-12-04,90.0,Courtney James
84930703946,English,F,V1,11,2022-12-04,149.0,Alex Stewart
15660655037,English,F,V2,11,2022-12-04,136.0,  Nicholas Carpenter
43797473850,English,F,V3,11,2022-12-04,96.0,  Christopher Cole
78932681282,English,M,V3,11,2022-12-04,89.0,Tanya Allen
90477176698,English,F,V2,11,2022-12-04,103.0,Deanna Fernandez
75510246836,English,M,V1,11,2022-12-04,143.0, Jeffrey Lewis
32988876209,English,F,V2,11,2022-12-04,90.0,Robert Cooper
81041794297,English,F,V2,11,2022-12-04,91.0, Drew Velasquez
36300681994,English,M,V3,11,2022-12-04,138.0,Patrick Blevins
48377522508,English,F,V1,11,2022-12-04,142.0, Jamie Gilmore
45524540283,English,F,V2,11,2022-12-04,135.0, Jamie Johnson
52627412738,English,F,V2,11,2022-12-04,141.0, Keith Wilson
78775294438,English,F,V3,11,2022-12-04,97.0,  Michael Wall
18602086962,English,F,V2,11,2022-12-04,137.0, Barbara Henderson
27094936125,English,M,V1,11,2022-12-04,137.0,Daniel Wilson
13168504728,English,M,V2,11,2022-12-04,138.0, Stephanie Dean
69254639126,English,F,V2,11,2022-12-04,140.0,Melissa Donaldson
36090933399,English,M,V2,11,2022-12-04,150.0, Bethany Montgomery
26596016680,English,F,V1,11,2022-12-04,141.0,Virginia Robles
32054501815,English,F,V2,11,2022-12-04,128.0, Teresa Salazar
83728151206,English,F,V2,11,2022-12-04,139.0, Peter Cameron
11595423704,English,F,V1,11,2022-12-04,133.0,  Deborah Garcia
42050827726,English,M,V1,11,2022-12-04,130.0,  Brooke Gould
97459747409,English,F,V1,11,2022-12-04,94.0,David Moses
66303125603,English,F,V3,11,2022-12-04,135.0,Mark Thomas
61906601612,English,F,V3,11,2022-12-04,134.0,Brianna Arnold
13042401674,English,M,V3,11,2022-12-04,122.0,  David Francis
89214533746,English,M,V2,11,2022-12-04,143.0,Troy Rodriguez
82337935606,English,M,V1,11,2022-12-04,92.0, John Howard
56292953822,English,F,V1,11,2022-12-04,89.0,  Kyle Valdez
55608985532,English,F,V3,11,2022-12-04,89.0,Stacy Walton
19216599185,English,F,V1,11,2022-12-04,143.0,  Kristine Obrien
47630138038,English,M,V2,11,2022-12-04,139.0,  Sarah Tyler
24171961130,English,F,V1,11,2022-12-04,124.0, Monica Edwards
48396427888,English,F,V3,11,2022-12-04,101.0,  Billy Wood
86443085641,English,M,V3,11,2022-12-04,144.0,Bruce Calderon
19697397446,English,F,V3,11,2022-12-04,96.0,  Jennifer Ramos
77144581705,English,M,V1,11,2022-12-04,145.0,Kevin White
79948760075,English,M,V1,11,2022-12-04,92.0,  Jesse Smith
15521208856,English,M,V1,11,2022-12-04,132.0,  Lynn Sanchez
51466932103,English,M,V1,11,2022-12-04,127.0,Julie Reynolds
36854130240,English,M,V1,11,2022-12-04,122.0, Brandon Gibson
70964813341,English,F,V2,11,2022-12-04,143.0, Sharon Anderson
44613906278,English,M,V2,11,2022-12-04,140.0,Roberta Williamson
73151767776,English,M,V3,11,2022-12-04,90.0, Kevin Ramirez
20500223477,English,F,V1,11,2022-12-04,126.0,  Tanya Bowers
67484231630,English,F,V3,11,2022-12-04,139.0,  Edward Manning
20026855646,English,M,V2,11,2022-12-04,135.0, Megan Frazier
87587697136,English,M,V2,11,2022-12-04,102.0,Spencer Perkins
31333472540,English,M,V3,11,2022-12-04,125.0,Elijah Richardson
62948181626,English,F,V2,11,2022-12-04,142.0, Tracy Escobar
97006200464,English,X,V3,11,2022-12-04,126.0,  Jessica Mack
99170372022,English,F,V1,11,2022-12-04,136.0,  Danielle Cooper
46532237958,English,F,V1,11,2022-12-04,93.0, Steven Miller
78674827950,English,M,V3,11,2022-12-04,101.0,Mark Hill
39998903253,English,F,V2,11,2022-12-04,98.0,  Christopher Mann
72632958928,English,M,V2,11,2022-12-04,95.0,  Scott Carpenter
24911925926,English,F,V3,11,2022-12-04,141.0,Billy Fisher
13532381152,English,F,V3,11,2022-12-04,124.0,  Danielle Lane
79948760075,English,F,V3,11,2022-12-04,94.0,  Cynthia Fuller
76431487746,English,F,V2,11,2022-12-04,89.0, Nicole Frazier
55279522858,English,F,V1,11,2022-12-04,90.0, Holly Adams
29847692503,English,M,V1,11,2022-12-04,85.0,  Tyler Ellis
66336488159,English,F,V3,11,2022-12-04,91.0,  Natasha Lopez
54777732108,English,F,V1,11,2022-12-04,141.0,Lance Lawson
60872682013,English,F,V3,11,2022-12-04,136.0,Teresa Taylor
58300117961,English,X,V3,11,2022-12-04,133.0, Maxwell Harper
19874348618,English,M,V1,11,2022-12-04,85.0, Roberto Padilla
67967843323,English,M,V2,11,2022-12-04,95.0,Claudia Perez
26204504282,English,M,V3,11,2022-12-04,128.0,Dr. Philip Martinez
92313674598,English,F,V3,11,2022-12-04,146.0, Jeffrey Hickman
51376781651,English,M,V1,11,2022-12-04,140.0,Charles Hawkins
91965693443,English,M,V1,11,2022-12-04,148.0, Sabrina Barton
60076235963,English,F,V3,11,2022-12-04,133.0, Stephanie Robinson
42385119932,English,F,V2,11,2022-12-04,144.0,  Eric Yoder
74873046315,English,X,V2,11,2022-12-04,135.0, Robert Russell
53249544585,English,F,V3,11,2022-12-04,93.0,Katherine Kirby
46356916794,English,M,V2,11,2022-12-04,91.0,Christopher Soto
69815714697,English,M,V3,11,2022-12-04,98.0,  Kathleen Wilson
30009375536,English,X,V3,11,2022-12-04,127.0,Matthew Weber
82585283883,English,M,V2,11,2022-12-04,92.0, Shawna Hancock
51940479193,English,F,V2,11,2022-12-04,144.0, Kyle Bullock
44980607495,English,F,V2,11,2022-12-04,88.0,Gerald Vasquez
51444756558,English,F,V2,11,2022-12-04,148.0, Anne Schwartz
29203823080,English,F,V1,11,2022-12-04,126.0,  Joshua Barnes
12198262847,English,F,V1,11,2022-12-04,146.0,  Megan Butler PhD
25646457977,English,F,V2,11,2022-12-04,88.0,  Cristina Summers
67570989928,English,F,V2,11,2022-12-04,102.0,  Christina Sanchez
51940479193,English,F,V2,11,2022-12-04,140.0, Alyssa Wilson
97838931403,English,F,V2,11,2022-12-04,, Sherry Petersen
25851317524,English,F,V1,11,2022-12-04,131.0,Lisa Fleming
79598690260,English,F,V1,11,2022-12-04,90.0,  Sierra Baker
58136487528,English,F,V3,11,2022-12-04,144.0,Carlos Walker
44285786209,English,F,V1,11,2022-12-04,89.0,Lisa Dean
40719563622,English,F,V2,11,2022-12-04,138.0, Dawn Johnson
84577397905,English,F,V1,11,2022-12-04,90.0,  Ethan Manning
52584476891,English,F,V1,11,2022-12-04,98.0, Lawrence Thornton
66884195417,English,M,V3,11,2022-12-04,90.0,Nathaniel Wallace
35456183288,English,F,V3,11,2022-12-04,143.0,  Kimberly Olson
63005822339,English,F,V1,11,2022-12-04,126.0, Kathleen Fuentes
26867412298,English,F,V2,11,2022-12-04,148.0, Gregory Hill
21635427719,English,M,V2,11,2022-12-04,136.0, Bryan Odonnell
67967843323,English,F,V3,11,2022-12-04,93.0,David Chavez
47807073023,English,F,V1,11,2022-12-04,134.0,  Samantha Tate
62679479308,English,F,V1,11,2022-12-04,94.0, Crystal Young
79737916788,English,M,V3,11,2022-12-04,104.0,Adrian Giles
32709820691,English,F,V2,11,2022-12-04,135.0,Grant Rhodes
61819240275,English,F,V3,11,2022-12-04,138.0, Andre Paul
75984709204,English,M,V1,11,2022-12-04,87.0,Emily Mccarty
96514288387,English,F,V1,11,2022-12-04,89.0,  Lisa Terrell
60607879146,English,F,V1,11,2022-12-04,87.0, David Howell
92665288753,English,F,V2,11,2022-12-04,95.0,Mark Lee
54944864763,English,F,V1,11,2022-12-04,93.0, Heather Bell
55681248272,English,F,V2,11,2022-12-04,141.0,Terri Cook
18089644400,English,F,V1,11,2022-12-04,136.0,Richard Cobb
94774703979,English,M,V2,11,2022-12-04,104.0,Sharon Weber
73603500557,English,F,V2,11,2022-12-04,134.0, Kathy Baker
90657810612,English,M,V2,11,2022-12-04,136.0,Kristin Sheppard
25949400133,English,M,V2,11,2022-12-04,128.0, Jessica Nixon
49235465762,English,F,V1,11,2022-12-04,87.0, Lisa Stevenson
28036161823,English,M,V2,11,2022-12-04,132.0, Alvin Walker
96455111020,English,M,V3,11,2022-12-04,128.0, Terri Jones
48440291540,English,M,V3,11,2022-12-04,140.0, Timothy Rojas
85947570245,English,M,V1,11,2022-12-04,141.0, Sara Sanchez
45027745164,English,F,V3,11,2022-12-04,137.0,  Theresa Evans
84526417074,English,M,V1,11,2022-12-04,140.0,Christian Smith
66210984530,English,M,V2,11,2022-12-04,133.0, Anna Bell
50211855703,English,M,V1,11,2022-12-04,131.0,Melissa Foster
67570989928,English,F,V2,11,2022-12-04,105.0, Rodney Weber
82995035151,English,M,V2,11,2022-12-04,139.0,  Renee Richard
86522287295,English,F,V2,11,2022-12-04,92.0,  Rebecca Douglas
35341047507,English,F,V1,11,2022-12-04,132.0,Dr. Kyle Padilla MD
40837613305,English,M,V1,11,2022-12-04,135.0, Marc Smith
30991503388,English,F,V3,11,2022-12-04,143.0, Brittany Henderson DVM
77924182039,English,M,V1,11,2022-12-04,142.0, Beth Ramsey
60184577782,English,F,V1,11,2022-12-04,143.0,Sandra Logan
82802674155,English,F,V2,11,2022-12-04,139.0,Mrs. Jennifer Smith
57657517351,English,F,V1,11,2022-12-04,91.0,Carla Barton
26659504600,English,M,V1,11,2022-12-04,141.0, Troy Jones
25055624560,English,M,V2,11,2022-12-04,135.0, James Warren
55412183734,English,M,V3,11,2022-12-04,139.0, Travis Wade
58172841522,English,M,V3,11,2022-12-04,140.0,  Kim Maldonado
51494228259,English,F,V2,11,2022-12-04,148.0,  Mary Miller
54516046453,English,F,V1,11,2022-12-04,140.0, Jonathan Hall
13019895691,English,M,V2,11,2022-12-04,146.0,Karen Wallace
15719825878,English,M,V3,11,2022-12-04,95.0, Jacob Zavala
27615344116,English,F,V2,11,2022-12-04,139.0,Dr. Crystal Owens
44890826046,English,M,V3,11,2022-12-04,144.0, Joshua Newton MD
29967993073,English,M,V1,11,2022-12-04,91.0,  Michael Crane
78150584647,English,F,V3,11,2022-12-04,88.0,Mark Higgins
49084651659,English,F,V2,11,2022-12-04,, Lisa Jefferson
13136098737,English,F,V2,11,2022-12-04,141.0, Lori Green
87477883580,English,F,V2,11,2022-12-04,97.0,Alexis Wood
64955955966,English,M,V2,11,2022-12-04,97.0,Patricia Ho
14278622964,English,M,V3,11,2022-12-04,145.0, Bianca Acosta
26782619027,English,M,V3,11,2022-12-04,144.0, Amy Wilkinson
67105783185,English,X,V2,11,2022-12-04,143.0, Carla Turner
25055624560,English,M,V1,11,2022-12-04,138.0,  Julia Kelly
26847565530,English,M,V1,11,2022-12-04,90.0,Kelly Chapman
51116541200,English,M,V3,11,2022-12-04,112.0,Brian Wade
67322424057,English,F,V2,11,2022-12-04,129.0, Megan Rodriguez
33034474593,English,M,V1,11,2022-12-04,134.0,  Daniel Schmidt
17258734017,English,M,V1,11,2022-12-04,136.0,Kelli Kelly
63184381445,English,F,V3,11,2022-12-04,138.0, Heidi Mckee
84526417074,English,F,V2,11,2022-12-04,143.0,  Harold Jones
72019659274,English,F,V3,11,2022-12-04,148.0,  Sean Rowe
13019895691,English,M,V3,11,2022-12-04,142.0,  Megan Hernandez
14897389155,English,F,V2,11,2022-12-04,96.0,Jo Salinas
55893445000,English,X,V1,11,2022-12-04,135.0,  Laura Mckee
10924612712,English,F,V1,11,2022-12-04,133.0,  Ashley Vega
73895100452,English,M,V3,11,2022-12-04,138.0,Courtney Joseph
32617797331,English,F,V1,11,2022-12-04,138.0,Julia Russell
64264780216,English,F,V3,11,2022-12-04,131.0,  Alexis Hicks
56424737987,English,M,V1,11,2022-12-04,94.0, Cassandra Crane
83923717710,English,F,V1,11,2022-12-04,145.0,Vanessa Petty
84490788564,English,M,V2,11,2022-12-04,96.0,  Mr. Richard Cooper
48299901781,English,M,V3,11,2022-12-04,146.0, Melissa Hall
18464702166,English,M,V2,11,2022-12-04,139.0,  Colleen Fuller
16849596518,English,M,V3,11,2022-12-04,96.0,  Sandra Hurley
77798639414,English,M,V1,11,2022-12-04,101.0, Destiny Stewart
71211942981,English,M,V1,11,2022-12-04,131.0,Erin Spears
72504767854,English,M,V3,11,2022-12-04,90.0, Thomas Maxwell
74291213013,English,F,V2,11,2022-12-04,123.0, Heather Carter
96455111020,English,M,V3,11,2022-12-04,122.0,Tiffany Briggs
77380151391,English,M,V1,11,2022-12-04,136.0,Stephen Kelly
97868276567,English,F,V3,11,2022-12-04,,Joseph Howard
48902780299,English,M,V3,11,2022-12-04,89.0,  Jasmine Rodgers
22149566139,English,M,V1,11,2022-12-04,142.0, Andrea Oliver
33687202461,English,F,V2,11,2022-12-04,132.0,Joshua Rice
37469589236,English,F,V2,11,2022-12-04,92.0,Alan Williams
24081793893,English,M,V3,11,2022-12-04,142.0, Jorge Mcneil
95796231948,English,F,V2,11,2022-12-04,97.0, Mr. Robert Buckley
93875152293,English,F,V1,11,2022-12-04,93.0,Shirley Martin
61395903675,English,M,V2,11,2022-12-04,88.0, Jessica Frederick
69810156994,English,F,V1,11,2022-12-04,89.0,Stefanie Murphy
69579645001,English,F,V3,11,2022-12-04,143.0,  Gail Hickman
92902998580,English,F,V2,11,2022-12-04,97.0,Julie Turner
21421186098,English,F,V2,11,2022-12-04,131.0, Samantha Valdez
19763303656,English,M,V1,11,2022-12-04,141.0,Christopher Espinoza
91534581934,English,X,V3,11,2022-12-04,144.0,  Colleen Wilson
50811638678,English,M,V3,11,2022-12-04,141.0,Karla Lane
87893230304,English,M,V1,11,2022-12-04,134.0,  Alex Collins
88792037004,English,F,V1,11,2022-12-04,146.0,  Charles Santana
74499495344,English,F,V3,11,2022-12-04,89.0,  Christopher Cruz
90856268052,English,F,V3,11,2022-12-04,146.0,  Stuart Thompson
66918116290,English,F,V3,11,2022-12-04,145.0, Evan Perry
84577397905,English,M,V2,11,2022-12-04,91.0,  Andre Sanders
79026733316,English,F,V1,11,2022-12-04,139.0,Nancy Edwards
74001500824,English,F,V3,11,2022-12-04,124.0,Abigail Vincent
98989023533,English,M,V2,11,2022-12-04,94.0,Tracy Riddle MD
70558019416,English,F,V3,11,2022-12-04,140.0, Jamie Nelson
21769647264,English,M,V3,11,2022-12-04,143.0,  Jade Martinez
25322270029,English,F,V3,11,2022-12-04,124.0, Thomas Jones
20510673750,English,F,V1,11,2022-12-04,127.0,  Christopher Bailey
35389383803,English,F,V3,11,2022-12-04,86.0, Roberta Aguilar
55282474375,English,F,V2,11,2022-12-04,145.0, Jordan Rogers
21474367898,English,M,V1,11,2022-12-04,88.0,Krista Salinas
67260313080,English,M,V3,11,2022-12-04,132.0,Benjamin Cooper
54119270188,English,M,V1,11,2022-12-04,134.0,Kenneth Valencia
22732721097,English,F,V3,11,2022-12-04,138.0,Sarah Lopez
62931688387,English,M,V1,11,2022-12-04,98.0, Ronald Woods
55894411427,English,M,V3,11,2022-12-04,137.0,Laura Gaines
41978954286,English,F,V1,11,2022-12-04,99.0,  Kevin Short
74200251096,English,M,V1,11,2022-12-04,129.0,Jeffrey Patel
86978488322,English,M,V3,11,2022-12-04,94.0,Jasmine Terry
70471017876,English,F,V1,11,2022-12-04,142.0, Amanda Parker
57724749174,English,M,V1,11,2022-12-04,87.0, Chloe Johnson
35761551992,English,F,V2,11,2022-12-04,147.0,  Lisa Pope
20714858433,English,F,V2,11,2022-12-04,141.0,  Frances Dorsey
18998458069,English,M,V1,11,2022-12-04,95.0,  Corey Tapia MD
15878177424,English,F,V1,11,2022-12-04,145.0, Tracy Drake
41539714369,English,F,V1,11,2022-12-04,149.0,  Nathan Cummings
18650712189,English,M,V1,11,2022-12-04,146.0, Brittney Luna
83186443516,English,M,V2,11,2022-12-04,146.0,  Shelly Reed
44501097072,English,F,V2,11,2022-12-04,130.0,Daniel Cowan
84702839677,English,M,V2,11,2022-12-04,, Zachary Lamb
35868898505,English,M,V1,11,2022-12-04,95.0,Rachel Jones DDS
19309210071,English,M,V2,11,2022-12-04,123.0,Sarah Ali
72114207862,English,F,V3,11,2022-12-04,132.0, Mark Gilbert
31473124332,English,F,V2,11,2022-12-04,127.0,  Jennifer Mcneil
40963849857,English,F,V1,11,2022-12-04,98.0, Eric Alexander
96254211353,English,F,V1,11,2022-12-04,132.0,Daniel Schroeder
56734382211,English,F,V1,11,2022-12-04,136.0,  Jeremy Brown
93421354456,English,M,V1,11,2022-12-04,144.0, David Perez
25421201963,English,M,V1,11,2022-12-04,129.0,Benjamin Kim
84930703946,English,F,V3,11,2022-12-04,150.0,Alyssa Garcia
17723064838,English,F,V3,11,2022-12-04,140.0,Gregory Humphrey
68893783053,English,X,V3,11,2022-12-04,88.0,Elizabeth Hart
82401713684,English,F,V2,11,2022-12-04,133.0,Sally Burke DDS
30378518827,English,M,V3,11,2022-12-04,90.0,  Jennifer Walker
47282615980,English,F,V2,11,2022-12-04,141.0, Jack White
35013021382,English,F,V2,11,2022-12-04,116.0,  Richard Melton
67322424057,English,F,V2,11,2022-12-04,131.0,Austin Mcbride
64269047997,English,M,V1,11,2022-12-04,102.0, Katherine White
59164784040,English,M,V1,11,2022-12-04,145.0, Cynthia Klein
35193304545,English,M,V1,11,2022-12-04,134.0, Alyssa Cole DVM
51413845192,English,F,V3,11,2022-12-04,136.0,  Dr. James Wiley
84280424542,English,M,V2,11,2022-12-04,131.0, Derek Deleon
44501097072,English,M,V3,11,2022-12-04,130.0, Scott Tucker
21484790300,English,F,V1,11,2022-12-04,131.0,Steven Sims
79541460151,English,M,V1,11,2022-12-04,139.0,Nicole Chapman
89092516637,English,F,V1,11,2022-12-04,88.0,Barbara Austin
43916780338,English,M,V1,11,2022-12-04,144.0,Jeremy Warren
73787954179,English,F,V1,11,2022-12-04,98.0,Miss Rebecca Copeland
86015237883,English,M,V2,11,2022-12-04,141.0, John Elliott
63359029630,English,M,V2,11,2022-12-04,134.0, Sharon Stanley
89964821083,English,F,V2,11,2022-12-04,88.0, Justin Armstrong
72945182799,English,M,V2,11,2022-12-04,99.0,  Rachael Johnson
40017579889,English,F,V2,11,2022-12-04,96.0,  Penny Petty
40905704734,English,F,V2,11,2022-12-04,137.0, Danielle Johnson
61361698865,English,M,V1,11,2022-12-04,95.0,Derek Miller
99170633113,English,M,V3,11,2022-12-04,131.0,  Jesse Luna
48010777262,English,F,V3,11,2022-12-04,140.0,  Heather Taylor
84082706677,English,F,V2,11,2022-12-04,86.0,  Donna Barton
46624862501,English,F,V2,11,2022-12-04,136.0, Luis Baxter
88041646127,English,F,V1,11,2022-12-04,138.0,  Brandi Young
16322087165,English,F,V2,11,2022-12-04,136.0,Janet James
65624375202,English,F,V3,11,2022-12-04,142.0,  Kimberly Shaw
65959042452,English,F,V3,11,2022-12-04,144.0,Cesar Alexander
77519731078,English,M,V3,11,2022-12-04,147.0,Dana Davis
18089644400,English,M,V2,11,2022-12-04,,Walter Clark
81994035095,English,M,V3,11,2022-12-04,91.0,Kristen Kennedy
44144407448,English,M,V1,11,2022-12-04,131.0, Vanessa Hicks
92334180165,English,M,V3,11,2022-12-04,136.0,  Justin Daniels
48244620292,English,F,V1,11,2022-12-04,132.0, Andrew Mcbride
91534581934,English,F,V1,11,2022-12-04,143.0, Carrie Dunn
18168084281,English,F,V2,11,2022-12-04,147.0,  Richard Lyons
26754744447,English,F,V2,11,2022-12-04,85.0,  Mary Nichols
77509765600,English,F,V3,11,2022-12-04,149.0, Christian Prince
34068776423,English,F,V3,11,2022-12-04,142.0,  Edwin Thomas
48299901781,English,M,V1,11,2022-12-04,144.0, Vicki Hogan
25039039513,English,M,V3,11,2022-12-04,130.0,Derek Dean
55376573245,English,M,V2,11,2022-12-04,147.0,Jill Coleman
44737651898,English,M,V2,11,2022-12-04,89.0, Edward Ballard
68085356438,English,F,V1,11,2022-12-04,92.0,Michael Knox
85564720282,English,F,V1,11,2022-12-04,137.0,  Kathryn Chambers
77228928445,English,M,V2,11,2022-12-04,86.0,Nicolas Bush
10986100458,English,F,V3,11,2022-12-04,129.0, Alyssa Jenkins
94277179381,English,M,V3,11,2022-12-04,145.0,  David Edwards
10147122127,English,F,V1,11,2022-12-04,120.0, John Stephens
43262540821,English,F,V3,11,2022-12-04,132.0,Christina Cooper
45199878374,English,F,V1,11,2022-12-04,95.0,William King
72162725635,English,F,V3,11,2022-12-04,139.0, Jeffrey James
25322270029,English,F,V1,11,2022-12-04,126.0,Tanya Ford
85497166047,English,M,V2,11,2022-12-04,92.0, Frederick Morgan
75444837785,English,F,V1,11,2022-12-04,92.0,Angela Quinn
21935972141,English,F,V1,11,2022-12-04,131.0,  Jordan Jones
59454462546,English,M,V3,11,2022-12-04,144.0, Rachel Long
46725962263,English,M,V2,11,2022-12-04,143.0,Jeffery Ballard
14356021256,English,M,V2,11,2022-12-04,123.0, Roy Brown
46356957465,English,M,V2,11,2022-12-04,90.0, Tonya Powell
33177816468,English,F,V3,11,2022-12-04,89.0,Stephen Logan
30819956688,English,M,V1,11,2022-12-04,95.0,Amber Hansen
30052651488,English,M,V3,11,2022-12-04,132.0, Stephanie Davis
98534788315,English,F,V1,11,2022-12-04,95.0,  Barbara James
28567667553,English,F,V2,11,2022-12-04,97.0,Melissa Figueroa
55589552522,English,F,V1,11,2022-12-04,92.0, Jeremy Caldwell
24734829369,English,M,V2,11,2022-12-04,150.0,Christopher Ali
59801360213,English,F,V3,11,2022-12-04,128.0,  Stacey Collins
54290998384,English,F,V3,11,2022-12-04,100.0,  Timothy Snow
87191738468,English,F,V1,11,2022-12-04,92.0,Jeremy Thompson
92935471273,English,M,V2,11,2022-12-04,87.0,  Sarah Collier
17588192816,English,M,V1,11,2022-12-04,90.0, Johnny Moon
85077382682,English,F,V2,11,2022-12-04,145.0,  Cynthia Summers
62965721758,English,M,V1,11,2022-12-04,88.0, Eric Thomas
41948455249,English,M,V3,11,2022-12-04,89.0, Charlene Torres
58136487528,English,M,V1,11,2022-12-04,149.0, Lindsey Moore
39410006100,English,M,V1,11,2022-12-04,115.0, Laura Stout
49967825526,English,F,V3,11,2022-12-04,100.0,Vanessa King
72479793204,English,F,V1,11,2022-12-04,146.0, Kyle Weber
82802674155,English,F,V1,11,2022-12-04,134.0, Denise Donaldson
68065437853,English,M,V2,11,2022-12-04,91.0,Robert Dodson
62949306700,English,F,V3,11,2022-12-04,131.0,  Rebecca Gomez
89697697427,English,M,V3,11,2022-12-04,107.0, Christopher Donovan
57262652413,English,F,V1,11,2022-12-04,142.0, Robert Schmitt
80494169614,English,M,V1,11,2022-12-04,137.0, Diane Silva
15395769813,English,F,V2,11,2022-12-04,92.0, Joshua Lee
61214246217,English,M,V2,11,2022-12-04,126.0, Robert Murray
97008056435,English,M,V3,11,2022-12-04,143.0,  Rachel Case
72504767854,English,M,V1,11,2022-12-04,94.0, Wendy Brennan
62931688387,English,M,V3,11,2022-12-04,96.0, Dennis Vargas
67322424057,English,M,V1,11,2022-12-04,129.0, Brian Reynolds
76026295940,English,M,V1,11,2022-12-04,144.0, Susan Bowen
20130321880,English,F,V3,11,2022-12-04,123.0,Douglas Ibarra
68893783053,English,F,V3,11,2022-12-04,87.0, Drew Cook
75970738496,English,F,V1,11,2022-12-04,102.0,  Clayton Hood
19697397446,English,M,V2,11,2022-12-04,95.0,  Andrew Compton
45346413971,English,F,V2,11,2022-12-04,135.0, Joann Hernandez
47731133328,English,M,V2,11,2022-12-04,132.0,Kaylee Collins
68089428239,English,F,V1,11,2022-12-04,96.0,  Diana Meyer
88426460633,English,M,V2,11,2022-12-04,147.0, Christopher Robinson MD
69520165255,English,M,V1,11,2022-12-04,139.0,  John Hall
52457076317,English,F,V2,11,2022-12-04,142.0,Kenneth Lee
35761551992,English,F,V2,11,2022-12-04,146.0, Joseph Gilmore
55744248623,English,M,V1,11,2022-12-04,137.0,Casey Padilla
13216415742,English,M,V3,11,2022-12-04,128.0,  Marcus Ali
96665789020,English,M,V2,11,2022-12-04,89.0, Roberto Bass
14278622964,English,M,V1,11,2022-12-04,145.0, Luke Ortiz
59801360213,English,M,V3,11,2022-12-04,123.0, Ryan Kerr
75682526625,English,M,V3,11,2022-12-04,145.0,Nancy Torres
31537410948,English,M,V2,11,2022-12-04,140.0, Rick Hall
38302985962,English,M,V3,11,2022-12-04,90.0, Jamie Cooper
57249941916,English,F,V3,11,2022-12-04,93.0,Brandon Bowen
96200471597,English,M,V2,11,2022-12-04,146.0, Janet Rodriguez
74923108938,English,M,V3,11,2022-12-04,143.0,Chris Schroeder
73403119626,English,M,V3,11,2022-12-04,137.0,  Michelle Porter
22821471040,English,M,V3,11,2022-12-04,121.0,  April Delgado
33561563153,English,M,V3,11,2022-12-04,132.0,  Louis Aguirre
53880580893,English,F,V3,11,2022-12-04,90.0,  Autumn Thompson
12644035519,English,F,V1,11,2022-12-04,140.0, Jason Calhoun
89393013421,English,M,V2,11,2022-12-04,130.0,Ashley Carter
97459747409,English,M,V2,11,2022-12-04,93.0,Veronica Martinez
85274178617,English,F,V1,11,2022-12-04,92.0,  Mark Vargas
72573156771,English,F,V3,11,2022-12-04,140.0, Anthony Mayo
10395953883,English,M,V2,11,2022-12-04,90.0, Gregory Clark
83728151206,English,M,V1,11,2022-12-04,137.0,Alyssa Phillips
72162725635,English,M,V1,11,2022-12-04,137.0,  Justin Wagner
65837162275,English,F,V3,11,2022-12-04,89.0, Rhonda Novak
72416683358,English,F,V3,11,2022-12-04,143.0, Ronald Scott
89737993871,English,M,V2,11,2022-12-04,101.0, Robert Wheeler
95339851291,English,F,V3,11,2022-12-04,88.0, Gerald Rice
71480373037,English,F,V2,11,2022-12-04,133.0, Phillip King
75340439851,English,M,V1,11,2022-12-04,137.0,  Matthew Perez
93549282309,English,F,V1,11,2022-12-04,147.0, Michelle Miller
12968237206,English,F,V1,11,2022-12-04,139.0,Jorge Mccoy
11519086688,English,M,V1,11,2022-12-04,143.0,Casey Wall
87898853364,English,F,V2,11,2022-12-04,104.0,Raymond Hubbard
45258824145,English,F,V1,11,2022-12-04,143.0,  William Bush
66356396451,English,F,V2,11,2022-12-04,143.0,Heather Wagner
49126511352,English,F,V1,11,2022-12-04,127.0, Tracey Herrera
76475374457,English,F,V2,11,2022-12-04,97.0, Stacy Villarreal
79377520673,English,M,V3,11,2022-12-04,,Henry Hunt
58971833089,English,F,V3,11,2022-12-04,94.0,  Linda Wilson
11492998639,English,M,V3,11,2022-12-04,92.0,Tanner Hernandez
87174235806,English,F,V2,11,2022-12-04,143.0,Seth Scott
65035770802,English,M,V3,11,2022-12-04,140.0, Debra Rose
84956816524,English,F,V2,11,2022-12-04,94.0, Louis Ray
22835246840,English,M,V1,11,2022-12-04,143.0,Matthew Sanders
67994767642,English,F,V1,11,2022-12-04,97.0, John Hanson
36581311738,English,F,V2,11,2022-12-04,146.0,Allison Baird
13360667444,English,F,V2,11,2022-12-04,136.0,Erik Guerrero
90255779738,English,M,V1,11,2022-12-04,89.0,  Samantha Murray
35930241396,English,M,V1,11,2022-12-04,137.0,  Elizabeth Graves
45199878374,English,M,V2,11,2022-12-04,97.0,  Amanda Mata
17146004875,English,F,V1,11,2022-12-04,140.0, Casey Lopez
74149212682,English,M,V1,11,2022-12-04,143.0,Heather Giles
61280286419,English,M,V2,11,2022-12-04,140.0,  Kimberly Pope
59403757545,English,M,V2,11,2022-12-04,93.0,  Kathy Horton
37932076868,English,M,V1,11,2022-12-04,98.0,Marissa Ross
29772523872,English,M,V3,11,2022-12-04,86.0, Pamela Davidson
27139702750,English,F,V1,11,2022-12-04,134.0,Brenda Harrington
45282588539,English,F,V2,11,2022-12-04,91.0,  Brandi Mendez
64327187058,English,F,V1,11,2022-12-04,137.0,  Eric Washington
13473242852,English,M,V2,11,2022-12-04,134.0,  Robert Wells
79747408163,English,M,V1,11,2022-12-04,92.0, Elizabeth Rollins
51494228259,English,F,V1,11,2022-12-04,144.0,  Sandra Keller
13602466364,English,M,V1,11,2022-12-04,132.0, Elizabeth Olson
91700763507,English,F,V1,11,2022-12-04,132.0, Samuel Thompson
10516896006,English,X,V1,11,2022-12-04,128.0, Lindsay Bradley
52547635241,English,M,V3,11,2022-12-04,140.0,  Mr. Brandon Hernandez
12818793356,English,F,V2,11,2022-12-04,143.0,Kathleen Banks
50004028649,English,F,V3,11,2022-12-04,130.0,  Gregory Kelly
49486870839,English,F,V1,11,2022-12-04,92.0, Timothy Flowers
76240970563,English,M,V2,11,2022-12-04,146.0,Brenda Yu
48278474008,English,M,V3,11,2022-12-04,140.0,Mary Reese
24081793893,English,F,V2,11,2022-12-04,143.0, Patricia Sanchez
68702036091,English,M,V2,11,2022-12-04,137.0,Lance Harris
54208603907,English,F,V3,11,2022-12-04,135.0,  Michael Anderson
10095973471,English,M,V3,11,2022-12-04,140.0,  Zachary Allen
73565019233,English,F,V1,11,2022-12-04,130.0,  Amy Kennedy
24171961130,English,F,V1,11,2022-12-04,124.0,  Chris Jones
89817650249,English,F,V2,11,2022-12-04,89.0,  Lauren Davidson
14062230733,English,F,V3,11,2022-12-04,122.0,  Jenna Moore DVM
62160363511,English,M,V3,11,2022-12-04,133.0, Monique Lopez
55107691369,English,M,V2,11,2022-12-04,91.0, Christopher Nixon
79894731130,English,F,V3,11,2022-12-04,143.0,Diana Savage
90704399859,English,M,V3,11,2022-12-04,100.0,Anthony Cisneros
36087075733,English,M,V2,11,2022-12-04,142.0, Walter Hawkins
56469271188,English,F,V3,11,2022-12-04,88.0,Jacob Stewart
90255779738,English,M,V1,11,2022-12-04,88.0,Cynthia James
75231727181,English,F,V2,11,2022-12-04,140.0,Richard Ford
77454522600,English,F,V2,11,2022-12-04,140.0, Tracy Chaney
57249941916,English,F,V3,11,2022-12-04,92.0,  Michael Webster
40741485203,English,F,V2,11,2022-12-04,126.0,  James Barrett
84907663485,English,F,V3,11,2022-12-04,92.0,Jeffrey Vazquez
60225151959,English,F,V2,11,2022-12-04,139.0,Stephen Sandoval
53143949394,English,F,V3,11,2022-12-04,149.0, Roger Smith
71763327922,English,M,V2,11,2022-12-04,139.0, Christopher Vaughan
92022903221,English,F,V3,11,2022-12-04,125.0, Andrew Eaton
50351570194,English,F,V1,11,2022-12-04,136.0, Phillip Holmes
10834861487,English,M,V3,11,2022-12-04,142.0, Tony Huang
41440236539,English,F,V2,11,2022-12-04,131.0, Raymond Sheppard
30188556563,English,M,V2,11,2022-12-04,139.0, Bradley Davis
30899332520,English,F,V1,11,2022-12-04,140.0, Kenneth Gomez
90704399859,English,M,V3,11,2022-12-04,99.0,  Amy Lynch
90010127056,English,F,V1,11,2022-12-04,121.0,  Toni Brewer
11920040463,English,M,V3,11,2022-12-04,123.0, Patrick Barber
99734264895,English,F,V1,11,2022-12-04,96.0,Kristy Douglas
18291810751,English,M,V2,11,2022-12-04,,  Thomas Newton
16176489554,English,M,V3,11,2022-12-04,88.0,Courtney Kane
34487254656,English,M,V3,11,2022-12-04,144.0,  Anthony Kim
14806730942,English,M,V3,11,2022-12-04,137.0,Margaret French
29847692503,English,F,V1,11,2022-12-04,85.0, Jo Williams
22433141017,English,M,V3,11,2022-12-04,128.0, Kathryn Lyons
14609874833,English,F,V1,11,2022-12-04,91.0,Amber Cordova
40509872571,English,F,V2,11,2022-12-04,141.0, Brian Hernandez
90457522811,English,M,V2,11,2022-12-04,136.0,  Carla Johnson
60284449939,English,F,V2,11,2022-12-04,145.0,Matthew Riley
78969738418,English,F,V3,11,2022-12-04,108.0,  Raymond Hanson
65219271521,English,M,V2,11,2022-12-04,134.0,  Elizabeth Weeks
86398445010,English,M,V2,11,2022-12-04,144.0, Dr. Amanda Ellison
15486200330,English,M,V1,11,2022-12-04,123.0,Jacqueline Mullins
48230681633,English,M,V3,11,2022-12-04,143.0,Mary Lucas
72903827119,English,F,V1,11,2022-12-04,141.0,Jorge Cruz
28940599399,English,F,V1,11,2022-12-04,100.0,  Emily Butler
79541460151,English,M,V2,11,2022-12-04,135.0,  Carrie Rodriguez
39267509871,English,M,V1,11,2022-12-04,91.0,Andrea Dawson
88992339712,English,F,V3,11,2022-12-04,97.0, Bryan Chavez
42203838991,English,F,V3,11,2022-12-04,137.0, Christopher Rivera
28567667553,English,M,V3,11,2022-12-04,97.0, Valerie Cohen
54825415513,English,F,V2,11,2022-12-04,140.0,Megan Gay
84792445122,English,M,V1,11,2022-12-04,133.0,  Patrick Martin
96195127492,English,M,V1,11,2022-12-04,148.0,Andrew Nichols
99545305589,English,F,V1,11,2022-12-04,97.0,Ashley Lamb
11027597108,English,M,V3,11,2022-12-04,133.0,Sheri Mcknight
23421158649,English,F,V2,11,2022-12-04,138.0,Thomas Garcia
14062230733,English,M,V1,11,2022-12-04,, Lisa Jones
69810156994,English,F,V3,11,2022-12-04,87.0,Kari White
93769481683,English,M,V3,11,2022-12-04,93.0,  Joseph Cortez
96602098634,English,F,V2,11,2022-12-04,144.0,  Kristie Harrison
76475374457,English,F,V2,11,2022-12-04,95.0,  Brandon Turner
33049992202,English,F,V3,11,2022-12-04,130.0,Donald Thompson
74732646057,English,F,V1,11,2022-12-04,147.0,  Aaron Alexander
47413723941,English,F,V3,11,2022-12-04,136.0, Mark Hanson
62580302745,English,F,V1,11,2022-12-04,137.0,  Amanda Aguilar
70728385805,English,F,V1,11,2022-12-04,145.0,Brett Ibarra
26621776647,English,M,V3,11,2022-12-04,93.0,  Francisco Parker
90855382115,English,F,V2,11,2022-12-04,137.0,Jesse Callahan
90457522811,English,F,V2,11,2022-12-04,137.0,Daniel Kennedy
41973901318,English,F,V1,11,2022-12-04,135.0,  Karen Kelley
78494448737,English,M,V2,11,2022-12-04,97.0,  Daniel Mitchell
84535825682,English,F,V3,11,2022-12-04,145.0, April Little
44021484951,English,M,V1,11,2022-12-04,139.0, Krystal Clark
76507290651,English,F,V3,11,2022-12-04,141.0,  William Quinn
29772523872,English,M,V1,11,2022-12-04,91.0, Andrea Erickson
83923717710,English,F,V2,11,2022-12-04,141.0,Crystal Carpenter
63612204991,English,F,V1,11,2022-12-04,135.0, Krista Jones
16465647691,English,M,V3,11,2022-12-04,93.0, Karina Robertson
78133118256,English,F,V3,11,2022-12-04,130.0,Theresa Rodriguez
77445761879,English,F,V1,11,2022-12-04,101.0, Adrian Mejia
51108664883,English,F,V1,11,2022-12-04,139.0,Sydney Contreras
80505209415,English,M,V3,11,2022-12-04,130.0,Anna Gonzalez
54660215177,English,M,V1,11,2022-12-04,133.0, Kathleen Johnson
83939642640,English,F,V1,11,2022-12-04,148.0,  Amy Briggs
43916780338,English,F,V1,11,2022-12-04,145.0,  Jesse Oconnell
33797918241,English,F,V3,11,2022-12-04,148.0,Mrs. Samantha Baker DVM
31537410948,English,F,V3,11,2022-12-04,137.0,  Ms. Ashley Watson
72811067405,English,M,V2,11,2022-12-04,135.0,Jerry Joseph
82150700580,English,M,V3,11,2022-12-04,126.0,  Bruce Zimmerman
57674165792,English,F,V3,11,2022-12-04,91.0,Mark Miranda
80519403751,English,M,V2,11,2022-12-04,134.0, Lee Jones
98140521129,English,M,V2,11,2022-12-04,134.0,Cassandra Flores
33562493499,English,F,V2,11,2022-12-04,95.0, Sherri Collier
29365042912,English,F,V3,11,2022-12-04,132.0, Tabitha Grant
83650758616,English,F,V1,11,2022-12-04,146.0,Sandra Page
92891825703,English,F,V2,11,2022-12-04,146.0,  Kayla Anderson
35266187244,English,M,V3,11,2022-12-04,138.0,Donald Soto
63704563914,English,F,V3,11,2022-12-04,139.0,Chloe Wagner
31537410948,English,M,V3,11,2022-12-04,139.0, Tina Brown
94757450945,English,F,V1,11,2022-12-04,95.0,  Ms. April Munoz
64827457276,English,M,V1,11,2022-12-04,93.0, Joseph Pitts
46897395804,English,M,V2,11,2022-12-04,91.0,Angela Gates
41280008279,English,F,V1,11,2022-12-04,134.0,John Martin
10587527471,English,M,V3,11,2022-12-04,139.0,Kelly Patel
81657374064,English,F,V1,11,2022-12-04,147.0,Javier Sandoval
71269957695,English,F,V1,11,2022-12-04,98.0, Jason White
84683338365,English,M,V2,11,2022-12-04,143.0,Melissa Baldwin
21912677563,English,F,V2,11,2022-12-04,142.0, Matthew Wang
84885846366,English,M,V1,11,2022-12-04,98.0, Amanda Harmon
33150629611,English,F,V2,11,2022-12-04,133.0, Allison Willis
13532381152,English,F,V2,11,2022-12-04,124.0,  Becky Hall
22162589956,English,M,V2,11,2022-12-04,88.0,  Jaclyn Collins
94728806798,English,M,V1,11,2022-12-04,97.0, Mark Medina DVM
23470111443,English,M,V3,11,2022-12-04,124.0,Laura Nguyen
38936371576,English,M,V2,11,2022-12-04,91.0,  Dr. Kristen Smith DVM
78169002636,English,M,V2,11,2022-12-04,142.0,Christopher Choi
35554965053,English,M,V3,11,2022-12-04,140.0,  Brittany Nash
48559222043,English,F,V2,11,2022-12-04,130.0,  Robert Diaz
74191007211,English,F,V1,11,2022-12-04,125.0, Justin Cruz
42161805930,English,F,V3,11,2022-12-04,132.0,Jonathan Stephens
49141391293,English,F,V3,11,2022-12-04,137.0,  Summer Daniels
31710934424,English,F,V3,11,2022-12-04,129.0,Rodney Patel
46624862501,English,F,V3,11,2022-12-04,130.0,  Stephen Robinson
40305955683,English,F,V3,11,2022-12-04,139.0,Julia Graham
59217986589,English,M,V3,11,2022-12-04,104.0,Alyssa Park
71112228935,English,M,V2,11,2022-12-04,130.0, Daniel Sellers
84702839677,English,M,V3,11,2022-12-04,96.0,Keith Estrada
21964995613,English,M,V1,11,2022-12-04,141.0,  Melissa Bean
67006753257,English,M,V3,11,2022-12-04,141.0, Jocelyn Nichols
88412429507,English,F,V3,11,2022-12-04,142.0,Nathan Cortez
14152407296,English,M,V3,11,2022-12-04,, Peter Zavala
89066549572,English,F,V3,11,2022-12-04,97.0, Jasmine Jackson
36475385007,English,M,V1,11,2022-12-04,141.0, Paula Woods
20510673750,English,F,V1,11,2022-12-04,124.0,Amanda Wolfe
