Student ID,Test Name,Gender,Version,Level,Test Date,Standardised Score,Email
93564997027,Overall,M,V2,4,2017-04-02 00:00:00,87.0,gloverwalter@example.com
68117792137,Overall,F,V1,4,2017-04-02 00:00:00,87.0,christina05@example.org
46725962263,Overall,F,V2,4,2017-04-02 00:00:00,141.0,davisjames@example.com
96178493479,Overall,M,V2,4,2017-04-02 00:00:00,97.0,michellesmith@example.org
38643742927,Overall,F,V3,4,2017-04-02 00:00:00,138.0,jesse17@example.org
72225023100,Overall,M,V3,4,2017-04-02 00:00:00,107.0,nicholas38@example.com
59448525125,Overall,F,V1,4,2017-04-02 00:00:00,139.0,linda69@example.net
92862173162,Overall,M,V3,4,2017-04-02 00:00:00,135.0,paulrogers@example.net
99043548727,Overall,M,V3,4,2017-04-02 00:00:00,145.0,steverussell@example.com
74868255558,Overall,F,V1,4,2017-04-02 00:00:00,91.0,hensleygregory@example.org
85577844449,Overall,F,V1,4,2017-04-02 00:00:00,86.0,petermiller@example.com
94415848517,Overall,X,V1,4,2017-04-02 00:00:00,85.0,grantscott@example.net
93593076259,Overall,M,V3,4,2017-04-02 00:00:00,142.0,jonathan57@example.org
13297982015,Overall,F,V2,4,2017-04-02 00:00:00,135.0,candace33@example.com
59024540694,Overall,M,V2,4,2017-04-02 00:00:00,137.0,mooreshaun@example.com
77461811084,Overall,M,V1,4,2017-04-02 00:00:00,135.0,phillipsmichael@example.org
72126744065,Overall,F,V1,4,2017-04-02 00:00:00,135.0,ellen39@example.org
45910267972,Overall,M,V2,4,2017-04-02 00:00:00,137.0,danielpage@example.net
69668379540,Overall,F,V1,4,2017-04-02 00:00:00,96.0,don68@example.com
98518648839,Overall,F,V1,4,2017-04-02 00:00:00,99.0,dustinadkins@example.org
30690956293,Overall,M,V2,4,2017-04-02 00:00:00,138.0,stephenbaldwin@example.org
20130321880,Overall,M,V3,4,2017-04-02 00:00:00,119.0,matamonica@example.com
46413114738,Overall,F,V1,4,2017-04-02 00:00:00,130.0,hendersonheather@example.com
80773875770,Overall,M,V3,4,2017-04-02 00:00:00,85.0,wendyosborn@example.net
73895100452,Overall,F,V2,4,2017-04-02 00:00:00,135.0,austin73@example.com
41539714369,Overall,M,V1,4,2017-04-02 00:00:00,145.0,hancocklindsay@example.org
39260679235,Overall,F,V3,4,2017-04-02 00:00:00,140.0,deanna03@example.net
61582320782,Overall,F,V3,4,2017-04-02 00:00:00,133.0,darinelliott@example.org
41865510307,Overall,F,V1,4,2017-04-02 00:00:00,132.0,melinda08@example.org
30686471926,Overall,M,V2,4,2017-04-02 00:00:00,137.0,michelecamacho@example.net
95010591218,Overall,M,V3,4,2017-04-02 00:00:00,132.0,goldenscott@example.com
75886370772,Overall,M,V1,4,2017-04-02 00:00:00,92.0,denisecastro@example.org
89510971993,Overall,F,V3,4,2017-04-02 00:00:00,93.0,nicholas03@example.net
10512278812,Overall,M,V2,4,2017-04-02 00:00:00,124.0,pjimenez@example.net
10183130892,Overall,M,V2,4,2017-04-02 00:00:00,120.0,carolynmeyer@example.com
17198969270,Overall,F,V2,4,2017-04-02 00:00:00,88.0,carlapreston@example.com
45958973477,Overall,F,V3,4,2017-04-02 00:00:00,96.0,haynestaylor@example.net
15679694410,Overall,F,V3,4,2017-04-02 00:00:00,138.0,kbartlett@example.net
32617797331,Overall,F,V2,4,2017-04-02 00:00:00,134.0,bwilliams@example.net
30739555984,Overall,X,V1,4,2017-04-02 00:00:00,145.0,walkeralexander@example.org
84907663485,Overall,M,V2,4,2017-04-02 00:00:00,86.0,jreyes@example.net
32470082163,Overall,F,V3,4,2017-04-02 00:00:00,124.0,samantha14@example.com
97838931403,Overall,F,V3,4,2017-04-02 00:00:00,143.0,amy04@example.net
91029600849,Overall,F,V2,4,2017-04-02 00:00:00,144.0,andrewtyler@example.com
69668379540,Overall,F,V1,4,2017-04-02 00:00:00,97.0,barrettannette@example.com
69579645001,Overall,M,V1,4,2017-04-02 00:00:00,138.0,duncanbradley@example.org
86398445010,Overall,F,V2,4,2017-04-02 00:00:00,142.0,mpacheco@example.net
55978841615,Overall,F,V1,4,2017-04-02 00:00:00,95.0,scottnichols@example.com
77799546951,Overall,F,V3,4,2017-04-02 00:00:00,99.0,odunn@example.com
77844905150,Overall,F,V1,4,2017-04-02 00:00:00,142.0,susanclark@example.net
32331897485,Overall,M,V1,4,2017-04-02 00:00:00,84.0,shane43@example.net
98518648839,Overall,F,V1,4,2017-04-02 00:00:00,103.0,kennedyvictor@example.org
77799546951,Overall,F,V3,4,2017-04-02 00:00:00,98.0,kbowman@example.net
85913744737,Overall,M,V3,4,2017-04-02 00:00:00,87.0,sarahdouglas@example.com
22737760921,Overall,F,V2,4,2017-04-02 00:00:00,135.0,anthony04@example.org
22162589956,Overall,F,V1,4,2017-04-02 00:00:00,88.0,franciscobaldwin@example.com
81307464388,Overall,F,V3,4,2017-04-02 00:00:00,135.0,natkins@example.org
11492998639,Overall,M,V2,4,2017-04-02 00:00:00,84.0,cindygarcia@example.net
15227548242,Overall,M,V2,4,2017-04-02 00:00:00,130.0,hobbstimothy@example.com
35456183288,Overall,F,V1,4,2017-04-02 00:00:00,137.0,kevinmeyer@example.org
24358021526,Overall,F,V2,4,2017-04-02 00:00:00,123.0,hopkinsalison@example.net
35478434308,Overall,M,V2,4,2017-04-02 00:00:00,138.0,elizabethtaylor@example.com
17706478524,Overall,M,V2,4,2017-04-02 00:00:00,143.0,john75@example.com
48299901781,Overall,F,V2,4,2017-04-02 00:00:00,142.0,ijenkins@example.net
58012384132,Overall,M,V1,4,2017-04-02 00:00:00,129.0,morgandelgado@example.org
31525200685,Overall,F,V3,4,2017-04-02 00:00:00,126.0,erika13@example.org
95129229302,Overall,F,V2,4,2017-04-02 00:00:00,127.0,bdennis@example.org
78035136468,Overall,M,V3,4,2017-04-02 00:00:00,135.0,swilson@example.com
44835856520,Overall,F,V1,4,2017-04-02 00:00:00,140.0,danielfrancis@example.org
65621982310,Overall,F,V1,4,2017-04-02 00:00:00,135.0,iolsen@example.net
34168336759,Overall,M,V3,4,2017-04-02 00:00:00,143.0,woodsue@example.net
76009278180,Overall,F,V2,4,2017-04-02 00:00:00,139.0,jordantammy@example.com
26489427140,Overall,M,V3,4,2017-04-02 00:00:00,131.0,camposjoshua@example.org
48688564777,Overall,F,V1,4,2017-04-02 00:00:00,95.0,amberpeck@example.net
33801575002,Overall,F,V3,4,2017-04-02 00:00:00,121.0,njohnson@example.com
88297701635,Overall,F,V1,4,2017-04-02 00:00:00,89.0,pattersonmonique@example.com
31081494544,Overall,F,V1,4,2017-04-02 00:00:00,128.0,ehawkins@example.net
10924612712,Overall,F,V3,4,2017-04-02 00:00:00,130.0,catkins@example.net
77380151391,Overall,F,V3,4,2017-04-02 00:00:00,130.0,kathryn80@example.org
13760718430,Overall,F,V2,4,2017-04-02 00:00:00,131.0,framsey@example.net
24171961130,Overall,F,V1,4,2017-04-02 00:00:00,118.0,richardbeard@example.net
72048507543,Overall,M,V2,4,2017-04-02 00:00:00,126.0,nancyrobinson@example.com
60872682013,Overall,M,V1,4,2017-04-02 00:00:00,131.0,adkinskeith@example.org
50476385278,Overall,F,V3,4,2017-04-02 00:00:00,138.0,warrenheather@example.com
70660089129,Overall,F,V2,4,2017-04-02 00:00:00,132.0,scott39@example.com
78426194051,Overall,F,V2,4,2017-04-02 00:00:00,140.0,johnmayo@example.com
26621776647,Overall,M,V3,4,2017-04-02 00:00:00,90.0,nnguyen@example.net
73988985503,Overall,M,V1,4,2017-04-02 00:00:00,98.0,anthony96@example.net
68453128841,Overall,M,V1,4,2017-04-02 00:00:00,140.0,olsondouglas@example.com
88978379104,Overall,F,V1,4,2017-04-02 00:00:00,86.0,clarence39@example.org
30991503388,Overall,F,V3,4,2017-04-02 00:00:00,139.0,vsaunders@example.net
24615390518,Overall,M,V2,4,2017-04-02 00:00:00,127.0,murphydennis@example.com
72811067405,Overall,F,V3,4,2017-04-02 00:00:00,131.0,hardymonica@example.net
96800457085,Overall,F,V1,4,2017-04-02 00:00:00,139.0,ibrooks@example.org
29475480784,Overall,F,V1,4,2017-04-02 00:00:00,87.0,john98@example.org
54044235396,Overall,F,V3,4,2017-04-02 00:00:00,127.0,lucasgonzalez@example.org
16912233192,Overall,M,V3,4,2017-04-02 00:00:00,126.0,kellykim@example.net
77461811084,Overall,F,V1,4,2017-04-02 00:00:00,137.0,nmorse@example.com
70558019416,Overall,M,V2,4,2017-04-02 00:00:00,138.0,wgonzales@example.org
79111437489,Overall,M,V3,4,2017-04-02 00:00:00,139.0,christinajarvis@example.com
91897392278,Overall,M,V3,4,2017-04-02 00:00:00,99.0,ecunningham@example.org
76564576827,Overall,M,V3,4,2017-04-02 00:00:00,89.0,carrolltonya@example.org
54452715705,Overall,F,V3,4,2017-04-02 00:00:00,130.0,spena@example.net
90394773589,Overall,F,V1,4,2017-04-02 00:00:00,92.0,kurtthomas@example.org
56499982401,Overall,F,V1,4,2017-04-02 00:00:00,87.0,zbanks@example.com
24058835851,Overall,F,V2,4,2017-04-02 00:00:00,139.0,hnorris@example.com
39757540497,Overall,F,V1,4,2017-04-02 00:00:00,88.0,sandra65@example.com
39117678721,Overall,F,V2,4,2017-04-02 00:00:00,84.0,smithkylie@example.net
97762688771,Overall,M,V2,4,2017-04-02 00:00:00,100.0,andersonpatricia@example.org
60648003849,Overall,M,V1,4,2017-04-02 00:00:00,135.0,lewisdenise@example.net
87956251893,Overall,M,V3,4,2017-04-02 00:00:00,94.0,maria71@example.net
87898350641,Overall,F,V2,4,2017-04-02 00:00:00,91.0,kelli40@example.com
73603500557,Overall,M,V1,4,2017-04-02 00:00:00,128.0,hramos@example.org
97619308959,Overall,M,V3,4,2017-04-02 00:00:00,92.0,shawtyrone@example.com
91866089529,Overall,F,V1,4,2017-04-02 00:00:00,92.0,dsimmons@example.org
64632500407,Overall,F,V1,4,2017-04-02 00:00:00,123.0,wayne31@example.com
19120278527,Overall,F,V3,4,2017-04-02 00:00:00,132.0,iriley@example.com
22117841455,Overall,F,V1,4,2017-04-02 00:00:00,130.0,xburgess@example.org
84535825682,Overall,F,V1,4,2017-04-02 00:00:00,145.0,pattersonjerry@example.com
69750783881,Overall,M,V1,4,2017-04-02 00:00:00,86.0,xwolfe@example.com
71076518542,Overall,M,V3,4,2017-04-02 00:00:00,140.0,jenkinsdavid@example.org
71534927954,Overall,F,V2,4,2017-04-02 00:00:00,87.0,jacob62@example.com
75220210396,Overall,F,V3,4,2017-04-02 00:00:00,126.0,denise83@example.com
50774417462,Overall,M,V3,4,2017-04-02 00:00:00,135.0,jessebell@example.com
43464269956,Overall,M,V2,4,2017-04-02 00:00:00,140.0,garciajacqueline@example.net
71534927954,Overall,M,V2,4,2017-04-02 00:00:00,86.0,marynewton@example.com
77844905150,Overall,M,V1,4,2017-04-02 00:00:00,139.0,shelbywilson@example.net
10395953883,Overall,M,V2,4,2017-04-02 00:00:00,84.0,patriciawilkinson@example.org
24501612946,Overall,F,V3,4,2017-04-02 00:00:00,125.0,michelle97@example.net
44252455755,Overall,M,V1,4,2017-04-02 00:00:00,136.0,heather70@example.net
30881895219,Overall,M,V2,4,2017-04-02 00:00:00,89.0,floresdevin@example.com
36088028438,Overall,F,V3,4,2017-04-02 00:00:00,141.0,hullerin@example.org
94774703979,Overall,M,V3,4,2017-04-02 00:00:00,98.0,katherine57@example.com
67721412999,Overall,F,V1,4,2017-04-02 00:00:00,142.0,nyoung@example.org
79354054497,Overall,F,V1,4,2017-04-02 00:00:00,85.0,zmartin@example.net
80744054672,Overall,M,V1,4,2017-04-02 00:00:00,141.0,alvarezamanda@example.com
82802674155,Overall,F,V1,4,2017-04-02 00:00:00,130.0,williamjohnson@example.com
12630073609,Overall,M,V2,4,2017-04-02 00:00:00,123.0,johnnyhayes@example.net
86142680027,Overall,M,V1,4,2017-04-02 00:00:00,138.0,zhamilton@example.org
81775884069,Overall,F,V2,4,2017-04-02 00:00:00,89.0,freemanmichael@example.org
37673672694,Overall,F,V3,4,2017-04-02 00:00:00,91.0,loveanita@example.net
38700467505,Overall,F,V1,4,2017-04-02 00:00:00,131.0,weberamanda@example.com
69702461136,Overall,M,V1,4,2017-04-02 00:00:00,133.0,rickyholland@example.net
92576269580,Overall,M,V1,4,2017-04-02 00:00:00,88.0,colejeremy@example.com
61385461768,Overall,M,V2,4,2017-04-02 00:00:00,86.0,kingcorey@example.com
74873046315,Overall,M,V2,4,2017-04-02 00:00:00,137.0,uschmidt@example.net
50774417462,Overall,F,V2,4,2017-04-02 00:00:00,135.0,josephgriffin@example.org
65547631277,Overall,M,V2,4,2017-04-02 00:00:00,140.0,omyers@example.net
27094936125,Overall,F,V1,4,2017-04-02 00:00:00,135.0,raymondpatel@example.org
14971418326,Overall,F,V3,4,2017-04-02 00:00:00,135.0,chungmary@example.net
76559230731,Overall,F,V2,4,2017-04-02 00:00:00,137.0,acostabrandon@example.org
30585909702,Overall,F,V1,4,2017-04-02 00:00:00,140.0,ywalker@example.org
77821055978,Overall,M,V1,4,2017-04-02 00:00:00,91.0,bradley99@example.org
55121976155,Overall,F,V1,4,2017-04-02 00:00:00,136.0,smithjohn@example.com
46505072933,Overall,F,V3,4,2017-04-02 00:00:00,134.0,lauratucker@example.net
43069145210,Overall,F,V2,4,2017-04-02 00:00:00,120.0,derek99@example.com
49840230840,Overall,F,V2,4,2017-04-02 00:00:00,134.0,nking@example.com
15026040821,Overall,F,V1,4,2017-04-02 00:00:00,119.0,lrivera@example.org
98518648839,Overall,M,V2,4,2017-04-02 00:00:00,103.0,ujohnson@example.org
26579478160,Overall,M,V3,4,2017-04-02 00:00:00,85.0,cwilson@example.net
44610494711,Overall,F,V1,4,2017-04-02 00:00:00,131.0,bretttaylor@example.org
16162478705,Overall,F,V1,4,2017-04-02 00:00:00,133.0,anthonywalker@example.com
69195701757,Overall,F,V2,4,2017-04-02 00:00:00,84.0,ckent@example.org
29967993073,Overall,F,V1,4,2017-04-02 00:00:00,87.0,molly07@example.com
84983573843,Overall,M,V2,4,2017-04-02 00:00:00,83.0,jessica72@example.net
87394825747,Overall,F,V3,4,2017-04-02 00:00:00,95.0,shellyowen@example.org
51121405468,Overall,F,V3,4,2017-04-02 00:00:00,129.0,freemanbrent@example.net
84650878926,Overall,M,V3,4,2017-04-02 00:00:00,98.0,courtneycastro@example.net
84123671956,Overall,M,V3,4,2017-04-02 00:00:00,138.0,mirandaolson@example.org
96277079540,Overall,M,V1,4,2017-04-02 00:00:00,90.0,joanserrano@example.com
92313674598,Overall,M,V1,4,2017-04-02 00:00:00,142.0,ericdaniel@example.com
67721412999,Overall,F,V3,4,2017-04-02 00:00:00,145.0,ginajones@example.com
45546510982,Overall,F,V1,4,2017-04-02 00:00:00,140.0,stephaniemiller@example.org
17643197735,Overall,M,V2,4,2017-04-02 00:00:00,137.0,aaron76@example.org
25647546087,Overall,F,V1,4,2017-04-02 00:00:00,86.0,georgecarey@example.net
99573950263,Overall,F,V1,4,2017-04-02 00:00:00,92.0,taylorpatrick@example.com
62181004269,Overall,M,V1,4,2017-04-02 00:00:00,129.0,timothydaniels@example.net
99392790684,Overall,M,V1,4,2017-04-02 00:00:00,94.0,ewingedward@example.net
66210984530,Overall,M,V1,4,2017-04-02 00:00:00,130.0,ymartin@example.com
72527015192,Overall,M,V1,4,2017-04-02 00:00:00,129.0,todd10@example.com
96920125494,Overall,F,V1,4,2017-04-02 00:00:00,136.0,yholmes@example.org
37418076622,Overall,M,V3,4,2017-04-02 00:00:00,131.0,cmcdonald@example.com
54820921410,Overall,F,V3,4,2017-04-02 00:00:00,123.0,johnsonjoel@example.com
44713663407,Overall,F,V1,4,2017-04-02 00:00:00,134.0,qlarson@example.net
78336270393,Overall,F,V1,4,2017-04-02 00:00:00,144.0,jacksonjoseph@example.org
17147986536,Overall,M,V3,4,2017-04-02 00:00:00,84.0,rodriguezallison@example.com
82367147306,Overall,M,V1,4,2017-04-02 00:00:00,142.0,spencerjenna@example.net
61267953445,Overall,M,V2,4,2017-04-02 00:00:00,146.0,katherine92@example.com
58800336791,Overall,F,V3,4,2017-04-02 00:00:00,136.0,agardner@example.org
25820731637,Overall,F,V2,4,2017-04-02 00:00:00,127.0,billybautista@example.net
78969738418,Overall,F,V2,4,2017-04-02 00:00:00,105.0,kball@example.org
84697203882,Overall,F,V1,4,2017-04-02 00:00:00,140.0,williamgriffin@example.org
64922252675,Overall,F,V3,4,2017-04-02 00:00:00,139.0,walljames@example.org
98902529938,Overall,F,V3,4,2017-04-02 00:00:00,90.0,brian84@example.com
61801105275,Overall,M,V1,4,2017-04-02 00:00:00,125.0,nhenderson@example.net
78601750075,Overall,M,V3,4,2017-04-02 00:00:00,133.0,matthew89@example.org
32865036719,Overall,F,V1,4,2017-04-02 00:00:00,140.0,teresathompson@example.net
38637341041,Overall,F,V3,4,2017-04-02 00:00:00,136.0,erik97@example.net
56935736392,Overall,F,V2,4,2017-04-02 00:00:00,85.0,margaret29@example.net
14843633909,Overall,M,V1,4,2017-04-02 00:00:00,137.0,sean94@example.net
62923161762,Overall,X,V3,4,2017-04-02 00:00:00,141.0,davidcooke@example.com
28157612948,Overall,M,V3,4,2017-04-02 00:00:00,143.0,bcuevas@example.org
44613906278,Overall,F,V1,4,2017-04-02 00:00:00,142.0,fernandezcraig@example.net
22205745108,Overall,F,V2,4,2017-04-02 00:00:00,126.0,lucasmary@example.com
79769059677,Overall,M,V2,4,2017-04-02 00:00:00,99.0,adammartinez@example.com
29171246682,Overall,M,V2,4,2017-04-02 00:00:00,139.0,uyoung@example.net
72755350631,Overall,F,V3,4,2017-04-02 00:00:00,128.0,martinezeric@example.com
43947242655,Overall,M,V1,4,2017-04-02 00:00:00,137.0,twest@example.net
12722214828,Overall,M,V1,4,2017-04-02 00:00:00,123.0,hallanne@example.org
36990356232,Overall,F,V1,4,2017-04-02 00:00:00,131.0,eugene60@example.org
91247426617,Overall,F,V2,4,2017-04-02 00:00:00,141.0,andrew02@example.com
49212806410,Overall,M,V3,4,2017-04-02 00:00:00,125.0,kellyknight@example.com
74559558702,Overall,M,V3,4,2017-04-02 00:00:00,89.0,bellpaul@example.com
31174485917,Overall,F,V1,4,2017-04-02 00:00:00,134.0,brownsarah@example.org
18464702166,Overall,F,V3,4,2017-04-02 00:00:00,132.0,lisa06@example.com
86443085641,Overall,F,V2,4,2017-04-02 00:00:00,134.0,harrisjohn@example.org
52685372905,Overall,F,V1,4,2017-04-02 00:00:00,142.0,tammydavis@example.com
29910228350,Overall,F,V1,4,2017-04-02 00:00:00,132.0,royrodriguez@example.org
81896740196,Overall,F,V1,4,2017-04-02 00:00:00,90.0,whitejoan@example.org
36689168634,Overall,F,V1,4,2017-04-02 00:00:00,94.0,gomezjoseph@example.net
47766680770,Overall,F,V1,4,2017-04-02 00:00:00,89.0,elliskelsey@example.net
51466932103,Overall,F,V3,4,2017-04-02 00:00:00,126.0,timothy57@example.com
20004654090,Overall,M,V3,4,2017-04-02 00:00:00,116.0,smithtimothy@example.org
53708803587,Overall,M,V3,4,2017-04-02 00:00:00,87.0,tyler52@example.org
65767307629,Overall,F,V1,4,2017-04-02 00:00:00,85.0,stephanieclark@example.com
64827457276,Overall,M,V3,4,2017-04-02 00:00:00,83.0,scottdavid@example.org
40623562730,Overall,F,V1,4,2017-04-02 00:00:00,125.0,fordjoseph@example.net
85012427519,Overall,M,V2,4,2017-04-02 00:00:00,128.0,mhaney@example.com
36605700097,Overall,M,V3,4,2017-04-02 00:00:00,131.0,gateskyle@example.net
12968237206,Overall,M,V3,4,2017-04-02 00:00:00,133.0,ycarter@example.com
41657582376,Overall,F,V1,4,2017-04-02 00:00:00,141.0,pbyrd@example.net
90457522811,Overall,M,V3,4,2017-04-02 00:00:00,132.0,paynesusan@example.com
32331897485,Overall,F,V3,4,2017-04-02 00:00:00,87.0,deborahali@example.com
75186812448,Overall,M,V3,4,2017-04-02 00:00:00,81.0,wmunoz@example.net
75605982224,Overall,F,V2,4,2017-04-02 00:00:00,144.0,nelsonpatrick@example.com
42626533945,Overall,F,V1,4,2017-04-02 00:00:00,139.0,bhouston@example.com
43262540821,Overall,F,V2,4,2017-04-02 00:00:00,129.0,nschaefer@example.org
77161464587,Overall,F,V1,4,2017-04-02 00:00:00,144.0,william45@example.net
29259977202,Overall,F,V2,4,2017-04-02 00:00:00,137.0,qedwards@example.org
85711785008,Overall,M,V1,4,2017-04-02 00:00:00,144.0,christymurphy@example.net
71358120823,Overall,F,V2,4,2017-04-02 00:00:00,133.0,paulsmith@example.com
63962673851,Overall,F,V3,4,2017-04-02 00:00:00,141.0,onavarro@example.net
52749534084,Overall,F,V1,4,2017-04-02 00:00:00,146.0,dramos@example.com
96288461414,Overall,M,V2,4,2017-04-02 00:00:00,85.0,brent31@example.net
51444756558,Overall,M,V2,4,2017-04-02 00:00:00,143.0,hebertkathryn@example.com
87557320071,Overall,F,V2,4,2017-04-02 00:00:00,129.0,melissagonzales@example.org
80494169614,Overall,F,V2,4,2017-04-02 00:00:00,135.0,josebird@example.org
61398313857,Overall,M,V3,4,2017-04-02 00:00:00,137.0,wallwayne@example.org
76333845586,Overall,F,V3,4,2017-04-02 00:00:00,89.0,scott27@example.org
48740734906,Overall,M,V1,4,2017-04-02 00:00:00,142.0,shawn09@example.com
80276055860,Overall,X,V3,4,2017-04-02 00:00:00,131.0,jacoblopez@example.net
47401935076,Overall,F,V3,4,2017-04-02 00:00:00,128.0,zacharytaylor@example.org
85274237474,Overall,M,V1,4,2017-04-02 00:00:00,143.0,meganbrown@example.com
74559558702,Overall,M,V2,4,2017-04-02 00:00:00,84.0,williamsoneugene@example.org
49486870839,Overall,F,V2,4,2017-04-02 00:00:00,92.0,christopherreed@example.net
41819970224,Overall,M,V2,4,2017-04-02 00:00:00,137.0,michael11@example.org
66661092604,Overall,M,V2,4,2017-04-02 00:00:00,138.0,housetiffany@example.com
51461941595,Overall,M,V2,4,2017-04-02 00:00:00,139.0,jonathan81@example.net
85274178617,Overall,F,V2,4,2017-04-02 00:00:00,87.0,huberjorge@example.net
47677272747,Overall,M,V2,4,2017-04-02 00:00:00,91.0,martinjessica@example.net
86847080505,Overall,F,V2,4,2017-04-02 00:00:00,139.0,stephenbuckley@example.net
96886729799,Overall,F,V1,4,2017-04-02 00:00:00,110.0,ycastro@example.net
47731133328,Overall,F,V3,4,2017-04-02 00:00:00,132.0,anthony25@example.com
33034474593,Overall,F,V2,4,2017-04-02 00:00:00,131.0,keith94@example.com
84792445122,Overall,F,V1,4,2017-04-02 00:00:00,131.0,ashley61@example.net
60476373781,Overall,F,V3,4,2017-04-02 00:00:00,141.0,benjaminreid@example.net
95738738258,Overall,F,V1,4,2017-04-02 00:00:00,91.0,ronaldharris@example.org
65621982310,Overall,M,V2,4,2017-04-02 00:00:00,134.0,davidparker@example.org
49965734543,Overall,M,V2,4,2017-04-02 00:00:00,88.0,tracy29@example.com
52627412738,Overall,M,V3,4,2017-04-02 00:00:00,136.0,margaret51@example.com
61559910070,Overall,M,V1,4,2017-04-02 00:00:00,128.0,huntsean@example.net
60028744121,Overall,M,V2,4,2017-04-02 00:00:00,126.0,qgordon@example.net
87428659251,Overall,F,V3,4,2017-04-02 00:00:00,85.0,rreed@example.org
41930427210,Overall,M,V2,4,2017-04-02 00:00:00,124.0,uwheeler@example.com
53129369838,Overall,F,V1,4,2017-04-02 00:00:00,88.0,kristenduncan@example.net
51461941595,Overall,F,V2,4,2017-04-02 00:00:00,138.0,qdunn@example.com
87742275368,Overall,M,V1,4,2017-04-02 00:00:00,92.0,francismichael@example.com
81648003095,Overall,F,V1,4,2017-04-02 00:00:00,133.0,tbowen@example.org
61385461768,Overall,M,V2,4,2017-04-02 00:00:00,83.0,heather27@example.com
39998903253,Overall,F,V1,4,2017-04-02 00:00:00,90.0,christopher62@example.com
15669220138,Overall,F,V1,4,2017-04-02 00:00:00,137.0,jessica74@example.org
41344326256,Overall,M,V1,4,2017-04-02 00:00:00,132.0,wrightarthur@example.com
73319163097,Overall,M,V2,4,2017-04-02 00:00:00,136.0,caseyramsey@example.org
63184381445,Overall,M,V1,4,2017-04-02 00:00:00,133.0,meghan55@example.org
25820731637,Overall,F,V1,4,2017-04-02 00:00:00,128.0,connie40@example.org
31182704589,Overall,F,V1,4,2017-04-02 00:00:00,135.0,vicki42@example.org
60767982957,Overall,M,V2,4,2017-04-02 00:00:00,93.0,nwilliams@example.org
74149212682,Overall,F,V3,4,2017-04-02 00:00:00,142.0,brownkevin@example.com
84685743608,Overall,M,V3,4,2017-04-02 00:00:00,89.0,fbarton@example.com
26792622489,Overall,F,V2,4,2017-04-02 00:00:00,146.0,htaylor@example.com
62345851021,Overall,M,V2,4,2017-04-02 00:00:00,126.0,walkermaria@example.org
69810156994,Overall,M,V1,4,2017-04-02 00:00:00,87.0,vsmith@example.org
99640576965,Overall,F,V1,4,2017-04-02 00:00:00,99.0,stephanie59@example.com
78601750075,Overall,F,V2,4,2017-04-02 00:00:00,129.0,elliscurtis@example.net
41393481933,Overall,F,V1,4,2017-04-02 00:00:00,139.0,pamela41@example.net
75120026910,Overall,M,V3,4,2017-04-02 00:00:00,116.0,morgankelly@example.net
33797918241,Overall,M,V3,4,2017-04-02 00:00:00,144.0,fischerdavid@example.net
66573774386,Overall,M,V3,4,2017-04-02 00:00:00,87.0,wmartinez@example.net
71831429684,Overall,F,V3,4,2017-04-02 00:00:00,88.0,ryan09@example.net
85149083166,Overall,F,V2,4,2017-04-02 00:00:00,85.0,lyonsamy@example.org
36990356232,Overall,F,V1,4,2017-04-02 00:00:00,136.0,jamesford@example.net
94320628173,Overall,F,V1,4,2017-04-02 00:00:00,135.0,gonzalezcatherine@example.com
79111437489,Overall,M,V1,4,2017-04-02 00:00:00,137.0,stephanie25@example.com
87955559674,Overall,F,V3,4,2017-04-02 00:00:00,100.0,pcollins@example.com
38953847891,Overall,M,V1,4,2017-04-02 00:00:00,94.0,macdonaldjonathan@example.com
78857302571,Overall,F,V1,4,2017-04-02 00:00:00,82.0,riverabenjamin@example.org
45753876978,Overall,M,V3,4,2017-04-02 00:00:00,98.0,nchavez@example.net
64969812241,Overall,F,V1,4,2017-04-02 00:00:00,82.0,johnsonjacqueline@example.org
43709607886,Overall,M,V2,4,2017-04-02 00:00:00,89.0,lisa31@example.net
66573774386,Overall,F,V1,4,2017-04-02 00:00:00,91.0,tphillips@example.org
90010127056,Overall,F,V3,4,2017-04-02 00:00:00,121.0,hannah60@example.org
62847325709,Overall,F,V3,4,2017-04-02 00:00:00,145.0,vaughnmichael@example.net
80658043652,Overall,M,V3,4,2017-04-02 00:00:00,132.0,uchristian@example.org
62298975251,Overall,M,V3,4,2017-04-02 00:00:00,85.0,careymichael@example.com
17887614767,Overall,F,V3,4,2017-04-02 00:00:00,92.0,michellekirk@example.net
12198262847,Overall,M,V1,4,2017-04-02 00:00:00,144.0,victoria44@example.org
81776063185,Overall,M,V3,4,2017-04-02 00:00:00,143.0,fstone@example.org
37565411181,Overall,M,V3,4,2017-04-02 00:00:00,129.0,ryan40@example.com
39260679235,Overall,F,V1,4,2017-04-02 00:00:00,137.0,martinezallen@example.org
85629845090,Overall,F,V3,4,2017-04-02 00:00:00,84.0,vasquezbenjamin@example.com
96688090325,Overall,F,V1,4,2017-04-02 00:00:00,85.0,laneregina@example.com
78433026278,Overall,F,V1,4,2017-04-02 00:00:00,138.0,uflores@example.com
83361118449,Overall,M,V1,4,2017-04-02 00:00:00,136.0,ycarter@example.net
24358021526,Overall,F,V3,4,2017-04-02 00:00:00,125.0,taylorjones@example.net
67006753257,Overall,M,V1,4,2017-04-02 00:00:00,134.0,dbenson@example.com
72794324944,Overall,F,V1,4,2017-04-02 00:00:00,84.0,murphyjonathan@example.com
75224216622,Overall,M,V3,4,2017-04-02 00:00:00,127.0,harrisjulie@example.net
79740175665,Overall,F,V2,4,2017-04-02 00:00:00,88.0,alex07@example.com
92493649702,Overall,M,V2,4,2017-04-02 00:00:00,140.0,zjackson@example.com
24880334266,Overall,F,V3,4,2017-04-02 00:00:00,139.0,longchristine@example.com
82055044731,Overall,M,V2,4,2017-04-02 00:00:00,127.0,walterandrea@example.com
76261376202,Overall,F,V1,4,2017-04-02 00:00:00,135.0,jamesmoore@example.com
35672675799,Overall,M,V3,4,2017-04-02 00:00:00,,rwilkins@example.com
87915805288,Overall,M,V1,4,2017-04-02 00:00:00,84.0,ycrane@example.org
57487803159,Overall,M,V2,4,2017-04-02 00:00:00,84.0,ibarrakelly@example.net
79747408163,Overall,F,V1,4,2017-04-02 00:00:00,88.0,sheltonjoseph@example.com
88595315720,Overall,F,V3,4,2017-04-02 00:00:00,85.0,stacyyoung@example.com
97868276567,Overall,M,V2,4,2017-04-02 00:00:00,102.0,cannonamanda@example.net
43709607886,Overall,F,V3,4,2017-04-02 00:00:00,84.0,rsmith@example.com
75524229388,Overall,M,V3,4,2017-04-02 00:00:00,142.0,coreynguyen@example.com
55662082241,Overall,M,V1,4,2017-04-02 00:00:00,128.0,jfranklin@example.com
39267509871,Overall,F,V2,4,2017-04-02 00:00:00,87.0,millerdavid@example.org
93869837360,Overall,M,V2,4,2017-04-02 00:00:00,90.0,omorgan@example.org
33561563153,Overall,F,V1,4,2017-04-02 00:00:00,127.0,pturner@example.org
85060897482,Overall,F,V3,4,2017-04-02 00:00:00,87.0,gonzalezlynn@example.com
31617216550,Overall,M,V2,4,2017-04-02 00:00:00,120.0,pmiller@example.org
84535825682,Overall,M,V2,4,2017-04-02 00:00:00,142.0,kochsheri@example.com
30385325756,Overall,F,V1,4,2017-04-02 00:00:00,137.0,lauren61@example.org
65645933764,Overall,F,V2,4,2017-04-02 00:00:00,88.0,briangonzales@example.com
28373088816,Overall,M,V3,4,2017-04-02 00:00:00,136.0,jessica37@example.net
59515472498,Overall,F,V3,4,2017-04-02 00:00:00,90.0,christopher16@example.org
41948455249,Overall,M,V3,4,2017-04-02 00:00:00,83.0,annahunter@example.net
78596246021,Overall,M,V1,4,2017-04-02 00:00:00,136.0,mcgeekimberly@example.net
69684962340,Overall,F,V1,4,2017-04-02 00:00:00,81.0,umccoy@example.net
99256827638,Overall,F,V1,4,2017-04-02 00:00:00,91.0,kcarroll@example.com
52584476891,Overall,F,V2,4,2017-04-02 00:00:00,91.0,juan69@example.net
94520403063,Overall,F,V3,4,2017-04-02 00:00:00,124.0,tamara14@example.com
68490435923,Overall,F,V3,4,2017-04-02 00:00:00,135.0,stephaniegross@example.com
68457404282,Overall,F,V3,4,2017-04-02 00:00:00,137.0,qlee@example.com
97523036072,Overall,F,V1,4,2017-04-02 00:00:00,135.0,qsanders@example.com
61447938349,Overall,F,V3,4,2017-04-02 00:00:00,89.0,rochaalyssa@example.com
89697697427,Overall,F,V1,4,2017-04-02 00:00:00,103.0,gonzalesemily@example.com
82596775735,Overall,M,V3,4,2017-04-02 00:00:00,88.0,qbrown@example.org
33049992202,Overall,F,V2,4,2017-04-02 00:00:00,124.0,matthew36@example.com
94322568120,Overall,F,V2,4,2017-04-02 00:00:00,134.0,nicholas85@example.com
99938701825,Overall,F,V3,4,2017-04-02 00:00:00,93.0,lopezstacy@example.com
14382534640,Overall,M,V1,4,2017-04-02 00:00:00,129.0,tommy63@example.net
50237417076,Overall,F,V3,4,2017-04-02 00:00:00,132.0,holtjason@example.com
94341939380,Overall,F,V3,4,2017-04-02 00:00:00,144.0,feliciafoster@example.net
47626763907,Overall,F,V3,4,2017-04-02 00:00:00,81.0,rdalton@example.org
74683950752,Overall,F,V1,4,2017-04-02 00:00:00,142.0,shellygould@example.org
13721345305,Overall,M,V2,4,2017-04-02 00:00:00,123.0,gcole@example.org
16898720185,Overall,F,V1,4,2017-04-02 00:00:00,140.0,vargasmichael@example.org
70866656880,Overall,M,V1,4,2017-04-02 00:00:00,87.0,hbridges@example.org
75231727181,Overall,F,V1,4,2017-04-02 00:00:00,136.0,heather07@example.com
12412282444,Overall,M,V3,4,2017-04-02 00:00:00,120.0,grossbrent@example.net
21274197890,Overall,F,V2,4,2017-04-02 00:00:00,136.0,warnernatasha@example.com
72416683358,Overall,M,V1,4,2017-04-02 00:00:00,143.0,samantha28@example.com
51413845192,Overall,M,V3,4,2017-04-02 00:00:00,131.0,ryan60@example.org
22633154399,Overall,M,V2,4,2017-04-02 00:00:00,139.0,nharris@example.net
54602343043,Overall,F,V1,4,2017-04-02 00:00:00,130.0,srose@example.net
44613906278,Overall,F,V3,4,2017-04-02 00:00:00,142.0,nichole26@example.org
45524540283,Overall,M,V3,4,2017-04-02 00:00:00,130.0,prichardson@example.org
86101893976,Overall,F,V3,4,2017-04-02 00:00:00,84.0,kaylee43@example.org
27166140971,Overall,M,V1,4,2017-04-02 00:00:00,128.0,jennifer97@example.org
51972524341,Overall,F,V1,4,2017-04-02 00:00:00,129.0,samanthagarrett@example.org
27834891813,Overall,M,V1,4,2017-04-02 00:00:00,82.0,michael48@example.org
44501097072,Overall,F,V3,4,2017-04-02 00:00:00,124.0,michael60@example.net
39757540497,Overall,F,V3,4,2017-04-02 00:00:00,87.0,ganthony@example.org
64269047997,Overall,M,V1,4,2017-04-02 00:00:00,98.0,hinesheidi@example.org
87058100996,Overall,M,V3,4,2017-04-02 00:00:00,137.0,scottreed@example.org
39959085109,Overall,M,V1,4,2017-04-02 00:00:00,140.0,andersoncarla@example.net
43729112581,Overall,M,V2,4,2017-04-02 00:00:00,134.0,lthomas@example.org
22117841455,Overall,M,V2,4,2017-04-02 00:00:00,130.0,floresthomas@example.com
62281038762,Overall,F,V3,4,2017-04-02 00:00:00,133.0,zschmidt@example.org
27854808385,Overall,F,V3,4,2017-04-02 00:00:00,86.0,andreramsey@example.net
27103400388,Overall,M,V3,4,2017-04-02 00:00:00,118.0,amy27@example.net
32695743125,Overall,F,V2,4,2017-04-02 00:00:00,132.0,ferickson@example.org
49543401055,Overall,M,V3,4,2017-04-02 00:00:00,132.0,uowens@example.net
60284449939,Overall,M,V3,4,2017-04-02 00:00:00,141.0,schapman@example.com
61902663712,Overall,F,V3,4,2017-04-02 00:00:00,129.0,danielleramirez@example.org
16139953968,Overall,F,V3,4,2017-04-02 00:00:00,93.0,tammy78@example.net
14498415952,Overall,M,V3,4,2017-04-02 00:00:00,136.0,hadams@example.org
55893445000,Overall,F,V3,4,2017-04-02 00:00:00,131.0,whardy@example.com
86510718779,Overall,M,V1,4,2017-04-02 00:00:00,89.0,ricky63@example.com
52237297454,Overall,M,V3,4,2017-04-02 00:00:00,135.0,nelsoncandice@example.com
93274465478,Overall,F,V2,4,2017-04-02 00:00:00,82.0,timothywilliamson@example.net
23617432131,Overall,F,V3,4,2017-04-02 00:00:00,123.0,jamie40@example.net
57476371202,Overall,M,V1,4,2017-04-02 00:00:00,135.0,thomaslandry@example.net
69254639126,Overall,F,V2,4,2017-04-02 00:00:00,139.0,joshuagray@example.com
50004028649,Overall,F,V3,4,2017-04-02 00:00:00,130.0,james41@example.net
71896336241,Overall,M,V1,4,2017-04-02 00:00:00,140.0,charris@example.com
47282615980,Overall,F,V3,4,2017-04-02 00:00:00,138.0,igibson@example.com
34011154997,Overall,F,V3,4,2017-04-02 00:00:00,134.0,paul43@example.org
68490435923,Overall,F,V1,4,2017-04-02 00:00:00,135.0,kcannon@example.com
16002128225,Overall,F,V3,4,2017-04-02 00:00:00,119.0,brian56@example.com
57398679186,Overall,F,V3,4,2017-04-02 00:00:00,95.0,ycampbell@example.org
94616908639,Overall,F,V3,4,2017-04-02 00:00:00,92.0,cooperthomas@example.net
82349489300,Overall,M,V2,4,2017-04-02 00:00:00,140.0,torresstanley@example.org
63005822339,Overall,F,V1,4,2017-04-02 00:00:00,128.0,thomas33@example.net
93334342622,Overall,F,V3,4,2017-04-02 00:00:00,130.0,harrisjoel@example.net
68065437853,Overall,M,V3,4,2017-04-02 00:00:00,84.0,williamsebony@example.net
75605982224,Overall,F,V1,4,2017-04-02 00:00:00,144.0,ybanks@example.net
97321957849,Overall,F,V1,4,2017-04-02 00:00:00,89.0,nnelson@example.org
58733831238,Overall,M,V2,4,2017-04-02 00:00:00,143.0,jose11@example.net
81041794297,Overall,F,V1,4,2017-04-02 00:00:00,85.0,mathewcastillo@example.com
75120026910,Overall,M,V1,4,2017-04-02 00:00:00,121.0,lauren05@example.org
64431114483,Overall,F,V1,4,2017-04-02 00:00:00,121.0,brandon06@example.org
56730200748,Overall,M,V3,4,2017-04-02 00:00:00,133.0,zrobinson@example.net
51646741505,Overall,M,V3,4,2017-04-02 00:00:00,137.0,raymond83@example.com
22149566139,Overall,F,V2,4,2017-04-02 00:00:00,139.0,kristen98@example.net
50237417076,Overall,F,V2,4,2017-04-02 00:00:00,127.0,derekdavis@example.net
79032511853,Overall,F,V2,4,2017-04-02 00:00:00,132.0,hillmaria@example.net
78644033735,Overall,F,V2,4,2017-04-02 00:00:00,143.0,robertsantos@example.org
94302747166,Overall,F,V2,4,2017-04-02 00:00:00,131.0,elopez@example.org
31174485917,Overall,F,V1,4,2017-04-02 00:00:00,134.0,xhorton@example.org
89619656325,Overall,F,V1,4,2017-04-02 00:00:00,86.0,annette53@example.net
78932681282,Overall,F,V1,4,2017-04-02 00:00:00,82.0,laurakane@example.net
35284805003,Overall,M,V1,4,2017-04-02 00:00:00,126.0,whaas@example.com
52901009898,Overall,F,V1,4,2017-04-02 00:00:00,139.0,rmcintyre@example.net
94968642746,Overall,F,V2,4,2017-04-02 00:00:00,89.0,tylerbeasley@example.net
28373088816,Overall,F,V1,4,2017-04-02 00:00:00,138.0,taylorbrandy@example.com
24502718237,Overall,M,V2,4,2017-04-02 00:00:00,122.0,thomaswilliams@example.com
22237622104,Overall,M,V1,4,2017-04-02 00:00:00,118.0,rstafford@example.org
64739545537,Overall,F,V1,4,2017-04-02 00:00:00,88.0,ortegacourtney@example.net
55662082241,Overall,M,V1,4,2017-04-02 00:00:00,128.0,leonardleonard@example.org
47807183256,Overall,M,V3,4,2017-04-02 00:00:00,138.0,brownandrea@example.org
36581311738,Overall,F,V3,4,2017-04-02 00:00:00,137.0,petersonbarbara@example.net
29287843651,Overall,M,V1,4,2017-04-02 00:00:00,145.0,davischristian@example.net
43291652924,Overall,M,V1,4,2017-04-02 00:00:00,137.0,cortezmelanie@example.com
58300117961,Overall,F,V1,4,2017-04-02 00:00:00,126.0,oliverlauren@example.com
89619656325,Overall,M,V3,4,2017-04-02 00:00:00,85.0,cbarr@example.org
74748407626,Overall,F,V3,4,2017-04-02 00:00:00,138.0,wowens@example.com
54946407908,Overall,F,V2,4,2017-04-02 00:00:00,137.0,andrea57@example.com
82075793443,Overall,F,V1,4,2017-04-02 00:00:00,136.0,erica04@example.com
74868255558,Overall,F,V3,4,2017-04-02 00:00:00,91.0,victorhunter@example.org
78857302571,Overall,F,V1,4,2017-04-02 00:00:00,83.0,gloriameadows@example.net
59396252660,Overall,M,V1,4,2017-04-02 00:00:00,140.0,johnsonjoshua@example.net
64661148999,Overall,F,V1,4,2017-04-02 00:00:00,90.0,fgonzales@example.com
19481003947,Overall,F,V3,4,2017-04-02 00:00:00,135.0,misty96@example.com
25646457977,Overall,F,V3,4,2017-04-02 00:00:00,87.0,thomas98@example.com
13856281975,Overall,M,V1,4,2017-04-02 00:00:00,141.0,margaretalvarez@example.net
54798772709,Overall,M,V3,4,2017-04-02 00:00:00,100.0,drakekimberly@example.com
24358021526,Overall,M,V2,4,2017-04-02 00:00:00,126.0,kelseydean@example.org
82150700580,Overall,M,V1,4,2017-04-02 00:00:00,120.0,martinkara@example.com
21639612416,Overall,M,V3,4,2017-04-02 00:00:00,130.0,ahayes@example.net
38020160128,Overall,M,V3,4,2017-04-02 00:00:00,124.0,angelamckinney@example.com
14152407296,Overall,F,V1,4,2017-04-02 00:00:00,132.0,powellmargaret@example.com
61342967740,Overall,M,V2,4,2017-04-02 00:00:00,139.0,laura40@example.org
64356127621,Overall,M,V1,4,2017-04-02 00:00:00,128.0,ashleyvasquez@example.com
82553279048,Overall,M,V2,4,2017-04-02 00:00:00,84.0,virginia76@example.com
84326632954,Overall,M,V2,4,2017-04-02 00:00:00,136.0,rodriguezgeorge@example.net
91398280593,Overall,F,V3,4,2017-04-02 00:00:00,86.0,taylordodson@example.com
75786505355,Overall,M,V1,4,2017-04-02 00:00:00,83.0,ihunt@example.net
86067071637,Overall,F,V2,4,2017-04-02 00:00:00,138.0,kennethbeck@example.com
87394825747,Overall,M,V1,4,2017-04-02 00:00:00,97.0,staylor@example.net
70001358484,Overall,F,V3,4,2017-04-02 00:00:00,129.0,pthomas@example.org
58449468239,Overall,M,V2,4,2017-04-02 00:00:00,87.0,xpalmer@example.org
64827457276,Overall,F,V3,4,2017-04-02 00:00:00,89.0,uhatfield@example.org
87915805288,Overall,F,V3,4,2017-04-02 00:00:00,85.0,joshuachung@example.org
39690118882,Overall,F,V1,4,2017-04-02 00:00:00,85.0,nathandaniels@example.com
66129814834,Overall,M,V2,4,2017-04-02 00:00:00,144.0,jesse06@example.net
87904314866,Overall,M,V1,4,2017-04-02 00:00:00,144.0,wmorales@example.com
14609874833,Overall,M,V3,4,2017-04-02 00:00:00,86.0,josephtran@example.org
57031135129,Overall,M,V2,4,2017-04-02 00:00:00,125.0,lroman@example.net
37565411181,Overall,M,V1,4,2017-04-02 00:00:00,128.0,gross@example.com
81896740196,Overall,M,V1,4,2017-04-02 00:00:00,90.0,stacy50@example.net
42255068524,Overall,F,V2,4,2017-04-02 00:00:00,133.0,bookercristina@example.com
93411768796,Overall,F,V3,4,2017-04-02 00:00:00,90.0,michael98@example.net
83361118449,Overall,F,V3,4,2017-04-02 00:00:00,134.0,valerie52@example.com
85012427519,Overall,M,V1,4,2017-04-02 00:00:00,133.0,crich@example.org
54946407908,Overall,F,V3,4,2017-04-02 00:00:00,141.0,rowejesus@example.net
56734382211,Overall,F,V2,4,2017-04-02 00:00:00,132.0,emilywalker@example.net
36349360171,Overall,M,V3,4,2017-04-02 00:00:00,131.0,jeremyanderson@example.net
96295342000,Overall,F,V2,4,2017-04-02 00:00:00,127.0,martinezmichael@example.org
14299303400,Overall,M,V2,4,2017-04-02 00:00:00,122.0,nicole36@example.com
40017579889,Overall,M,V2,4,2017-04-02 00:00:00,92.0,melissabeck@example.com
97373714401,Overall,F,V1,4,2017-04-02 00:00:00,134.0,pagedesiree@example.net
22710386921,Overall,X,V2,4,2017-04-02 00:00:00,131.0,brittany25@example.net
13019895691,Overall,M,V1,4,2017-04-02 00:00:00,139.0,lauren75@example.com
75059608282,Overall,M,V3,4,2017-04-02 00:00:00,140.0,nancy80@example.org
43534793004,Overall,F,V1,4,2017-04-02 00:00:00,128.0,millerjane@example.com
50522525847,Overall,M,V1,4,2017-04-02 00:00:00,134.0,annarogers@example.org
98174180146,Overall,M,V3,4,2017-04-02 00:00:00,135.0,thompsonnorma@example.org
54700839368,Overall,M,V1,4,2017-04-02 00:00:00,86.0,jnewman@example.org
72479793204,Overall,M,V1,4,2017-04-02 00:00:00,144.0,gfernandez@example.org
78441130501,Overall,F,V3,4,2017-04-02 00:00:00,123.0,malloryperkins@example.org
40719563622,Overall,M,V1,4,2017-04-02 00:00:00,134.0,duncanalbert@example.com
47258672519,Overall,F,V3,4,2017-04-02 00:00:00,88.0,fergusonlauren@example.net
25187132076,Overall,F,V3,4,2017-04-02 00:00:00,129.0,james64@example.com
83048510636,Overall,M,V3,4,2017-04-02 00:00:00,136.0,shieldsshane@example.net
69741656155,Overall,F,V1,4,2017-04-02 00:00:00,84.0,ggraham@example.com
16912233192,Overall,M,V2,4,2017-04-02 00:00:00,127.0,lawrenceatkins@example.com
34511255934,Overall,M,V3,4,2017-04-02 00:00:00,133.0,jenna34@example.net
71076518542,Overall,M,V3,4,2017-04-02 00:00:00,141.0,ambermiddleton@example.org
67322424057,Overall,F,V3,4,2017-04-02 00:00:00,124.0,timothyclark@example.com
92891825703,Overall,F,V3,4,2017-04-02 00:00:00,142.0,rdiaz@example.net
62345851021,Overall,M,V1,4,2017-04-02 00:00:00,127.0,stoneabigail@example.org
46356957465,Overall,M,V3,4,2017-04-02 00:00:00,85.0,casedonald@example.org
22942101114,Overall,M,V2,4,2017-04-02 00:00:00,109.0,stewartfrank@example.net
56599892220,Overall,M,V1,4,2017-04-02 00:00:00,85.0,rachelcarter@example.org
96633550586,Overall,M,V2,4,2017-04-02 00:00:00,81.0,kristinemills@example.com
11222313791,Overall,M,V2,4,2017-04-02 00:00:00,122.0,uharris@example.org
15227548242,Overall,M,V2,4,2017-04-02 00:00:00,136.0,sgibbs@example.org
58971833089,Overall,M,V2,4,2017-04-02 00:00:00,93.0,sarahdominguez@example.net
92283026287,Overall,F,V3,4,2017-04-02 00:00:00,137.0,pattonteresa@example.com
67988053762,Overall,M,V2,4,2017-04-02 00:00:00,91.0,denise88@example.com
18266707879,Overall,M,V1,4,2017-04-02 00:00:00,92.0,ralexander@example.com
12208995184,Overall,F,V1,4,2017-04-02 00:00:00,131.0,fgarcia@example.org
70947135407,Overall,M,V3,4,2017-04-02 00:00:00,137.0,wallnathaniel@example.org
40944800819,Overall,M,V3,4,2017-04-02 00:00:00,129.0,justinevans@example.net
62298975251,Overall,F,V3,4,2017-04-02 00:00:00,86.0,shawnlopez@example.com
46923620456,Overall,F,V3,4,2017-04-02 00:00:00,131.0,moorecarlos@example.net
58790578438,Overall,M,V1,4,2017-04-02 00:00:00,90.0,sylviaperez@example.org
49840230840,Overall,F,V1,4,2017-04-02 00:00:00,131.0,dennis10@example.org
39260679235,Overall,F,V2,4,2017-04-02 00:00:00,141.0,waretravis@example.org
36683202613,Overall,M,V1,4,2017-04-02 00:00:00,130.0,jamesalexandra@example.com
18829874473,Overall,F,V1,4,2017-04-02 00:00:00,93.0,helenoliver@example.net
16488409390,Overall,F,V3,4,2017-04-02 00:00:00,145.0,ryantyler@example.com
25504681750,Overall,F,V2,4,2017-04-02 00:00:00,131.0,colin38@example.com
86142680027,Overall,F,V3,4,2017-04-02 00:00:00,137.0,lindsey40@example.org
82150700580,Overall,F,V1,4,2017-04-02 00:00:00,126.0,brandypowers@example.com
12358135306,Overall,M,V3,4,2017-04-02 00:00:00,125.0,carterjulia@example.com
31071769014,Overall,M,V2,4,2017-04-02 00:00:00,128.0,garycastaneda@example.org
75220210396,Overall,M,V2,4,2017-04-02 00:00:00,125.0,norr@example.net
31325052982,Overall,M,V2,4,2017-04-02 00:00:00,131.0,angelaburns@example.com
89917903139,Overall,F,V2,4,2017-04-02 00:00:00,146.0,romanjohn@example.org
93138343565,Overall,F,V2,4,2017-04-02 00:00:00,140.0,castanedaandre@example.net
72284365960,Overall,F,V2,4,2017-04-02 00:00:00,140.0,garretttommy@example.net
84577397905,Overall,M,V3,4,2017-04-02 00:00:00,86.0,baldwindavid@example.net
75781996509,Overall,M,V2,4,2017-04-02 00:00:00,101.0,cindyflores@example.net
24058835851,Overall,F,V1,4,2017-04-02 00:00:00,138.0,kevin38@example.org
41443244261,Overall,F,V1,4,2017-04-02 00:00:00,122.0,kristin41@example.com
36613252863,Overall,M,V2,4,2017-04-02 00:00:00,136.0,cfletcher@example.net
16509753851,Overall,F,V3,4,2017-04-02 00:00:00,138.0,rashley@example.org
42018526644,Overall,F,V3,4,2017-04-02 00:00:00,134.0,qrichards@example.com
22237622104,Overall,M,V2,4,2017-04-02 00:00:00,117.0,scott72@example.com
39138088578,Overall,F,V3,4,2017-04-02 00:00:00,85.0,mitchellkimberly@example.org
53143949394,Overall,M,V2,4,2017-04-02 00:00:00,145.0,davidsonpatricia@example.net
24787279816,Overall,M,V2,4,2017-04-02 00:00:00,85.0,travis62@example.net
21786701564,Overall,F,V3,4,2017-04-02 00:00:00,133.0,brandonglass@example.net
97321957849,Overall,M,V3,4,2017-04-02 00:00:00,94.0,joanhernandez@example.net
63239381514,Overall,F,V1,4,2017-04-02 00:00:00,133.0,houselarry@example.org
14694941398,Overall,M,V1,4,2017-04-02 00:00:00,89.0,jhumphrey@example.com
96926067765,Overall,F,V2,4,2017-04-02 00:00:00,92.0,uwatson@example.org
33339818986,Overall,M,V3,4,2017-04-02 00:00:00,95.0,hdaniels@example.org
69702461136,Overall,M,V1,4,2017-04-02 00:00:00,134.0,sharon06@example.net
89917903139,Overall,F,V2,4,2017-04-02 00:00:00,146.0,robinryan@example.org
64125024207,Overall,M,V2,4,2017-04-02 00:00:00,120.0,lewisjulie@example.net
19300121011,Overall,X,V2,4,2017-04-02 00:00:00,111.0,fsingh@example.net
84471549797,Overall,M,V2,4,2017-04-02 00:00:00,99.0,joshuahernandez@example.net
46194080845,Overall,F,V1,4,2017-04-02 00:00:00,141.0,nicole50@example.net
89720042343,Overall,F,V3,4,2017-04-02 00:00:00,133.0,fosteradam@example.org
65424703578,Overall,F,V2,4,2017-04-02 00:00:00,140.0,fvincent@example.net
70251846217,Overall,M,V3,4,2017-04-02 00:00:00,138.0,uhanna@example.org
84921834488,Overall,M,V2,4,2017-04-02 00:00:00,92.0,johnnythompson@example.org
95339851291,Overall,M,V1,4,2017-04-02 00:00:00,86.0,pruiz@example.net
80392892610,Overall,M,V1,4,2017-04-02 00:00:00,140.0,stephanieramos@example.net
40017579889,Overall,F,V1,4,2017-04-02 00:00:00,91.0,jonescarlos@example.org
50041055492,Overall,M,V2,4,2017-04-02 00:00:00,129.0,michael73@example.org
15383053116,Overall,M,V1,4,2017-04-02 00:00:00,128.0,keith66@example.net
97701233898,Overall,M,V3,4,2017-04-02 00:00:00,84.0,michael31@example.org
37274557277,Overall,M,V2,4,2017-04-02 00:00:00,140.0,daviddavis@example.org
42071653624,Overall,F,V1,4,2017-04-02 00:00:00,128.0,brittany63@example.org
41510695652,Overall,M,V1,4,2017-04-02 00:00:00,130.0,danielburns@example.net
35284805003,Overall,M,V2,4,2017-04-02 00:00:00,129.0,sheilarosales@example.com
82611878936,Overall,F,V2,4,2017-04-02 00:00:00,146.0,ihinton@example.net
71364085505,Overall,F,V2,4,2017-04-02 00:00:00,133.0,johnnygonzalez@example.org
10834861487,Overall,F,V2,4,2017-04-02 00:00:00,144.0,kgonzalez@example.com
47206084819,Overall,F,V3,4,2017-04-02 00:00:00,137.0,willisjohn@example.org
73733382923,Overall,M,V1,4,2017-04-02 00:00:00,138.0,rodriguezkelly@example.net
80475604705,Overall,M,V2,4,2017-04-02 00:00:00,129.0,aberger@example.com
56424737987,Overall,F,V3,4,2017-04-02 00:00:00,86.0,kgomez@example.net
46475288762,Overall,F,V2,4,2017-04-02 00:00:00,89.0,fdavis@example.org
75827665788,Overall,F,V1,4,2017-04-02 00:00:00,95.0,larry87@example.com
40075344408,Overall,F,V1,4,2017-04-02 00:00:00,123.0,castanedathomas@example.org
91029600849,Overall,F,V3,4,2017-04-02 00:00:00,141.0,gonzalezchristopher@example.net
75970738496,Overall,F,V1,4,2017-04-02 00:00:00,94.0,yolandaaguilar@example.net
87184073596,Overall,M,V2,4,2017-04-02 00:00:00,145.0,richardfranklin@example.net
59755088802,Overall,M,V3,4,2017-04-02 00:00:00,142.0,tinaashley@example.com
91121181042,Overall,F,V2,4,2017-04-02 00:00:00,119.0,rmiles@example.com
80475604705,Overall,M,V3,4,2017-04-02 00:00:00,130.0,christopher54@example.com
92902998580,Overall,M,V3,4,2017-04-02 00:00:00,93.0,matthew28@example.net
67568170599,Overall,M,V1,4,2017-04-02 00:00:00,90.0,daniel62@example.net
80768958967,Overall,M,V2,4,2017-04-02 00:00:00,105.0,bjones@example.org
22784866643,Overall,F,V3,4,2017-04-02 00:00:00,139.0,virginia71@example.net
57958647796,Overall,F,V3,4,2017-04-02 00:00:00,109.0,qlucas@example.com
49543401055,Overall,F,V3,4,2017-04-02 00:00:00,133.0,zking@example.net
27042054503,Overall,M,V3,4,2017-04-02 00:00:00,114.0,seanflores@example.net
79868805745,Overall,F,V1,4,2017-04-02 00:00:00,95.0,denniswu@example.com
97564774576,Overall,F,V1,4,2017-04-02 00:00:00,93.0,rubiodillon@example.net
44842539041,Overall,F,V3,4,2017-04-02 00:00:00,128.0,robertwalker@example.com
11027597108,Overall,M,V2,4,2017-04-02 00:00:00,133.0,paulalarson@example.org
17787995479,Overall,F,V3,4,2017-04-02 00:00:00,103.0,ericapatel@example.com
40071166099,Overall,F,V1,4,2017-04-02 00:00:00,130.0,xnelson@example.com
50168648816,Overall,M,V3,4,2017-04-02 00:00:00,143.0,richardbartlett@example.net
75682526625,Overall,M,V2,4,2017-04-02 00:00:00,141.0,johnsonrobert@example.org
88508429751,Overall,M,V2,4,2017-04-02 00:00:00,144.0,westphilip@example.org
51170514867,Overall,M,V1,4,2017-04-02 00:00:00,130.0,danielle09@example.org
17175666702,Overall,M,V2,4,2017-04-02 00:00:00,131.0,tammy00@example.org
29936483958,Overall,F,V1,4,2017-04-02 00:00:00,96.0,leonard04@example.com
61395903675,Overall,F,V1,4,2017-04-02 00:00:00,85.0,lmoore@example.org
12722214828,Overall,M,V1,4,2017-04-02 00:00:00,123.0,deannacarroll@example.com
84022532413,Overall,M,V3,4,2017-04-02 00:00:00,122.0,gavin68@example.org
97879098411,Overall,F,V1,4,2017-04-02 00:00:00,92.0,gregoryphelps@example.com
16505947990,Overall,M,V2,4,2017-04-02 00:00:00,140.0,ofoster@example.net
26579478160,Overall,M,V3,4,2017-04-02 00:00:00,88.0,timothyclark@example.net
36199520024,Overall,F,V3,4,2017-04-02 00:00:00,124.0,pgeorge@example.com
51537073737,Overall,F,V3,4,2017-04-02 00:00:00,139.0,nancy67@example.com
88830781509,Overall,M,V3,4,2017-04-02 00:00:00,89.0,meyerjustin@example.net
39824920807,Overall,F,V1,4,2017-04-02 00:00:00,81.0,vrodriguez@example.net
48281891630,Overall,M,V2,4,2017-04-02 00:00:00,140.0,reevesstephanie@example.org
37492719445,Overall,M,V1,4,2017-04-02 00:00:00,138.0,nicole14@example.net
61106021023,Overall,F,V2,4,2017-04-02 00:00:00,111.0,wwhite@example.org
52624622856,Overall,M,V1,4,2017-04-02 00:00:00,142.0,morsejennifer@example.org
29366585210,Overall,F,V1,4,2017-04-02 00:00:00,139.0,townsendscott@example.com
13856281975,Overall,F,V3,4,2017-04-02 00:00:00,141.0,owenskristina@example.com
50114557256,Overall,M,V3,4,2017-04-02 00:00:00,131.0,zflores@example.org
32002787103,Overall,F,V2,4,2017-04-02 00:00:00,125.0,marissa52@example.net
48396427888,Overall,F,V1,4,2017-04-02 00:00:00,100.0,nbaker@example.net
33219267815,Overall,F,V3,4,2017-04-02 00:00:00,138.0,jamesrios@example.net
54081598329,Overall,M,V2,4,2017-04-02 00:00:00,86.0,zwiley@example.com
67721412999,Overall,F,V2,4,2017-04-02 00:00:00,143.0,ssimpson@example.org
93033355481,Overall,F,V1,4,2017-04-02 00:00:00,135.0,janice18@example.org
68117792137,Overall,F,V2,4,2017-04-02 00:00:00,84.0,xblack@example.com
82002369582,Overall,F,V2,4,2017-04-02 00:00:00,138.0,faithgonzales@example.com
16381718141,Overall,X,V1,4,2017-04-02 00:00:00,131.0,welchdonald@example.org
64779793214,Overall,M,V2,4,2017-04-02 00:00:00,87.0,jessica05@example.net
41164529937,Overall,M,V1,4,2017-04-02 00:00:00,144.0,michealmartin@example.org
14168925778,Overall,M,V1,4,2017-04-02 00:00:00,90.0,flemingsamantha@example.com
74732646057,Overall,X,V3,4,2017-04-02 00:00:00,138.0,cathyrodriguez@example.org
31617216550,Overall,M,V3,4,2017-04-02 00:00:00,120.0,aochoa@example.net
67147792106,Overall,F,V3,4,2017-04-02 00:00:00,132.0,javiersmith@example.com
74748407626,Overall,M,V3,4,2017-04-02 00:00:00,143.0,sanderstanya@example.com
23030438667,Overall,F,V2,4,2017-04-02 00:00:00,130.0,zbishop@example.com
45753876978,Overall,M,V3,4,2017-04-02 00:00:00,100.0,brandy33@example.org
11222313791,Overall,M,V1,4,2017-04-02 00:00:00,119.0,afields@example.net
71000279669,Overall,F,V3,4,2017-04-02 00:00:00,137.0,sblanchard@example.com
40943599191,Overall,M,V1,4,2017-04-02 00:00:00,87.0,rmartinez@example.net
85711785008,Overall,F,V2,4,2017-04-02 00:00:00,,roneill@example.com
27271478830,Overall,M,V3,4,2017-04-02 00:00:00,141.0,kristinperez@example.com
85022660982,Overall,M,V3,4,2017-04-02 00:00:00,139.0,asmith@example.org
16574235579,Overall,F,V2,4,2017-04-02 00:00:00,142.0,ralphbrewer@example.org
27191568583,Overall,M,V3,4,2017-04-02 00:00:00,140.0,tmiller@example.org
58117729182,Overall,F,V2,4,2017-04-02 00:00:00,145.0,jeremy15@example.org
18625582392,Overall,M,V2,4,2017-04-02 00:00:00,140.0,rodriguezpaula@example.net
79868805745,Overall,F,V1,4,2017-04-02 00:00:00,93.0,zjackson@example.org
13019895691,Overall,M,V2,4,2017-04-02 00:00:00,139.0,bryantdaniel@example.org
40625986414,Overall,M,V1,4,2017-04-02 00:00:00,136.0,thomaselliott@example.org
82529837761,Overall,F,V2,4,2017-04-02 00:00:00,88.0,ujones@example.com
41338822679,Overall,F,V2,4,2017-04-02 00:00:00,88.0,charlesbryan@example.com
99749294322,Overall,M,V1,4,2017-04-02 00:00:00,86.0,gordonkristina@example.net
35153083130,Overall,F,V3,4,2017-04-02 00:00:00,119.0,rhall@example.net
53120428029,Overall,M,V3,4,2017-04-02 00:00:00,123.0,kdixon@example.org
68722396624,Overall,F,V3,4,2017-04-02 00:00:00,140.0,imckinney@example.com
90752455306,Overall,M,V3,4,2017-04-02 00:00:00,133.0,brianjenkins@example.com
47155501951,Overall,M,V1,4,2017-04-02 00:00:00,130.0,morrissara@example.net
62847325709,Overall,M,V1,4,2017-04-02 00:00:00,146.0,ltucker@example.org
84123671956,Overall,F,V1,4,2017-04-02 00:00:00,138.0,obarr@example.org
80548334438,Overall,M,V1,4,2017-04-02 00:00:00,143.0,joshuawilliams@example.net
32852750611,Overall,F,V2,4,2017-04-02 00:00:00,125.0,wilkinsoncourtney@example.net
64427716338,Overall,M,V3,4,2017-04-02 00:00:00,139.0,dawnclark@example.com
96394511628,Overall,M,V2,4,2017-04-02 00:00:00,141.0,juarezamanda@example.org
93811133728,Overall,M,V1,4,2017-04-02 00:00:00,131.0,xturner@example.com
65219271521,Overall,F,V1,4,2017-04-02 00:00:00,128.0,ubradley@example.com
64327187058,Overall,M,V2,4,2017-04-02 00:00:00,133.0,khurst@example.net
58474069544,Overall,M,V1,4,2017-04-02 00:00:00,145.0,nicholas01@example.com
14553908627,Overall,M,V1,4,2017-04-02 00:00:00,134.0,antoniowilliams@example.org
18580312707,Overall,F,V3,4,2017-04-02 00:00:00,133.0,mackenziewalker@example.net
34546064089,Overall,F,V1,4,2017-04-02 00:00:00,135.0,eporter@example.org
16002128225,Overall,F,V2,4,2017-04-02 00:00:00,123.0,jtaylor@example.com
62311601261,Overall,F,V1,4,2017-04-02 00:00:00,119.0,jamesnorman@example.org
70964813341,Overall,M,V3,4,2017-04-02 00:00:00,138.0,whitelaura@example.org
21785874311,Overall,M,V3,4,2017-04-02 00:00:00,138.0,mckinneyjennifer@example.net
74291213013,Overall,F,V1,4,2017-04-02 00:00:00,121.0,tyronebrown@example.net
79361713874,Overall,M,V3,4,2017-04-02 00:00:00,83.0,fesparza@example.org
48010777262,Overall,F,V3,4,2017-04-02 00:00:00,140.0,wilkinsrichard@example.com
33310881627,Overall,M,V1,4,2017-04-02 00:00:00,126.0,brian43@example.com
71910499167,Overall,F,V1,4,2017-04-02 00:00:00,84.0,aberry@example.com
65424703578,Overall,M,V1,4,2017-04-02 00:00:00,135.0,walkersara@example.net
98439678636,Overall,M,V3,4,2017-04-02 00:00:00,95.0,colondavid@example.com
40226709766,Overall,M,V1,4,2017-04-02 00:00:00,138.0,nharvey@example.com
28036161823,Overall,X,V3,4,2017-04-02 00:00:00,132.0,qgilmore@example.org
54208603907,Overall,F,V2,4,2017-04-02 00:00:00,134.0,gloria31@example.net
46356957465,Overall,M,V2,4,2017-04-02 00:00:00,83.0,luke73@example.com
35658274379,Overall,M,V1,4,2017-04-02 00:00:00,142.0,michaeltaylor@example.com
16002128225,Overall,F,V1,4,2017-04-02 00:00:00,120.0,amartinez@example.org
25647546087,Overall,M,V2,4,2017-04-02 00:00:00,85.0,flemingvictor@example.org
28664912140,Overall,M,V2,4,2017-04-02 00:00:00,130.0,combsjames@example.net
82910011214,Overall,M,V2,4,2017-04-02 00:00:00,111.0,jenniferowens@example.org
46300443511,Overall,F,V3,4,2017-04-02 00:00:00,124.0,beasleydavid@example.net
99545305589,Overall,M,V2,4,2017-04-02 00:00:00,91.0,jacquelinedillon@example.com
69964736975,Overall,F,V2,4,2017-04-02 00:00:00,96.0,kimberlycolon@example.net
20064131986,Overall,M,V3,4,2017-04-02 00:00:00,135.0,larcher@example.org
29241428435,Overall,F,V1,4,2017-04-02 00:00:00,137.0,choijerry@example.net
98241396185,Overall,M,V3,4,2017-04-02 00:00:00,88.0,timothy23@example.com
38324216086,Overall,M,V2,4,2017-04-02 00:00:00,136.0,silvajacqueline@example.org
56730200748,Overall,M,V2,4,2017-04-02 00:00:00,136.0,mbarnett@example.org
89964821083,Overall,M,V3,4,2017-04-02 00:00:00,90.0,zacharymiller@example.net
15395769813,Overall,F,V2,4,2017-04-02 00:00:00,87.0,brandon05@example.org
53304189929,Overall,M,V3,4,2017-04-02 00:00:00,84.0,krystalroberts@example.org
82949558961,Overall,F,V2,4,2017-04-02 00:00:00,99.0,sfrancis@example.net
96328717567,Overall,M,V2,4,2017-04-02 00:00:00,89.0,danasimpson@example.com
77935306237,Overall,F,V1,4,2017-04-02 00:00:00,137.0,john02@example.net
87477883580,Overall,M,V3,4,2017-04-02 00:00:00,93.0,williamsjason@example.org
22268241608,Overall,M,V3,4,2017-04-02 00:00:00,135.0,rachael16@example.org
56209237324,Overall,M,V1,4,2017-04-02 00:00:00,132.0,nbarnes@example.org
86869603606,Overall,M,V1,4,2017-04-02 00:00:00,89.0,ortizkristina@example.com
80916225756,Overall,M,V1,4,2017-04-02 00:00:00,134.0,vmccormick@example.org
90704399859,Overall,M,V1,4,2017-04-02 00:00:00,95.0,ebrown@example.com
27079050600,Overall,F,V3,4,2017-04-02 00:00:00,122.0,frank04@example.com
95835573832,Overall,F,V2,4,2017-04-02 00:00:00,91.0,angelagillespie@example.org
84280424542,Overall,F,V3,4,2017-04-02 00:00:00,129.0,ikim@example.com
12245806663,Overall,F,V1,4,2017-04-02 00:00:00,135.0,veronica80@example.org
35327097946,Overall,M,V1,4,2017-04-02 00:00:00,143.0,ebarber@example.com
94302747166,Overall,M,V1,4,2017-04-02 00:00:00,137.0,taylor06@example.net
91755459813,Overall,F,V3,4,2017-04-02 00:00:00,85.0,tracyjohnson@example.org
64632500407,Overall,M,V2,4,2017-04-02 00:00:00,122.0,zcollins@example.org
44914766262,Overall,M,V2,4,2017-04-02 00:00:00,139.0,seanwalker@example.com
40808895237,Overall,M,V2,4,2017-04-02 00:00:00,140.0,jamescooper@example.net
62298975251,Overall,M,V1,4,2017-04-02 00:00:00,82.0,nperez@example.org
51466932103,Overall,F,V1,4,2017-04-02 00:00:00,124.0,katherinescott@example.com
94147980841,Overall,F,V2,4,2017-04-02 00:00:00,88.0,timothykelly@example.net
41501578722,Overall,M,V2,4,2017-04-02 00:00:00,137.0,serickson@example.com
98383737189,Overall,F,V2,4,2017-04-02 00:00:00,97.0,markbenson@example.com
86205570390,Overall,F,V1,4,2017-04-02 00:00:00,138.0,erin64@example.com
64994290217,Overall,M,V3,4,2017-04-02 00:00:00,140.0,vpowell@example.com
40770022935,Overall,M,V1,4,2017-04-02 00:00:00,124.0,cynthia23@example.org
21320351110,Overall,M,V2,4,2017-04-02 00:00:00,105.0,ambergarcia@example.org
16322087165,Overall,M,V3,4,2017-04-02 00:00:00,133.0,seth75@example.net
29753837890,Overall,M,V2,4,2017-04-02 00:00:00,88.0,xmoore@example.org
20961151643,Overall,F,V2,4,2017-04-02 00:00:00,125.0,gillmelissa@example.net
29259977202,Overall,F,V3,4,2017-04-02 00:00:00,141.0,wcarson@example.net
71076518542,Overall,F,V3,4,2017-04-02 00:00:00,141.0,castillobrooke@example.com
50223826047,Overall,M,V2,4,2017-04-02 00:00:00,130.0,jmaddox@example.org
30991503388,Overall,F,V3,4,2017-04-02 00:00:00,133.0,youngriley@example.org
34025375855,Overall,M,V1,4,2017-04-02 00:00:00,143.0,autumnmoore@example.net
29054335654,Overall,M,V2,4,2017-04-02 00:00:00,133.0,daniel96@example.org
78158231113,Overall,F,V2,4,2017-04-02 00:00:00,127.0,chenzoe@example.com
16322087165,Overall,F,V2,4,2017-04-02 00:00:00,132.0,luisreese@example.com
52858309451,Overall,M,V2,4,2017-04-02 00:00:00,136.0,johnsondenise@example.net
95107607168,Overall,M,V2,4,2017-04-02 00:00:00,138.0,davidpatel@example.org
57989261506,Overall,M,V3,4,2017-04-02 00:00:00,86.0,zsmith@example.net
23617432131,Overall,M,V1,4,2017-04-02 00:00:00,122.0,juliaevans@example.org
40162030474,Overall,F,V3,4,2017-04-02 00:00:00,121.0,charlesstuart@example.org
41164529937,Overall,F,V1,4,2017-04-02 00:00:00,143.0,mathewrichardson@example.com
93811133728,Overall,M,V1,4,2017-04-02 00:00:00,133.0,millergregory@example.org
14831736847,Overall,M,V2,4,2017-04-02 00:00:00,142.0,jennifer14@example.org
25646457977,Overall,M,V3,4,2017-04-02 00:00:00,89.0,hsalazar@example.org
76261376202,Overall,F,V3,4,2017-04-02 00:00:00,,johnmiller@example.net
36916197699,Overall,F,V2,4,2017-04-02 00:00:00,97.0,katiegriffin@example.com
22737760921,Overall,F,V3,4,2017-04-02 00:00:00,135.0,aaronmoss@example.org
29900054665,Overall,F,V1,4,2017-04-02 00:00:00,133.0,dhuynh@example.org
53501417757,Overall,F,V1,4,2017-04-02 00:00:00,133.0,gutierrezsheila@example.com
45246101345,Overall,X,V3,4,2017-04-02 00:00:00,124.0,choirobert@example.net
63398072023,Overall,F,V3,4,2017-04-02 00:00:00,136.0,montesmichael@example.org
43526973699,Overall,M,V2,4,2017-04-02 00:00:00,88.0,williamolson@example.com
71910499167,Overall,M,V1,4,2017-04-02 00:00:00,86.0,russell58@example.com
22633154399,Overall,F,V2,4,2017-04-02 00:00:00,138.0,tracyhernandez@example.org
57013765119,Overall,M,V2,4,2017-04-02 00:00:00,137.0,edward08@example.com
48824535929,Overall,F,V2,4,2017-04-02 00:00:00,88.0,kentallen@example.org
53649555469,Overall,M,V1,4,2017-04-02 00:00:00,86.0,biancaclark@example.net
89510971993,Overall,M,V3,4,2017-04-02 00:00:00,91.0,hailey52@example.org
99513302553,Overall,M,V2,4,2017-04-02 00:00:00,136.0,aliciaschneider@example.net
78935011141,Overall,M,V3,4,2017-04-02 00:00:00,124.0,monicavasquez@example.com
21353892113,Overall,F,V2,4,2017-04-02 00:00:00,125.0,brendabrown@example.org
51834982444,Overall,F,V1,4,2017-04-02 00:00:00,143.0,teresa11@example.com
56346122471,Overall,F,V1,4,2017-04-02 00:00:00,132.0,meredith60@example.com
49486870839,Overall,F,V3,4,2017-04-02 00:00:00,90.0,brownkirk@example.net
70050465672,Overall,M,V3,4,2017-04-02 00:00:00,132.0,russellbrown@example.net
91398280593,Overall,F,V3,4,2017-04-02 00:00:00,86.0,unelson@example.net
39309690940,Overall,F,V3,4,2017-04-02 00:00:00,142.0,meganweaver@example.net
85340760438,Overall,F,V3,4,2017-04-02 00:00:00,136.0,guzmanbrent@example.net
52086782879,Overall,F,V1,4,2017-04-02 00:00:00,90.0,hhernandez@example.net
37440154681,Overall,M,V1,4,2017-04-02 00:00:00,131.0,taylornicole@example.com
37440154681,Overall,F,V1,4,2017-04-02 00:00:00,135.0,aguilarvictoria@example.com
80475604705,Overall,M,V2,4,2017-04-02 00:00:00,133.0,joetucker@example.net
33219267815,Overall,F,V2,4,2017-04-02 00:00:00,132.0,hernandezcurtis@example.org
40963849857,Overall,F,V3,4,2017-04-02 00:00:00,95.0,kathleen87@example.org
90937634438,Overall,M,V3,4,2017-04-02 00:00:00,88.0,theresaharris@example.com
90255779738,Overall,M,V1,4,2017-04-02 00:00:00,86.0,emitchell@example.com
60017168581,Overall,M,V3,4,2017-04-02 00:00:00,134.0,martinanthony@example.com
51874337564,Overall,M,V1,4,2017-04-02 00:00:00,87.0,lynchemily@example.org
46942208520,Overall,F,V2,4,2017-04-02 00:00:00,128.0,bridget11@example.net
15547904507,Overall,M,V2,4,2017-04-02 00:00:00,139.0,ucase@example.org
20130321880,Overall,M,V3,4,2017-04-02 00:00:00,120.0,benjamin37@example.org
52059285288,Overall,M,V3,4,2017-04-02 00:00:00,142.0,hernandezdavid@example.net
37859011697,Overall,M,V3,4,2017-04-02 00:00:00,141.0,jason73@example.net
83534217463,Overall,F,V3,4,2017-04-02 00:00:00,133.0,pcook@example.net
20525773309,Overall,F,V1,4,2017-04-02 00:00:00,128.0,bishoperic@example.com
79156271697,Overall,F,V2,4,2017-04-02 00:00:00,92.0,christy16@example.com
50211855703,Overall,M,V3,4,2017-04-02 00:00:00,131.0,jay37@example.com
51429778801,Overall,F,V3,4,2017-04-02 00:00:00,136.0,lrussell@example.com
53763804361,Overall,F,V3,4,2017-04-02 00:00:00,133.0,amanda25@example.com
77740877656,Overall,M,V3,4,2017-04-02 00:00:00,96.0,hickseric@example.net
89619656325,Overall,F,V2,4,2017-04-02 00:00:00,84.0,navarrochristine@example.net
86083999824,Overall,F,V3,4,2017-04-02 00:00:00,98.0,alicia01@example.com
77809855496,Overall,M,V1,4,2017-04-02 00:00:00,94.0,mercerrandy@example.net
22205745108,Overall,M,V1,4,2017-04-02 00:00:00,127.0,jason35@example.com
89036097226,Overall,M,V3,4,2017-04-02 00:00:00,135.0,samuel88@example.org
89534009942,Overall,F,V1,4,2017-04-02 00:00:00,137.0,kevin27@example.com
24213904564,Overall,M,V1,4,2017-04-02 00:00:00,131.0,meltonjustin@example.net
93395156741,Overall,M,V2,4,2017-04-02 00:00:00,139.0,robin63@example.net
51461941595,Overall,M,V2,4,2017-04-02 00:00:00,142.0,dchang@example.com
43262540821,Overall,F,V2,4,2017-04-02 00:00:00,127.0,lisa02@example.org
93086922673,Overall,F,V2,4,2017-04-02 00:00:00,141.0,craighuynh@example.org
50905831092,Overall,F,V1,4,2017-04-02 00:00:00,131.0,lopezjames@example.org
29967993073,Overall,M,V2,4,2017-04-02 00:00:00,86.0,tinaknapp@example.com
59724783030,Overall,M,V2,4,2017-04-02 00:00:00,133.0,rickyguerrero@example.com
35658274379,Overall,M,V2,4,2017-04-02 00:00:00,141.0,martinezjoseph@example.org
43361375228,Overall,M,V2,4,2017-04-02 00:00:00,131.0,anthony47@example.org
89854500050,Overall,F,V2,4,2017-04-02 00:00:00,134.0,taylorjody@example.org
22806418761,Overall,M,V3,4,2017-04-02 00:00:00,133.0,rosalesjustin@example.net
57335802498,Overall,F,V2,4,2017-04-02 00:00:00,87.0,efloyd@example.net
77304090781,Overall,M,V1,4,2017-04-02 00:00:00,134.0,cameronsmith@example.com
59191168677,Overall,F,V2,4,2017-04-02 00:00:00,88.0,fmiller@example.net
47032655150,Overall,F,V3,4,2017-04-02 00:00:00,130.0,traci25@example.org
68089428239,Overall,M,V2,4,2017-04-02 00:00:00,92.0,pking@example.net
90455907464,Overall,M,V1,4,2017-04-02 00:00:00,143.0,cynthia10@example.net
43534793004,Overall,F,V3,4,2017-04-02 00:00:00,132.0,zgarcia@example.net
37529721536,Overall,M,V1,4,2017-04-02 00:00:00,137.0,kathynelson@example.com
19688368055,Overall,F,V3,4,2017-04-02 00:00:00,89.0,fperez@example.com
33150629611,Overall,F,V2,4,2017-04-02 00:00:00,131.0,amandacarter@example.org
22597842880,Overall,F,V2,4,2017-04-02 00:00:00,141.0,christie37@example.com
66055900783,Overall,M,V3,4,2017-04-02 00:00:00,136.0,rosskelly@example.org
76949355826,Overall,M,V1,4,2017-04-02 00:00:00,95.0,vrocha@example.net
94841289695,Overall,M,V1,4,2017-04-02 00:00:00,94.0,brent41@example.net
69254639126,Overall,F,V2,4,2017-04-02 00:00:00,137.0,michael77@example.com
32743693205,Overall,F,V3,4,2017-04-02 00:00:00,136.0,vincenttraci@example.com
83258969641,Overall,M,V3,4,2017-04-02 00:00:00,88.0,sean57@example.org
35013021382,Overall,M,V3,4,2017-04-02 00:00:00,113.0,mmason@example.net
71112228935,Overall,M,V2,4,2017-04-02 00:00:00,127.0,hurstlisa@example.net
98736963531,Overall,M,V1,4,2017-04-02 00:00:00,87.0,teresawilliams@example.org
18823134610,Overall,M,V3,4,2017-04-02 00:00:00,131.0,brett76@example.org
24615390518,Overall,F,V2,4,2017-04-02 00:00:00,131.0,steven58@example.com
14214044174,Overall,F,V1,4,2017-04-02 00:00:00,124.0,lunajeanette@example.org
46405952076,Overall,F,V3,4,2017-04-02 00:00:00,133.0,amber75@example.com
12039491724,Overall,F,V3,4,2017-04-02 00:00:00,129.0,jennifer03@example.org
73151767776,Overall,M,V2,4,2017-04-02 00:00:00,86.0,rhodesdeborah@example.net
10149548254,Overall,F,V3,4,2017-04-02 00:00:00,129.0,tmeyer@example.com
93875152293,Overall,M,V2,4,2017-04-02 00:00:00,88.0,qthompson@example.net
12651182838,Overall,F,V1,4,2017-04-02 00:00:00,128.0,jerry14@example.org
79965949019,Overall,F,V1,4,2017-04-02 00:00:00,95.0,harveylisa@example.com
69750783881,Overall,F,V3,4,2017-04-02 00:00:00,84.0,mendozajesse@example.com
56292953822,Overall,F,V2,4,2017-04-02 00:00:00,84.0,bishopdonald@example.net
51660575301,Overall,F,V3,4,2017-04-02 00:00:00,130.0,imoss@example.org
72033518304,Overall,M,V3,4,2017-04-02 00:00:00,131.0,rodneycunningham@example.org
18998458069,Overall,F,V2,4,2017-04-02 00:00:00,95.0,emercer@example.com
74059620334,Overall,F,V1,4,2017-04-02 00:00:00,125.0,holly24@example.org
96966147275,Overall,M,V2,4,2017-04-02 00:00:00,90.0,omiles@example.com
64268875790,Overall,M,V2,4,2017-04-02 00:00:00,88.0,rebecca18@example.org
62311601261,Overall,M,V1,4,2017-04-02 00:00:00,118.0,jlee@example.net
45626601587,Overall,F,V1,4,2017-04-02 00:00:00,141.0,josephcummings@example.net
22426124972,Overall,F,V3,4,2017-04-02 00:00:00,125.0,jsmith@example.org
46405952076,Overall,F,V3,4,2017-04-02 00:00:00,130.0,lgaines@example.org
44613906278,Overall,F,V1,4,2017-04-02 00:00:00,141.0,crystalhoover@example.org
88595315720,Overall,M,V1,4,2017-04-02 00:00:00,83.0,breid@example.net
88297701635,Overall,M,V2,4,2017-04-02 00:00:00,84.0,james27@example.net
21616904643,Overall,F,V3,4,2017-04-02 00:00:00,131.0,moralesmatthew@example.net
72162725635,Overall,M,V2,4,2017-04-02 00:00:00,133.0,mcphersonmary@example.net
24502718237,Overall,M,V2,4,2017-04-02 00:00:00,124.0,roblesjulia@example.net
72702833107,Overall,F,V2,4,2017-04-02 00:00:00,128.0,wmccoy@example.net
44613906278,Overall,X,V2,4,2017-04-02 00:00:00,140.0,vpierce@example.com
78177729333,Overall,M,V1,4,2017-04-02 00:00:00,87.0,sherryfox@example.net
95847300192,Overall,F,V1,4,2017-04-02 00:00:00,138.0,holmesshaun@example.net
68334003689,Overall,M,V1,4,2017-04-02 00:00:00,141.0,larry05@example.org
97838931403,Overall,M,V1,4,2017-04-02 00:00:00,142.0,villarrealsharon@example.net
29203823080,Overall,F,V2,4,2017-04-02 00:00:00,122.0,ashleyjones@example.org
32649051126,Overall,M,V3,4,2017-04-02 00:00:00,126.0,tmartin@example.com
71763327922,Overall,F,V1,4,2017-04-02 00:00:00,132.0,campbellsylvia@example.org
67521456748,Overall,F,V2,4,2017-04-02 00:00:00,146.0,colelisa@example.net
48010777262,Overall,M,V2,4,2017-04-02 00:00:00,138.0,vchan@example.net
18625582392,Overall,F,V1,4,2017-04-02 00:00:00,140.0,qlopez@example.org
62033366168,Overall,F,V1,4,2017-04-02 00:00:00,133.0,dale03@example.org
57627803450,Overall,M,V3,4,2017-04-02 00:00:00,142.0,michaeljordan@example.com
77846897169,Overall,M,V2,4,2017-04-02 00:00:00,98.0,ugregory@example.net
22724211639,Overall,F,V2,4,2017-04-02 00:00:00,122.0,elizabeth80@example.org
25820731637,Overall,F,V3,4,2017-04-02 00:00:00,131.0,karen83@example.org
17787995479,Overall,F,V2,4,2017-04-02 00:00:00,108.0,blairangela@example.org
14897389155,Overall,F,V1,4,2017-04-02 00:00:00,89.0,sarah34@example.org
33801575002,Overall,M,V3,4,2017-04-02 00:00:00,118.0,thomasjohn@example.net
20470057185,Overall,F,V2,4,2017-04-02 00:00:00,124.0,dennis19@example.net
22784866643,Overall,X,V3,4,2017-04-02 00:00:00,140.0,bellsamantha@example.org
70964813341,Overall,F,V3,4,2017-04-02 00:00:00,136.0,paul29@example.net
33687202461,Overall,M,V2,4,2017-04-02 00:00:00,131.0,henryjeffrey@example.net
68165535283,Overall,M,V3,4,2017-04-02 00:00:00,,jamieli@example.com
49840230840,Overall,M,V3,4,2017-04-02 00:00:00,133.0,sscott@example.org
49235465762,Overall,F,V2,4,2017-04-02 00:00:00,81.0,wbrown@example.org
25187132076,Overall,F,V2,4,2017-04-02 00:00:00,126.0,zblack@example.net
61754492521,Overall,F,V2,4,2017-04-02 00:00:00,131.0,kblake@example.net
29772523872,Overall,F,V1,4,2017-04-02 00:00:00,84.0,srangel@example.org
19346489850,Overall,M,V1,4,2017-04-02 00:00:00,85.0,pittmancharles@example.com
56539075875,Overall,F,V1,4,2017-04-02 00:00:00,87.0,catherine28@example.net
81231922645,Overall,F,V1,4,2017-04-02 00:00:00,131.0,michaelmoody@example.org
11119529629,Overall,F,V1,4,2017-04-02 00:00:00,132.0,xmendoza@example.com
61106021023,Overall,F,V3,4,2017-04-02 00:00:00,117.0,watsonmary@example.com
55107691369,Overall,M,V3,4,2017-04-02 00:00:00,83.0,lucerodaniel@example.org
87058100996,Overall,M,V3,4,2017-04-02 00:00:00,141.0,matthewjones@example.com
96641276664,Overall,F,V2,4,2017-04-02 00:00:00,139.0,ernestowens@example.org
83292211841,Overall,M,V2,4,2017-04-02 00:00:00,133.0,pedwards@example.org
22237622104,Overall,M,V2,4,2017-04-02 00:00:00,115.0,johnsonmargaret@example.org
70793899934,Overall,M,V3,4,2017-04-02 00:00:00,99.0,andrea51@example.org
94551260048,Overall,M,V2,4,2017-04-02 00:00:00,136.0,gonzalezjennifer@example.com
62181004269,Overall,F,V2,4,2017-04-02 00:00:00,134.0,megan31@example.net
75682867967,Overall,M,V3,4,2017-04-02 00:00:00,102.0,michael35@example.org
13806652947,Overall,M,V1,4,2017-04-02 00:00:00,83.0,alec75@example.com
15669220138,Overall,M,V2,4,2017-04-02 00:00:00,137.0,adamgonzalez@example.net
93652113600,Overall,M,V2,4,2017-04-02 00:00:00,120.0,xcarrillo@example.org
21013556463,Overall,M,V1,4,2017-04-02 00:00:00,126.0,jrichardson@example.com
94837811483,Overall,F,V3,4,2017-04-02 00:00:00,139.0,sanchezjody@example.com
89818244623,Overall,F,V2,4,2017-04-02 00:00:00,137.0,michaellogan@example.net
29287843651,Overall,F,V1,4,2017-04-02 00:00:00,,erasmussen@example.net
14806730942,Overall,M,V2,4,2017-04-02 00:00:00,130.0,moorekaylee@example.com
54119270188,Overall,M,V2,4,2017-04-02 00:00:00,132.0,patrickkennedy@example.org
78640131856,Overall,F,V3,4,2017-04-02 00:00:00,,wheelercassandra@example.org
98675435740,Overall,M,V1,4,2017-04-02 00:00:00,143.0,mbell@example.org
34487254656,Overall,M,V1,4,2017-04-02 00:00:00,142.0,alexander92@example.com
18142717583,Overall,F,V1,4,2017-04-02 00:00:00,132.0,mcdonaldnicolas@example.org
87238855344,Overall,F,V1,4,2017-04-02 00:00:00,93.0,lisa94@example.org
26485219599,Overall,M,V3,4,2017-04-02 00:00:00,89.0,ruizlisa@example.org
97827024660,Overall,F,V2,4,2017-04-02 00:00:00,135.0,perryjean@example.net
98383737189,Overall,M,V2,4,2017-04-02 00:00:00,99.0,donnamiller@example.com
88992339712,Overall,F,V1,4,2017-04-02 00:00:00,92.0,singhnicholas@example.org
30840396732,Overall,M,V3,4,2017-04-02 00:00:00,135.0,crystalhuang@example.com
47282615980,Overall,F,V1,4,2017-04-02 00:00:00,141.0,brett99@example.net
77809855496,Overall,F,V1,4,2017-04-02 00:00:00,93.0,wmiles@example.org
56812838621,Overall,F,V1,4,2017-04-02 00:00:00,141.0,cookkimberly@example.org
65645933764,Overall,F,V3,4,2017-04-02 00:00:00,91.0,juan21@example.com
94239969737,Overall,F,V2,4,2017-04-02 00:00:00,92.0,hodgeisaac@example.com
56499982401,Overall,M,V1,4,2017-04-02 00:00:00,91.0,theresa23@example.net
68190600376,Overall,M,V3,4,2017-04-02 00:00:00,137.0,josephmullen@example.com
47401935076,Overall,M,V1,4,2017-04-02 00:00:00,134.0,sdecker@example.net
39342584620,Overall,F,V2,4,2017-04-02 00:00:00,138.0,jacquelinelloyd@example.org
57143743621,Overall,M,V2,4,2017-04-02 00:00:00,135.0,lthomas@example.org
15914951752,Overall,F,V1,4,2017-04-02 00:00:00,135.0,angelamendoza@example.com
18389038652,Overall,M,V1,4,2017-04-02 00:00:00,139.0,brooke94@example.com
20623094591,Overall,M,V3,4,2017-04-02 00:00:00,128.0,jessicagarcia@example.net
18643659951,Overall,M,V2,4,2017-04-02 00:00:00,91.0,estewart@example.com
58733831238,Overall,M,V1,4,2017-04-02 00:00:00,142.0,mccannmisty@example.net
50168648816,Overall,M,V3,4,2017-04-02 00:00:00,144.0,michelle66@example.net
84921834488,Overall,F,V3,4,2017-04-02 00:00:00,89.0,brandonlopez@example.net
99532254718,Overall,F,V1,4,2017-04-02 00:00:00,85.0,xcraig@example.com
53797893866,Overall,F,V2,4,2017-04-02 00:00:00,105.0,brownedward@example.org
16574235579,Overall,M,V3,4,2017-04-02 00:00:00,142.0,courtneybright@example.org
80276055860,Overall,F,V3,4,2017-04-02 00:00:00,129.0,dgraham@example.org
16176489554,Overall,M,V3,4,2017-04-02 00:00:00,86.0,ashleylopez@example.org
64356127621,Overall,F,V1,4,2017-04-02 00:00:00,128.0,pporter@example.com
56681405648,Overall,F,V1,4,2017-04-02 00:00:00,136.0,brianjames@example.net
64152182701,Overall,M,V1,4,2017-04-02 00:00:00,121.0,matthew06@example.com
97410451627,Overall,M,V2,4,2017-04-02 00:00:00,135.0,eharris@example.org
29976934035,Overall,M,V2,4,2017-04-02 00:00:00,142.0,rodriguezdanielle@example.org
64152182701,Overall,M,V1,4,2017-04-02 00:00:00,125.0,alangallegos@example.org
98534788315,Overall,F,V1,4,2017-04-02 00:00:00,91.0,shelby83@example.com
84685743608,Overall,M,V3,4,2017-04-02 00:00:00,93.0,robert84@example.net
67239082208,Overall,F,V3,4,2017-04-02 00:00:00,137.0,dtaylor@example.com
78133118256,Overall,M,V3,4,2017-04-02 00:00:00,128.0,waltermarks@example.net
36642176465,Overall,M,V2,4,2017-04-02 00:00:00,141.0,robertmatthews@example.com
15677448180,Overall,F,V2,4,2017-04-02 00:00:00,134.0,lewiscolleen@example.net
51484828116,Overall,M,V1,4,2017-04-02 00:00:00,136.0,vegacharles@example.com
54121057090,Overall,M,V1,4,2017-04-02 00:00:00,122.0,ianburns@example.org
41510695652,Overall,M,V2,4,2017-04-02 00:00:00,130.0,cpacheco@example.net
44558706525,Overall,F,V2,4,2017-04-02 00:00:00,139.0,westeric@example.net
51874337564,Overall,F,V1,4,2017-04-02 00:00:00,86.0,jessicaherrera@example.com
77509765600,Overall,F,V1,4,2017-04-02 00:00:00,141.0,jennifer59@example.net
97908347209,Overall,F,V1,4,2017-04-02 00:00:00,141.0,sarahfuller@example.org
72225023100,Overall,M,V2,4,2017-04-02 00:00:00,110.0,mollymccoy@example.com
23264235645,Overall,M,V1,4,2017-04-02 00:00:00,130.0,alucas@example.org
82596775735,Overall,M,V2,4,2017-04-02 00:00:00,92.0,espinozapatty@example.org
70332422359,Overall,F,V2,4,2017-04-02 00:00:00,128.0,donaldcosta@example.net
65547631277,Overall,M,V2,4,2017-04-02 00:00:00,145.0,carrolldylan@example.org
64119558004,Overall,M,V3,4,2017-04-02 00:00:00,134.0,hrichards@example.net
61055363435,Overall,M,V3,4,2017-04-02 00:00:00,128.0,jameswalsh@example.com
37529721536,Overall,M,V3,4,2017-04-02 00:00:00,132.0,nvillarreal@example.org
60476373781,Overall,F,V3,4,2017-04-02 00:00:00,141.0,lewisjoseph@example.net
40075344408,Overall,F,V3,4,2017-04-02 00:00:00,121.0,hbaldwin@example.org
71981853017,Overall,M,V2,4,2017-04-02 00:00:00,141.0,dennisluna@example.net
24911925926,Overall,F,V3,4,2017-04-02 00:00:00,137.0,fwoods@example.com
26596016680,Overall,M,V1,4,2017-04-02 00:00:00,134.0,lisaallen@example.com
74499495344,Overall,F,V3,4,2017-04-02 00:00:00,86.0,timothyyoung@example.org
25322270029,Overall,F,V1,4,2017-04-02 00:00:00,121.0,whitepatricia@example.org
