student id,test name,gender,version,level,test date,standardised score,name
56505953671,Overall,F,V3,5,2011-02-06 00:00:00,82.0,Lisa Fisher
45626601587,Overall,M,V2,5,2011-02-06 00:00:00,139.0,Colton Cox
70471017876,Overall,F,V1,5,2011-02-06 00:00:00,136.0,Alan Thomas
87915805288,Overall,M,V2,5,2011-02-06 00:00:00,86.0,Tina Carpenter
85198275688,Overall,M,V1,5,2011-02-06 00:00:00,92.0, Richard Houston
16308488414,Overall,F,V2,5,2011-02-06 00:00:00,131.0,  Jeffrey Davies
55893445000,Overall,F,V1,5,2011-02-06 00:00:00,129.0,Theresa Hall
81793649075,Overall,M,V3,5,2011-02-06 00:00:00,90.0, Donna Graves
42652897104,Overall,M,V3,5,2011-02-06 00:00:00,136.0, Melissa Mays
63321280366,Overall,F,V2,5,2011-02-06 00:00:00,123.0,  Mr. Eric Bowers
74868255558,Overall,M,V2,5,2011-02-06 00:00:00,92.0, Rachel Randall
77885628768,Overall,M,V1,5,2011-02-06 00:00:00,99.0,  Richard Moore
87017875158,Overall,F,V2,5,2011-02-06 00:00:00,88.0,  Monica Mcfarland
84683338365,Overall,M,V2,5,2011-02-06 00:00:00,141.0, Jeanne Moore
52637714259,Overall,F,V3,5,2011-02-06 00:00:00,143.0,Matthew Padilla
91646696327,Overall,M,V3,5,2011-02-06 00:00:00,93.0,  Scott Martinez
93347319062,Overall,M,V1,5,2011-02-06 00:00:00,137.0,  Thomas Douglas
47649599231,Overall,M,V3,5,2011-02-06 00:00:00,91.0,David Kerr
75530241346,Overall,M,V2,5,2011-02-06 00:00:00,131.0,Matthew Ali
89036097226,Overall,M,V3,5,2011-02-06 00:00:00,136.0, Elizabeth Cervantes
53764162334,Overall,F,V3,5,2011-02-06 00:00:00,133.0,  Gregory Williams
34403552652,Overall,M,V3,5,2011-02-06 00:00:00,127.0,  Crystal Mckay
51272786944,Overall,F,V1,5,2011-02-06 00:00:00,138.0,John Lee
12783855910,Overall,M,V2,5,2011-02-06 00:00:00,,  Tracy James
87394825747,Overall,F,V3,5,2011-02-06 00:00:00,99.0,  Kimberly Davis
16690908381,Overall,M,V2,5,2011-02-06 00:00:00,82.0,Allen Cross
50237417076,Overall,M,V2,5,2011-02-06 00:00:00,128.0, Hayden Calderon
90547402408,Overall,F,V1,5,2011-02-06 00:00:00,133.0,Andrea Rodgers
96602098634,Overall,F,V1,5,2011-02-06 00:00:00,139.0,  Cheryl Carlson
35848356160,Overall,F,V3,5,2011-02-06 00:00:00,136.0,  Craig Boyer
58574739692,Overall,M,V1,5,2011-02-06 00:00:00,88.0,Chelsea Hebert
58474069544,Overall,M,V3,5,2011-02-06 00:00:00,141.0,  Preston Nielsen
83939642640,Overall,M,V1,5,2011-02-06 00:00:00,141.0, Daniel Martinez
96628459686,Overall,F,V3,5,2011-02-06 00:00:00,100.0,Mindy Taylor
87017875158,Overall,F,V1,5,2011-02-06 00:00:00,86.0,Danielle Bentley
68089428239,Overall,M,V1,5,2011-02-06 00:00:00,93.0, Nicole Merritt
16162478705,Overall,F,V3,5,2011-02-06 00:00:00,131.0,Lindsey Myers
67385960502,Overall,M,V1,5,2011-02-06 00:00:00,136.0, Amber Lopez
32177553671,Overall,M,V2,5,2011-02-06 00:00:00,137.0, Stephanie Hester
35238264283,Overall,F,V1,5,2011-02-06 00:00:00,133.0, James Williams
81307464388,Overall,M,V2,5,2011-02-06 00:00:00,, Kara Ellis
39007937612,Overall,F,V3,5,2011-02-06 00:00:00,131.0,Barbara Peters
39360229035,Overall,F,V2,5,2011-02-06 00:00:00,136.0,Ashley Zhang
18150732156,Overall,F,V2,5,2011-02-06 00:00:00,126.0,  Elizabeth Jarvis
81776063185,Overall,F,V1,5,2011-02-06 00:00:00,142.0,Cheryl Valdez
12374548788,Overall,F,V2,5,2011-02-06 00:00:00,145.0, Donna Rojas
14221838889,Overall,F,V3,5,2011-02-06 00:00:00,88.0,Nicole Robbins
53622757520,Overall,M,V2,5,2011-02-06 00:00:00,126.0, Andrew Pruitt
27065937099,Overall,M,V3,5,2011-02-06 00:00:00,86.0,Marcia Klein
74001500824,Overall,F,V1,5,2011-02-06 00:00:00,125.0,Susan Rodriguez
77935306237,Overall,F,V1,5,2011-02-06 00:00:00,143.0,Anne Perez
43437420108,Overall,M,V2,5,2011-02-06 00:00:00,126.0, Dr. Rita Livingston
48915775335,Overall,M,V1,5,2011-02-06 00:00:00,142.0,  Justin Petty
96605700794,Overall,F,V3,5,2011-02-06 00:00:00,84.0, Blake Chan
74280384628,Overall,F,V2,5,2011-02-06 00:00:00,87.0,Dylan Mcgee
72755350631,Overall,F,V2,5,2011-02-06 00:00:00,131.0,  Roger Sims
32617797331,Overall,M,V1,5,2011-02-06 00:00:00,138.0,  Thomas Fox
56734382211,Overall,F,V3,5,2011-02-06 00:00:00,129.0,Michael Hayden
68457404282,Overall,M,V1,5,2011-02-06 00:00:00,140.0, Connie Dunlap
22597842880,Overall,F,V3,5,2011-02-06 00:00:00,146.0,  Maria Hines
28802341060,Overall,F,V1,5,2011-02-06 00:00:00,126.0, Ronald Oneill
51222181211,Overall,F,V2,5,2011-02-06 00:00:00,111.0,  Jordan Lara
94584370930,Overall,F,V1,5,2011-02-06 00:00:00,140.0, Timothy Goodman
21013556463,Overall,M,V1,5,2011-02-06 00:00:00,122.0, Jennifer Hall
18354780575,Overall,F,V3,5,2011-02-06 00:00:00,143.0, Jose Preston
66812753776,Overall,M,V1,5,2011-02-06 00:00:00,143.0, Allen Robinson
65482746707,Overall,M,V3,5,2011-02-06 00:00:00,85.0, Christopher Richardson
43762475490,Overall,F,V2,5,2011-02-06 00:00:00,143.0, Erik Brennan
90457522811,Overall,F,V2,5,2011-02-06 00:00:00,129.0,  Jacob Harrell
47438777671,Overall,M,V2,5,2011-02-06 00:00:00,89.0,  Kristi Peck
65269278826,Overall,M,V1,5,2011-02-06 00:00:00,90.0,  Karina Waters
15092261003,Overall,F,V1,5,2011-02-06 00:00:00,117.0, David Myers
98140521129,Overall,M,V1,5,2011-02-06 00:00:00,128.0,Lucas Carroll
78433026278,Overall,F,V3,5,2011-02-06 00:00:00,137.0,  Leslie Kelley
58474069544,Overall,M,V2,5,2011-02-06 00:00:00,144.0,  Ryan Hanson
49552473826,Overall,F,V2,5,2011-02-06 00:00:00,144.0, David Pitts
46356957465,Overall,F,V1,5,2011-02-06 00:00:00,83.0,  Abigail Davis
10730563604,Overall,M,V1,5,2011-02-06 00:00:00,130.0,  Jennifer Hines
96455111020,Overall,F,V1,5,2011-02-06 00:00:00,120.0,  Matthew Bryan
93493962507,Overall,F,V3,5,2011-02-06 00:00:00,87.0, Carol Salazar
68702036091,Overall,F,V3,5,2011-02-06 00:00:00,134.0,Shawn West
15949129827,Overall,F,V3,5,2011-02-06 00:00:00,89.0, Stephanie Dunn
14367993589,Overall,F,V3,5,2011-02-06 00:00:00,93.0, Joanna Williams
20042250144,Overall,F,V2,5,2011-02-06 00:00:00,119.0,Jose Thompson
22236095251,Overall,F,V1,5,2011-02-06 00:00:00,129.0,  Brian Pope
64041564668,Overall,X,V2,5,2011-02-06 00:00:00,140.0, John Nunez
85912445285,Overall,M,V2,5,2011-02-06 00:00:00,83.0,  Natasha Lee
82337935606,Overall,F,V2,5,2011-02-06 00:00:00,86.0,Selena Douglas
93811133728,Overall,F,V2,5,2011-02-06 00:00:00,131.0,Cassie Robinson
57476371202,Overall,F,V3,5,2011-02-06 00:00:00,131.0, Amanda Kelly
45343179708,Overall,M,V1,5,2011-02-06 00:00:00,138.0,Jason Conway
91102661138,Overall,F,V3,5,2011-02-06 00:00:00,131.0, Lorraine Smith
46845660895,Overall,M,V2,5,2011-02-06 00:00:00,97.0, Kyle Bernard
70728385805,Overall,M,V1,5,2011-02-06 00:00:00,137.0, Michael Carr
45199878374,Overall,F,V1,5,2011-02-06 00:00:00,91.0,  Carly Jarvis
34971022957,Overall,F,V1,5,2011-02-06 00:00:00,137.0, Todd Mcpherson
78169002636,Overall,M,V2,5,2011-02-06 00:00:00,137.0,Billy Fuentes
60198467983,Overall,F,V1,5,2011-02-06 00:00:00,88.0,  Meagan Wallace
96665789020,Overall,F,V1,5,2011-02-06 00:00:00,83.0,Desiree Vang
54349280126,Overall,F,V2,5,2011-02-06 00:00:00,129.0,Sandra White
56505953671,Overall,F,V1,5,2011-02-06 00:00:00,81.0,  Heather Schmidt
12574347655,Overall,F,V3,5,2011-02-06 00:00:00,142.0,Deborah Reeves
28902095567,Overall,F,V1,5,2011-02-06 00:00:00,140.0,  Amy Nunez
15547904507,Overall,F,V3,5,2011-02-06 00:00:00,136.0,Gabrielle Harrington
16002128225,Overall,F,V2,5,2011-02-06 00:00:00,124.0,  Shannon Lin
74866766926,Overall,M,V2,5,2011-02-06 00:00:00,96.0,Alex Baker
88626954656,Overall,M,V2,5,2011-02-06 00:00:00,93.0,  Jonathan Christian
49495486925,Overall,F,V2,5,2011-02-06 00:00:00,88.0, Jessica Guerrero
54452715705,Overall,F,V1,5,2011-02-06 00:00:00,131.0,Sheri Perkins
85536401095,Overall,M,V1,5,2011-02-06 00:00:00,129.0, Rodney Bush
40677619301,Overall,M,V2,5,2011-02-06 00:00:00,134.0,  Sharon Gibson
77794444492,Overall,F,V1,5,2011-02-06 00:00:00,91.0,Julia Brown
68190600376,Overall,M,V2,5,2011-02-06 00:00:00,133.0, Zoe Parks
52858309451,Overall,M,V3,5,2011-02-06 00:00:00,139.0,  Laurie Holder
26792622489,Overall,F,V3,5,2011-02-06 00:00:00,141.0, Thomas Jackson
31710934424,Overall,F,V1,5,2011-02-06 00:00:00,121.0,  Timothy Patel
66556345987,Overall,F,V2,5,2011-02-06 00:00:00,88.0,Matthew Whitney
99043548727,Overall,M,V3,5,2011-02-06 00:00:00,145.0,  Alexander Scott
29478787774,Overall,F,V1,5,2011-02-06 00:00:00,100.0,John Mccann
41631032569,Overall,F,V1,5,2011-02-06 00:00:00,124.0,Ashley Weber
81759625499,Overall,F,V1,5,2011-02-06 00:00:00,98.0,Joshua Osborne
69911045387,Overall,F,V1,5,2011-02-06 00:00:00,141.0,  Paul Bell
71232742641,Overall,M,V2,5,2011-02-06 00:00:00,127.0,  Edward Reyes
14011805145,Overall,M,V3,5,2011-02-06 00:00:00,115.0,Ricky Williams
13844823085,Overall,M,V3,5,2011-02-06 00:00:00,133.0,Ann Chambers
28493187182,Overall,M,V1,5,2011-02-06 00:00:00,141.0,  Alyssa Atkinson
31039770686,Overall,M,V1,5,2011-02-06 00:00:00,143.0,  Christopher Jones
17941117392,Overall,M,V3,5,2011-02-06 00:00:00,131.0,  Kenneth Morgan
28811143465,Overall,F,V1,5,2011-02-06 00:00:00,138.0, Christine Freeman
30819956688,Overall,F,V1,5,2011-02-06 00:00:00,89.0,Patrick Everett
29473693550,Overall,M,V2,5,2011-02-06 00:00:00,84.0, Ashley Smith
14887615750,Overall,F,V3,5,2011-02-06 00:00:00,135.0,  Kevin Whitney
38700467505,Overall,F,V3,5,2011-02-06 00:00:00,133.0, Sarah Soto
64739545537,Overall,M,V3,5,2011-02-06 00:00:00,92.0,Jamie Wood
96653829871,Overall,F,V3,5,2011-02-06 00:00:00,92.0, William Morris
31998946558,Overall,M,V2,5,2011-02-06 00:00:00,96.0,Marco Kirk
11239232281,Overall,F,V2,5,2011-02-06 00:00:00,120.0,  Joshua Garrett
93709270982,Overall,F,V1,5,2011-02-06 00:00:00,140.0,Megan Morgan
43291652924,Overall,F,V2,5,2011-02-06 00:00:00,140.0,  Joseph Hall
92576269580,Overall,M,V2,5,2011-02-06 00:00:00,86.0,  Jordan Floyd
62122545968,Overall,M,V3,5,2011-02-06 00:00:00,141.0,Robert Garcia
81691030059,Overall,M,V2,5,2011-02-06 00:00:00,128.0,  Scott Donovan
85315063868,Overall,F,V2,5,2011-02-06 00:00:00,86.0, Christopher Wells
68190600376,Overall,F,V1,5,2011-02-06 00:00:00,135.0,Jonathan Adams
93564997027,Overall,M,V1,5,2011-02-06 00:00:00,90.0, Michael Lucero
73885526225,Overall,F,V3,5,2011-02-06 00:00:00,87.0,  Daniel Miller
29967993073,Overall,M,V3,5,2011-02-06 00:00:00,88.0,  Jessica Gallegos
35332870309,Overall,F,V2,5,2011-02-06 00:00:00,136.0,Brittany Rojas
59724783030,Overall,F,V3,5,2011-02-06 00:00:00,131.0, Brianna Foster
65659757764,Overall,F,V3,5,2011-02-06 00:00:00,97.0,Danielle Newton
75193538730,Overall,M,V3,5,2011-02-06 00:00:00,140.0,  Brooke Thomas
98241396185,Overall,M,V1,5,2011-02-06 00:00:00,88.0, Brady Johnson
67988053762,Overall,M,V2,5,2011-02-06 00:00:00,91.0,Calvin Robinson
21618551133,Overall,F,V1,5,2011-02-06 00:00:00,125.0,  Adam Knox
55893445000,Overall,M,V2,5,2011-02-06 00:00:00,127.0,  Kayla Miller
53365683189,Overall,M,V3,5,2011-02-06 00:00:00,84.0,Megan Williams
69254639126,Overall,M,V1,5,2011-02-06 00:00:00,138.0, Kimberly Love
36456821623,Overall,M,V3,5,2011-02-06 00:00:00,134.0,Heather Vazquez
31174485917,Overall,M,V2,5,2011-02-06 00:00:00,138.0,Elizabeth Williams
64827457276,Overall,F,V3,5,2011-02-06 00:00:00,85.0,Katie Swanson
33687202461,Overall,M,V3,5,2011-02-06 00:00:00,130.0,Frank Nash
78519419569,Overall,F,V3,5,2011-02-06 00:00:00,93.0,  Kenneth White
16701683256,Overall,F,V2,5,2011-02-06 00:00:00,133.0,Timothy Tanner
61801105275,Overall,M,V2,5,2011-02-06 00:00:00,128.0, Kathleen Cochran
84526417074,Overall,F,V1,5,2011-02-06 00:00:00,135.0,Karen Perez
23831968108,Overall,M,V2,5,2011-02-06 00:00:00,140.0,Dr. Linda Ross
47282615980,Overall,F,V2,5,2011-02-06 00:00:00,141.0, Ray Todd
76379152720,Overall,M,V1,5,2011-02-06 00:00:00,139.0,  Denise Hartman
94341939380,Overall,M,V3,5,2011-02-06 00:00:00,145.0, Sherry Hooper
21841444862,Overall,M,V1,5,2011-02-06 00:00:00,132.0,  Brandon Perez
78324771150,Overall,F,V1,5,2011-02-06 00:00:00,128.0,Shannon Brown
64041564668,Overall,X,V3,5,2011-02-06 00:00:00,143.0, Nicole Molina
42722721347,Overall,M,V2,5,2011-02-06 00:00:00,129.0, Robert Brandt
64268875790,Overall,M,V1,5,2011-02-06 00:00:00,85.0, Stephanie Salinas
83206880747,Overall,M,V2,5,2011-02-06 00:00:00,83.0,Heather Rodriguez
49223378835,Overall,M,V1,5,2011-02-06 00:00:00,85.0,Patrick Sosa
42161805930,Overall,F,V3,5,2011-02-06 00:00:00,130.0, Gabrielle Jones
34656266609,Overall,F,V1,5,2011-02-06 00:00:00,134.0, Victor Wise
18168084281,Overall,F,V2,5,2011-02-06 00:00:00,140.0,  Anthony Rodriguez
16250840149,Overall,M,V3,5,2011-02-06 00:00:00,121.0,  Christine Wilson
13844823085,Overall,M,V1,5,2011-02-06 00:00:00,132.0,Malik Gomez
35389383803,Overall,F,V2,5,2011-02-06 00:00:00,85.0, David Coleman
74388665006,Overall,M,V3,5,2011-02-06 00:00:00,140.0, Shelby Davis
18580312707,Overall,F,V3,5,2011-02-06 00:00:00,132.0,  Samantha Johnson
59515472498,Overall,M,V1,5,2011-02-06 00:00:00,86.0,Sharon Lopez
31998946558,Overall,F,V1,5,2011-02-06 00:00:00,96.0,Christopher Chung
94551260048,Overall,F,V2,5,2011-02-06 00:00:00,136.0, Randy Martinez
51328601136,Overall,M,V1,5,2011-02-06 00:00:00,120.0, Autumn Boyd
44651385403,Overall,M,V2,5,2011-02-06 00:00:00,133.0,  Christopher Avila
66303125603,Overall,F,V3,5,2011-02-06 00:00:00,125.0,  Melissa Walker
33562493499,Overall,F,V3,5,2011-02-06 00:00:00,91.0, Teresa Becker
28631831681,Overall,F,V1,5,2011-02-06 00:00:00,138.0,Nathaniel Callahan
58563441462,Overall,F,V2,5,2011-02-06 00:00:00,135.0,Joseph Solis
50443054038,Overall,F,V3,5,2011-02-06 00:00:00,124.0,Edward Randall
79041322760,Overall,M,V3,5,2011-02-06 00:00:00,128.0,  James Bowen
29365042912,Overall,F,V3,5,2011-02-06 00:00:00,133.0, Russell Page
40677619301,Overall,F,V2,5,2011-02-06 00:00:00,130.0,Jordan Bradshaw
39824920807,Overall,F,V3,5,2011-02-06 00:00:00,85.0, Chad Hall
50168648816,Overall,F,V2,5,2011-02-06 00:00:00,146.0,  Michael Thomas
93711906326,Overall,F,V1,5,2011-02-06 00:00:00,133.0, Susan Reed
61447938349,Overall,M,V2,5,2011-02-06 00:00:00,91.0,  Brandy Ward
41344326256,Overall,M,V3,5,2011-02-06 00:00:00,130.0,  Matthew Kelly
99852524165,Overall,F,V2,5,2011-02-06 00:00:00,87.0,Brian Summers
12644035519,Overall,M,V2,5,2011-02-06 00:00:00,134.0, James Martin
52682401259,Overall,M,V3,5,2011-02-06 00:00:00,134.0,Wendy Santana
25779626004,Overall,M,V1,5,2011-02-06 00:00:00,139.0, Suzanne Miles
72811067405,Overall,F,V1,5,2011-02-06 00:00:00,129.0,  John Guerrero
84499273304,Overall,F,V2,5,2011-02-06 00:00:00,140.0, Julie Hoffman
12818793356,Overall,F,V2,5,2011-02-06 00:00:00,143.0,Mark Griffith
96414118321,Overall,M,V1,5,2011-02-06 00:00:00,129.0, Tanya Johnson
71348977222,Overall,M,V2,5,2011-02-06 00:00:00,143.0, Angela Barber
32720981380,Overall,F,V2,5,2011-02-06 00:00:00,125.0, John Mccarty
65893471618,Overall,F,V3,5,2011-02-06 00:00:00,144.0,Adam Richardson
64523930719,Overall,M,V3,5,2011-02-06 00:00:00,144.0, Steven Hall DDS
11170663676,Overall,F,V1,5,2011-02-06 00:00:00,128.0,Brian Young
71763327922,Overall,F,V3,5,2011-02-06 00:00:00,137.0, Jessica Cobb
56599892220,Overall,M,V2,5,2011-02-06 00:00:00,85.0,  Gregory Young
46413114738,Overall,F,V2,5,2011-02-06 00:00:00,128.0, Joshua Hubbard
20525773309,Overall,M,V2,5,2011-02-06 00:00:00,132.0, Caroline Smith
27976876969,Overall,M,V1,5,2011-02-06 00:00:00,106.0,  Jonathan Spencer
96966147275,Overall,F,V2,5,2011-02-06 00:00:00,90.0, Brian Vasquez
99869140237,Overall,M,V3,5,2011-02-06 00:00:00,87.0,  Tyler Black
36090933399,Overall,M,V3,5,2011-02-06 00:00:00,141.0, Colleen Pham
91177130257,Overall,F,V1,5,2011-02-06 00:00:00,124.0,  John Castaneda
72416683358,Overall,M,V1,5,2011-02-06 00:00:00,137.0,  Jennifer Sanders
41990436512,Overall,M,V3,5,2011-02-06 00:00:00,135.0,Isaiah Pierce
76511291935,Overall,F,V3,5,2011-02-06 00:00:00,139.0,  Sarah Contreras
65547631277,Overall,M,V2,5,2011-02-06 00:00:00,145.0, Briana Salinas
23264235645,Overall,M,V1,5,2011-02-06 00:00:00,131.0,  Sharon Smith
63818049305,Overall,M,V1,5,2011-02-06 00:00:00,136.0,  Gregory Welch
13112381885,Overall,F,V3,5,2011-02-06 00:00:00,125.0,Vicki Cummings
77213664513,Overall,M,V2,5,2011-02-06 00:00:00,132.0,  Krystal Wilkerson
24388330636,Overall,F,V2,5,2011-02-06 00:00:00,136.0,  Robert Jones
55468087794,Overall,M,V3,5,2011-02-06 00:00:00,87.0,Ian Mccormick
38677065715,Overall,F,V3,5,2011-02-06 00:00:00,141.0,Amber Marshall
32750736873,Overall,M,V1,5,2011-02-06 00:00:00,144.0,  Kimberly Skinner
96295342000,Overall,M,V1,5,2011-02-06 00:00:00,125.0,  Elizabeth Bailey
36357438752,Overall,M,V1,5,2011-02-06 00:00:00,140.0,Sandra Clark
13396677638,Overall,F,V3,5,2011-02-06 00:00:00,89.0,  Kevin Obrien
32709820691,Overall,F,V2,5,2011-02-06 00:00:00,134.0,  Natalie Owens
79810911360,Overall,M,V2,5,2011-02-06 00:00:00,136.0, Steven Williams
30686471926,Overall,M,V1,5,2011-02-06 00:00:00,139.0,  Matthew Ramirez
97410451627,Overall,M,V3,5,2011-02-06 00:00:00,131.0, Pedro Smith
87415215401,Overall,F,V3,5,2011-02-06 00:00:00,133.0,Stacey Smith
73974410845,Overall,F,V3,5,2011-02-06 00:00:00,143.0, Daniel Gates
82090917488,Overall,M,V2,5,2011-02-06 00:00:00,142.0, Amy Barber
67721412999,Overall,M,V3,5,2011-02-06 00:00:00,140.0, Jeffrey Tucker
39210567059,Overall,F,V3,5,2011-02-06 00:00:00,135.0, Jessica Mckinney
65302975199,Overall,F,V2,5,2011-02-06 00:00:00,86.0,  Stephanie Welch
40239690586,Overall,M,V2,5,2011-02-06 00:00:00,138.0,Jeffery Stevens
61559910070,Overall,F,V3,5,2011-02-06 00:00:00,127.0,Amanda Stevens
76509517600,Overall,M,V1,5,2011-02-06 00:00:00,138.0,  Kathryn Gonzalez
40134988316,Overall,F,V2,5,2011-02-06 00:00:00,134.0, Rebekah Escobar
61953626623,Overall,M,V1,5,2011-02-06 00:00:00,145.0, Joseph Shaffer
55812543188,Overall,M,V2,5,2011-02-06 00:00:00,138.0, Jeffrey Roberts
84326632954,Overall,M,V2,5,2011-02-06 00:00:00,136.0,  Michelle Simmons
64739545537,Overall,M,V2,5,2011-02-06 00:00:00,92.0, Laura Miller
64075081588,Overall,F,V1,5,2011-02-06 00:00:00,141.0, Jodi Cross
75605982224,Overall,F,V3,5,2011-02-06 00:00:00,145.0,  Susan Mitchell
96288461414,Overall,F,V3,5,2011-02-06 00:00:00,84.0, Joseph Jacobs
16216788294,Overall,M,V1,5,2011-02-06 00:00:00,90.0, Daniel Hinton
70514787640,Overall,F,V2,5,2011-02-06 00:00:00,138.0, Monique Johnson
13112381885,Overall,F,V1,5,2011-02-06 00:00:00,125.0, Antonio Stevens
92407497801,Overall,F,V3,5,2011-02-06 00:00:00,139.0,  Margaret Peterson
61819240275,Overall,M,V1,5,2011-02-06 00:00:00,139.0, Mark Ellis
89848512614,Overall,F,V2,5,2011-02-06 00:00:00,85.0, Nathan Lane
75981289019,Overall,M,V2,5,2011-02-06 00:00:00,89.0, Lori Campbell
21353441923,Overall,M,V3,5,2011-02-06 00:00:00,126.0,Michael Bowen
54312698736,Overall,F,V3,5,2011-02-06 00:00:00,144.0,  Charles Conley
57013765119,Overall,M,V1,5,2011-02-06 00:00:00,135.0,Olivia Frederick
85315063868,Overall,F,V3,5,2011-02-06 00:00:00,82.0,  Dr. James Mckinney
23168927908,Overall,F,V3,5,2011-02-06 00:00:00,138.0, Alexis Jackson
99869140237,Overall,M,V3,5,2011-02-06 00:00:00,86.0,Lori Meyer
30686471926,Overall,M,V3,5,2011-02-06 00:00:00,135.0,  Justin Richards
12918126250,Overall,M,V3,5,2011-02-06 00:00:00,127.0, Danielle Brown
38955361692,Overall,M,V2,5,2011-02-06 00:00:00,143.0, Jeremy Sutton
47032655150,Overall,M,V3,5,2011-02-06 00:00:00,133.0, David Hanson
40017579889,Overall,F,V2,5,2011-02-06 00:00:00,88.0,Anthony Mosley
65508571601,Overall,F,V3,5,2011-02-06 00:00:00,127.0,  David Parker
29625214658,Overall,M,V3,5,2011-02-06 00:00:00,137.0, Oscar Williams
16593119016,Overall,M,V3,5,2011-02-06 00:00:00,129.0,Andre Hood
84407298082,Overall,M,V3,5,2011-02-06 00:00:00,135.0,Crystal Davis
46586269804,Overall,F,V1,5,2011-02-06 00:00:00,87.0, Caleb Shaffer
35503812540,Overall,F,V3,5,2011-02-06 00:00:00,123.0, Wanda Smith
11448678894,Overall,M,V1,5,2011-02-06 00:00:00,87.0,  Richard Rodriguez
93493962507,Overall,X,V1,5,2011-02-06 00:00:00,87.0,  Lindsay Taylor
67988053762,Overall,F,V2,5,2011-02-06 00:00:00,92.0,  Monica Fernandez
14498415952,Overall,M,V2,5,2011-02-06 00:00:00,142.0, Marie Campbell
83534217463,Overall,M,V2,5,2011-02-06 00:00:00,138.0, Justin Patterson
74119277891,Overall,M,V1,5,2011-02-06 00:00:00,88.0, Taylor Castaneda
74868255558,Overall,F,V3,5,2011-02-06 00:00:00,89.0,Monica Oliver
39769738249,Overall,M,V3,5,2011-02-06 00:00:00,95.0,  Karen Smith
92777738743,Overall,F,V2,5,2011-02-06 00:00:00,93.0,Betty Carroll
17574017598,Overall,F,V3,5,2011-02-06 00:00:00,85.0, Roger Thomas
56192666330,Overall,M,V1,5,2011-02-06 00:00:00,134.0,  Marcus Glenn
10143740001,Overall,X,V3,5,2011-02-06 00:00:00,112.0,  Stefanie Bradley
67301093447,Overall,M,V1,5,2011-02-06 00:00:00,129.0,Rachel Andrews
70139346149,Overall,M,V2,5,2011-02-06 00:00:00,134.0,Ann Thompson
45859503185,Overall,F,V3,5,2011-02-06 00:00:00,86.0,  Joshua Smith
60434933601,Overall,M,V1,5,2011-02-06 00:00:00,121.0,  Mr. Kenneth Hayes
50931469295,Overall,M,V2,5,2011-02-06 00:00:00,85.0, Kevin Swanson
63404120436,Overall,F,V2,5,2011-02-06 00:00:00,123.0, Michael Rowland
35658274379,Overall,F,V2,5,2011-02-06 00:00:00,140.0, Taylor Fisher
15547904507,Overall,M,V2,5,2011-02-06 00:00:00,137.0,Krystal Kelley
62281038762,Overall,F,V2,5,2011-02-06 00:00:00,132.0,  Peter Garza
92936971199,Overall,M,V1,5,2011-02-06 00:00:00,95.0, Kelly Garcia
77676828446,Overall,F,V1,5,2011-02-06 00:00:00,92.0,Joshua Davis
99118539724,Overall,F,V3,5,2011-02-06 00:00:00,91.0, Heather Nichols
96200471597,Overall,M,V3,5,2011-02-06 00:00:00,140.0, Brett Hall
74082124408,Overall,F,V2,5,2011-02-06 00:00:00,124.0,Amanda Miller
59147060816,Overall,F,V3,5,2011-02-06 00:00:00,133.0,Shannon Harding
47401935076,Overall,M,V3,5,2011-02-06 00:00:00,133.0,  John Gibson
22789714249,Overall,F,V2,5,2011-02-06 00:00:00,86.0,Jeffrey Allen
79130715442,Overall,F,V2,5,2011-02-06 00:00:00,132.0,Melissa Palmer
77798639414,Overall,M,V2,5,2011-02-06 00:00:00,92.0,John Green
17070757888,Overall,F,V1,5,2011-02-06 00:00:00,91.0,  Sara Maxwell
10095973471,Overall,F,V3,5,2011-02-06 00:00:00,136.0, Brandi Dominguez
51631191415,Overall,M,V1,5,2011-02-06 00:00:00,124.0, Patricia Summers
11119529629,Overall,M,V2,5,2011-02-06 00:00:00,134.0, Corey Martinez
29824544142,Overall,M,V3,5,2011-02-06 00:00:00,133.0,Melissa Griffin
51642233353,Overall,F,V3,5,2011-02-06 00:00:00,124.0, Anita Warren
70580807501,Overall,F,V3,5,2011-02-06 00:00:00,126.0, Charles Neal
75998831663,Overall,F,V2,5,2011-02-06 00:00:00,95.0, Anthony Mann
78969738418,Overall,F,V3,5,2011-02-06 00:00:00,105.0, Kelly Gill
40239690586,Overall,M,V1,5,2011-02-06 00:00:00,139.0,  Lindsey Hays
64955955966,Overall,F,V1,5,2011-02-06 00:00:00,96.0,Crystal Gomez
87023345924,Overall,M,V3,5,2011-02-06 00:00:00,142.0,  Lynn Morris
22978051143,Overall,M,V3,5,2011-02-06 00:00:00,128.0, Christopher Booker
20385125014,Overall,F,V1,5,2011-02-06 00:00:00,118.0,  Christopher Parker
83122615587,Overall,M,V3,5,2011-02-06 00:00:00,136.0, Thomas Patterson
15415096387,Overall,F,V2,5,2011-02-06 00:00:00,132.0, Sarah Stokes
43612185762,Overall,F,V1,5,2011-02-06 00:00:00,134.0,  Sabrina Jackson
51180567470,Overall,M,V1,5,2011-02-06 00:00:00,130.0, Casey Park
59104769519,Overall,M,V1,5,2011-02-06 00:00:00,142.0,Gregory Lopez
22271781292,Overall,M,V1,5,2011-02-06 00:00:00,133.0,  Natalie Fry
92046557583,Overall,M,V3,5,2011-02-06 00:00:00,84.0,  Timothy Austin
90862556567,Overall,M,V2,5,2011-02-06 00:00:00,91.0,  Kimberly Orozco
90469212885,Overall,F,V3,5,2011-02-06 00:00:00,144.0, Ebony Schmidt
48902780299,Overall,F,V2,5,2011-02-06 00:00:00,88.0,  Bryan Richardson
76861284889,Overall,F,V3,5,2011-02-06 00:00:00,96.0, Brandon Duran
23421158649,Overall,M,V2,5,2011-02-06 00:00:00,132.0,  Matthew Osborne
45343179708,Overall,M,V2,5,2011-02-06 00:00:00,138.0, Stephanie Meza
96200471597,Overall,F,V2,5,2011-02-06 00:00:00,144.0, Kelly Mullins
39757540497,Overall,M,V2,5,2011-02-06 00:00:00,86.0, Ruth Palmer MD
51053360231,Overall,F,V3,5,2011-02-06 00:00:00,119.0,Zachary Sanders
14438451630,Overall,F,V1,5,2011-02-06 00:00:00,121.0, Christopher Miller
29978862992,Overall,F,V3,5,2011-02-06 00:00:00,102.0, Donna Larson DVM
21875621287,Overall,M,V3,5,2011-02-06 00:00:00,138.0,Nicole Collins
47615277055,Overall,F,V2,5,2011-02-06 00:00:00,139.0, Jordan Buchanan
98174180146,Overall,F,V2,5,2011-02-06 00:00:00,134.0,Autumn Whitaker
36581311738,Overall,F,V2,5,2011-02-06 00:00:00,138.0,Amy Sandoval
94161127211,Overall,M,V3,5,2011-02-06 00:00:00,124.0,Christie Jacobs
41717189546,Overall,F,V1,5,2011-02-06 00:00:00,143.0,  Michael Rogers
15914951752,Overall,F,V3,5,2011-02-06 00:00:00,138.0,Zachary Hendrix
99898732587,Overall,M,V2,5,2011-02-06 00:00:00,107.0,  Anthony Camacho
33412501215,Overall,F,V1,5,2011-02-06 00:00:00,120.0,  Kendra Lambert
97238426760,Overall,M,V3,5,2011-02-06 00:00:00,83.0,Barbara Bray
46260862200,Overall,F,V3,5,2011-02-06 00:00:00,127.0,Wesley Chen
46962173599,Overall,M,V2,5,2011-02-06 00:00:00,89.0, Tracy Vega
54010845924,Overall,F,V1,5,2011-02-06 00:00:00,131.0,Melanie Smith
59164784040,Overall,F,V3,5,2011-02-06 00:00:00,142.0,Nicole Johnson
79026733316,Overall,F,V1,5,2011-02-06 00:00:00,133.0, Doris Alvarez
63238297380,Overall,M,V3,5,2011-02-06 00:00:00,139.0,  Kevin Kim
86067071637,Overall,M,V1,5,2011-02-06 00:00:00,139.0,Tracy Johnson
31606902931,Overall,F,V1,5,2011-02-06 00:00:00,122.0,Joshua Shaw
21786701564,Overall,F,V1,5,2011-02-06 00:00:00,138.0, Abigail Green
75984709204,Overall,M,V2,5,2011-02-06 00:00:00,81.0, Selena Boone
47677272747,Overall,M,V2,5,2011-02-06 00:00:00,94.0, Dennis Davis
57992679906,Overall,M,V2,5,2011-02-06 00:00:00,94.0, Damon Brown
45546510982,Overall,F,V3,5,2011-02-06 00:00:00,141.0,David Duncan
86205570390,Overall,M,V2,5,2011-02-06 00:00:00,136.0,Megan Chavez
86294380755,Overall,F,V3,5,2011-02-06 00:00:00,91.0,Deborah Hernandez
18643659951,Overall,M,V2,5,2011-02-06 00:00:00,91.0,Tyler Romero
75020514492,Overall,F,V2,5,2011-02-06 00:00:00,126.0,  Heather Hall
42722721347,Overall,F,V3,5,2011-02-06 00:00:00,132.0,Tanya Lamb
81444319253,Overall,M,V1,5,2011-02-06 00:00:00,134.0,Rhonda Hunter
28658996835,Overall,F,V3,5,2011-02-06 00:00:00,96.0, Donna Robertson
69334330394,Overall,F,V3,5,2011-02-06 00:00:00,133.0,Ryan Baird
64835396817,Overall,M,V2,5,2011-02-06 00:00:00,86.0, Jerry Hunter
99059166189,Overall,F,V2,5,2011-02-06 00:00:00,93.0, Christopher Garcia
54777732108,Overall,F,V3,5,2011-02-06 00:00:00,139.0,  Chelsea Pacheco
87664222667,Overall,M,V2,5,2011-02-06 00:00:00,84.0,  Brittany Delgado
96455111020,Overall,F,V1,5,2011-02-06 00:00:00,122.0,  Richard Alvarez
11119529629,Overall,M,V3,5,2011-02-06 00:00:00,133.0, Russell Smith
51537073737,Overall,M,V1,5,2011-02-06 00:00:00,140.0,  Joseph Glass
13168504728,Overall,F,V3,5,2011-02-06 00:00:00,134.0, Christopher Rios
19874348618,Overall,M,V3,5,2011-02-06 00:00:00,86.0,Charles Trevino
20064131986,Overall,F,V3,5,2011-02-06 00:00:00,134.0,Jacob Parker
96940702243,Overall,M,V2,5,2011-02-06 00:00:00,134.0,Maxwell Ford
29478787774,Overall,M,V1,5,2011-02-06 00:00:00,102.0,Rachel Larsen
54785669819,Overall,F,V1,5,2011-02-06 00:00:00,101.0,  Nicole Howell
59191168677,Overall,F,V2,5,2011-02-06 00:00:00,87.0,  Kristy Tucker
54563931614,Overall,M,V2,5,2011-02-06 00:00:00,143.0,  Melissa Rose
85274237474,Overall,M,V1,5,2011-02-06 00:00:00,143.0,Teresa Thompson
51180567470,Overall,M,V1,5,2011-02-06 00:00:00,132.0, Mr. Terry White
77676828446,Overall,F,V1,5,2011-02-06 00:00:00,91.0,Adam Morris
94551260048,Overall,F,V2,5,2011-02-06 00:00:00,135.0, Kayla Stewart
45524540283,Overall,F,V2,5,2011-02-06 00:00:00,127.0,Ashley Rogers
95737265561,Overall,M,V2,5,2011-02-06 00:00:00,88.0,Natalie Sanders
89268329433,Overall,M,V2,5,2011-02-06 00:00:00,85.0,  Tasha Beltran
85198275688,Overall,M,V1,5,2011-02-06 00:00:00,89.0,  Stephen Rowe
21964995613,Overall,F,V1,5,2011-02-06 00:00:00,141.0, Michael Odom
49762962458,Overall,F,V3,5,2011-02-06 00:00:00,90.0,  Tami Rivas
53108248734,Overall,M,V2,5,2011-02-06 00:00:00,139.0,  Richard Burton
10608065126,Overall,F,V2,5,2011-02-06 00:00:00,120.0, Shelley Powell
57031135129,Overall,F,V3,5,2011-02-06 00:00:00,124.0,William Brown
57335802498,Overall,M,V3,5,2011-02-06 00:00:00,86.0,  Erin Grant
19216599185,Overall,F,V2,5,2011-02-06 00:00:00,139.0,  Victoria Carter
32054501815,Overall,M,V2,5,2011-02-06 00:00:00,123.0,  Thomas Smith
37135925123,Overall,M,V2,5,2011-02-06 00:00:00,129.0, David Richardson
66303125603,Overall,M,V1,5,2011-02-06 00:00:00,128.0,  Raven Nguyen
22942101114,Overall,M,V2,5,2011-02-06 00:00:00,112.0,  Diana Jones
88445045077,Overall,F,V3,5,2011-02-06 00:00:00,140.0,Sue Guzman
33330890835,Overall,M,V2,5,2011-02-06 00:00:00,136.0,  Joseph Suarez
36681378254,Overall,M,V2,5,2011-02-06 00:00:00,138.0,Jeff Adams
24138808058,Overall,M,V2,5,2011-02-06 00:00:00,133.0,Maxwell Chavez
69319258504,Overall,F,V2,5,2011-02-06 00:00:00,141.0,Timothy Miller
20585801700,Overall,F,V3,5,2011-02-06 00:00:00,127.0, Kyle Taylor
37529721536,Overall,F,V2,5,2011-02-06 00:00:00,132.0, Mrs. Sara Thornton
10866742679,Overall,M,V3,5,2011-02-06 00:00:00,87.0,  Christine Taylor
24981769199,Overall,F,V1,5,2011-02-06 00:00:00,92.0, Shawn Reed
29473693550,Overall,F,V3,5,2011-02-06 00:00:00,82.0,  Gregory Rodgers
67260313080,Overall,M,V2,5,2011-02-06 00:00:00,126.0, Natalie Thompson
42883881762,Overall,M,V1,5,2011-02-06 00:00:00,146.0, Sharon Russo
46260862200,Overall,F,V1,5,2011-02-06 00:00:00,130.0,Jennifer Sutton
75530241346,Overall,F,V3,5,2011-02-06 00:00:00,133.0,Kelly Hale
19874348618,Overall,M,V3,5,2011-02-06 00:00:00,86.0, Devin Parks MD
16732520597,Overall,M,V1,5,2011-02-06 00:00:00,138.0, Lauren Marks
64779793214,Overall,M,V1,5,2011-02-06 00:00:00,84.0, Douglas Anderson
14382534640,Overall,M,V1,5,2011-02-06 00:00:00,125.0,  Garrett Johnson
35930241396,Overall,M,V3,5,2011-02-06 00:00:00,138.0, Caleb Jenkins
64199952270,Overall,M,V2,5,2011-02-06 00:00:00,82.0, Stacey Hunt
94239969737,Overall,M,V1,5,2011-02-06 00:00:00,94.0, Patricia Burton
56791825518,Overall,F,V2,5,2011-02-06 00:00:00,93.0,  Kevin Lewis
13145525271,Overall,F,V2,5,2011-02-06 00:00:00,122.0, Mark Alvarez
72504767854,Overall,F,V3,5,2011-02-06 00:00:00,85.0,Darren Short
57724749174,Overall,M,V3,5,2011-02-06 00:00:00,84.0,Joshua Brennan
26725288760,Overall,M,V1,5,2011-02-06 00:00:00,138.0,  Deborah Boyle
21964995613,Overall,M,V1,5,2011-02-06 00:00:00,142.0, Ryan Cole
19300121011,Overall,F,V2,5,2011-02-06 00:00:00,109.0,  Jerry Riley
57046061325,Overall,F,V3,5,2011-02-06 00:00:00,130.0,  Samuel Collier
93549282309,Overall,M,V2,5,2011-02-06 00:00:00,143.0,Bryan Dixon
29377064333,Overall,F,V3,5,2011-02-06 00:00:00,129.0,Joshua Curtis
69487469844,Overall,F,V1,5,2011-02-06 00:00:00,90.0,  Calvin Holmes
92653285530,Overall,M,V2,5,2011-02-06 00:00:00,137.0, Miss Jessica Higgins
40780081869,Overall,M,V2,5,2011-02-06 00:00:00,143.0,Brittany Stanley
63534351995,Overall,M,V2,5,2011-02-06 00:00:00,142.0,  Rebecca Duncan
55951439199,Overall,F,V1,5,2011-02-06 00:00:00,94.0, Stephen Jacobson
96641276664,Overall,F,V3,5,2011-02-06 00:00:00,143.0,  Martha West
58014500483,Overall,F,V1,5,2011-02-06 00:00:00,, Nathan Hudson
71534927954,Overall,F,V2,5,2011-02-06 00:00:00,88.0, Dr. Stephanie Blankenship
27166140971,Overall,M,V3,5,2011-02-06 00:00:00,130.0,Daniel Jenkins
28764628474,Overall,F,V3,5,2011-02-06 00:00:00,82.0, Adrienne Wilson
91005428686,Overall,F,V3,5,2011-02-06 00:00:00,140.0,Ian Haas
65509335875,Overall,X,V3,5,2011-02-06 00:00:00,86.0,  Jennifer Tucker
73885526225,Overall,F,V3,5,2011-02-06 00:00:00,83.0,Michele Crawford
10613012981,Overall,M,V2,5,2011-02-06 00:00:00,124.0, Samuel Lewis
38497051377,Overall,F,V1,5,2011-02-06 00:00:00,137.0, Maria Allen
89393013421,Overall,M,V3,5,2011-02-06 00:00:00,127.0,Daniel Johns
92338620777,Overall,F,V1,5,2011-02-06 00:00:00,139.0, Gregory Frazier
40075344408,Overall,M,V3,5,2011-02-06 00:00:00,123.0,Claudia Green
53797893866,Overall,F,V2,5,2011-02-06 00:00:00,104.0, Jennifer Banks
77519731078,Overall,M,V2,5,2011-02-06 00:00:00,142.0, Edwin Hall
90657810612,Overall,F,V2,5,2011-02-06 00:00:00,130.0,  Kyle Garrett
47766680770,Overall,M,V2,5,2011-02-06 00:00:00,91.0,  Jeanette Thompson
47677272747,Overall,F,V2,5,2011-02-06 00:00:00,93.0,Tony Price
55743091939,Overall,M,V1,5,2011-02-06 00:00:00,142.0,Kimberly Gilbert
97410451627,Overall,X,V1,5,2011-02-06 00:00:00,136.0,  Susan Wright
76668089361,Overall,F,V3,5,2011-02-06 00:00:00,93.0,Christian Vaughn
62033366168,Overall,F,V3,5,2011-02-06 00:00:00,130.0,  Kelly Thomas
14552879344,Overall,F,V1,5,2011-02-06 00:00:00,146.0, Richard Anderson
42203838991,Overall,F,V2,5,2011-02-06 00:00:00,136.0, Alan Moore
84366450968,Overall,F,V2,5,2011-02-06 00:00:00,86.0, Brittney Ferguson
99640576965,Overall,F,V1,5,2011-02-06 00:00:00,102.0,  Cassandra Mcconnell
83497957791,Overall,M,V1,5,2011-02-06 00:00:00,105.0,Karen Wilson
41990436512,Overall,M,V1,5,2011-02-06 00:00:00,132.0,  Victoria Luna
49526530491,Overall,M,V3,5,2011-02-06 00:00:00,141.0,  Benjamin Edwards
29900054665,Overall,M,V3,5,2011-02-06 00:00:00,136.0,  Anthony Werner
17496869821,Overall,F,V1,5,2011-02-06 00:00:00,88.0,  Amanda Rogers
90477176698,Overall,M,V1,5,2011-02-06 00:00:00,96.0, Christine Jackson
26812194237,Overall,F,V2,5,2011-02-06 00:00:00,136.0, Sue Chavez
90477176698,Overall,M,V1,5,2011-02-06 00:00:00,94.0,Adrian Thomas
80548334438,Overall,F,V3,5,2011-02-06 00:00:00,139.0,  Danielle Howard
31071769014,Overall,F,V1,5,2011-02-06 00:00:00,126.0,James Mccarthy
87917679922,Overall,M,V3,5,2011-02-06 00:00:00,89.0,Diane Wright
89066549572,Overall,F,V1,5,2011-02-06 00:00:00,89.0,April Davies
10608065126,Overall,M,V3,5,2011-02-06 00:00:00,119.0,  Steven Perez
61034935146,Overall,M,V2,5,2011-02-06 00:00:00,127.0,  Michael Graham
20806445388,Overall,M,V1,5,2011-02-06 00:00:00,137.0,Ronald White
14975059298,Overall,M,V1,5,2011-02-06 00:00:00,88.0, Tonya Washington
64545479940,Overall,M,V1,5,2011-02-06 00:00:00,83.0,  Jennifer Duncan
10944842265,Overall,M,V3,5,2011-02-06 00:00:00,133.0, Johnny Irwin
96295342000,Overall,M,V2,5,2011-02-06 00:00:00,124.0,  Jeanette Munoz
24265115286,Overall,M,V3,5,2011-02-06 00:00:00,134.0,  Sharon Moore
31885503334,Overall,F,V2,5,2011-02-06 00:00:00,133.0,  Shawna Carlson
56325750390,Overall,F,V3,5,2011-02-06 00:00:00,129.0,Christopher Wright
18619151870,Overall,M,V3,5,2011-02-06 00:00:00,137.0,  Kevin Lawrence
57843622331,Overall,M,V2,5,2011-02-06 00:00:00,140.0, Christopher Ortiz
70575886769,Overall,F,V1,5,2011-02-06 00:00:00,90.0,Gavin Diaz
51660575301,Overall,F,V2,5,2011-02-06 00:00:00,130.0, Stephen Acosta
45657302689,Overall,M,V1,5,2011-02-06 00:00:00,141.0,  April Cruz
91214910522,Overall,M,V3,5,2011-02-06 00:00:00,123.0,  Jennifer Mcclain
96966147275,Overall,F,V3,5,2011-02-06 00:00:00,91.0,Matthew Cline
24502718237,Overall,M,V1,5,2011-02-06 00:00:00,126.0,  Courtney Walker
37337442988,Overall,F,V2,5,2011-02-06 00:00:00,85.0,Andrew Whitaker
70353277370,Overall,M,V3,5,2011-02-06 00:00:00,138.0, Victoria Clark DDS
44421195673,Overall,X,V2,5,2011-02-06 00:00:00,134.0,Gregory Kerr
24110062707,Overall,F,V3,5,2011-02-06 00:00:00,116.0,  Sara Miller
61964369916,Overall,F,V3,5,2011-02-06 00:00:00,85.0,  Alexandra Holland
43884526806,Overall,M,V1,5,2011-02-06 00:00:00,83.0,Michelle Ruiz
45246101345,Overall,M,V1,5,2011-02-06 00:00:00,127.0, Eric Cunningham
59801360213,Overall,M,V1,5,2011-02-06 00:00:00,121.0,Sara Bryant
42255068524,Overall,M,V2,5,2011-02-06 00:00:00,133.0,Michelle Cline
67495817004,Overall,M,V2,5,2011-02-06 00:00:00,138.0,  Stephanie James
67570989928,Overall,X,V3,5,2011-02-06 00:00:00,102.0,James Hunter
23124209894,Overall,F,V2,5,2011-02-06 00:00:00,128.0, Rebecca Brown
85493224315,Overall,M,V3,5,2011-02-06 00:00:00,130.0,  Marvin Wright
83650758616,Overall,F,V1,5,2011-02-06 00:00:00,137.0,Mallory Fletcher
13216415742,Overall,F,V1,5,2011-02-06 00:00:00,,Abigail Rodriguez
12412282444,Overall,M,V2,5,2011-02-06 00:00:00,121.0, Daniel Black
61216164735,Overall,F,V2,5,2011-02-06 00:00:00,128.0,Maria Lewis
30378518827,Overall,M,V3,5,2011-02-06 00:00:00,83.0,Paul Reid
80099806625,Overall,M,V2,5,2011-02-06 00:00:00,137.0, Kevin Miller
92407497801,Overall,F,V1,5,2011-02-06 00:00:00,141.0, Julia Wang
21069815832,Overall,M,V1,5,2011-02-06 00:00:00,129.0,  Bobby Gross
96966147275,Overall,F,V2,5,2011-02-06 00:00:00,89.0,Carlos Mccann
60607879146,Overall,M,V3,5,2011-02-06 00:00:00,86.0, Jacob Smith
87118913954,Overall,M,V3,5,2011-02-06 00:00:00,139.0,  Katherine Chan
15191885949,Overall,F,V3,5,2011-02-06 00:00:00,88.0,Bryan Herrera
29411605755,Overall,M,V2,5,2011-02-06 00:00:00,129.0, Kristin Fox
99495421853,Overall,M,V2,5,2011-02-06 00:00:00,92.0, Michael Spencer
82363434884,Overall,F,V2,5,2011-02-06 00:00:00,146.0, Robert Campbell
78519419569,Overall,F,V2,5,2011-02-06 00:00:00,94.0, Brandi Romero
48044331943,Overall,F,V2,5,2011-02-06 00:00:00,137.0,  Jeffrey Knox
29824544142,Overall,F,V2,5,2011-02-06 00:00:00,138.0,  Daniel Moses
92983323836,Overall,M,V1,5,2011-02-06 00:00:00,86.0,Carla Gomez
68101552137,Overall,F,V3,5,2011-02-06 00:00:00,123.0, Suzanne Wilson
32852750611,Overall,M,V1,5,2011-02-06 00:00:00,128.0, Jon Pugh
94235527643,Overall,F,V3,5,2011-02-06 00:00:00,143.0,Edward Sellers
44713663407,Overall,F,V1,5,2011-02-06 00:00:00,136.0,  James Wilson
97983614482,Overall,M,V2,5,2011-02-06 00:00:00,85.0,  Beverly Mack
77611570687,Overall,M,V3,5,2011-02-06 00:00:00,84.0,  Brandon Duffy
10944842265,Overall,M,V1,5,2011-02-06 00:00:00,132.0,  Laurie Garcia
93197659248,Overall,F,V1,5,2011-02-06 00:00:00,92.0, Ricardo Roberts
95341631042,Overall,M,V3,5,2011-02-06 00:00:00,125.0,Melanie Johnson
71076518542,Overall,F,V2,5,2011-02-06 00:00:00,137.0,  Elizabeth Peters
86443085641,Overall,F,V1,5,2011-02-06 00:00:00,138.0, Kyle Crawford
84697203882,Overall,F,V2,5,2011-02-06 00:00:00,143.0,Beverly Manning
52627412738,Overall,F,V3,5,2011-02-06 00:00:00,134.0, Alfred Jackson
32695743125,Overall,F,V3,5,2011-02-06 00:00:00,134.0, Jeffrey Hunter
50087742344,Overall,F,V3,5,2011-02-06 00:00:00,128.0,Devon Mendoza
71910499167,Overall,F,V3,5,2011-02-06 00:00:00,88.0, Lisa Huber
36916197699,Overall,F,V3,5,2011-02-06 00:00:00,93.0, Cheryl Pacheco
33954447689,Overall,M,V1,5,2011-02-06 00:00:00,94.0,  Richard Gray
93769481683,Overall,M,V3,5,2011-02-06 00:00:00,90.0,  Christopher Joseph
98199253241,Overall,M,V2,5,2011-02-06 00:00:00,141.0,  Fred Hall
84499273304,Overall,F,V3,5,2011-02-06 00:00:00,140.0,Bianca Morris
50811638678,Overall,M,V3,5,2011-02-06 00:00:00,138.0, Cynthia Martin DVM
39693395857,Overall,F,V3,5,2011-02-06 00:00:00,95.0,Kimberly Jackson
36578463893,Overall,F,V2,5,2011-02-06 00:00:00,89.0,Dorothy Barrett
70471017876,Overall,M,V1,5,2011-02-06 00:00:00,137.0,Matthew Franco
85711785008,Overall,M,V3,5,2011-02-06 00:00:00,141.0,  Steven Martin
30899332520,Overall,M,V1,5,2011-02-06 00:00:00,137.0,  Norma Lawrence
97919697853,Overall,M,V2,5,2011-02-06 00:00:00,97.0,Beth Henderson
47155501951,Overall,F,V3,5,2011-02-06 00:00:00,131.0,  Jay Newman
68893783053,Overall,X,V3,5,2011-02-06 00:00:00,84.0,Heather Brady
57647651712,Overall,F,V1,5,2011-02-06 00:00:00,142.0,Robert Hawkins Jr.
75781996509,Overall,M,V1,5,2011-02-06 00:00:00,101.0,Zachary Williams
26392892614,Overall,M,V2,5,2011-02-06 00:00:00,140.0,  Lisa Thomas
43612185762,Overall,M,V2,5,2011-02-06 00:00:00,135.0,Miguel Juarez
93411768796,Overall,X,V1,5,2011-02-06 00:00:00,86.0,Arthur Mcgee
60267925638,Overall,M,V1,5,2011-02-06 00:00:00,90.0, Stephen May
38967168144,Overall,F,V3,5,2011-02-06 00:00:00,140.0,  Guy Anderson
86847080505,Overall,M,V1,5,2011-02-06 00:00:00,139.0,  John Tanner
57122099610,Overall,M,V1,5,2011-02-06 00:00:00,126.0, Derrick Jones
47521934112,Overall,M,V1,5,2011-02-06 00:00:00,126.0,John Ray
84490788564,Overall,M,V3,5,2011-02-06 00:00:00,87.0,  Elizabeth Franklin
15645471708,Overall,F,V1,5,2011-02-06 00:00:00,130.0,Kenneth King
85190563622,Overall,M,V1,5,2011-02-06 00:00:00,139.0,  Debbie Sims
47438777671,Overall,F,V1,5,2011-02-06 00:00:00,91.0, Richard Murray
89510971993,Overall,M,V2,5,2011-02-06 00:00:00,92.0,  Ashlee Horton
91755459813,Overall,F,V3,5,2011-02-06 00:00:00,91.0, Christina Rivera
57293059145,Overall,F,V3,5,2011-02-06 00:00:00,140.0,  Leah Davis
19333593327,Overall,F,V1,5,2011-02-06 00:00:00,141.0, Jonathon Garrett
70172496123,Overall,F,V3,5,2011-02-06 00:00:00,131.0, Kristin Charles
70332422359,Overall,F,V1,5,2011-02-06 00:00:00,127.0,James Calderon
55951439199,Overall,M,V3,5,2011-02-06 00:00:00,89.0,  Joseph Small
73406366114,Overall,F,V2,5,2011-02-06 00:00:00,124.0,  Jessica Cox
72048507543,Overall,M,V1,5,2011-02-06 00:00:00,126.0, Eric Kelly
18829874473,Overall,M,V2,5,2011-02-06 00:00:00,87.0,  Mary Randolph
20004654090,Overall,M,V2,5,2011-02-06 00:00:00,116.0,  Luke Taylor
55376573245,Overall,M,V3,5,2011-02-06 00:00:00,139.0,Anna Flores
22433141017,Overall,F,V3,5,2011-02-06 00:00:00,124.0,Dawn Hernandez
65022709705,Overall,M,V2,5,2011-02-06 00:00:00,130.0,Diana Mendez
12397286689,Overall,F,V3,5,2011-02-06 00:00:00,86.0,  Katherine Johnson
41976229285,Overall,F,V3,5,2011-02-06 00:00:00,138.0,  Tara Boyd
24358021526,Overall,M,V2,5,2011-02-06 00:00:00,125.0, Carol Murphy
18350582029,Overall,M,V1,5,2011-02-06 00:00:00,135.0,David Hurley
27139702750,Overall,M,V3,5,2011-02-06 00:00:00,133.0,Andrea Rose
32308366994,Overall,M,V3,5,2011-02-06 00:00:00,143.0,Travis Delgado
32865036719,Overall,M,V3,5,2011-02-06 00:00:00,142.0, Robin Duncan MD
35307824187,Overall,F,V3,5,2011-02-06 00:00:00,138.0,Kristi Greene
67570989928,Overall,F,V1,5,2011-02-06 00:00:00,100.0,  Tracy Jackson
97761331605,Overall,F,V2,5,2011-02-06 00:00:00,135.0, Robert Leon
59448525125,Overall,M,V1,5,2011-02-06 00:00:00,140.0, Patricia Gutierrez
78519419569,Overall,F,V2,5,2011-02-06 00:00:00,94.0,Justin Morrow
29203823080,Overall,M,V3,5,2011-02-06 00:00:00,124.0,Keith Sutton
27191568583,Overall,F,V1,5,2011-02-06 00:00:00,144.0,Gregory Jenkins
63704563914,Overall,F,V2,5,2011-02-06 00:00:00,140.0, Sara Knox
97291598150,Overall,M,V2,5,2011-02-06 00:00:00,83.0,Emily Howe
74868255558,Overall,M,V3,5,2011-02-06 00:00:00,93.0,  Brittany Hammond
36300681994,Overall,F,V1,5,2011-02-06 00:00:00,134.0,  Roger Sanders
40896976598,Overall,M,V3,5,2011-02-06 00:00:00,102.0,Dustin Green
39500542894,Overall,M,V2,5,2011-02-06 00:00:00,140.0,  Lori Williams
91753040023,Overall,F,V3,5,2011-02-06 00:00:00,128.0, Adrienne Collins
43947242655,Overall,F,V1,5,2011-02-06 00:00:00,134.0,Charles Duncan
50627516974,Overall,F,V3,5,2011-02-06 00:00:00,141.0,  Stanley Myers
14163904435,Overall,F,V2,5,2011-02-06 00:00:00,133.0,Sarah Simpson
29258093021,Overall,M,V2,5,2011-02-06 00:00:00,132.0,Helen Peters
79894731130,Overall,F,V3,5,2011-02-06 00:00:00,137.0,Brian Walker
76299796174,Overall,F,V3,5,2011-02-06 00:00:00,91.0, Ariel Castillo
24501612946,Overall,M,V1,5,2011-02-06 00:00:00,129.0,Michaela Meyer
19874348618,Overall,M,V3,5,2011-02-06 00:00:00,82.0, Melinda Vaughan
93811133728,Overall,M,V2,5,2011-02-06 00:00:00,133.0, Nicholas Holmes
14694941398,Overall,F,V2,5,2011-02-06 00:00:00,91.0,Samantha Thomas
89818244623,Overall,M,V2,5,2011-02-06 00:00:00,140.0, Courtney Tran
38020160128,Overall,F,V1,5,2011-02-06 00:00:00,121.0,  Paige Copeland
96514288387,Overall,M,V1,5,2011-02-06 00:00:00,87.0,Jennifer Rivera
41930427210,Overall,F,V3,5,2011-02-06 00:00:00,124.0, Danielle Ramirez
57476371202,Overall,F,V1,5,2011-02-06 00:00:00,131.0,  Kyle Gardner
89217633044,Overall,F,V2,5,2011-02-06 00:00:00,136.0,Patricia Jordan
36199520024,Overall,F,V1,5,2011-02-06 00:00:00,124.0, Aaron Ray
67448782273,Overall,F,V2,5,2011-02-06 00:00:00,88.0,Brian Lewis
91004194016,Overall,F,V1,5,2011-02-06 00:00:00,124.0, Brittany Rodriguez
48244620292,Overall,M,V3,5,2011-02-06 00:00:00,133.0,Deborah Brooks
75120026910,Overall,F,V1,5,2011-02-06 00:00:00,122.0, Christine Shaw
99785360603,Overall,F,V3,5,2011-02-06 00:00:00,141.0,John Sanchez
34630506094,Overall,M,V2,5,2011-02-06 00:00:00,127.0,Justin Rose
62237006154,Overall,M,V3,5,2011-02-06 00:00:00,127.0,Andrea Smith
96438644858,Overall,F,V2,5,2011-02-06 00:00:00,87.0,  Richard Gonzalez
38884212519,Overall,M,V1,5,2011-02-06 00:00:00,84.0,  Mr. Richard Robinson DDS
83206880747,Overall,M,V2,5,2011-02-06 00:00:00,85.0, Joy Garcia
93033355481,Overall,F,V1,5,2011-02-06 00:00:00,136.0, Mario Smith
75224216622,Overall,M,V1,5,2011-02-06 00:00:00,127.0,Bruce Banks
37216458467,Overall,M,V3,5,2011-02-06 00:00:00,144.0,Ashley Wagner
72552102071,Overall,M,V2,5,2011-02-06 00:00:00,125.0,Angela Hutchinson
75952659916,Overall,F,V3,5,2011-02-06 00:00:00,92.0, Sharon Gonzalez
77846897169,Overall,F,V2,5,2011-02-06 00:00:00,103.0, William Livingston
71981853017,Overall,M,V1,5,2011-02-06 00:00:00,138.0, John Weaver
20806445388,Overall,M,V1,5,2011-02-06 00:00:00,137.0,Donald Perez
16322087165,Overall,F,V1,5,2011-02-06 00:00:00,134.0,Sarah Turner
32988876209,Overall,M,V1,5,2011-02-06 00:00:00,88.0, Nicole Stokes
18594400889,Overall,M,V1,5,2011-02-06 00:00:00,139.0,  Katherine Moore
50903675580,Overall,M,V1,5,2011-02-06 00:00:00,131.0,Travis Pace
32308366994,Overall,M,V2,5,2011-02-06 00:00:00,144.0, Mrs. Michelle Carter DDS
77611570687,Overall,M,V2,5,2011-02-06 00:00:00,85.0,Marie Myers
89397782240,Overall,F,V2,5,2011-02-06 00:00:00,84.0,  Charles Bell
20046032332,Overall,M,V2,5,2011-02-06 00:00:00,111.0,Vanessa Floyd
47731133328,Overall,M,V1,5,2011-02-06 00:00:00,132.0, Paul Montgomery
62237006154,Overall,F,V3,5,2011-02-06 00:00:00,125.0,  Patrick Smith
32294717904,Overall,M,V1,5,2011-02-06 00:00:00,138.0,Danielle Lopez
84535825682,Overall,F,V2,5,2011-02-06 00:00:00,146.0,  Rebecca Wells
81017100703,Overall,M,V1,5,2011-02-06 00:00:00,120.0,Bonnie Brown
23086462815,Overall,F,V3,5,2011-02-06 00:00:00,134.0, Walter Estes
40780081869,Overall,F,V3,5,2011-02-06 00:00:00,145.0,Julie Parker
59164784040,Overall,M,V2,5,2011-02-06 00:00:00,144.0,  Kimberly Drake
61996967428,Overall,F,V3,5,2011-02-06 00:00:00,94.0, Cristian Vega
66336488159,Overall,F,V1,5,2011-02-06 00:00:00,87.0,Nancy Long
89964821083,Overall,X,V1,5,2011-02-06 00:00:00,,Wayne Zavala
85588750987,Overall,M,V1,5,2011-02-06 00:00:00,96.0,Gary Miller
51938850247,Overall,F,V1,5,2011-02-06 00:00:00,136.0,  Robert Wilson
62122545968,Overall,M,V1,5,2011-02-06 00:00:00,137.0,  Tammy Franklin
49141391293,Overall,F,V1,5,2011-02-06 00:00:00,134.0, Mary Cisneros
35663218245,Overall,M,V1,5,2011-02-06 00:00:00,129.0, Mark Parker
26531174654,Overall,M,V2,5,2011-02-06 00:00:00,136.0,  Diana Sanchez
18149257222,Overall,M,V2,5,2011-02-06 00:00:00,128.0,  Teresa Lewis
33962309840,Overall,F,V3,5,2011-02-06 00:00:00,137.0,Hector Noble
55735540110,Overall,F,V3,5,2011-02-06 00:00:00,129.0, Shane Romero
92902998580,Overall,M,V2,5,2011-02-06 00:00:00,91.0,  Douglas Castillo
45910267972,Overall,F,V2,5,2011-02-06 00:00:00,138.0,Courtney Pitts
12644035519,Overall,F,V1,5,2011-02-06 00:00:00,134.0,Stephanie Morrow
44252455755,Overall,M,V1,5,2011-02-06 00:00:00,136.0, Timothy Gonzalez
22149566139,Overall,M,V2,5,2011-02-06 00:00:00,135.0,Allison Harris
94551260048,Overall,M,V3,5,2011-02-06 00:00:00,137.0,  Lori Hardy
43661906350,Overall,F,V3,5,2011-02-06 00:00:00,130.0,  Gloria Williams
36473323513,Overall,F,V2,5,2011-02-06 00:00:00,125.0,Tammy Garner
20046032332,Overall,M,V3,5,2011-02-06 00:00:00,109.0, Lauren Heath
44021484951,Overall,M,V1,5,2011-02-06 00:00:00,138.0, Kyle Macdonald
46356957465,Overall,M,V1,5,2011-02-06 00:00:00,85.0,  Cassandra Chen
57427149925,Overall,F,V3,5,2011-02-06 00:00:00,85.0, Miguel Reed
62389257161,Overall,M,V3,5,2011-02-06 00:00:00,140.0, Alan Allen
76026295940,Overall,F,V2,5,2011-02-06 00:00:00,138.0,Barbara Grimes
53214635726,Overall,M,V2,5,2011-02-06 00:00:00,140.0,  Christopher Nelson
69964736975,Overall,M,V3,5,2011-02-06 00:00:00,97.0,Kim Rose
42534798112,Overall,M,V3,5,2011-02-06 00:00:00,134.0,  Teresa Garcia
90239976137,Overall,F,V1,5,2011-02-06 00:00:00,145.0, Taylor King
16487228467,Overall,F,V3,5,2011-02-06 00:00:00,86.0,Crystal Jackson
34630506094,Overall,F,V3,5,2011-02-06 00:00:00,129.0, Zachary Smith
10978522818,Overall,F,V2,5,2011-02-06 00:00:00,140.0,Marcus Clark
86347838174,Overall,F,V3,5,2011-02-06 00:00:00,87.0,  Charles Thompson
77188929092,Overall,M,V1,5,2011-02-06 00:00:00,92.0,  John Rogers
25851317524,Overall,M,V1,5,2011-02-06 00:00:00,125.0, Anthony Johnson
70728385805,Overall,M,V3,5,2011-02-06 00:00:00,142.0,  Brett Medina
59045514486,Overall,M,V3,5,2011-02-06 00:00:00,137.0,  Jacob Burns
91569131788,Overall,F,V1,5,2011-02-06 00:00:00,86.0,Brianna Shannon
58117729182,Overall,F,V3,5,2011-02-06 00:00:00,143.0,  Kenneth Jackson
85340760438,Overall,M,V3,5,2011-02-06 00:00:00,137.0,Zachary Walker
84685334146,Overall,M,V1,5,2011-02-06 00:00:00,144.0,Dr. Amanda Levine
52237297454,Overall,F,V2,5,2011-02-06 00:00:00,140.0, Glenn Santiago
19481003947,Overall,F,V3,5,2011-02-06 00:00:00,132.0,  Christine Dean
51874337564,Overall,F,V1,5,2011-02-06 00:00:00,87.0,Susan Mathews
43686637214,Overall,F,V1,5,2011-02-06 00:00:00,142.0,James Parker
93918237664,Overall,F,V2,5,2011-02-06 00:00:00,88.0,Tanya Gordon
50634030101,Overall,M,V1,5,2011-02-06 00:00:00,111.0, Sonya Barrett
17643197735,Overall,F,V3,5,2011-02-06 00:00:00,138.0,Scott Decker
47385824017,Overall,M,V3,5,2011-02-06 00:00:00,136.0,Jason Jones
27212134237,Overall,F,V2,5,2011-02-06 00:00:00,127.0,  Christine Davis DDS
63398072023,Overall,M,V1,5,2011-02-06 00:00:00,134.0, Dr. Tyler Powers
77228164279,Overall,M,V2,5,2011-02-06 00:00:00,88.0,  Arthur Choi
93033355481,Overall,F,V3,5,2011-02-06 00:00:00,140.0, Michael Moore
50351570194,Overall,F,V2,5,2011-02-06 00:00:00,133.0, Jeremy Dennis
54820921410,Overall,F,V3,5,2011-02-06 00:00:00,129.0,  Wendy Stone
92983323836,Overall,F,V3,5,2011-02-06 00:00:00,85.0,  Jane Lin
31024455927,Overall,M,V3,5,2011-02-06 00:00:00,135.0,  Bruce Barrera
74538737516,Overall,M,V3,5,2011-02-06 00:00:00,82.0,  Christine Oliver
21618551133,Overall,F,V3,5,2011-02-06 00:00:00,128.0,  Dylan Koch
64075081588,Overall,M,V3,5,2011-02-06 00:00:00,143.0,  David Taylor
64969812241,Overall,F,V3,5,2011-02-06 00:00:00,87.0,Jennifer Kelley
96665789020,Overall,M,V1,5,2011-02-06 00:00:00,84.0,Jacqueline Williams
78519419569,Overall,M,V1,5,2011-02-06 00:00:00,93.0,  Shannon Wolf
68117792137,Overall,F,V1,5,2011-02-06 00:00:00,87.0,  David Ortiz
97008056435,Overall,M,V2,5,2011-02-06 00:00:00,138.0, Tammie Cortez
11331744008,Overall,F,V3,5,2011-02-06 00:00:00,116.0,Charles Armstrong
75970738496,Overall,M,V1,5,2011-02-06 00:00:00,94.0,Jerry Middleton
20808597833,Overall,M,V3,5,2011-02-06 00:00:00,141.0, Linda Hammond
34068776423,Overall,M,V3,5,2011-02-06 00:00:00,137.0, Kimberly Clark
75872773604,Overall,F,V1,5,2011-02-06 00:00:00,86.0,  Benjamin Ortiz
72728562187,Overall,F,V2,5,2011-02-06 00:00:00,144.0,  Cody Wallace
15677448180,Overall,M,V2,5,2011-02-06 00:00:00,135.0,  Paul Kelley
81776063185,Overall,F,V1,5,2011-02-06 00:00:00,145.0,Mark Hudson
10986100458,Overall,M,V3,5,2011-02-06 00:00:00,126.0,Paige May
40347345241,Overall,M,V1,5,2011-02-06 00:00:00,126.0, Anne Morris
93421354456,Overall,F,V3,5,2011-02-06 00:00:00,140.0,Edwin Sanders
42534798112,Overall,M,V1,5,2011-02-06 00:00:00,133.0,Penny Valenzuela
62237006154,Overall,M,V2,5,2011-02-06 00:00:00,126.0,Leah Wagner
58193366731,Overall,M,V3,5,2011-02-06 00:00:00,138.0, Paige Miller
27953269029,Overall,M,V1,5,2011-02-06 00:00:00,87.0,  Angie White
58663627186,Overall,F,V1,5,2011-02-06 00:00:00,85.0,Matthew Gutierrez
94837811483,Overall,F,V1,5,2011-02-06 00:00:00,144.0,  Melissa Leonard
14426274479,Overall,M,V3,5,2011-02-06 00:00:00,142.0,Austin Lewis
31517511618,Overall,M,V2,5,2011-02-06 00:00:00,124.0,Antonio Ford
72126744065,Overall,M,V1,5,2011-02-06 00:00:00,134.0, Teresa Harris
89619656325,Overall,F,V2,5,2011-02-06 00:00:00,85.0, Blake Decker
87191738468,Overall,M,V3,5,2011-02-06 00:00:00,90.0, Walter Harris
14426274479,Overall,M,V1,5,2011-02-06 00:00:00,144.0, Joe Moss
32720981380,Overall,F,V2,5,2011-02-06 00:00:00,129.0,  Christina Sanders
77935306237,Overall,F,V1,5,2011-02-06 00:00:00,141.0, William Sosa
31024455927,Overall,M,V1,5,2011-02-06 00:00:00,135.0, Jasmine Douglas
91004194016,Overall,M,V1,5,2011-02-06 00:00:00,125.0,Allison Goodman
26305013826,Overall,M,V3,5,2011-02-06 00:00:00,126.0,  Mark Carter
77935306237,Overall,F,V1,5,2011-02-06 00:00:00,143.0,  Brian Santos
51660575301,Overall,F,V1,5,2011-02-06 00:00:00,133.0, Geoffrey Finley
75952659916,Overall,F,V1,5,2011-02-06 00:00:00,87.0, Tara Howell
21151850952,Overall,F,V2,5,2011-02-06 00:00:00,121.0,Jessica Morris
57843622331,Overall,M,V1,5,2011-02-06 00:00:00,140.0,  Wayne Barnes
64225858788,Overall,F,V3,5,2011-02-06 00:00:00,98.0,  Mrs. Danielle Allen
61801105275,Overall,M,V1,5,2011-02-06 00:00:00,123.0,Luis Cole
40808895237,Overall,F,V3,5,2011-02-06 00:00:00,145.0, Cameron Russo
30385325756,Overall,F,V2,5,2011-02-06 00:00:00,143.0,  Kenneth Suarez
72516753566,Overall,F,V1,5,2011-02-06 00:00:00,142.0, Deanna Lopez
40920659986,Overall,M,V2,5,2011-02-06 00:00:00,85.0, Christopher Jenkins
91214910522,Overall,M,V3,5,2011-02-06 00:00:00,120.0, Dr. John Hatfield MD
60646309136,Overall,F,V1,5,2011-02-06 00:00:00,135.0,  Heidi Hendrix
23480008246,Overall,F,V2,5,2011-02-06 00:00:00,124.0,  Mario Meyer
86540121009,Overall,M,V2,5,2011-02-06 00:00:00,123.0,Michael Nixon
41717296700,Overall,M,V2,5,2011-02-06 00:00:00,128.0,  Timothy Lee
77445761879,Overall,M,V1,5,2011-02-06 00:00:00,99.0,Annette Espinoza
25322270029,Overall,M,V2,5,2011-02-06 00:00:00,, Jimmy Hester
26812194237,Overall,M,V2,5,2011-02-06 00:00:00,135.0,Timothy White
97067333486,Overall,F,V2,5,2011-02-06 00:00:00,141.0,Lydia Williams
56599892220,Overall,M,V3,5,2011-02-06 00:00:00,86.0, Manuel Griffin
54290998384,Overall,F,V2,5,2011-02-06 00:00:00,94.0, Daniel Cook
99132092057,Overall,M,V2,5,2011-02-06 00:00:00,139.0,  Krista Jordan
35478434308,Overall,F,V2,5,2011-02-06 00:00:00,140.0,Bonnie Lang MD
33801575002,Overall,M,V3,5,2011-02-06 00:00:00,119.0,  Shannon Hall
17919356707,Overall,F,V3,5,2011-02-06 00:00:00,85.0,  Robert Sanchez
39631460144,Overall,F,V1,5,2011-02-06 00:00:00,129.0, Mark Villarreal
67048438195,Overall,F,V1,5,2011-02-06 00:00:00,140.0,Dawn Banks
82423347282,Overall,F,V1,5,2011-02-06 00:00:00,134.0,Dean Ortiz
89848512614,Overall,M,V3,5,2011-02-06 00:00:00,84.0,Tracey Stevenson
58122986627,Overall,M,V3,5,2011-02-06 00:00:00,87.0,  Kimberly Perez
99316406578,Overall,M,V2,5,2011-02-06 00:00:00,90.0,  Seth Morales
38541204558,Overall,F,V2,5,2011-02-06 00:00:00,127.0,  Sheri Snyder
73787954179,Overall,F,V2,5,2011-02-06 00:00:00,95.0, Michael Ortiz
10285752353,Overall,F,V2,5,2011-02-06 00:00:00,129.0, Jeffrey Johnson
73319163097,Overall,F,V2,5,2011-02-06 00:00:00,134.0, Jacqueline Guzman
53763804361,Overall,M,V1,5,2011-02-06 00:00:00,138.0,  Tammy Taylor
26754744447,Overall,F,V3,5,2011-02-06 00:00:00,85.0,Christopher Bell
62797127785,Overall,F,V1,5,2011-02-06 00:00:00,85.0,  Kyle York
51053360231,Overall,M,V2,5,2011-02-06 00:00:00,120.0,Lisa Davis
85190563622,Overall,F,V1,5,2011-02-06 00:00:00,140.0, Timothy Jackson
66661092604,Overall,F,V3,5,2011-02-06 00:00:00,140.0,  Cindy Brown
11624244571,Overall,M,V2,5,2011-02-06 00:00:00,129.0,  Robert Morales
81231922645,Overall,M,V2,5,2011-02-06 00:00:00,131.0, Kelly Lambert
85274237474,Overall,F,V1,5,2011-02-06 00:00:00,143.0,  Michelle Gonzalez
82764390739,Overall,F,V1,5,2011-02-06 00:00:00,83.0, Diane Francis
23847184543,Overall,F,V2,5,2011-02-06 00:00:00,140.0,Courtney Duran
96978398091,Overall,F,V2,5,2011-02-06 00:00:00,101.0,Holly Haynes
13777677718,Overall,F,V2,5,2011-02-06 00:00:00,88.0,Logan Barnes
95107607168,Overall,M,V3,5,2011-02-06 00:00:00,140.0,  Jennifer Mcguire
64661148999,Overall,M,V1,5,2011-02-06 00:00:00,89.0,  Michelle Nunez
93564997027,Overall,M,V1,5,2011-02-06 00:00:00,92.0,  Michael Moyer
14299303400,Overall,M,V2,5,2011-02-06 00:00:00,122.0,Richard Wolf
78067522866,Overall,F,V1,5,2011-02-06 00:00:00,144.0,  Monica Phillips
55162317757,Overall,M,V1,5,2011-02-06 00:00:00,131.0,  Laurie Jones
81793649075,Overall,F,V2,5,2011-02-06 00:00:00,88.0, Jodi Miller
81059268801,Overall,F,V1,5,2011-02-06 00:00:00,,Carrie Hill
52627412738,Overall,F,V1,5,2011-02-06 00:00:00,131.0,  Sarah Cooper
40677619301,Overall,F,V3,5,2011-02-06 00:00:00,133.0,Larry Johnson
99785360603,Overall,F,V1,5,2011-02-06 00:00:00,144.0, Loretta Rojas
21786701564,Overall,M,V1,5,2011-02-06 00:00:00,134.0, Jennifer Leon
80477070964,Overall,M,V3,5,2011-02-06 00:00:00,87.0, Anthony Garcia
56192666330,Overall,F,V3,5,2011-02-06 00:00:00,135.0, Jay Richmond
23086462815,Overall,F,V2,5,2011-02-06 00:00:00,130.0,Stephanie Thomas
70999919688,Overall,M,V3,5,2011-02-06 00:00:00,102.0,  Austin Smith
29900054665,Overall,F,V3,5,2011-02-06 00:00:00,133.0,  Danielle Phelps
54563931614,Overall,F,V1,5,2011-02-06 00:00:00,139.0, Erika Moreno
93104584713,Overall,M,V1,5,2011-02-06 00:00:00,133.0, Carl Robinson
82147807321,Overall,F,V1,5,2011-02-06 00:00:00,133.0,  Lori Peters
13621417719,Overall,M,V2,5,2011-02-06 00:00:00,135.0, Dustin Berger
49840230840,Overall,F,V1,5,2011-02-06 00:00:00,132.0,David Thomas
29542853485,Overall,F,V2,5,2011-02-06 00:00:00,144.0,  Tommy Russell
39007937612,Overall,F,V1,5,2011-02-06 00:00:00,128.0,  Brandy Bates
51116541200,Overall,M,V3,5,2011-02-06 00:00:00,113.0,  David Hansen
10745141541,Overall,F,V1,5,2011-02-06 00:00:00,119.0,Kathryn Brooks
70514787640,Overall,F,V1,5,2011-02-06 00:00:00,138.0, Steven Lawrence
21786701564,Overall,M,V1,5,2011-02-06 00:00:00,136.0,  Danielle Fisher
91627863710,Overall,M,V3,5,2011-02-06 00:00:00,137.0, Michael Fleming
21993525588,Overall,F,V2,5,2011-02-06 00:00:00,86.0, Larry Taylor
48307390171,Overall,M,V3,5,2011-02-06 00:00:00,134.0,  Kenneth Clark
20470057185,Overall,M,V2,5,2011-02-06 00:00:00,124.0, Benjamin Cowan
86930864835,Overall,F,V3,5,2011-02-06 00:00:00,88.0, Deborah Bell
90010127056,Overall,M,V1,5,2011-02-06 00:00:00,120.0,  Sarah Gray
90291836793,Overall,F,V1,5,2011-02-06 00:00:00,88.0,  Adam Green
44456835634,Overall,F,V2,5,2011-02-06 00:00:00,138.0, Joann Cobb DDS
20026855646,Overall,M,V2,5,2011-02-06 00:00:00,135.0,  Gary Franklin
65914026077,Overall,F,V1,5,2011-02-06 00:00:00,129.0, Judy Reed
14168925778,Overall,F,V1,5,2011-02-06 00:00:00,89.0, Miss Jennifer Dean DVM
80494169614,Overall,F,V1,5,2011-02-06 00:00:00,134.0,Teresa Pollard
62580302745,Overall,F,V3,5,2011-02-06 00:00:00,132.0,  Andre Scott
46586269804,Overall,F,V2,5,2011-02-06 00:00:00,84.0, Rachel Stone
49126511352,Overall,M,V3,5,2011-02-06 00:00:00,122.0, Michele Spencer
54907014612,Overall,F,V2,5,2011-02-06 00:00:00,132.0,Dana Bowen
52682401259,Overall,M,V3,5,2011-02-06 00:00:00,133.0, Jared Kelley
40226709766,Overall,M,V2,5,2011-02-06 00:00:00,141.0, Johnny Morris
91177130257,Overall,F,V3,5,2011-02-06 00:00:00,126.0,Alyssa Franklin
64268875790,Overall,F,V2,5,2011-02-06 00:00:00,85.0, Lauren Robles
14141240207,Overall,F,V1,5,2011-02-06 00:00:00,116.0, John Wong
42018526644,Overall,M,V1,5,2011-02-06 00:00:00,138.0, Lisa Mays
48396427888,Overall,F,V2,5,2011-02-06 00:00:00,97.0,Jeremy Clark
59079274686,Overall,M,V3,5,2011-02-06 00:00:00,90.0,Sean Jones
72078166486,Overall,M,V1,5,2011-02-06 00:00:00,87.0,  Sharon Daniels
35868898505,Overall,F,V1,5,2011-02-06 00:00:00,87.0, Benjamin Moyer
45626601587,Overall,M,V1,5,2011-02-06 00:00:00,139.0, Shawn Perez DDS
31174485917,Overall,F,V1,5,2011-02-06 00:00:00,133.0, David Black
86619559672,Overall,F,V1,5,2011-02-06 00:00:00,86.0,  Kent Brown
14163904435,Overall,M,V3,5,2011-02-06 00:00:00,131.0, Kathleen Hamilton
96708691069,Overall,F,V3,5,2011-02-06 00:00:00,84.0,Susan Adams
25949400133,Overall,M,V1,5,2011-02-06 00:00:00,127.0,  James Farley
66373043297,Overall,M,V1,5,2011-02-06 00:00:00,139.0,  Theresa Gomez DDS
83179751746,Overall,M,V2,5,2011-02-06 00:00:00,84.0,Patrick Watson
34669821602,Overall,M,V3,5,2011-02-06 00:00:00,129.0,Kayla Blair
94341939380,Overall,F,V2,5,2011-02-06 00:00:00,145.0,Mr. Christopher Guerra
69794922346,Overall,M,V3,5,2011-02-06 00:00:00,86.0,Karen Patel
99573950263,Overall,M,V1,5,2011-02-06 00:00:00,92.0, Holly Ortiz
86978488322,Overall,M,V2,5,2011-02-06 00:00:00,93.0, Robert Robinson
65232597970,Overall,F,V1,5,2011-02-06 00:00:00,84.0,Jeremy Nelson
76129971954,Overall,M,V3,5,2011-02-06 00:00:00,81.0, Sharon Cabrera
70502685396,Overall,M,V1,5,2011-02-06 00:00:00,145.0,  Keith Hughes
15613931915,Overall,M,V2,5,2011-02-06 00:00:00,128.0,John Banks
64199952270,Overall,M,V3,5,2011-02-06 00:00:00,86.0, Chad Thornton
26265322123,Overall,F,V1,5,2011-02-06 00:00:00,126.0,  Christopher Powers
70935976787,Overall,M,V1,5,2011-02-06 00:00:00,90.0,Brandon Obrien
50522525847,Overall,F,V3,5,2011-02-06 00:00:00,133.0,James Jimenez
57033488382,Overall,M,V3,5,2011-02-06 00:00:00,133.0,Adrian George
33339818986,Overall,M,V2,5,2011-02-06 00:00:00,93.0, April Gomez
26531174654,Overall,M,V1,5,2011-02-06 00:00:00,133.0,  Howard Taylor
12241371215,Overall,F,V3,5,2011-02-06 00:00:00,118.0, Christina Johnson
64427716338,Overall,F,V1,5,2011-02-06 00:00:00,136.0,  Donna Whitaker
34299827134,Overall,M,V1,5,2011-02-06 00:00:00,141.0,Patricia Hale
87353658619,Overall,F,V2,5,2011-02-06 00:00:00,85.0,Cody Atkins
22237622104,Overall,M,V2,5,2011-02-06 00:00:00,115.0,Melissa Chavez
36199520024,Overall,M,V2,5,2011-02-06 00:00:00,123.0, Michael Russell
64075081588,Overall,M,V1,5,2011-02-06 00:00:00,139.0,Ray Thomas
34971022957,Overall,F,V1,5,2011-02-06 00:00:00,136.0,  Joshua Wiggins
53113462664,Overall,F,V2,5,2011-02-06 00:00:00,131.0,Stephen Washington
40347345241,Overall,M,V2,5,2011-02-06 00:00:00,125.0,Kevin Santiago
16591858376,Overall,F,V1,5,2011-02-06 00:00:00,88.0,  Kimberly Brown
69520165255,Overall,F,V3,5,2011-02-06 00:00:00,137.0,Monica Johnson
56192666330,Overall,M,V2,5,2011-02-06 00:00:00,139.0,  Desiree Gutierrez
87501878406,Overall,F,V1,5,2011-02-06 00:00:00,140.0,  Elizabeth Allen
35918720697,Overall,F,V3,5,2011-02-06 00:00:00,92.0, Alexis Flynn
85838515027,Overall,F,V3,5,2011-02-06 00:00:00,135.0,Michael Collins
80099806625,Overall,F,V2,5,2011-02-06 00:00:00,141.0, Dustin Henderson
15660655037,Overall,M,V1,5,2011-02-06 00:00:00,133.0,Brent Zimmerman
10062407788,Overall,F,V2,5,2011-02-06 00:00:00,127.0, Matthew Johnson
87184073596,Overall,F,V2,5,2011-02-06 00:00:00,144.0, Dakota Lane
51852019151,Overall,M,V2,5,2011-02-06 00:00:00,124.0, Teresa Andrade
53055622543,Overall,F,V3,5,2011-02-06 00:00:00,123.0, Jonathan Johnston
38567624204,Overall,M,V2,5,2011-02-06 00:00:00,132.0,Mr. Ricardo Long
95762964214,Overall,M,V2,5,2011-02-06 00:00:00,83.0,Abigail Williams
83128638280,Overall,M,V1,5,2011-02-06 00:00:00,145.0,Bryan Conner
51121405468,Overall,M,V1,5,2011-02-06 00:00:00,127.0, Lawrence Brown
77531165763,Overall,F,V1,5,2011-02-06 00:00:00,139.0, Raymond Brown
68283698717,Overall,F,V3,5,2011-02-06 00:00:00,96.0,Amanda Holt
55279522858,Overall,M,V2,5,2011-02-06 00:00:00,91.0,  Marco Salas
94235527643,Overall,F,V3,5,2011-02-06 00:00:00,139.0,Kimberly Alvarez
76564576827,Overall,M,V1,5,2011-02-06 00:00:00,89.0,  Stephen Butler
82529837761,Overall,F,V3,5,2011-02-06 00:00:00,90.0,  Michelle Jensen
69334330394,Overall,F,V1,5,2011-02-06 00:00:00,132.0, Jose Butler
24880334266,Overall,F,V1,5,2011-02-06 00:00:00,138.0,  Laura Scott
92683468706,Overall,M,V1,5,2011-02-06 00:00:00,146.0, Kimberly Wiggins
59309824550,Overall,F,V2,5,2011-02-06 00:00:00,143.0,  Victoria Burnett
54820921410,Overall,F,V2,5,2011-02-06 00:00:00,123.0,Mrs. Amanda King
30970122215,Overall,F,V3,5,2011-02-06 00:00:00,117.0, Stephanie Wright
36642176465,Overall,M,V1,5,2011-02-06 00:00:00,140.0,  Christopher Miranda
63359029630,Overall,M,V2,5,2011-02-06 00:00:00,134.0,Dana Ford
17787995479,Overall,M,V1,5,2011-02-06 00:00:00,106.0,  Jesus Pineda
83292211841,Overall,M,V3,5,2011-02-06 00:00:00,130.0,Thomas Miller
52682401259,Overall,F,V3,5,2011-02-06 00:00:00,129.0,  Paula Dudley
10865500081,Overall,M,V2,5,2011-02-06 00:00:00,117.0,  Nicole Phillips
95847300192,Overall,F,V3,5,2011-02-06 00:00:00,143.0,John Medina
17624353821,Overall,F,V1,5,2011-02-06 00:00:00,129.0,Jorge Maldonado
32206312014,Overall,M,V3,5,2011-02-06 00:00:00,115.0,Nicholas Chambers
41280008279,Overall,F,V2,5,2011-02-06 00:00:00,127.0,  John Smith
49976948938,Overall,F,V3,5,2011-02-06 00:00:00,103.0,  Robin Young
22237622104,Overall,M,V1,5,2011-02-06 00:00:00,118.0,  Devin Rosales
17706478524,Overall,F,V3,5,2011-02-06 00:00:00,142.0,James Rhodes
25889753214,Overall,M,V3,5,2011-02-06 00:00:00,143.0,  Ryan Meyers
84535825682,Overall,F,V1,5,2011-02-06 00:00:00,144.0, Jordan Keller
40943599191,Overall,F,V3,5,2011-02-06 00:00:00,86.0, Yolanda Schwartz
50180990692,Overall,M,V2,5,2011-02-06 00:00:00,137.0, Leah Brown
75391447717,Overall,M,V3,5,2011-02-06 00:00:00,85.0, Amanda Rojas
17146004875,Overall,F,V1,5,2011-02-06 00:00:00,134.0,  Michael Snow
79314245107,Overall,M,V2,5,2011-02-06 00:00:00,136.0,Rachel Anderson
41510695652,Overall,M,V2,5,2011-02-06 00:00:00,131.0, Morgan Gibbs
84408348680,Overall,M,V3,5,2011-02-06 00:00:00,135.0,  Robert Sullivan
18089644400,Overall,F,V3,5,2011-02-06 00:00:00,135.0,Michael Park
23124209894,Overall,M,V3,5,2011-02-06 00:00:00,126.0,  Richard Martin
52093893168,Overall,M,V2,5,2011-02-06 00:00:00,139.0,  Rhonda Hardin
43342043684,Overall,F,V2,5,2011-02-06 00:00:00,125.0, David Silva
75781996509,Overall,F,V2,5,2011-02-06 00:00:00,100.0, Wendy Rosales
10055222377,Overall,M,V2,5,2011-02-06 00:00:00,120.0, Anthony Nelson MD
15645471708,Overall,F,V3,5,2011-02-06 00:00:00,132.0,Kristen Deleon
80530862416,Overall,F,V1,5,2011-02-06 00:00:00,125.0,  Sherry West
47155501951,Overall,M,V2,5,2011-02-06 00:00:00,129.0, Elizabeth Burgess
27953269029,Overall,M,V1,5,2011-02-06 00:00:00,85.0, Justin Pennington
19386871820,Overall,M,V2,5,2011-02-06 00:00:00,144.0,Brittany Johnson
85913744737,Overall,M,V1,5,2011-02-06 00:00:00,83.0,  Daniel Wallace
16488409390,Overall,F,V1,5,2011-02-06 00:00:00,145.0,  Aaron Salinas
79810911360,Overall,M,V2,5,2011-02-06 00:00:00,134.0,  Emily Harrell
79496216696,Overall,M,V2,5,2011-02-06 00:00:00,91.0,David Maxwell
40715194140,Overall,M,V1,5,2011-02-06 00:00:00,129.0,Mrs. Natalie Black
54946407908,Overall,F,V3,5,2011-02-06 00:00:00,,  John Marsh
72420571308,Overall,F,V2,5,2011-02-06 00:00:00,125.0,  Virginia Boyer
27283176564,Overall,M,V2,5,2011-02-06 00:00:00,138.0,  Heather Gonzalez
21848211050,Overall,M,V3,5,2011-02-06 00:00:00,121.0,Andrew Carlson
49195446716,Overall,F,V3,5,2011-02-06 00:00:00,90.0,  Brandy Hernandez
68085356438,Overall,M,V3,5,2011-02-06 00:00:00,86.0, John Cox
37367623368,Overall,F,V2,5,2011-02-06 00:00:00,138.0,  Jeffery Orr
84471549797,Overall,M,V3,5,2011-02-06 00:00:00,94.0,  Shane Davis
31998946558,Overall,F,V1,5,2011-02-06 00:00:00,100.0, Benjamin Mcdonald
98860066862,Overall,M,V2,5,2011-02-06 00:00:00,93.0,  Stephen Garcia
72126744065,Overall,M,V3,5,2011-02-06 00:00:00,134.0, Walter Walker PhD
99392790684,Overall,M,V2,5,2011-02-06 00:00:00,96.0,  Amanda Russell
80808251777,Overall,M,V3,5,2011-02-06 00:00:00,139.0, Anne Bowers
70006397174,Overall,M,V1,5,2011-02-06 00:00:00,135.0,Jasmine Adams
13360667444,Overall,F,V1,5,2011-02-06 00:00:00,131.0,Mrs. Robin Luna DVM
64969812241,Overall,M,V2,5,2011-02-06 00:00:00,88.0,  Jennifer Simmons
49504962744,Overall,M,V1,5,2011-02-06 00:00:00,136.0,Carolyn Gross
52059285288,Overall,F,V1,5,2011-02-06 00:00:00,142.0,  Tracy Wilkins
47890270634,Overall,M,V2,5,2011-02-06 00:00:00,145.0,Stacy Burns
93564997027,Overall,M,V3,5,2011-02-06 00:00:00,91.0, Patrick Pollard
12180675315,Overall,F,V2,5,2011-02-06 00:00:00,130.0,Brianna Gallegos
91753040023,Overall,F,V3,5,2011-02-06 00:00:00,125.0,  Richard Nguyen
80485245142,Overall,M,V1,5,2011-02-06 00:00:00,132.0,Andre Gomez
61559910070,Overall,M,V3,5,2011-02-06 00:00:00,129.0,  Nicole Gonzalez
13112381885,Overall,M,V3,5,2011-02-06 00:00:00,127.0,Loretta Mcgrath
37135925123,Overall,F,V3,5,2011-02-06 00:00:00,129.0,  Brandi Anderson
71989450482,Overall,F,V1,5,2011-02-06 00:00:00,138.0,Valerie Gordon
51492379165,Overall,M,V2,5,2011-02-06 00:00:00,139.0,  Pamela Wilson
39130732906,Overall,F,V2,5,2011-02-06 00:00:00,130.0, Lisa Turner
53783048836,Overall,F,V2,5,2011-02-06 00:00:00,87.0,Ashley Ross
18195428640,Overall,F,V2,5,2011-02-06 00:00:00,134.0,Karen Pena
51834982444,Overall,F,V3,5,2011-02-06 00:00:00,139.0,Jerry Moore
99640576965,Overall,F,V2,5,2011-02-06 00:00:00,100.0,Jonathan Buchanan
31069267338,Overall,M,V3,5,2011-02-06 00:00:00,140.0,  Michael Campos
77188929092,Overall,F,V2,5,2011-02-06 00:00:00,94.0,Leah Woodard
39016701755,Overall,M,V2,5,2011-02-06 00:00:00,136.0,Justin Coleman
31069267338,Overall,F,V2,5,2011-02-06 00:00:00,141.0,Tiffany Dawson
