Student ID,test name,gender,version,level,test date,Standardised Score,Name
052519686711,Science,F,V2,10,2017-11-23,134.0,Bryan Anderson
011593578689,Science,M,V2,10,2017-11-23,87.0,Bradley Sloan
044689857544,Science,M,V2,10,2017-11-23,86.0,  Jason Holmes
020318537641,Science,F,V3,10,2017-11-23,126.0, Katelyn Greer
030869545732,Science,F,V1,10,2017-11-23,142.0,John Bates
010189875294,Science,F,V1,10,2017-11-23,140.0,  Jill Brown
077669730666,Science,F,V2,10,2017-11-23,93.0,  Megan Stewart
056752071488,Science,M,V2,10,2017-11-23,143.0,  Debbie Hardy
060413499277,Science,F,V1,10,2017-11-23,135.0, Joshua Chapman
062831248106,Science,X,V1,10,2017-11-23,126.0, Peter Thomas
057963280128,Science,M,V3,10,2017-11-23,143.0,  Terry Guzman
071581545538,Science,F,V2,10,2017-11-23,138.0, Travis Duarte
038715008371,Science,M,V1,10,2017-11-23,129.0,Vanessa Flores
070670067553,Science,F,V2,10,2017-11-23,133.0,Jennifer Andersen
078168758653,Science,F,V3,10,2017-11-23,89.0,Clinton Hawkins
033014173174,Science,M,V3,10,2017-11-23,117.0, Amy Parrish
034089916831,Science,F,V3,10,2017-11-23,141.0,Robert Wheeler
013124743611,Science,M,V2,10,2017-11-23,116.0,  Daniel Johnson
086621601269,Science,X,V2,10,2017-11-23,139.0,  Sharon Copeland
098029747956,Science,F,V1,10,2017-11-23,97.0, Austin Ward
041111033044,Science,M,V3,10,2017-11-23,119.0,  Michael Christian
052193204680,Science,X,V2,10,2017-11-23,130.0,Richard Wall
063060610997,Science,F,V3,10,2017-11-23,134.0,  John Thomas
039366891020,Science,M,V3,10,2017-11-23,134.0, Katherine Molina
017981689936,Science,F,V1,10,2017-11-23,93.0,  Katherine Mitchell
019540699299,Science,M,V1,10,2017-11-23,95.0,  Tammy Knight
063750072808,Science,M,V2,10,2017-11-23,122.0,Stacey Garner
052022161439,Science,M,V2,10,2017-11-23,120.0, David Eaton
075104236246,Science,M,V3,10,2017-11-23,129.0,Mr. Jesse Mccoy
072926278163,Science,M,V2,10,2017-11-23,139.0, Matthew Guzman
054626993839,Science,M,V2,10,2017-11-23,100.0, Kimberly Mckay
073022507705,Science,F,V3,10,2017-11-23,135.0, Rodney Howard
085490006884,Science,F,V2,10,2017-11-23,136.0, Morgan Fox
070837234596,Science,F,V2,10,2017-11-23,87.0, Jose Frazier
021223598031,Science,F,V1,10,2017-11-23,120.0, John Peterson
099404257303,Science,M,V1,10,2017-11-23,133.0,  Debra Ruiz
096564034860,Science,M,V1,10,2017-11-23,141.0,Amy King
043911576128,Science,M,V3,10,2017-11-23,127.0,  Richard Howe
026488716397,Science,M,V3,10,2017-11-23,82.0,Jo Archer
060011554096,Science,F,V1,10,2017-11-23,124.0, Tracy Fox
095495381619,Science,M,V1,10,2017-11-23,82.0,Zachary Arnold
059299518993,Science,F,V1,10,2017-11-23,94.0,Ann Taylor
089769141756,Science,F,V3,10,2017-11-23,94.0, John Booth
094690477236,Science,M,V3,10,2017-11-23,88.0,  Dominique Kim
042741444025,Science,M,V2,10,2017-11-23,128.0,  Billy Young
089255133873,Science,M,V2,10,2017-11-23,136.0,Amber Jimenez
030760415964,Science,F,V2,10,2017-11-23,134.0, Jeffrey Scott
048021356177,Science,M,V1,10,2017-11-23,124.0,  Michael Phillips
088686963256,Science,M,V1,10,2017-11-23,91.0,  Christopher Taylor
026491313558,Science,F,V2,10,2017-11-23,139.0, Jared Peters
045317848180,Science,M,V2,10,2017-11-23,136.0,  Robert Werner
074790646844,Science,M,V1,10,2017-11-23,136.0,  Angela Key
064007397952,Science,F,V2,10,2017-11-23,140.0,Jessica Craig
086319119776,Science,M,V2,10,2017-11-23,92.0,Christine Henson
032530571385,Science,F,V2,10,2017-11-23,134.0,  Kimberly Roberts
054314828076,Science,F,V1,10,2017-11-23,140.0,Shawn Lee
019538503085,Science,M,V2,10,2017-11-23,131.0, Aaron Russell
071472379813,Science,F,V1,10,2017-11-23,148.0,  Jacob Gonzalez
030680010961,Science,M,V3,10,2017-11-23,127.0,  Allison Morales
011167153500,Science,F,V1,10,2017-11-23,124.0, Riley Ramirez
093394329518,Science,M,V3,10,2017-11-23,143.0,Richard Valdez
011131390213,Science,M,V1,10,2017-11-23,112.0,  Patrick Clark
067512576416,Science,F,V2,10,2017-11-23,139.0, Mr. Tyler Lopez III
077289654737,Science,M,V1,10,2017-11-23,91.0, Christina Quinn
093929235924,Science,F,V2,10,2017-11-23,84.0, John Hall
055547891539,Science,M,V1,10,2017-11-23,91.0,  Peter Valdez
064049373627,Science,M,V3,10,2017-11-23,135.0,  Robert Contreras
078438976466,Science,M,V1,10,2017-11-23,98.0,Donald Fitzgerald
022223922088,Science,M,V2,10,2017-11-23,131.0,  Kimberly Nash
021419579799,Science,M,V2,10,2017-11-23,95.0,Kelly Weaver
025849277920,Science,F,V1,10,2017-11-23,144.0,  Sabrina Mitchell
095631557081,Science,M,V3,10,2017-11-23,139.0, Cody Nguyen
069540604947,Science,F,V1,10,2017-11-23,146.0,Lauren Velez
040115328972,Science,F,V2,10,2017-11-23,136.0, Marcus Mcconnell
041810544633,Science,M,V2,10,2017-11-23,122.0,Mr. Jeffrey Henderson
090434213717,Science,F,V2,10,2017-11-23,135.0,  Thomas Carpenter
034957025549,Science,M,V2,10,2017-11-23,83.0,Megan Kennedy
035869060438,Science,M,V1,10,2017-11-23,144.0,  Brittany Mccall
061732744333,Science,M,V1,10,2017-11-23,130.0,  Angela Campbell
067358217214,Science,F,V3,10,2017-11-23,136.0,  James Gibbs
078427489415,Science,M,V3,10,2017-11-23,90.0,  Brooke Willis
074841480529,Science,M,V2,10,2017-11-23,136.0,Wendy Reyes
051692149040,Science,F,V3,10,2017-11-23,130.0,Rebecca Austin
092285510726,Science,M,V2,10,2017-11-23,132.0, Marissa Ward
066561816923,Science,F,V2,10,2017-11-23,81.0, Brittany Bryan
073531136248,Science,F,V1,10,2017-11-23,128.0, Rachel Nolan
091173007037,Science,F,V3,10,2017-11-23,129.0, Joseph Lowe
035077518316,Science,M,V3,10,2017-11-23,141.0,Tyrone Gordon
050467702936,Science,M,V2,10,2017-11-23,140.0,  Jill Smith
014291943360,Science,F,V1,10,2017-11-23,126.0,  Laura Jackson
073233045101,Science,F,V2,10,2017-11-23,111.0, David White
012729432336,Science,F,V2,10,2017-11-23,135.0, Todd Marquez
069154823393,Science,F,V1,10,2017-11-23,147.0,  Christopher Estes
048250143982,Science,X,V3,10,2017-11-23,129.0,  Virginia Chavez
021884031456,Science,M,V3,10,2017-11-23,139.0, Carrie Russell
047835835800,Science,F,V1,10,2017-11-23,145.0,Erin Berry
095766753356,Science,F,V3,10,2017-11-23,82.0,Jonathan Morgan
085697277370,Science,M,V2,10,2017-11-23,96.0,  Theresa Osborn
060007386333,Science,F,V3,10,2017-11-23,, Christina Rivera DDS
060942747453,Science,M,V2,10,2017-11-23,143.0,  Kimberly Smith
052561979340,Science,M,V1,10,2017-11-23,137.0,  Erika Farrell
036219809925,Science,M,V2,10,2017-11-23,88.0,James Snyder
091949929345,Science,F,V1,10,2017-11-23,89.0,  Tina Ramirez
041104816914,Science,M,V3,10,2017-11-23,125.0,  Melissa Smith
082446356145,Science,F,V1,10,2017-11-23,143.0, Peter Sims Jr.
072951096544,Science,F,V2,10,2017-11-23,78.0,Erica Kim
013089539381,Science,M,V2,10,2017-11-23,139.0,Cameron Gonzalez
031187907678,Science,F,V2,10,2017-11-23,136.0,Julie Knox
094267260052,Science,F,V2,10,2017-11-23,135.0, Larry Campbell
071055943231,Science,M,V2,10,2017-11-23,133.0,  Marc Roach
040200516001,Science,F,V2,10,2017-11-23,105.0, Steven Wong
041289362999,Science,F,V3,10,2017-11-23,87.0,  April Ramirez
084563187753,Science,M,V2,10,2017-11-23,85.0, Michelle Foster
055720373926,Science,M,V1,10,2017-11-23,134.0,Matthew Gill
026830854699,Science,F,V2,10,2017-11-23,93.0,  Gordon Thomas
051016135504,Science,F,V3,10,2017-11-23,117.0,William Parks
096362241511,Science,M,V2,10,2017-11-23,129.0,  Taylor Torres
075171850343,Science,M,V2,10,2017-11-23,124.0,Ann Ballard
032293827760,Science,F,V1,10,2017-11-23,145.0,Crystal Frye
046572679613,Science,F,V2,10,2017-11-23,140.0,Daniel Anderson
086403484294,Science,F,V1,10,2017-11-23,80.0,Andre Nielsen
045701640160,Science,F,V2,10,2017-11-23,128.0,  John Graves
061846214742,Science,F,V3,10,2017-11-23,136.0,  Andrea Bennett
051179103416,Science,M,V3,10,2017-11-23,127.0, Ashley Hill
055926594316,Science,F,V1,10,2017-11-23,140.0,Vincent Joseph DDS
018567774012,Science,F,V3,10,2017-11-23,140.0, Donald Jones
020286665275,Science,F,V2,10,2017-11-23,132.0,Steven Drake
012247176367,Science,M,V3,10,2017-11-23,132.0,Bryce Smith
022360646989,Science,M,V3,10,2017-11-23,80.0,Mark Byrd
097395752033,Science,M,V1,10,2017-11-23,130.0, Katie Dillon
090890524069,Science,F,V1,10,2017-11-23,,Kevin Brown DVM
066574436634,Science,F,V2,10,2017-11-23,143.0, Kimberly Cox
038362929332,Science,F,V3,10,2017-11-23,138.0, Robert Hayes
074424371593,Science,F,V3,10,2017-11-23,137.0,  Michelle Summers
047121464103,Science,F,V1,10,2017-11-23,128.0,Joan Gibbs
044105645857,Science,M,V1,10,2017-11-23,138.0,Samantha Bowen
010445371164,Science,F,V3,10,2017-11-23,126.0,  Angela Poole
051699807665,Science,M,V2,10,2017-11-23,85.0,  Andrew Freeman
012729432336,Science,F,V1,10,2017-11-23,129.0,Mr. Joshua Kramer
080776882407,Science,M,V3,10,2017-11-23,145.0,  Courtney Williams
027186436121,Science,F,V3,10,2017-11-23,128.0, Stephen Flynn
097772922687,Science,F,V1,10,2017-11-23,88.0, Donna Murphy
082721504740,Science,F,V1,10,2017-11-23,128.0,  Debra Gutierrez
028250417129,Science,F,V1,10,2017-11-23,130.0,Taylor Green
051679249598,Science,F,V3,10,2017-11-23,97.0, Andrew Mathews
061446395512,Science,F,V3,10,2017-11-23,135.0, Shawn Lee MD
073617239602,Science,M,V1,10,2017-11-23,123.0,  Jacob Baker
028138193916,Science,M,V3,10,2017-11-23,78.0, Carl Todd
059907138222,Science,F,V2,10,2017-11-23,133.0,  Scott Sanchez
072951096544,Science,M,V1,10,2017-11-23,90.0,  Dustin Miller
073882977902,Science,F,V1,10,2017-11-23,89.0,Arthur Estrada
063318867981,Science,M,V3,10,2017-11-23,88.0,Ronald Lewis
042722905373,Science,M,V3,10,2017-11-23,128.0,Alexander Blackwell
082674998997,Science,F,V2,10,2017-11-23,115.0,  Glen Salinas
027332305017,Science,F,V3,10,2017-11-23,127.0,Bridget Raymond
077723001899,Science,M,V3,10,2017-11-23,131.0,Randy Martinez
084437199794,Science,M,V1,10,2017-11-23,96.0,  Michael Gray
039595675716,Science,F,V1,10,2017-11-23,96.0, Sylvia Golden
046251785040,Science,F,V1,10,2017-11-23,125.0,Sarah Snyder
053887976164,Science,M,V1,10,2017-11-23,92.0,Keith Rodriguez
060012245532,Science,F,V3,10,2017-11-23,117.0,Jennifer Jones
067477760069,Science,M,V1,10,2017-11-23,87.0,  Susan Perry
063962173092,Science,M,V2,10,2017-11-23,141.0, Kelli Galvan
090307058926,Science,F,V2,10,2017-11-23,134.0,  Kenneth Pittman
097887585527,Science,M,V1,10,2017-11-23,92.0,  Frank Thomas
075711952677,Science,M,V1,10,2017-11-23,144.0, Marcus Coleman
029843155195,Science,F,V3,10,2017-11-23,142.0, Justin Hart
013343879404,Science,F,V1,10,2017-11-23,132.0,Oscar Williams
040280726267,Science,M,V2,10,2017-11-23,135.0, Jennifer Burton
081306628967,Science,M,V3,10,2017-11-23,88.0,Brian Mcmahon
036682368076,Science,M,V2,10,2017-11-23,143.0,  Cindy Pollard
014679890066,Science,F,V3,10,2017-11-23,93.0,  Sydney Larsen
090661832932,Science,M,V1,10,2017-11-23,134.0,  Matthew Morse
045909267939,Science,M,V2,10,2017-11-23,87.0, Javier Kramer
016847445171,Science,F,V1,10,2017-11-23,135.0, Brian Yates
088268871847,Science,M,V3,10,2017-11-23,99.0,  Jessica Black
070369236713,Science,F,V2,10,2017-11-23,136.0,  Bradley Morales
040763420874,Science,X,V1,10,2017-11-23,142.0,Brad James
044354116498,Science,F,V1,10,2017-11-23,130.0,Amy Gordon
081855506935,Science,M,V3,10,2017-11-23,89.0,Kimberly Mills
060853565057,Science,M,V1,10,2017-11-23,147.0,Lee Jenkins
093669928610,Science,M,V2,10,2017-11-23,81.0, Christine Mcgrath
090405826261,Science,M,V2,10,2017-11-23,134.0,  Stephanie Page
021345301559,Science,F,V3,10,2017-11-23,123.0,  Vincent Williams
021002008552,Science,M,V3,10,2017-11-23,124.0,Jamie Crawford
039740292657,Science,F,V2,10,2017-11-23,143.0, Robert Marquez
011163435991,Science,M,V3,10,2017-11-23,141.0,Pamela Brown
077723001899,Science,F,V3,10,2017-11-23,134.0,Johnny Martinez
095018793680,Science,F,V3,10,2017-11-23,143.0, Melissa Medina
075026889532,Science,M,V3,10,2017-11-23,85.0,  Steven Mccall
030696170597,Science,F,V3,10,2017-11-23,143.0,Christopher Mcclain
057722206194,Science,M,V2,10,2017-11-23,131.0, Casey King
045317848180,Science,F,V1,10,2017-11-23,137.0, Emily Graves
071793576088,Science,M,V3,10,2017-11-23,95.0, Jillian Gray
020318537641,Science,F,V1,10,2017-11-23,133.0,  Jennifer Atkins
063932308623,Science,M,V1,10,2017-11-23,132.0,Eric Jackson
083965326058,Science,F,V1,10,2017-11-23,141.0,Alexis Clark
030605012650,Science,F,V2,10,2017-11-23,118.0,  Anthony Adams
021047341204,Science,F,V2,10,2017-11-23,115.0,Eric Washington
025865980357,Science,F,V2,10,2017-11-23,82.0,  Jason Calhoun DDS
093811173076,Science,F,V1,10,2017-11-23,130.0,  Devin Jenkins
076327486544,Science,F,V3,10,2017-11-23,147.0, Alexandra Bray
092497771019,Science,M,V3,10,2017-11-23,149.0,  Richard Mason
072884588270,Science,F,V1,10,2017-11-23,87.0,  Sophia Williamson
057979272505,Science,M,V1,10,2017-11-23,93.0,  Javier Stanley
063318867981,Science,M,V1,10,2017-11-23,96.0,Matthew Haney
040937566166,Science,M,V2,10,2017-11-23,143.0,Gregory Davis
093613573927,Science,M,V2,10,2017-11-23,145.0,  David Bryant
067358217214,Science,M,V2,10,2017-11-23,134.0, Clayton Grant
045984176979,Science,M,V1,10,2017-11-23,94.0,Becky Thomas
025865980357,Science,F,V2,10,2017-11-23,86.0,Thomas Thompson
058585323447,Science,M,V1,10,2017-11-23,140.0,Wayne Arias
099016254379,Science,F,V1,10,2017-11-23,90.0,  Chad Sullivan
016770791760,Science,F,V1,10,2017-11-23,144.0,  Todd Lang
092407884349,Science,M,V3,10,2017-11-23,88.0,  Ruben Aguilar
062559872375,Science,F,V2,10,2017-11-23,93.0,  David Miller
028795847212,Science,F,V2,10,2017-11-23,94.0,Todd Hunt
074860322356,Science,F,V2,10,2017-11-23,135.0, Angela Adams
039740292657,Science,F,V1,10,2017-11-23,149.0,  Logan Jones
027090568300,Science,F,V3,10,2017-11-23,139.0,Amy Harper
021017464956,Science,M,V3,10,2017-11-23,126.0,  Brian Martinez
094344418266,Science,M,V2,10,2017-11-23,143.0,  Bryan James
067356730942,Science,F,V2,10,2017-11-23,137.0,Ashley Lee
050617277692,Science,F,V3,10,2017-11-23,91.0,Jack Mcintyre
052079484153,Science,F,V1,10,2017-11-23,127.0,  William Chavez
046914552208,Science,F,V2,10,2017-11-23,127.0,Alexandria Durham
078233749359,Science,F,V2,10,2017-11-23,89.0,Mr. Mike Sullivan
072659179115,Science,F,V3,10,2017-11-23,146.0, Jeffrey Poole
084563187753,Science,F,V2,10,2017-11-23,79.0,  Cynthia Castro
018534419121,Science,M,V1,10,2017-11-23,122.0,Mary Short
089095082722,Science,F,V1,10,2017-11-23,139.0,Christian Shelton
013923730066,Science,F,V2,10,2017-11-23,131.0,  Thomas Richard
010459838764,Science,F,V3,10,2017-11-23,141.0,John Cantu
076141754841,Science,M,V3,10,2017-11-23,131.0,  Richard Ortega
055449084328,Science,M,V1,10,2017-11-23,142.0,  Christine Cunningham
028898114996,Science,F,V3,10,2017-11-23,96.0, Monica Grant
078427489415,Science,X,V3,10,2017-11-23,91.0,  Frank Nicholson
031785818107,Science,M,V1,10,2017-11-23,143.0,  Kayla Hicks
017913666663,Science,F,V1,10,2017-11-23,144.0,  Luis Farley
047514080058,Science,F,V2,10,2017-11-23,129.0,  Emily Smith
013942479220,Science,M,V3,10,2017-11-23,134.0,Lisa Aguirre
027138327477,Science,M,V2,10,2017-11-23,139.0, Kathleen Graham
069538763343,Science,F,V2,10,2017-11-23,90.0,Mark Lynn PhD
043847417565,Science,M,V1,10,2017-11-23,137.0,  David Shepard
079249537500,Science,F,V3,10,2017-11-23,133.0, Rhonda Smith
045385125789,Science,F,V2,10,2017-11-23,92.0,Harold Vaughn
089100666014,Science,F,V3,10,2017-11-23,131.0,Betty Warren
044735487912,Science,M,V1,10,2017-11-23,143.0, Michelle Montoya
075743809136,Science,F,V1,10,2017-11-23,143.0,Mitchell Brown
013798362323,Science,F,V1,10,2017-11-23,124.0, Kevin Ortega
035077518316,Science,M,V3,10,2017-11-23,138.0,Sheila Foster
091118045538,Science,M,V3,10,2017-11-23,137.0, Andrew Middleton
020708044895,Science,M,V1,10,2017-11-23,125.0, Jacob Rubio
019965612242,Science,M,V2,10,2017-11-23,133.0, Shawn Stevenson
098086939685,Science,M,V1,10,2017-11-23,96.0,  Eric Mann
090444256699,Science,F,V2,10,2017-11-23,91.0,Andrew Walton
026886095878,Science,F,V1,10,2017-11-23,91.0, Ricardo Henry
049182763579,Science,F,V3,10,2017-11-23,80.0,  Zachary Cox
039096297326,Science,M,V2,10,2017-11-23,141.0,Christina Murillo
052376122251,Science,M,V1,10,2017-11-23,119.0,  Matthew Smith
085721409906,Science,F,V2,10,2017-11-23,146.0, Ronald Marsh
047622873728,Science,F,V2,10,2017-11-23,85.0,  Courtney Lewis
014679890066,Science,M,V3,10,2017-11-23,92.0,James Little
056986882351,Science,F,V1,10,2017-11-23,99.0,  Michael Anderson
069149077442,Science,F,V1,10,2017-11-23,142.0, Samuel Parker
056554280439,Science,M,V2,10,2017-11-23,141.0,  Jill Russell
034620096616,Science,M,V3,10,2017-11-23,133.0,  Nicole Vega
018732355446,Science,F,V2,10,2017-11-23,135.0,Kenneth Oconnor
049861162510,Science,M,V3,10,2017-11-23,137.0,  Mary Moore
011596239577,Science,M,V1,10,2017-11-23,143.0,  Eric Shannon
039060039964,Science,F,V2,10,2017-11-23,134.0,Christine Ward
052690448121,Science,M,V2,10,2017-11-23,135.0,  Tracy Porter
069691417550,Science,F,V2,10,2017-11-23,141.0,  Monique Schultz
080416412341,Science,F,V1,10,2017-11-23,118.0, Craig Ball
042762653372,Science,F,V3,10,2017-11-23,135.0,  Diana Lopez
061446395512,Science,F,V1,10,2017-11-23,139.0, Terry Manning
077249513509,Science,F,V2,10,2017-11-23,141.0,Kimberly Flores
013238229253,Science,M,V2,10,2017-11-23,128.0,Candice Stevenson
058848677273,Science,F,V1,10,2017-11-23,97.0,  Richard Fowler
090539386249,Science,F,V3,10,2017-11-23,91.0,  Juan Monroe
015261553330,Science,M,V1,10,2017-11-23,125.0,  Travis Gomez
025451671009,Science,F,V3,10,2017-11-23,128.0,Mikayla Hernandez
029124313802,Science,M,V1,10,2017-11-23,123.0, Molly Martinez
068318835518,Science,M,V1,10,2017-11-23,145.0, Alan Walker
063098024710,Science,M,V1,10,2017-11-23,133.0,Samantha Ware
056470521223,Science,M,V1,10,2017-11-23,126.0, Mark Wood
020016420801,Science,F,V2,10,2017-11-23,109.0, Jonathan Kramer
053067143250,Science,F,V2,10,2017-11-23,128.0,Matthew Velasquez
089076586816,Science,M,V3,10,2017-11-23,89.0,  Krystal Ellison
024753135906,Science,M,V3,10,2017-11-23,139.0,Amy Spencer
021892220065,Science,M,V2,10,2017-11-23,128.0,Daniel Flynn
080174558594,Science,M,V2,10,2017-11-23,140.0,  Tyler Bryant
011820161917,Science,F,V1,10,2017-11-23,133.0,Sandra Wells
076616636453,Science,F,V2,10,2017-11-23,79.0, Steven Walker
076242541212,Science,M,V1,10,2017-11-23,126.0,Timothy Holt MD
067028275820,Science,F,V3,10,2017-11-23,138.0,Brianna Porter
041029299620,Science,M,V3,10,2017-11-23,123.0,Timothy Hanson
021183112399,Science,F,V1,10,2017-11-23,136.0,Sheila Gonzalez
061509612705,Science,F,V1,10,2017-11-23,133.0,Deborah Johnston
034870828253,Science,F,V2,10,2017-11-23,133.0,  Donald Briggs
043847417565,Science,F,V2,10,2017-11-23,145.0,  Ronnie Barrera
053067143250,Science,M,V2,10,2017-11-23,128.0, Keith Haney
050405005912,Science,M,V1,10,2017-11-23,116.0, Brooke Garcia
097315647456,Science,F,V1,10,2017-11-23,92.0,  Kimberly Warren
077842690781,Science,M,V1,10,2017-11-23,139.0,Logan King
010445371164,Science,M,V2,10,2017-11-23,127.0, Jacob Wu
015161400856,Science,M,V2,10,2017-11-23,128.0, Clifford Harris
048885042576,Science,F,V2,10,2017-11-23,82.0, Amy Nash DVM
051123093628,Science,F,V3,10,2017-11-23,121.0, Glenda Mcgee
054457949104,Science,M,V3,10,2017-11-23,143.0, John Bullock
021017464956,Science,M,V3,10,2017-11-23,132.0,  Marcus Bright
094277783750,Science,M,V2,10,2017-11-23,,  Joseph Higgins
084074779413,Science,M,V3,10,2017-11-23,142.0, Jonathan Grant
095578284572,Science,F,V1,10,2017-11-23,93.0,Joseph Graves
078272134008,Science,M,V2,10,2017-11-23,132.0,  Rachel Conway
054922826998,Science,F,V1,10,2017-11-23,81.0,Tiffany Green
093920722314,Science,M,V2,10,2017-11-23,128.0,Joshua Craig
051098464481,Science,M,V3,10,2017-11-23,143.0,Shannon Dalton
062559872375,Science,F,V2,10,2017-11-23,97.0,Joseph Fields
032192247530,Science,M,V2,10,2017-11-23,129.0,  Michael Murphy
034378779430,Science,M,V1,10,2017-11-23,79.0,  Rodney Marquez
077919483736,Science,F,V3,10,2017-11-23,93.0,  Kenneth Beard
051750876984,Science,F,V3,10,2017-11-23,89.0,  Edward Williams
015833735379,Science,F,V2,10,2017-11-23,145.0,Jared Wall
026511967362,Science,F,V2,10,2017-11-23,131.0, Michelle Young
074517027094,Science,F,V1,10,2017-11-23,144.0,Paul Blevins
081683150128,Science,M,V1,10,2017-11-23,132.0,Stephen Johnson
041597171308,Science,F,V3,10,2017-11-23,128.0,  Jeffrey Freeman
059160843368,Science,F,V2,10,2017-11-23,81.0,  William Mendoza
010773994450,Science,F,V2,10,2017-11-23,138.0,  Brian Mills
045896825840,Science,F,V2,10,2017-11-23,89.0,  Karen Walker
035383024905,Science,M,V2,10,2017-11-23,138.0, Debra Alexander
014718020382,Science,M,V3,10,2017-11-23,120.0,  Joseph Salazar
026511967362,Science,M,V2,10,2017-11-23,134.0,  Terry Sullivan
090854092419,Science,F,V3,10,2017-11-23,136.0,Tyler Navarro
099503125438,Science,F,V3,10,2017-11-23,149.0,  Rebecca Harris
066235716396,Science,M,V1,10,2017-11-23,138.0,Karen Brown
087002737277,Science,M,V1,10,2017-11-23,141.0, Sierra Brown
027138327477,Science,M,V2,10,2017-11-23,142.0,  Jeremy Arellano
038257510147,Science,M,V3,10,2017-11-23,129.0,  Bridget Johnson
026259846909,Science,F,V3,10,2017-11-23,87.0,  Suzanne Wilson
030680010961,Science,F,V3,10,2017-11-23,125.0, Ashley Houston
045958471520,Science,F,V1,10,2017-11-23,141.0,Joyce Flores
019538503085,Science,M,V2,10,2017-11-23,137.0, Harold Hill
048751971906,Science,F,V3,10,2017-11-23,146.0,  Joel May
086084047328,Science,M,V2,10,2017-11-23,141.0, Lauren Garza
097237271634,Science,M,V3,10,2017-11-23,145.0,  Tamara Rodriguez
049791939598,Science,F,V2,10,2017-11-23,103.0,  April Russo
029900441702,Science,M,V3,10,2017-11-23,125.0,  Paula Stevenson
026519791232,Science,M,V3,10,2017-11-23,133.0,Diana Miller
087253927739,Science,F,V2,10,2017-11-23,90.0,Isaiah Pennington
061297373783,Science,F,V3,10,2017-11-23,94.0,Paula Kennedy
013434527971,Science,M,V3,10,2017-11-23,137.0, Kristina Lopez
059815323511,Science,F,V1,10,2017-11-23,130.0,Jeffrey Murphy
019361343805,Science,F,V1,10,2017-11-23,131.0,  Amanda Baker
077404473219,Science,M,V2,10,2017-11-23,133.0,  William Mitchell
088587430058,Science,F,V2,10,2017-11-23,142.0, James Thomas
048751971906,Science,F,V3,10,2017-11-23,136.0,Lynn Gates
096604298468,Science,F,V3,10,2017-11-23,90.0,Kimberly Herrera
076378240193,Science,F,V1,10,2017-11-23,142.0,  Jacqueline Yoder
052879092738,Science,M,V1,10,2017-11-23,92.0,  Andrea Price
027709694266,Science,M,V2,10,2017-11-23,93.0,Thomas Boyd
095266821412,Science,F,V2,10,2017-11-23,136.0,  Kyle Bennett
062063629714,Science,F,V1,10,2017-11-23,139.0, Sherri Hanson
094267260052,Science,M,V3,10,2017-11-23,134.0, Sandra Brady
065160914308,Science,M,V2,10,2017-11-23,137.0,Brett Miller
026304662043,Science,M,V3,10,2017-11-23,120.0,  Kenneth Lambert
084074779413,Science,M,V3,10,2017-11-23,141.0,  Evelyn Taylor
052289516655,Science,F,V3,10,2017-11-23,144.0,  Cody Brooks
061321121522,Science,M,V2,10,2017-11-23,126.0,Darrell Peck
081872202339,Science,F,V2,10,2017-11-23,129.0,  Steve Brooks
019970726814,Science,M,V2,10,2017-11-23,134.0, Vanessa Farmer
020018407535,Science,F,V2,10,2017-11-23,127.0,Erica Wheeler
085210927737,Science,M,V3,10,2017-11-23,134.0, Wendy Fletcher
080795606685,Science,M,V2,10,2017-11-23,86.0,  Lori Campbell
056631117882,Science,M,V2,10,2017-11-23,141.0,  Douglas Goodwin
032483504647,Science,F,V1,10,2017-11-23,126.0,  Maureen Luna
086729156361,Science,M,V3,10,2017-11-23,138.0, Jonathan Brown
054939902358,Science,M,V2,10,2017-11-23,138.0, William Little
072884588270,Science,F,V3,10,2017-11-23,83.0,  Gina Miller
072884588270,Science,F,V1,10,2017-11-23,85.0, Phillip Crane
093675900504,Science,F,V1,10,2017-11-23,137.0, John Fritz
094575149031,Science,M,V1,10,2017-11-23,144.0,  Alan Thompson
048607706096,Science,M,V3,10,2017-11-23,91.0,  Sharon Flores
015323904410,Science,M,V2,10,2017-11-23,124.0,  Jeremy Schultz
046197153036,Science,M,V2,10,2017-11-23,136.0, Cody Chase
092743607273,Science,M,V2,10,2017-11-23,148.0,  Timothy Henderson
096802241687,Science,M,V1,10,2017-11-23,132.0,  Andrea Sloan
013377903240,Science,F,V1,10,2017-11-23,124.0,  Wyatt Middleton
098127956768,Science,M,V1,10,2017-11-23,93.0, Daniel Taylor
080274228164,Science,M,V3,10,2017-11-23,134.0,Heather Rojas
036766705684,Science,F,V2,10,2017-11-23,138.0,  Mario Chapman
060346376362,Science,F,V1,10,2017-11-23,131.0,  Linda Park
010861286156,Science,F,V2,10,2017-11-23,138.0, Kimberly Rice
037971907418,Science,F,V2,10,2017-11-23,135.0, Michael Lawrence
061236004976,Science,M,V1,10,2017-11-23,136.0,  Zachary Glover
041104816914,Science,M,V2,10,2017-11-23,132.0,Thomas Wells
043946952802,Science,F,V3,10,2017-11-23,129.0,Mackenzie Jacobson
014630423409,Science,F,V2,10,2017-11-23,124.0,Megan Case
070617774285,Science,M,V1,10,2017-11-23,82.0, Stephanie Wong
019070602544,Science,F,V2,10,2017-11-23,128.0,  Kenneth Crawford
017477047249,Science,M,V1,10,2017-11-23,143.0,Maria Williams
072918920099,Science,M,V3,10,2017-11-23,93.0, Courtney Webster
080549268230,Science,M,V3,10,2017-11-23,141.0, Troy Nelson
064221581486,Science,M,V1,10,2017-11-23,126.0,Michael Ware
070193859751,Science,F,V3,10,2017-11-23,149.0,James Heath
033561979816,Science,M,V3,10,2017-11-23,144.0, Nicole Martin
017300960670,Science,M,V3,10,2017-11-23,128.0,  Mark Perez
021002008552,Science,M,V1,10,2017-11-23,122.0,Carlos Allen
085802055841,Science,M,V2,10,2017-11-23,135.0,  Sandra Phillips
098675933653,Science,F,V1,10,2017-11-23,92.0,  Phillip Cabrera
049509339894,Science,M,V2,10,2017-11-23,85.0,Maxwell Tran
034957025549,Science,F,V1,10,2017-11-23,83.0,  Kenneth Skinner
016609679149,Science,M,V3,10,2017-11-23,146.0,Dustin Walker DDS
012669068460,Science,M,V3,10,2017-11-23,139.0, Jason Brewer
037989948686,Science,M,V2,10,2017-11-23,102.0,  Michael Mason
031227550907,Science,M,V3,10,2017-11-23,126.0,Devin Schultz
029388928480,Science,F,V2,10,2017-11-23,98.0, Albert Stephenson
099087302897,Science,F,V3,10,2017-11-23,91.0,  Gary Johnson
050232939293,Science,M,V2,10,2017-11-23,143.0, Matthew Martin
015537576636,Science,M,V2,10,2017-11-23,90.0,  Robert Pham
034878552392,Science,M,V1,10,2017-11-23,86.0,  Natalie Mason
041850360702,Science,M,V2,10,2017-11-23,120.0,Dr. Tammy Holmes
083493367836,Science,F,V1,10,2017-11-23,90.0,Joshua Middleton
037623432862,Science,F,V1,10,2017-11-23,130.0,  Abigail Johnson
039720139165,Science,F,V1,10,2017-11-23,135.0, Elizabeth Rowland
034272345132,Science,M,V1,10,2017-11-23,128.0, Jessica Nicholson
044735487912,Science,F,V2,10,2017-11-23,148.0,  James Green
095322672154,Science,M,V3,10,2017-11-23,129.0,  Mark Garcia
096275123944,Science,F,V2,10,2017-11-23,137.0, Andrew Gilbert
020947360306,Science,F,V1,10,2017-11-23,129.0,Stephen Gomez
050389605697,Science,F,V2,10,2017-11-23,84.0,Jacob Griffin
037339925271,Science,F,V3,10,2017-11-23,142.0,Angela Taylor
027786715291,Science,F,V2,10,2017-11-23,81.0,Martin Robinson
077159209386,Science,F,V3,10,2017-11-23,87.0,Mary Collins
096362241511,Science,F,V1,10,2017-11-23,132.0,Steven Lopez
030661500008,Science,F,V1,10,2017-11-23,117.0,  Victor Rivas
061812740274,Science,M,V1,10,2017-11-23,136.0,Beth Patterson
032891326778,Science,F,V2,10,2017-11-23,,Austin Williams
051562259022,Science,M,V1,10,2017-11-23,130.0,  George Henry
065160914308,Science,M,V3,10,2017-11-23,131.0,Taylor Ibarra
059476071373,Science,F,V2,10,2017-11-23,141.0,  John Case
011343218077,Science,M,V2,10,2017-11-23,122.0,  Sandra Lang
022380499784,Science,M,V2,10,2017-11-23,88.0,Tammy Palmer
012398814621,Science,M,V2,10,2017-11-23,129.0,  Lisa Sanchez
032812398198,Science,M,V1,10,2017-11-23,140.0,Veronica Reed
014621647798,Science,F,V3,10,2017-11-23,137.0, Erin Owens
094027877611,Science,M,V1,10,2017-11-23,132.0, April Lopez
012669068460,Science,M,V1,10,2017-11-23,140.0,Paul Jones
080746885149,Science,M,V1,10,2017-11-23,91.0,  Lance Hall
014716342672,Science,F,V3,10,2017-11-23,134.0,  Regina Weiss
028038369847,Science,M,V2,10,2017-11-23,97.0,  Jonathan Johnson
046481887062,Science,F,V2,10,2017-11-23,146.0,  Antonio Bryan
033269808639,Science,M,V1,10,2017-11-23,140.0,  William Ochoa
075104236246,Science,M,V2,10,2017-11-23,128.0,Douglas Johnson
031355962659,Science,M,V2,10,2017-11-23,136.0,Timothy Drake
016998062521,Science,F,V3,10,2017-11-23,133.0,Travis Gardner
043257207861,Science,F,V3,10,2017-11-23,, Austin Tapia
013370804541,Science,M,V1,10,2017-11-23,126.0, Angela Castro
043148325472,Science,M,V2,10,2017-11-23,133.0,Blake Gregory
045468984460,Science,F,V2,10,2017-11-23,90.0,  Molly Rivera
083265475663,Science,M,V2,10,2017-11-23,89.0,  David Jones
026177723857,Science,F,V1,10,2017-11-23,89.0,Amanda Mills
037724207197,Science,M,V1,10,2017-11-23,140.0,Tammy Mora
043865081697,Science,F,V3,10,2017-11-23,88.0,Jacob Richards
078710005300,Science,F,V1,10,2017-11-23,128.0,Paul Hernandez
083412776209,Science,F,V2,10,2017-11-23,143.0,Matthew Henry
095322672154,Science,F,V3,10,2017-11-23,133.0,Kaitlyn Gill
025755488171,Science,M,V2,10,2017-11-23,147.0,  Donna Garcia
090591367851,Science,M,V1,10,2017-11-23,136.0,Lori Roberson
021232669063,Science,F,V1,10,2017-11-23,133.0,  Anna Brown
030117262610,Science,F,V3,10,2017-11-23,126.0,  Vicki Bailey
026906457870,Science,F,V1,10,2017-11-23,93.0,  Sara Kemp
048009167776,Science,F,V3,10,2017-11-23,83.0,  Kimberly Watson
077682259101,Science,M,V1,10,2017-11-23,134.0,Michael Scott
086810363765,Science,F,V1,10,2017-11-23,136.0, John Cunningham
038379480657,Science,M,V1,10,2017-11-23,91.0,Danielle Thomas
052344603723,Science,M,V1,10,2017-11-23,123.0, James Hurley
073362473890,Science,M,V2,10,2017-11-23,135.0,Jeanne Hammond
067612400299,Science,F,V2,10,2017-11-23,130.0,  Stephanie Reed
038379480657,Science,F,V3,10,2017-11-23,94.0,  Michael Li
086128256854,Science,F,V1,10,2017-11-23,145.0,  Matthew Flores
017928854342,Science,F,V3,10,2017-11-23,137.0, Tanya Williams
027406336021,Science,M,V1,10,2017-11-23,119.0,  Mark Rowe
046603255830,Science,M,V1,10,2017-11-23,122.0,  Jorge Brown
069734680142,Science,M,V1,10,2017-11-23,138.0,  Karen Tapia
094610605895,Science,F,V2,10,2017-11-23,145.0, Becky Ramos
015383229406,Science,F,V2,10,2017-11-23,139.0,  Michael Hooper
018978452471,Science,F,V1,10,2017-11-23,88.0, Daniel Jordan
037428597530,Science,F,V2,10,2017-11-23,141.0,Peter Blankenship
086635719797,Science,F,V1,10,2017-11-23,95.0,Joshua Cooper
056533842476,Science,F,V3,10,2017-11-23,86.0, Jeff Sanchez
085697277370,Science,F,V3,10,2017-11-23,89.0,  Sandra Serrano
041830158423,Science,F,V2,10,2017-11-23,131.0,Wesley Terry
013620986654,Science,F,V2,10,2017-11-23,141.0,Brady Young
019692918502,Science,M,V2,10,2017-11-23,144.0,Heather Allen
015247734797,Science,M,V2,10,2017-11-23,139.0, Kristin Martinez DDS
082770913973,Science,F,V1,10,2017-11-23,96.0,  Sandra Hammond
010818203976,Science,M,V1,10,2017-11-23,132.0,Sarah Ellis
086231158429,Science,M,V3,10,2017-11-23,146.0,Michelle Edwards
064679097141,Science,F,V3,10,2017-11-23,91.0, Jose Lane
092109718953,Science,M,V1,10,2017-11-23,133.0, Eric Flores
015387356500,Science,M,V3,10,2017-11-23,130.0,Mr. James Anderson
033915594880,Science,M,V2,10,2017-11-23,143.0,  John Vega
085564060041,Science,M,V1,10,2017-11-23,131.0,  Patrick Hurley
025801859619,Science,M,V1,10,2017-11-23,142.0,  Brian Hughes
039334102924,Science,M,V3,10,2017-11-23,126.0, Joanne Brown
020624007895,Science,M,V3,10,2017-11-23,133.0,Amber Rodriguez
062439866989,Science,M,V2,10,2017-11-23,108.0,  Christine Davis
054660757892,Science,F,V2,10,2017-11-23,87.0,Wesley Booker
061767958208,Science,M,V1,10,2017-11-23,90.0,  Robert Johnson DVM
017772851846,Science,M,V2,10,2017-11-23,88.0,  Crystal Hopkins
085618200142,Science,M,V2,10,2017-11-23,124.0,Richard Dyer
084707989570,Science,M,V1,10,2017-11-23,93.0,  Diane Combs
076656623737,Science,F,V2,10,2017-11-23,86.0,  Karen Thomas
080168028275,Science,M,V2,10,2017-11-23,138.0, Matthew Brewer
027384804495,Science,M,V3,10,2017-11-23,136.0, Richard Sanchez
015441511974,Science,F,V2,10,2017-11-23,125.0, Keith Nguyen
013448518441,Science,M,V1,10,2017-11-23,121.0, Andrea Chavez
029623924336,Science,M,V3,10,2017-11-23,136.0,  James Parker
070974221796,Science,M,V2,10,2017-11-23,85.0, Maria Pitts
053619480864,Science,M,V1,10,2017-11-23,84.0,Samantha Davis
024765092903,Science,M,V1,10,2017-11-23,126.0,  Albert Lewis
051562259022,Science,M,V3,10,2017-11-23,131.0, Jeffery Vasquez
044296036599,Science,F,V1,10,2017-11-23,146.0, Norma Ward
053991246073,Science,M,V3,10,2017-11-23,143.0, Mrs. Mary Irwin
046752589231,Science,F,V2,10,2017-11-23,,  Jacqueline Ramirez
027933361128,Science,F,V1,10,2017-11-23,140.0,  Kevin Cox
075743809136,Science,M,V3,10,2017-11-23,139.0,Paula James
077155129292,Science,M,V2,10,2017-11-23,131.0,Richard Perez
097396627260,Science,F,V3,10,2017-11-23,139.0, Joseph Adams
039356395903,Science,F,V1,10,2017-11-23,134.0,Victoria Nicholson
031127735030,Science,M,V2,10,2017-11-23,119.0,Troy Vincent
036766705684,Science,F,V3,10,2017-11-23,143.0,  Nichole Andersen DVM
020428319236,Science,X,V3,10,2017-11-23,135.0, Angela Griffith
010383246228,Science,M,V1,10,2017-11-23,129.0,  Mackenzie Smith
094610605895,Science,F,V3,10,2017-11-23,138.0,  Ryan Oneill
013848752921,Science,M,V3,10,2017-11-23,147.0,  Kimberly Holland
010100288664,Science,F,V2,10,2017-11-23,126.0,  Natalie Bradley
075057500823,Science,F,V3,10,2017-11-23,131.0, Tamara Palmer
037623432862,Science,M,V1,10,2017-11-23,133.0,Joshua Larson
036133362077,Science,F,V2,10,2017-11-23,125.0,  Caroline Davis
041912159832,Science,M,V2,10,2017-11-23,127.0,Melinda Lynch
041616595236,Science,F,V2,10,2017-11-23,141.0,Melissa Cooper
092153425210,Science,F,V2,10,2017-11-23,119.0, Alice Frye
012031251622,Science,F,V3,10,2017-11-23,111.0,  Haley Kane
099197638529,Science,M,V2,10,2017-11-23,98.0,Stephanie Robinson DDS
051435770921,Science,F,V3,10,2017-11-23,130.0,  Marcus Duncan
088097302505,Science,M,V2,10,2017-11-23,134.0,  David Ellison
077793950213,Science,F,V2,10,2017-11-23,88.0, Elizabeth Gray
046752589231,Science,F,V2,10,2017-11-23,138.0, Monica Boyd
086737866226,Science,F,V1,10,2017-11-23,88.0,Christopher Cox
021367576184,Science,F,V3,10,2017-11-23,138.0,Heather Horton
075538385389,Science,F,V1,10,2017-11-23,88.0,  Erica Maxwell
061407726363,Science,M,V1,10,2017-11-23,125.0, Mr. Cody Burke
089678337280,Science,F,V3,10,2017-11-23,89.0, Melissa Walker
048021356177,Science,X,V2,10,2017-11-23,132.0,  Sherry Mitchell
095577103934,Science,M,V1,10,2017-11-23,150.0,Michael Montgomery
084599249922,Science,M,V2,10,2017-11-23,99.0,  Kristen Moran
037971907418,Science,M,V3,10,2017-11-23,141.0,Stephen Delgado
033965748369,Science,M,V1,10,2017-11-23,89.0, Mary Schaefer
017057634329,Science,M,V1,10,2017-11-23,129.0,Kristin Wilson
029078179206,Science,F,V3,10,2017-11-23,134.0, Lacey Joseph
022802721985,Science,F,V3,10,2017-11-23,124.0,Matthew Jenkins
059815323511,Science,F,V2,10,2017-11-23,125.0, Zachary Wilson
038040756998,Science,F,V1,10,2017-11-23,81.0,  Nicholas Guerrero
049853758057,Science,M,V2,10,2017-11-23,91.0, Sarah Bradshaw
011167153500,Science,F,V1,10,2017-11-23,113.0, Teresa Winters
056319258674,Science,M,V2,10,2017-11-23,83.0, Larry Alexander
018732355446,Science,M,V3,10,2017-11-23,134.0,Karen Rowland
044411944928,Science,M,V2,10,2017-11-23,137.0, Tina Torres
059092660488,Science,M,V2,10,2017-11-23,140.0,Deborah Schultz
076242541212,Science,F,V3,10,2017-11-23,124.0,  Matthew Barnes
041431201974,Science,M,V1,10,2017-11-23,130.0,  Nathan Freeman
084779424502,Science,F,V3,10,2017-11-23,136.0,Bradley Foster
040005141826,Science,M,V1,10,2017-11-23,119.0,Vanessa Evans
096802241687,Science,M,V1,10,2017-11-23,144.0,Joshua Delgado
035761032932,Science,M,V3,10,2017-11-23,122.0,  Daniel Hall
071793576088,Science,M,V2,10,2017-11-23,90.0,  Crystal West
026022198623,Science,F,V3,10,2017-11-23,134.0,Joseph Pope
046776464959,Science,M,V2,10,2017-11-23,87.0,  Kathy Perez
025849277920,Science,M,V2,10,2017-11-23,140.0,Steven Beard
081029152901,Science,F,V1,10,2017-11-23,123.0,  Jessica Johnson
043463359496,Science,F,V1,10,2017-11-23,147.0,  April Sparks
093886032211,Science,M,V2,10,2017-11-23,131.0,  Denise Conway
015084591721,Science,F,V2,10,2017-11-23,135.0,James Ramirez
056099493024,Science,M,V2,10,2017-11-23,138.0,Jonathan Lara
099557560315,Science,M,V1,10,2017-11-23,89.0,Joseph Kim
085697277370,Science,F,V1,10,2017-11-23,99.0,Joseph Brock
011211116028,Science,M,V2,10,2017-11-23,115.0,Marissa Johnson
020947360306,Science,M,V3,10,2017-11-23,121.0,Rachel Morgan
061767958208,Science,M,V2,10,2017-11-23,91.0,Teresa Ward
058548527487,Science,M,V2,10,2017-11-23,95.0,  Karen Stewart
096736730243,Science,M,V3,10,2017-11-23,134.0,Justin James
071055943231,Science,M,V3,10,2017-11-23,126.0,Jacob Williams
098701669154,Science,F,V2,10,2017-11-23,141.0,  Shannon Golden
025217605729,Science,F,V3,10,2017-11-23,143.0, Cassandra Hicks
043164613273,Science,F,V3,10,2017-11-23,124.0,Timothy Perez
092916339380,Science,M,V3,10,2017-11-23,138.0, Dr. Monica Cox
021897305293,Science,F,V2,10,2017-11-23,138.0,  Alexa Williams MD
039764836903,Science,M,V3,10,2017-11-23,141.0, Jerome Clayton
033174399327,Science,F,V2,10,2017-11-23,76.0,Isaac Deleon
036845652540,Science,M,V1,10,2017-11-23,136.0, Jill Peterson
026887657122,Science,M,V3,10,2017-11-23,141.0,Matthew Hill
070727440853,Science,M,V1,10,2017-11-23,142.0,  Crystal Thomas
061236004976,Science,F,V1,10,2017-11-23,132.0, Amanda Kelley
018534419121,Science,M,V2,10,2017-11-23,131.0, Evelyn Perez
095698362112,Science,M,V1,10,2017-11-23,137.0,Mary Anderson
082088271121,Science,M,V1,10,2017-11-23,134.0,  Claudia Ramirez
074734357446,Science,F,V2,10,2017-11-23,136.0,Marco Buchanan
071793576088,Science,F,V2,10,2017-11-23,91.0,  Michelle Mullins
037669623658,Science,F,V3,10,2017-11-23,95.0,  Tina Simon
010818203976,Science,M,V2,10,2017-11-23,138.0, Raymond Jones
075927133681,Science,M,V3,10,2017-11-23,134.0,  Lisa Chapman
040937566166,Science,F,V1,10,2017-11-23,140.0, Richard Humphrey
081930817719,Science,F,V2,10,2017-11-23,79.0,  Andrew Holloway
053991246073,Science,M,V2,10,2017-11-23,144.0,  Nicole Wise
039060039964,Science,M,V3,10,2017-11-23,132.0,  Alexandria Smith
017477047249,Science,F,V1,10,2017-11-23,146.0,Melissa Rubio
061569890891,Science,M,V1,10,2017-11-23,96.0,  Kimberly Glenn
071289277905,Science,M,V3,10,2017-11-23,93.0,Sheila Alvarez
098052080857,Science,F,V2,10,2017-11-23,142.0, Jared Perez
094850562464,Science,M,V2,10,2017-11-23,141.0, Steven Hess
040280726267,Science,F,V1,10,2017-11-23,127.0, Jason Williams
076651147824,Science,M,V1,10,2017-11-23,134.0, Lauren Mejia
010189875294,Science,F,V1,10,2017-11-23,137.0,  Mrs. Janet Crawford PhD
010218957386,Science,M,V1,10,2017-11-23,145.0, Joanne Strickland
064972809684,Science,M,V2,10,2017-11-23,94.0,  Taylor Morrison
059160843368,Science,F,V1,10,2017-11-23,86.0,Jill Levine
019211724000,Science,M,V2,10,2017-11-23,112.0,  Kaitlyn Armstrong
063753266002,Science,F,V1,10,2017-11-23,132.0, Kevin Garza
048282764673,Science,M,V2,10,2017-11-23,143.0,Terry Griffin
068500675189,Science,F,V2,10,2017-11-23,85.0, Stephen Shannon
075171850343,Science,F,V1,10,2017-11-23,127.0,  Dr. Olivia Wyatt MD
034652300982,Science,F,V2,10,2017-11-23,139.0,Alicia Guzman
043634902566,Science,F,V2,10,2017-11-23,137.0,David Gardner
030807245060,Science,M,V1,10,2017-11-23,122.0, Stephanie Watson
048252797179,Science,M,V1,10,2017-11-23,93.0, Thomas Vincent
094329558132,Science,M,V1,10,2017-11-23,148.0,John Perez
021983263525,Science,F,V2,10,2017-11-23,142.0,  Joseph Velez
074893217317,Science,F,V2,10,2017-11-23,138.0,Alexander Wood
012398814621,Science,M,V1,10,2017-11-23,137.0, Bryan Yates
070836502774,Science,M,V1,10,2017-11-23,138.0,Brad Ware
099970112201,Science,M,V3,10,2017-11-23,129.0,Brianna Ramirez
095631557081,Science,M,V1,10,2017-11-23,134.0,  Brianna Jones
057952445707,Science,F,V3,10,2017-11-23,84.0,Derrick Decker
056533842476,Science,F,V1,10,2017-11-23,84.0,  Jamie Day DDS
081921357838,Science,M,V2,10,2017-11-23,77.0, David Pierce
075883209783,Science,F,V3,10,2017-11-23,94.0,Brent Farmer
035302083769,Science,F,V1,10,2017-11-23,139.0,Connie Harris
096730072322,Science,F,V1,10,2017-11-23,132.0, Lisa Jennings
051679249598,Science,F,V3,10,2017-11-23,93.0,Kaylee Jones
046251785040,Science,M,V1,10,2017-11-23,133.0, Brian Bradley
095270780130,Science,F,V1,10,2017-11-23,134.0, Jonathan Wright
083292622565,Science,M,V2,10,2017-11-23,134.0, William Massey
045909267939,Science,M,V2,10,2017-11-23,82.0, Jerry Clark DVM
063120705071,Science,F,V2,10,2017-11-23,123.0,Jennifer Clark
073920655528,Science,F,V3,10,2017-11-23,138.0,Amanda Cochran
012669068460,Science,M,V1,10,2017-11-23,128.0, Diana Ortiz
082349056411,Science,F,V3,10,2017-11-23,132.0,Clinton Warren
014392903443,Science,M,V1,10,2017-11-23,124.0, Rachel Elliott
085060726201,Science,M,V2,10,2017-11-23,124.0,Anthony Morgan
098655620901,Science,F,V3,10,2017-11-23,143.0,Brad Navarro
063439326514,Science,F,V1,10,2017-11-23,125.0,Jonathan Macdonald
034857790163,Science,F,V1,10,2017-11-23,83.0,Stanley Wagner
086729156361,Science,F,V1,10,2017-11-23,136.0,  Kelly Fisher
054370158603,Science,F,V2,10,2017-11-23,131.0,  Terry Rivera
092285510726,Science,M,V1,10,2017-11-23,142.0,Jordan Roberts
063601020215,Science,M,V3,10,2017-11-23,107.0,Sara Moore
012675478592,Science,M,V2,10,2017-11-23,145.0,  Richard White
098768730298,Science,M,V2,10,2017-11-23,90.0, Jared Doyle
013046921307,Science,M,V3,10,2017-11-23,117.0, Maurice Terry
019368174329,Science,M,V1,10,2017-11-23,144.0, Ronald Watkins
023092639884,Science,F,V2,10,2017-11-23,143.0,Kyle Christensen
053587367940,Science,F,V3,10,2017-11-23,86.0,  Cassandra Thornton
041600483955,Science,M,V1,10,2017-11-23,135.0,  Amy Saunders
032046904858,Science,F,V2,10,2017-11-23,147.0,Dana Jackson
033970412592,Science,F,V3,10,2017-11-23,129.0,Jamie Lang
095146891574,Science,M,V2,10,2017-11-23,92.0,  John Alexander
036893606120,Science,M,V2,10,2017-11-23,135.0,  Ryan Foster
065694137849,Science,F,V1,10,2017-11-23,87.0,Cindy Mccullough
019618542288,Science,F,V2,10,2017-11-23,88.0,Ross Johnson
021017464956,Science,M,V3,10,2017-11-23,131.0,Mark Hebert
074612537766,Science,M,V1,10,2017-11-23,137.0, Patricia Hanson
071118851983,Science,F,V3,10,2017-11-23,, Edwin Mata
020491855812,Science,F,V1,10,2017-11-23,134.0,  Danielle Brewer
051002966063,Science,M,V3,10,2017-11-23,122.0,David Wright
080871755109,Science,F,V3,10,2017-11-23,142.0,  Taylor Wiggins
028907789661,Science,M,V3,10,2017-11-23,93.0, Donald Clark
094850562464,Science,F,V1,10,2017-11-23,140.0, John Munoz
042238658906,Science,F,V3,10,2017-11-23,76.0, Joe Bates
059815323511,Science,F,V3,10,2017-11-23,129.0,Terry Chavez
085210927737,Science,F,V2,10,2017-11-23,136.0, Wyatt Boone
060941448557,Science,F,V1,10,2017-11-23,141.0,  Hunter Thomas
072348668798,Science,F,V3,10,2017-11-23,100.0,  Amy Pratt
051123093628,Science,M,V3,10,2017-11-23,130.0,  Ryan Nunez
087113795558,Science,M,V1,10,2017-11-23,87.0,  Tony Welch
013941687196,Science,F,V3,10,2017-11-23,142.0,Jeffrey Sanchez
016260653787,Science,M,V1,10,2017-11-23,142.0,  Pamela Diaz
043148325472,Science,M,V2,10,2017-11-23,138.0,Catherine Martin
066073706073,Science,M,V2,10,2017-11-23,141.0,Amy Fitzpatrick
021553729374,Science,F,V1,10,2017-11-23,134.0,  Sarah Barnes
063187392095,Science,M,V3,10,2017-11-23,147.0,Sandy Kim
026679442188,Science,F,V1,10,2017-11-23,141.0,  Jennifer Villa
061454022073,Science,F,V1,10,2017-11-23,123.0,Suzanne Young
025837424469,Science,M,V1,10,2017-11-23,86.0,Gerald Cruz
075764463599,Science,M,V1,10,2017-11-23,102.0,Julie Baldwin
021455657148,Science,F,V2,10,2017-11-23,141.0, Jacob Mendez
022802721985,Science,F,V2,10,2017-11-23,133.0,Jennifer Moreno
052344603723,Science,F,V3,10,2017-11-23,125.0,Michelle Moore
031398545110,Science,M,V3,10,2017-11-23,135.0,  Heather Black
069809644248,Science,M,V3,10,2017-11-23,89.0, Raymond Rubio
031150245956,Science,F,V2,10,2017-11-23,135.0,  Gabriel Thompson
029238409363,Science,F,V2,10,2017-11-23,131.0, Mark Diaz
084384578137,Science,F,V1,10,2017-11-23,139.0, Emma Moore
077754742528,Science,F,V3,10,2017-11-23,90.0,Dr. Adrian Murphy
019618542288,Science,M,V3,10,2017-11-23,92.0,  Terry Andersen
098145109012,Science,F,V1,10,2017-11-23,138.0,Kathleen Oneill
085724328976,Science,F,V1,10,2017-11-23,91.0, Robert Lucas
084810718778,Science,F,V3,10,2017-11-23,89.0, Ashley Skinner
088427359373,Science,M,V2,10,2017-11-23,77.0, Terri Williams
044354116498,Science,F,V1,10,2017-11-23,130.0, Darin Price
063593386083,Science,M,V3,10,2017-11-23,83.0,Steven Fleming
041850360702,Science,F,V1,10,2017-11-23,125.0,  Dr. Rebecca Davis
026177723857,Science,F,V2,10,2017-11-23,83.0,Haley Graham
084344333782,Science,M,V2,10,2017-11-23,136.0,Jonathan Haas
098145109012,Science,M,V2,10,2017-11-23,133.0, Kim Brown
095266821412,Science,F,V3,10,2017-11-23,142.0,  Mark Roach
010773994450,Science,F,V2,10,2017-11-23,133.0,Garrett Odom
030567104512,Science,F,V3,10,2017-11-23,124.0,  Jacob Hill
069597531779,Science,M,V2,10,2017-11-23,105.0,  Larry Meza
068500675189,Science,X,V1,10,2017-11-23,89.0,Leah King
072926278163,Science,M,V2,10,2017-11-23,145.0, Eileen Hernandez DDS
022992744853,Science,M,V3,10,2017-11-23,139.0, John Jackson
033344135150,Science,M,V2,10,2017-11-23,126.0,Colleen Lee
073721540813,Science,M,V1,10,2017-11-23,126.0, Robert Reid
063138763083,Science,F,V3,10,2017-11-23,143.0, Cynthia Warren
059299518993,Science,M,V2,10,2017-11-23,100.0,  Heather Hunter
073600888804,Science,M,V1,10,2017-11-23,79.0,Dennis Robles
086254108578,Science,M,V2,10,2017-11-23,141.0, Michael Ross
061148489629,Science,M,V2,10,2017-11-23,84.0, William Dixon
040488103244,Science,F,V3,10,2017-11-23,122.0,  Laura Sims
022802721985,Science,M,V3,10,2017-11-23,133.0, Joanna Jones
092521609552,Science,M,V2,10,2017-11-23,134.0, Wendy Lucas
091436832998,Science,M,V3,10,2017-11-23,86.0,Nathan Jones
054229774321,Science,M,V3,10,2017-11-23,129.0,Linda Lewis
071644264900,Science,M,V2,10,2017-11-23,131.0, Mary Frazier
015114280579,Science,F,V1,10,2017-11-23,138.0,  Matthew Henderson
025849277920,Science,M,V2,10,2017-11-23,145.0, Lori Frazier DVM
010383246228,Science,F,V1,10,2017-11-23,130.0,Madison Gonzales
082097416069,Science,F,V3,10,2017-11-23,86.0,  David Miles
046572679613,Science,M,V1,10,2017-11-23,142.0,  Angela Rios
054314828076,Science,M,V3,10,2017-11-23,137.0,Benjamin Sharp
010741420123,Science,F,V2,10,2017-11-23,119.0,  Tabitha Vazquez
055994904852,Science,F,V2,10,2017-11-23,79.0,  Stacy Ball
096362241511,Science,F,V1,10,2017-11-23,132.0, Kristi Fuentes
072984911204,Science,F,V2,10,2017-11-23,134.0,Mary French
081872202339,Science,F,V1,10,2017-11-23,135.0,  Brittany Sherman
031073569645,Science,M,V3,10,2017-11-23,135.0,Barbara Curry
039785534057,Science,F,V3,10,2017-11-23,86.0, Barbara Baker
081297426015,Science,F,V2,10,2017-11-23,138.0,Sherri Shah
042114800800,Science,F,V2,10,2017-11-23,116.0, Christine Torres
083292622565,Science,M,V1,10,2017-11-23,143.0, Erin Young
051266832565,Science,F,V3,10,2017-11-23,147.0,  Julie Wells
029970600082,Science,F,V1,10,2017-11-23,126.0, Robert Carney
033970412592,Science,M,V1,10,2017-11-23,138.0, Madeline Wood
041830158423,Science,F,V1,10,2017-11-23,126.0, Michele Mclaughlin
015114280579,Science,F,V2,10,2017-11-23,142.0,  Amanda Benson
034272345132,Science,F,V1,10,2017-11-23,126.0,John Contreras
068119989392,Science,M,V1,10,2017-11-23,94.0,Robyn Phillips
066442272452,Science,F,V3,10,2017-11-23,133.0, Karina Burnett
066039502963,Science,M,V2,10,2017-11-23,138.0,Melanie Collins
065392455905,Science,F,V3,10,2017-11-23,136.0, Sierra Wright
039108437592,Science,M,V1,10,2017-11-23,142.0,  Katrina White
051692510154,Science,F,V3,10,2017-11-23,128.0,Walter Henson
065968276282,Science,F,V3,10,2017-11-23,92.0, Eric Andrews
051549105680,Science,M,V1,10,2017-11-23,135.0, Lydia Castillo
060129725542,Science,F,V1,10,2017-11-23,137.0, Jessica Young
023830861493,Science,F,V1,10,2017-11-23,137.0,  Christopher Campbell
077465046934,Science,M,V1,10,2017-11-23,84.0,  Juan Wood
071824780301,Science,F,V3,10,2017-11-23,129.0, Timothy Sandoval
066145870062,Science,F,V1,10,2017-11-23,134.0, Robert Gaines
017267104453,Science,M,V1,10,2017-11-23,117.0, Jonathan James
031187907678,Science,M,V2,10,2017-11-23,145.0,Michael Kramer
076985596235,Science,M,V1,10,2017-11-23,85.0,  Ann West
042557415060,Science,F,V3,10,2017-11-23,133.0,Morgan Perez
063753266002,Science,F,V3,10,2017-11-23,129.0,Heather Miller
051562259022,Science,M,V2,10,2017-11-23,133.0, Tyler Collins
024574066081,Science,M,V3,10,2017-11-23,131.0, Emily Martinez
027186436121,Science,F,V1,10,2017-11-23,135.0,Anthony Thomas
051169007175,Science,M,V1,10,2017-11-23,133.0, Amy Fletcher
055566478611,Science,F,V2,10,2017-11-23,146.0,Sandra Mccann
086231158429,Science,M,V1,10,2017-11-23,144.0, John Pham
044418713457,Science,M,V3,10,2017-11-23,141.0,  Steven Gay
067276595697,Science,M,V3,10,2017-11-23,99.0, Robert Dorsey
032293827760,Science,M,V1,10,2017-11-23,142.0,Jennifer Tyler
044539705790,Science,M,V2,10,2017-11-23,137.0, Mr. Miguel Lewis PhD
039974983885,Science,M,V1,10,2017-11-23,102.0, Leroy Johnson
011311393948,Science,F,V2,10,2017-11-23,120.0,  Rachel Brown
019575066451,Science,F,V2,10,2017-11-23,141.0, Kathryn Hernandez
048885042576,Science,M,V2,10,2017-11-23,86.0, Gregory Roberts
097073406454,Science,M,V2,10,2017-11-23,135.0,  Cynthia Lee
086231158429,Science,M,V3,10,2017-11-23,134.0,  Amanda Baldwin
012849715621,Science,M,V2,10,2017-11-23,137.0, Robert Casey
012311462288,Science,M,V3,10,2017-11-23,130.0,Jon Smith
052924011673,Science,F,V3,10,2017-11-23,136.0,Kaitlin Martin
077284815560,Science,F,V3,10,2017-11-23,84.0,  Lindsay Acosta
015261553330,Science,M,V3,10,2017-11-23,127.0,  Christopher Williams
094277783750,Science,F,V1,10,2017-11-23,91.0,Samantha Cole
044746858722,Science,F,V2,10,2017-11-23,92.0, Amanda Trujillo
084707241692,Science,M,V2,10,2017-11-23,138.0,  Elizabeth Yang
095216513535,Science,F,V1,10,2017-11-23,128.0, Wendy Woodard
077669730666,Science,M,V1,10,2017-11-23,90.0, Daniel Hinton
022980251093,Science,M,V3,10,2017-11-23,136.0, Gerald Duran
063438786074,Science,F,V1,10,2017-11-23,88.0,  Robert Mercado
054467820473,Science,M,V1,10,2017-11-23,145.0,  Jessica Taylor
020259757243,Science,F,V1,10,2017-11-23,130.0, Stephanie Curry
087692703274,Science,M,V1,10,2017-11-23,140.0,Krystal Rodriguez
014510021091,Science,F,V1,10,2017-11-23,111.0, Rhonda Hunt
048915073964,Science,F,V2,10,2017-11-23,146.0,Anthony Hurst
036574724339,Science,M,V2,10,2017-11-23,145.0,Sharon Lewis
096140793652,Science,F,V2,10,2017-11-23,142.0,  Mrs. Ashley Washington
028022681781,Science,M,V3,10,2017-11-23,137.0,Joshua Campbell
056911659979,Science,M,V2,10,2017-11-23,96.0, Jordan Sullivan
046247266037,Science,M,V3,10,2017-11-23,139.0,Erika Sellers
045984176979,Science,M,V2,10,2017-11-23,89.0, Alexander Green
058820597274,Science,F,V3,10,2017-11-23,138.0,  Nicole Tran
092222691896,Science,F,V2,10,2017-11-23,144.0, Peter Brady
053476623751,Science,M,V3,10,2017-11-23,142.0,  Mark Richardson
044411944928,Science,F,V2,10,2017-11-23,137.0,  Amanda Evans
057234057659,Science,M,V3,10,2017-11-23,138.0,Sherri Riggs
057677502318,Science,F,V2,10,2017-11-23,139.0, Jeremy Watson
022969345101,Science,M,V2,10,2017-11-23,126.0,Carla Miles
073839881264,Science,M,V2,10,2017-11-23,95.0, John Flowers MD
030244226594,Science,M,V3,10,2017-11-23,126.0, Susan Adkins
032841375019,Science,F,V3,10,2017-11-23,130.0,Christopher Aguirre
075592934479,Science,F,V2,10,2017-11-23,94.0,Krystal Davis
090860855089,Science,M,V3,10,2017-11-23,91.0, Anthony Moore
059809207515,Science,M,V3,10,2017-11-23,139.0,Tanner Martinez
033045443717,Science,M,V3,10,2017-11-23,136.0, Yvonne Burke
082721504740,Science,M,V2,10,2017-11-23,131.0,  Laura Strickland
073233045101,Science,F,V2,10,2017-11-23,114.0, Diane Smith
088893192088,Science,F,V2,10,2017-11-23,89.0,Suzanne Williams
027709694266,Science,M,V2,10,2017-11-23,91.0, Sylvia White
035250998702,Science,F,V1,10,2017-11-23,133.0, Alexander Pennington
077832724994,Science,F,V1,10,2017-11-23,86.0, Christopher Crane
024780223641,Science,F,V2,10,2017-11-23,133.0,  Beth Griffin
025781782172,Science,F,V3,10,2017-11-23,138.0, Patricia Estrada
033965748369,Science,M,V3,10,2017-11-23,95.0,Brandi Pearson
037736886474,Science,F,V3,10,2017-11-23,92.0,Brooke Stanton
068066720978,Science,M,V3,10,2017-11-23,88.0, Joanna Lyons
024211003974,Science,M,V1,10,2017-11-23,126.0,Dawn Deleon
011998104701,Science,M,V1,10,2017-11-23,126.0, Gregory Fletcher
025439449296,Science,F,V3,10,2017-11-23,91.0, Kendra Hernandez
042154030647,Science,F,V2,10,2017-11-23,129.0,Patrick Robertson
097033919163,Science,M,V3,10,2017-11-23,128.0,  Thomas Greer
024662864471,Science,F,V1,10,2017-11-23,131.0,Michele Gray MD
090444256699,Science,M,V1,10,2017-11-23,84.0, Elizabeth Stanley
087616394496,Science,F,V2,10,2017-11-23,81.0,  Rachel French
053946353006,Science,M,V1,10,2017-11-23,131.0,  Scott Reed
020782453882,Science,M,V2,10,2017-11-23,133.0, Rhonda Lawson
065774057627,Science,M,V3,10,2017-11-23,79.0,  James Nelson
096604298468,Science,M,V1,10,2017-11-23,95.0,Kim Reed
032723583001,Science,M,V1,10,2017-11-23,121.0,Stephen Barnes
046603255830,Science,M,V2,10,2017-11-23,128.0, Christopher Hanson
076860272972,Science,M,V3,10,2017-11-23,140.0,  Miss Rose James MD
066442272452,Science,F,V2,10,2017-11-23,135.0, April Barnett
083592477452,Science,M,V3,10,2017-11-23,,Jaime Phillips
032959043409,Science,M,V3,10,2017-11-23,140.0,  Rachael Michael
064474026024,Science,M,V3,10,2017-11-23,136.0, Tracy Gutierrez
099515226942,Science,F,V2,10,2017-11-23,137.0, Larry Day
094655164521,Science,F,V1,10,2017-11-23,143.0,Shane Archer
033838118459,Science,F,V3,10,2017-11-23,137.0,  James Moody
017981689936,Science,F,V1,10,2017-11-23,93.0,Crystal Wilson
013149998875,Science,M,V1,10,2017-11-23,95.0,Isaiah Nelson
056460728901,Science,M,V3,10,2017-11-23,139.0,  Olivia Mccormick
017320401284,Science,M,V3,10,2017-11-23,122.0, Tyler Hernandez
037339925271,Science,M,V1,10,2017-11-23,139.0, Rebecca Branch
034559431262,Science,M,V3,10,2017-11-23,136.0, Kelly Nichols
027198042218,Science,F,V1,10,2017-11-23,139.0, Ryan Vargas
036147775337,Science,M,V3,10,2017-11-23,136.0,  James Coleman
030754881755,Science,M,V3,10,2017-11-23,82.0, Wendy Arroyo
088225790836,Science,M,V2,10,2017-11-23,86.0,  Eric Garcia
059221596831,Science,M,V2,10,2017-11-23,138.0,  Laura Scott
039673943654,Science,X,V3,10,2017-11-23,92.0, Scott Perez
058878402703,Science,F,V1,10,2017-11-23,139.0, Carla Cline
044763484478,Science,F,V2,10,2017-11-23,88.0, Suzanne Sullivan
066361781704,Science,F,V3,10,2017-11-23,133.0,  Emily Moore
054299822208,Science,M,V2,10,2017-11-23,143.0,  Angela Rhodes
086598457094,Science,F,V3,10,2017-11-23,86.0,Michelle Padilla
015537576636,Science,F,V3,10,2017-11-23,83.0,  Katherine Jones
050674203613,Science,M,V3,10,2017-11-23,123.0,  Mrs. Joan Russell DVM
017570461370,Science,M,V2,10,2017-11-23,128.0,Angie Hernandez
028543088872,Science,M,V3,10,2017-11-23,142.0, Jerry Norris
081306628967,Science,M,V2,10,2017-11-23,83.0,Natalie Serrano DDS
087968302225,Science,F,V3,10,2017-11-23,135.0,Robin Brown
048239696403,Science,M,V1,10,2017-11-23,84.0,David Rose
066352647811,Science,M,V3,10,2017-11-23,, James Howard
088646878979,Science,F,V3,10,2017-11-23,117.0,  Stephanie Baker
010360935750,Science,F,V2,10,2017-11-23,130.0,  Melissa Avila
015483560665,Science,M,V2,10,2017-11-23,140.0,Dawn Foster
055449084328,Science,M,V1,10,2017-11-23,133.0,Patrick Taylor
032172280682,Science,M,V1,10,2017-11-23,137.0, Crystal Bennett
075762019439,Science,M,V1,10,2017-11-23,86.0, Timothy Manning
091205169474,Science,M,V1,10,2017-11-23,141.0,  Penny Perry
070851460100,Science,F,V3,10,2017-11-23,126.0,Brian Byrd
093812482367,Science,M,V1,10,2017-11-23,83.0,Crystal Sweeney
013238229253,Science,F,V2,10,2017-11-23,130.0,  Derek Carrillo
037608480116,Science,F,V1,10,2017-11-23,132.0,Shannon Crosby
040928153835,Science,M,V2,10,2017-11-23,136.0, James Davis
048780722752,Science,F,V1,10,2017-11-23,150.0,  Mark Hughes
047523820531,Science,F,V3,10,2017-11-23,131.0, Penny Hernandez
038379480657,Science,F,V2,10,2017-11-23,89.0, Helen Tate
099503125438,Science,F,V3,10,2017-11-23,135.0, Jordan Martinez
080168028275,Science,M,V1,10,2017-11-23,135.0,  Megan Morgan DVM
038786829058,Science,F,V2,10,2017-11-23,85.0,  Michael Leach
062251259373,Science,M,V1,10,2017-11-23,140.0, Lori Macdonald
051679249598,Science,F,V3,10,2017-11-23,86.0, Victor Long
056453568093,Science,M,V3,10,2017-11-23,82.0, Jacob Barron
049601524496,Science,F,V2,10,2017-11-23,138.0,  Rita Goodman
014589886557,Science,F,V2,10,2017-11-23,101.0,  Maureen Peters
039800235512,Science,X,V3,10,2017-11-23,123.0,Matthew Mitchell
086729156361,Science,F,V2,10,2017-11-23,138.0,  Brian Owens
070369236713,Science,M,V2,10,2017-11-23,135.0,  Scott Jones
063750072808,Science,M,V2,10,2017-11-23,127.0,Daniel Morris
087154740958,Science,X,V1,10,2017-11-23,144.0,  Lori Gilmore
025801859619,Science,M,V2,10,2017-11-23,135.0, Steven Friedman
063802067918,Science,M,V3,10,2017-11-23,147.0, James Garcia
088091991664,Science,M,V2,10,2017-11-23,93.0, Tonya Wilson
038055820121,Science,M,V3,10,2017-11-23,125.0,  Andrew Hutchinson
022321855521,Science,M,V1,10,2017-11-23,126.0,  Courtney Wells
016712819211,Science,M,V2,10,2017-11-23,125.0,  Kenneth Mills
043900686230,Science,M,V1,10,2017-11-23,134.0, Chelsea Hopkins
036766705684,Science,M,V1,10,2017-11-23,151.0, Jack Chavez
089100666014,Science,M,V2,10,2017-11-23,130.0, Vanessa Mcgrath
022965796873,Science,M,V1,10,2017-11-23,92.0,  Ashlee Collins
085951505598,Science,M,V2,10,2017-11-23,96.0,Laura Williams
040336763085,Science,F,V2,10,2017-11-23,137.0,  David Arellano
014716342672,Science,F,V1,10,2017-11-23,135.0, Dustin Collins
074517027094,Science,F,V2,10,2017-11-23,133.0,Dawn Bass
075492831387,Science,M,V2,10,2017-11-23,84.0, Kristen Jones
085618200142,Science,M,V3,10,2017-11-23,121.0, Amanda King
077007055186,Science,F,V2,10,2017-11-23,127.0, Nina White
014687645459,Science,M,V1,10,2017-11-23,92.0,  Kevin Buckley
016958450291,Science,F,V2,10,2017-11-23,138.0,Ashley Mendoza
045487359953,Science,M,V3,10,2017-11-23,95.0,  Michael Rush
023811531905,Science,M,V2,10,2017-11-23,120.0, Heather Sparks
081991599804,Science,M,V1,10,2017-11-23,91.0,  Christopher Smith
090617841832,Science,M,V1,10,2017-11-23,135.0,  Derrick Johnson
019344055589,Science,M,V3,10,2017-11-23,84.0,  Kyle Bailey
067818507933,Science,M,V3,10,2017-11-23,140.0, Casey Smith
066093619405,Science,F,V1,10,2017-11-23,132.0, Scott Curtis
043824735235,Science,M,V1,10,2017-11-23,133.0,  Joshua Hernandez
082901309321,Science,M,V2,10,2017-11-23,123.0, Kevin Cook
076436586005,Science,M,V1,10,2017-11-23,131.0,  Kenneth Perez
045494725924,Science,F,V1,10,2017-11-23,90.0, Joseph Sullivan
051486913266,Science,F,V3,10,2017-11-23,138.0,Dr. Nathan Guerrero
090008157135,Science,F,V3,10,2017-11-23,119.0, Brad Taylor
081473991720,Science,F,V3,10,2017-11-23,129.0,Jasmine Spencer
067353720428,Science,M,V1,10,2017-11-23,143.0,  Jennifer Adkins
048252797179,Science,M,V2,10,2017-11-23,90.0,  Sandra Ali
088723008998,Science,F,V1,10,2017-11-23,93.0,Dr. Jordan Costa
074975711331,Science,X,V1,10,2017-11-23,135.0,Melissa Bowen
039043331205,Science,F,V1,10,2017-11-23,116.0,Anthony Torres
013579147875,Science,M,V3,10,2017-11-23,134.0,Hunter Gonzales
026604938719,Science,F,V2,10,2017-11-23,78.0, Katie Burns
016696368838,Science,F,V3,10,2017-11-23,92.0,Abigail Daniels
086621601269,Science,M,V2,10,2017-11-23,143.0,  William Bennett
064474026024,Science,F,V1,10,2017-11-23,126.0, Margaret Parker
040237053106,Science,M,V3,10,2017-11-23,121.0,Nathan Pierce
043946952802,Science,F,V1,10,2017-11-23,144.0, Lisa Wilcox
068025000520,Science,M,V1,10,2017-11-23,111.0,  Kristin Leach
037669623658,Science,M,V1,10,2017-11-23,87.0,  Jose Sims
085697277370,Science,F,V3,10,2017-11-23,84.0,  Daniel Wallace
066585591063,Science,M,V1,10,2017-11-23,138.0,Randy Spears
097551976576,Science,F,V3,10,2017-11-23,98.0, Christine White
074438693764,Science,M,V1,10,2017-11-23,93.0,Sabrina Li
060129725542,Science,F,V1,10,2017-11-23,139.0,  Darlene Patel
036147775337,Science,M,V2,10,2017-11-23,144.0,  Linda Delacruz
045984176979,Science,M,V1,10,2017-11-23,92.0, Morgan Oconnell
066574436634,Science,M,V1,10,2017-11-23,142.0, James Gamble
025035107552,Science,M,V3,10,2017-11-23,124.0, Donald Higgins
033557552310,Science,M,V1,10,2017-11-23,121.0,  Jonathan David
094840757654,Science,F,V1,10,2017-11-23,92.0, Justin Flynn
083745580018,Science,M,V3,10,2017-11-23,134.0,  Melissa Carter
076585537839,Science,F,V2,10,2017-11-23,101.0,  Jessica Bell
032837003561,Science,F,V3,10,2017-11-23,126.0, Diane Mcclure
052879092738,Science,F,V2,10,2017-11-23,88.0,Gordon Harris
059961465748,Science,M,V2,10,2017-11-23,93.0,Nancy Brewer
030078865729,Science,M,V3,10,2017-11-23,83.0,  Jessica Walker
057672805825,Science,F,V3,10,2017-11-23,149.0,Craig Keith
093189917335,Science,M,V3,10,2017-11-23,,Cindy Maxwell
074777702216,Science,F,V1,10,2017-11-23,138.0,Shawn Bruce
061982897834,Science,F,V1,10,2017-11-23,84.0,Roberto Dean
085802055841,Science,M,V3,10,2017-11-23,140.0,Sara Miller
073721540813,Science,F,V1,10,2017-11-23,129.0, Jennifer Baird
028543088872,Science,F,V3,10,2017-11-23,137.0,  Matthew Lopez
028038369847,Science,M,V1,10,2017-11-23,89.0,Erika Chapman
020318537641,Science,F,V1,10,2017-11-23,130.0, Mike Hensley
041810544633,Science,M,V1,10,2017-11-23,122.0,  Adam Ochoa
