Student ID,test name,gender,version,level,test date,Standardised Score,Email
039800235512,Overall,M,V3,4,2011-11-23 00:00:00,128.0,tonya82@example.net
036428385005,Overall,F,V2,4,2011-11-23 00:00:00,137.0,vrivera@example.net
049335365867,Overall,F,V2,4,2011-11-23 00:00:00,94.0,david66@example.net
056204421440,Overall,F,V1,4,2011-11-23 00:00:00,115.0,fsantos@example.org
059535140637,Overall,F,V1,4,2011-11-23 00:00:00,133.0,joshua10@example.org
070022638327,Overall,M,V3,4,2011-11-23 00:00:00,125.0,drewlee@example.org
091234002751,Overall,F,V1,4,2011-11-23 00:00:00,125.0,bharris@example.org
084819935604,Overall,F,V1,4,2011-11-23 00:00:00,145.0,wrichmond@example.org
075632065167,Overall,F,V3,4,2011-11-23 00:00:00,134.0,bwilliams@example.com
071055943231,Overall,F,V3,4,2011-11-23 00:00:00,133.0,emily37@example.com
032837510168,Overall,F,V1,4,2011-11-23 00:00:00,137.0,flittle@example.org
023786122576,Overall,M,V2,4,2011-11-23 00:00:00,140.0,cjohnson@example.com
025849277920,Overall,M,V3,4,2011-11-23 00:00:00,143.0,garciagarrett@example.net
090444256699,Overall,M,V1,4,2011-11-23 00:00:00,85.0,evansjeremy@example.org
093658388976,Overall,M,V3,4,2011-11-23 00:00:00,103.0,tharvey@example.com
035741056728,Overall,F,V2,4,2011-11-23 00:00:00,137.0,mpage@example.net
083493367836,Overall,F,V2,4,2011-11-23 00:00:00,86.0,april85@example.org
074975711331,Overall,M,V3,4,2011-11-23 00:00:00,135.0,hillmatthew@example.org
050710512158,Overall,M,V3,4,2011-11-23 00:00:00,122.0,xlawson@example.net
039764836903,Overall,M,V3,4,2011-11-23 00:00:00,144.0,holderjohn@example.net
047850956471,Overall,F,V1,4,2011-11-23 00:00:00,89.0,wilsonchad@example.com
087951102552,Overall,F,V3,4,2011-11-23 00:00:00,134.0,qnewton@example.net
086517381950,Overall,M,V1,4,2011-11-23 00:00:00,140.0,brandonandrews@example.com
018030008035,Overall,M,V2,4,2011-11-23 00:00:00,114.0,kathryn13@example.net
086810363765,Overall,M,V1,4,2011-11-23 00:00:00,138.0,robertarmstrong@example.com
032073696250,Overall,F,V3,4,2011-11-23 00:00:00,126.0,kaylagarner@example.org
092213411097,Overall,F,V3,4,2011-11-23 00:00:00,124.0,glang@example.org
049916051338,Overall,F,V2,4,2011-11-23 00:00:00,133.0,amysilva@example.com
091863172347,Overall,M,V2,4,2011-11-23 00:00:00,134.0,smithbrandy@example.com
025731377168,Overall,M,V2,4,2011-11-23 00:00:00,138.0,fernandezkeith@example.com
078938066679,Overall,F,V1,4,2011-11-23 00:00:00,100.0,michellelopez@example.com
078330673854,Overall,F,V2,4,2011-11-23 00:00:00,88.0,kimberly87@example.com
097289478888,Overall,F,V2,4,2011-11-23 00:00:00,104.0,rodney86@example.net
055347078916,Overall,M,V2,4,2011-11-23 00:00:00,141.0,djohnson@example.com
087556076957,Overall,F,V3,4,2011-11-23 00:00:00,91.0,lisa07@example.com
045896825840,Overall,F,V1,4,2011-11-23 00:00:00,87.0,gonzalezjason@example.com
050674203613,Overall,M,V2,4,2011-11-23 00:00:00,127.0,brandy15@example.com
039785534057,Overall,F,V2,4,2011-11-23 00:00:00,87.0,nsoto@example.net
045701289137,Overall,F,V1,4,2011-11-23 00:00:00,129.0,lindsay37@example.com
073022507705,Overall,F,V2,4,2011-11-23 00:00:00,132.0,qray@example.org
028250417129,Overall,M,V3,4,2011-11-23 00:00:00,135.0,geraldbrown@example.org
012114875903,Overall,F,V1,4,2011-11-23 00:00:00,128.0,timothydaniel@example.org
096570994463,Overall,M,V2,4,2011-11-23 00:00:00,92.0,vasquezlaura@example.org
033615878097,Overall,M,V1,4,2011-11-23 00:00:00,92.0,ajohnson@example.org
060129725542,Overall,M,V3,4,2011-11-23 00:00:00,135.0,frivera@example.org
030042130417,Overall,M,V2,4,2011-11-23 00:00:00,115.0,pateltroy@example.org
066423799265,Overall,F,V3,4,2011-11-23 00:00:00,83.0,fostermegan@example.com
040336763085,Overall,F,V2,4,2011-11-23 00:00:00,137.0,katie80@example.com
064286568369,Overall,F,V3,4,2011-11-23 00:00:00,88.0,wesleyarias@example.org
045617047065,Overall,F,V1,4,2011-11-23 00:00:00,131.0,jody74@example.net
034957025549,Overall,F,V3,4,2011-11-23 00:00:00,81.0,jerryolson@example.net
067799223067,Overall,F,V1,4,2011-11-23 00:00:00,82.0,burnskayla@example.org
060126909279,Overall,F,V3,4,2011-11-23 00:00:00,136.0,scottbethany@example.com
034957025549,Overall,F,V2,4,2011-11-23 00:00:00,82.0,mbrown@example.net
078003536355,Overall,M,V2,4,2011-11-23 00:00:00,132.0,xtran@example.com
081933141065,Overall,F,V1,4,2011-11-23 00:00:00,133.0,sharon32@example.net
044963081966,Overall,M,V3,4,2011-11-23 00:00:00,86.0,cheryl70@example.com
019944946973,Overall,M,V3,4,2011-11-23 00:00:00,96.0,richard84@example.net
033676364981,Overall,M,V1,4,2011-11-23 00:00:00,85.0,blairpatrick@example.net
093811173076,Overall,F,V2,4,2011-11-23 00:00:00,132.0,campbelltyler@example.org
053331345987,Overall,M,V1,4,2011-11-23 00:00:00,144.0,vincent49@example.com
037554877934,Overall,F,V3,4,2011-11-23 00:00:00,87.0,matthewporter@example.com
091118045538,Overall,F,V1,4,2011-11-23 00:00:00,138.0,hartkimberly@example.com
039096297326,Overall,M,V1,4,2011-11-23 00:00:00,137.0,silvadonald@example.com
017777177733,Overall,M,V3,4,2011-11-23 00:00:00,92.0,georgebrett@example.com
082246727035,Overall,F,V3,4,2011-11-23 00:00:00,133.0,timothy00@example.org
052960494771,Overall,M,V2,4,2011-11-23 00:00:00,136.0,olsonmisty@example.net
058999770262,Overall,F,V2,4,2011-11-23 00:00:00,87.0,matthew26@example.net
067647281084,Overall,M,V2,4,2011-11-23 00:00:00,137.0,ctaylor@example.net
067017306631,Overall,M,V3,4,2011-11-23 00:00:00,134.0,christinehernandez@example.net
039096297326,Overall,M,V3,4,2011-11-23 00:00:00,142.0,meganthompson@example.org
061877300502,Overall,M,V3,4,2011-11-23 00:00:00,121.0,garrettjeremy@example.com
078555174865,Overall,M,V2,4,2011-11-23 00:00:00,89.0,clarkeangela@example.org
072525814766,Overall,F,V3,4,2011-11-23 00:00:00,137.0,johnsonphillip@example.net
081509210530,Overall,F,V3,4,2011-11-23 00:00:00,129.0,melanie57@example.net
095273363145,Overall,M,V2,4,2011-11-23 00:00:00,135.0,tjacobs@example.net
016921174454,Overall,M,V1,4,2011-11-23 00:00:00,136.0,willisjoshua@example.org
090956140218,Overall,X,V3,4,2011-11-23 00:00:00,140.0,younganthony@example.net
080153318596,Overall,M,V3,4,2011-11-23 00:00:00,137.0,kayladuarte@example.org
053476623751,Overall,M,V2,4,2011-11-23 00:00:00,134.0,christinedaniel@example.net
058512840388,Overall,F,V2,4,2011-11-23 00:00:00,136.0,hansenrichard@example.net
064224781835,Overall,F,V3,4,2011-11-23 00:00:00,144.0,renee32@example.org
085792664763,Overall,F,V3,4,2011-11-23 00:00:00,89.0,dunnlauren@example.net
073353285322,Overall,F,V3,4,2011-11-23 00:00:00,133.0,daniellewis@example.com
037669623658,Overall,F,V1,4,2011-11-23 00:00:00,86.0,hernandezmichelle@example.org
032567746725,Overall,M,V2,4,2011-11-23 00:00:00,86.0,francisco05@example.net
021994894154,Overall,M,V1,4,2011-11-23 00:00:00,85.0,pjohnson@example.net
077465046934,Overall,F,V1,4,2011-11-23 00:00:00,87.0,davidrivera@example.net
034957025549,Overall,M,V3,4,2011-11-23 00:00:00,87.0,howardcandice@example.com
026519791232,Overall,M,V1,4,2011-11-23 00:00:00,130.0,sanchezsteven@example.com
016609679149,Overall,F,V1,4,2011-11-23 00:00:00,144.0,warnercynthia@example.com
073599034076,Overall,M,V1,4,2011-11-23 00:00:00,136.0,leechristopher@example.net
044981172164,Overall,M,V3,4,2011-11-23 00:00:00,140.0,wherrera@example.com
046172274653,Overall,F,V3,4,2011-11-23 00:00:00,134.0,katherinejohnson@example.org
024574066081,Overall,M,V3,4,2011-11-23 00:00:00,135.0,williamreyes@example.net
061407726363,Overall,F,V2,4,2011-11-23 00:00:00,132.0,taylor32@example.com
099557560315,Overall,F,V3,4,2011-11-23 00:00:00,86.0,nsmith@example.com
017477047249,Overall,F,V1,4,2011-11-23 00:00:00,140.0,suzannevargas@example.com
053798907030,Overall,M,V3,4,2011-11-23 00:00:00,142.0,norma52@example.net
089005254282,Overall,F,V2,4,2011-11-23 00:00:00,131.0,marissacooper@example.net
038379480657,Overall,M,V2,4,2011-11-23 00:00:00,93.0,hubbardtyler@example.org
060853565057,Overall,F,V2,4,2011-11-23 00:00:00,145.0,rvasquez@example.com
091802993821,Overall,M,V3,4,2011-11-23 00:00:00,141.0,dianeellis@example.org
077524989605,Overall,F,V2,4,2011-11-23 00:00:00,88.0,ccarter@example.com
077919483736,Overall,M,V2,4,2011-11-23 00:00:00,91.0,cooperchristopher@example.org
067818507933,Overall,F,V1,4,2011-11-23 00:00:00,139.0,thorntonerica@example.com
075538385389,Overall,F,V1,4,2011-11-23 00:00:00,92.0,jose05@example.net
023786122576,Overall,F,V3,4,2011-11-23 00:00:00,136.0,richardreyes@example.com
019944946973,Overall,F,V2,4,2011-11-23 00:00:00,96.0,wooddiane@example.net
019540699299,Overall,F,V1,4,2011-11-23 00:00:00,96.0,nicolehuerta@example.com
038525993728,Overall,F,V2,4,2011-11-23 00:00:00,84.0,bushcharles@example.org
098969585056,Overall,M,V2,4,2011-11-23 00:00:00,99.0,mstone@example.com
033615878097,Overall,F,V1,4,2011-11-23 00:00:00,90.0,wesleykemp@example.com
069659653494,Overall,F,V3,4,2011-11-23 00:00:00,95.0,mjoseph@example.net
075592934479,Overall,F,V3,4,2011-11-23 00:00:00,91.0,huntjeffrey@example.org
015110664128,Overall,M,V1,4,2011-11-23 00:00:00,124.0,erica94@example.net
091380181733,Overall,M,V1,4,2011-11-23 00:00:00,126.0,joshuaanderson@example.com
071345190722,Overall,M,V2,4,2011-11-23 00:00:00,124.0,blackwellcarl@example.org
027670504426,Overall,F,V1,4,2011-11-23 00:00:00,135.0,gregorywise@example.net
085140821461,Overall,F,V3,4,2011-11-23 00:00:00,132.0,swarren@example.com
022789746770,Overall,F,V2,4,2011-11-23 00:00:00,88.0,jessicaprice@example.org
066145870062,Overall,M,V1,4,2011-11-23 00:00:00,134.0,bakererin@example.org
061732744333,Overall,F,V3,4,2011-11-23 00:00:00,131.0,thomas18@example.net
059683347965,Overall,M,V3,4,2011-11-23 00:00:00,88.0,christophertorres@example.org
088941136046,Overall,M,V1,4,2011-11-23 00:00:00,141.0,fuentessteven@example.org
037126443162,Overall,F,V1,4,2011-11-23 00:00:00,130.0,hernandezbrian@example.com
055449084328,Overall,F,V1,4,2011-11-23 00:00:00,134.0,tharvey@example.net
080488031774,Overall,F,V3,4,2011-11-23 00:00:00,143.0,ngarcia@example.org
034957025549,Overall,M,V1,4,2011-11-23 00:00:00,83.0,stewartelizabeth@example.net
098981438114,Overall,F,V2,4,2011-11-23 00:00:00,81.0,kristidavis@example.com
048905054400,Overall,M,V3,4,2011-11-23 00:00:00,128.0,taylorchad@example.com
050674203613,Overall,M,V3,4,2011-11-23 00:00:00,125.0,cschwartz@example.net
030955520251,Overall,F,V2,4,2011-11-23 00:00:00,127.0,john73@example.net
024765092903,Overall,M,V2,4,2011-11-23 00:00:00,132.0,grogers@example.net
033833148889,Overall,M,V3,4,2011-11-23 00:00:00,87.0,amycamacho@example.org
014234115247,Overall,F,V1,4,2011-11-23 00:00:00,118.0,hancockmatthew@example.org
076804957472,Overall,M,V2,4,2011-11-23 00:00:00,88.0,igarrett@example.com
088461341099,Overall,F,V1,4,2011-11-23 00:00:00,144.0,nathan69@example.net
080274228164,Overall,F,V3,4,2011-11-23 00:00:00,132.0,brandonsmith@example.org
087074885753,Overall,M,V1,4,2011-11-23 00:00:00,87.0,proctorvalerie@example.net
068604590987,Overall,F,V1,4,2011-11-23 00:00:00,92.0,wstewart@example.com
087870078095,Overall,M,V3,4,2011-11-23 00:00:00,86.0,amanda02@example.net
063624814348,Overall,M,V1,4,2011-11-23 00:00:00,135.0,vortiz@example.org
057957019592,Overall,F,V1,4,2011-11-23 00:00:00,87.0,hgreen@example.com
021041721857,Overall,M,V2,4,2011-11-23 00:00:00,124.0,keithconrad@example.com
024026670259,Overall,F,V3,4,2011-11-23 00:00:00,132.0,williamsclifford@example.net
017552406746,Overall,F,V1,4,2011-11-23 00:00:00,137.0,hsmith@example.com
084793888593,Overall,F,V3,4,2011-11-23 00:00:00,96.0,mhansen@example.org
056730579987,Overall,F,V3,4,2011-11-23 00:00:00,94.0,ismith@example.com
097694084068,Overall,M,V2,4,2011-11-23 00:00:00,84.0,chrismartin@example.net
037616069648,Overall,M,V3,4,2011-11-23 00:00:00,143.0,michael08@example.org
072418293059,Overall,F,V1,4,2011-11-23 00:00:00,134.0,floreskatrina@example.net
078807906665,Overall,X,V3,4,2011-11-23 00:00:00,88.0,cindyalexander@example.com
010205582270,Overall,F,V1,4,2011-11-23 00:00:00,114.0,stephaniecastillo@example.org
044765446823,Overall,M,V2,4,2011-11-23 00:00:00,83.0,william15@example.net
056776289706,Overall,F,V3,4,2011-11-23 00:00:00,92.0,mcallahan@example.net
087371982446,Overall,M,V1,4,2011-11-23 00:00:00,89.0,hhorne@example.com
023127270151,Overall,M,V2,4,2011-11-23 00:00:00,116.0,hhanson@example.com
075143676902,Overall,F,V3,4,2011-11-23 00:00:00,135.0,williamchang@example.net
061490355829,Overall,M,V2,4,2011-11-23 00:00:00,134.0,michael96@example.net
023058756533,Overall,F,V3,4,2011-11-23 00:00:00,132.0,chrismurphy@example.net
045576637568,Overall,M,V3,4,2011-11-23 00:00:00,88.0,annettegarrison@example.net
024474647606,Overall,M,V3,4,2011-11-23 00:00:00,140.0,diane48@example.net
042505773435,Overall,M,V3,4,2011-11-23 00:00:00,140.0,gregoryshelton@example.org
059052990857,Overall,F,V3,4,2011-11-23 00:00:00,89.0,jasonwerner@example.com
019513807409,Overall,F,V2,4,2011-11-23 00:00:00,136.0,kingashley@example.com
080942796413,Overall,M,V2,4,2011-11-23 00:00:00,142.0,wisejohn@example.org
099029930959,Overall,M,V1,4,2011-11-23 00:00:00,89.0,anitabates@example.org
032934041971,Overall,F,V3,4,2011-11-23 00:00:00,130.0,laurieruiz@example.com
081317793434,Overall,F,V1,4,2011-11-23 00:00:00,146.0,mark01@example.org
025217605729,Overall,F,V2,4,2011-11-23 00:00:00,140.0,drichards@example.org
077992179653,Overall,M,V1,4,2011-11-23 00:00:00,92.0,butlerlisa@example.org
025101032904,Overall,M,V3,4,2011-11-23 00:00:00,117.0,ztaylor@example.net
083905847588,Overall,M,V1,4,2011-11-23 00:00:00,95.0,washingtonchristopher@example.org
061446395512,Overall,M,V1,4,2011-11-23 00:00:00,136.0,janice81@example.net
090242298495,Overall,M,V3,4,2011-11-23 00:00:00,139.0,gilbertdeborah@example.net
013848752921,Overall,F,V1,4,2011-11-23 00:00:00,141.0,yhernandez@example.net
049931386441,Overall,F,V3,4,2011-11-23 00:00:00,140.0,hdavis@example.com
097228656174,Overall,M,V1,4,2011-11-23 00:00:00,89.0,scott63@example.com
025289435376,Overall,F,V1,4,2011-11-23 00:00:00,85.0,karenmartin@example.org
083911703939,Overall,F,V3,4,2011-11-23 00:00:00,140.0,lesliewhite@example.com
050340144920,Overall,F,V1,4,2011-11-23 00:00:00,121.0,michellejones@example.com
055138252134,Overall,M,V3,4,2011-11-23 00:00:00,130.0,riverasierra@example.com
061029623641,Overall,F,V1,4,2011-11-23 00:00:00,,khudson@example.net
024376910527,Overall,F,V1,4,2011-11-23 00:00:00,135.0,brian40@example.com
097873980089,Overall,F,V1,4,2011-11-23 00:00:00,98.0,ebaker@example.net
073882977902,Overall,M,V3,4,2011-11-23 00:00:00,90.0,wnewman@example.net
098987038396,Overall,F,V2,4,2011-11-23 00:00:00,93.0,waltersshelly@example.com
027831628469,Overall,M,V3,4,2011-11-23 00:00:00,84.0,justinallen@example.org
038379480657,Overall,F,V3,4,2011-11-23 00:00:00,96.0,russell49@example.com
038786829058,Overall,M,V2,4,2011-11-23 00:00:00,87.0,qblack@example.net
091842588331,Overall,F,V1,4,2011-11-23 00:00:00,139.0,zacharystanley@example.net
050467702936,Overall,M,V3,4,2011-11-23 00:00:00,137.0,wellsbrian@example.net
038362929332,Overall,F,V1,4,2011-11-23 00:00:00,133.0,wvalencia@example.net
034982511248,Overall,F,V2,4,2011-11-23 00:00:00,129.0,hamiltonrobert@example.org
025594367274,Overall,M,V1,4,2011-11-23 00:00:00,142.0,zacharyreyes@example.net
049325355612,Overall,M,V1,4,2011-11-23 00:00:00,136.0,walljoseph@example.com
096878621929,Overall,F,V1,4,2011-11-23 00:00:00,97.0,paul49@example.com
020539300929,Overall,M,V3,4,2011-11-23 00:00:00,135.0,ymckinney@example.org
037350886340,Overall,M,V2,4,2011-11-23 00:00:00,142.0,garnernancy@example.net
029002602735,Overall,M,V2,4,2011-11-23 00:00:00,127.0,bryan45@example.org
093853872713,Overall,M,V3,4,2011-11-23 00:00:00,140.0,hopkinsbryce@example.net
068006884790,Overall,F,V1,4,2011-11-23 00:00:00,140.0,alison56@example.net
086128256854,Overall,F,V2,4,2011-11-23 00:00:00,144.0,hebertbarbara@example.net
029854278650,Overall,M,V2,4,2011-11-23 00:00:00,86.0,tara05@example.org
052676974438,Overall,F,V1,4,2011-11-23 00:00:00,88.0,paul21@example.org
061658609831,Overall,F,V1,4,2011-11-23 00:00:00,89.0,dylan18@example.com
062866769631,Overall,M,V2,4,2011-11-23 00:00:00,85.0,rcastaneda@example.com
089614655371,Overall,M,V3,4,2011-11-23 00:00:00,85.0,nortonmonica@example.net
024026670259,Overall,M,V1,4,2011-11-23 00:00:00,129.0,dchandler@example.net
087253927739,Overall,F,V2,4,2011-11-23 00:00:00,86.0,kimberly59@example.com
083142161661,Overall,F,V3,4,2011-11-23 00:00:00,133.0,andersonjessica@example.com
096182883293,Overall,F,V3,4,2011-11-23 00:00:00,142.0,gsmith@example.net
024118476989,Overall,F,V2,4,2011-11-23 00:00:00,92.0,laura79@example.org
036682368076,Overall,F,V1,4,2011-11-23 00:00:00,145.0,benjamin77@example.org
045982250700,Overall,M,V3,4,2011-11-23 00:00:00,133.0,yhale@example.net
092109718953,Overall,M,V3,4,2011-11-23 00:00:00,135.0,treed@example.org
019451494013,Overall,M,V2,4,2011-11-23 00:00:00,131.0,mendozatina@example.org
069077941510,Overall,M,V3,4,2011-11-23 00:00:00,140.0,mhess@example.org
039910712787,Overall,M,V2,4,2011-11-23 00:00:00,90.0,holdenamy@example.org
059733133369,Overall,F,V1,4,2011-11-23 00:00:00,81.0,karenlawson@example.com
097027444706,Overall,M,V2,4,2011-11-23 00:00:00,141.0,tylergray@example.org
070980924785,Overall,M,V1,4,2011-11-23 00:00:00,88.0,stephanie26@example.com
030750725447,Overall,F,V2,4,2011-11-23 00:00:00,136.0,benjamin58@example.com
058820597274,Overall,M,V3,4,2011-11-23 00:00:00,139.0,ffernandez@example.net
062713293966,Overall,F,V2,4,2011-11-23 00:00:00,137.0,tabitha84@example.org
084707241692,Overall,M,V3,4,2011-11-23 00:00:00,138.0,harrisonryan@example.net
091187425799,Overall,F,V1,4,2011-11-23 00:00:00,92.0,thenry@example.com
084796957770,Overall,F,V1,4,2011-11-23 00:00:00,96.0,lwatkins@example.org
074389456797,Overall,M,V2,4,2011-11-23 00:00:00,103.0,dixonwhitney@example.com
031530560453,Overall,M,V1,4,2011-11-23 00:00:00,118.0,mary48@example.org
062251259373,Overall,F,V3,4,2011-11-23 00:00:00,129.0,fsmith@example.org
013848752921,Overall,F,V1,4,2011-11-23 00:00:00,140.0,williamwagner@example.com
013384769136,Overall,M,V1,4,2011-11-23 00:00:00,140.0,sellersjack@example.com
066585591063,Overall,M,V3,4,2011-11-23 00:00:00,137.0,martinezmelissa@example.com
087002737277,Overall,M,V1,4,2011-11-23 00:00:00,145.0,vward@example.org
012425825946,Overall,F,V2,4,2011-11-23 00:00:00,138.0,jameskline@example.net
018074448437,Overall,F,V3,4,2011-11-23 00:00:00,136.0,lynn68@example.com
068272593844,Overall,F,V3,4,2011-11-23 00:00:00,89.0,eroberts@example.net
097843319306,Overall,M,V3,4,2011-11-23 00:00:00,140.0,lharding@example.net
057886258830,Overall,M,V1,4,2011-11-23 00:00:00,87.0,markhenry@example.com
064474026024,Overall,M,V2,4,2011-11-23 00:00:00,128.0,barbaraburgess@example.net
062060456687,Overall,F,V2,4,2011-11-23 00:00:00,139.0,theresabrown@example.org
080953895613,Overall,M,V3,4,2011-11-23 00:00:00,82.0,vazquezanthony@example.org
037360508133,Overall,M,V2,4,2011-11-23 00:00:00,126.0,don10@example.com
051750876984,Overall,M,V1,4,2011-11-23 00:00:00,88.0,tturner@example.net
061446395512,Overall,M,V3,4,2011-11-23 00:00:00,138.0,nwelch@example.org
046197153036,Overall,F,V3,4,2011-11-23 00:00:00,138.0,johnhudson@example.org
092898228982,Overall,M,V1,4,2011-11-23 00:00:00,95.0,jessica62@example.net
073135739596,Overall,F,V2,4,2011-11-23 00:00:00,83.0,david44@example.net
021557104391,Overall,M,V1,4,2011-11-23 00:00:00,128.0,btanner@example.net
071118851983,Overall,F,V1,4,2011-11-23 00:00:00,143.0,rmontoya@example.net
011560161815,Overall,M,V1,4,2011-11-23 00:00:00,121.0,jeremy23@example.org
038596970492,Overall,F,V1,4,2011-11-23 00:00:00,86.0,troyriley@example.net
092256767883,Overall,M,V3,4,2011-11-23 00:00:00,91.0,othompson@example.com
029177947486,Overall,X,V3,4,2011-11-23 00:00:00,97.0,kirbyrobert@example.com
086084047328,Overall,M,V1,4,2011-11-23 00:00:00,136.0,yangshaun@example.com
086576067583,Overall,M,V1,4,2011-11-23 00:00:00,88.0,kimberlychavez@example.net
072517567427,Overall,M,V1,4,2011-11-23 00:00:00,139.0,jennifer56@example.net
095196468629,Overall,F,V3,4,2011-11-23 00:00:00,88.0,wallryan@example.org
050080941295,Overall,F,V3,4,2011-11-23 00:00:00,130.0,williamhughes@example.org
062337725180,Overall,F,V1,4,2011-11-23 00:00:00,135.0,marywilson@example.com
095077462542,Overall,M,V1,4,2011-11-23 00:00:00,141.0,kathrynsmith@example.org
036546080270,Overall,M,V3,4,2011-11-23 00:00:00,134.0,gonzaleslisa@example.com
072926278163,Overall,M,V3,4,2011-11-23 00:00:00,141.0,parkerphillip@example.org
097033919163,Overall,M,V2,4,2011-11-23 00:00:00,132.0,vanessa18@example.org
093962347153,Overall,F,V2,4,2011-11-23 00:00:00,142.0,brownamanda@example.org
029956531981,Overall,F,V3,4,2011-11-23 00:00:00,143.0,qblack@example.com
039910712787,Overall,F,V1,4,2011-11-23 00:00:00,90.0,jessica84@example.net
030955520251,Overall,M,V2,4,2011-11-23 00:00:00,128.0,okhan@example.com
089664593705,Overall,F,V3,4,2011-11-23 00:00:00,89.0,jenkinsmatthew@example.org
073223374323,Overall,M,V1,4,2011-11-23 00:00:00,130.0,wellsmegan@example.com
084388021483,Overall,M,V1,4,2011-11-23 00:00:00,134.0,ricardo67@example.org
059887817227,Overall,M,V1,4,2011-11-23 00:00:00,91.0,psavage@example.com
059092660488,Overall,F,V2,4,2011-11-23 00:00:00,145.0,chris32@example.org
062248259304,Overall,M,V3,4,2011-11-23 00:00:00,136.0,emartin@example.com
086946637181,Overall,F,V2,4,2011-11-23 00:00:00,85.0,nyoung@example.com
019575066451,Overall,F,V1,4,2011-11-23 00:00:00,145.0,qhernandez@example.net
072112757355,Overall,F,V1,4,2011-11-23 00:00:00,132.0,john21@example.com
052269635112,Overall,M,V1,4,2011-11-23 00:00:00,130.0,dylancampbell@example.org
061986733441,Overall,M,V3,4,2011-11-23 00:00:00,137.0,ayersheather@example.net
059809207515,Overall,M,V3,4,2011-11-23 00:00:00,132.0,ebartlett@example.net
063624814348,Overall,F,V1,4,2011-11-23 00:00:00,136.0,rrose@example.org
091802993821,Overall,M,V2,4,2011-11-23 00:00:00,140.0,jack10@example.net
065260056148,Overall,M,V1,4,2011-11-23 00:00:00,129.0,nobleclaudia@example.org
097312221276,Overall,M,V1,4,2011-11-23 00:00:00,130.0,reedteresa@example.com
052246344083,Overall,M,V1,4,2011-11-23 00:00:00,128.0,michael32@example.com
020629018067,Overall,M,V2,4,2011-11-23 00:00:00,129.0,amandabeck@example.com
098205931969,Overall,F,V3,4,2011-11-23 00:00:00,83.0,thompsondevin@example.org
083818188308,Overall,F,V1,4,2011-11-23 00:00:00,84.0,moorekatrina@example.org
032172280682,Overall,F,V3,4,2011-11-23 00:00:00,133.0,ptaylor@example.org
074150255069,Overall,M,V1,4,2011-11-23 00:00:00,136.0,tclark@example.net
037736886474,Overall,F,V1,4,2011-11-23 00:00:00,95.0,joshua10@example.com
039117670414,Overall,F,V1,4,2011-11-23 00:00:00,127.0,ogibbs@example.com
029216172297,Overall,F,V2,4,2011-11-23 00:00:00,135.0,wolfetammy@example.org
013312642784,Overall,F,V2,4,2011-11-23 00:00:00,129.0,kevin00@example.org
083965326058,Overall,M,V1,4,2011-11-23 00:00:00,144.0,pmeyer@example.com
052406376545,Overall,F,V2,4,2011-11-23 00:00:00,134.0,tpruitt@example.com
055594183969,Overall,F,V2,4,2011-11-23 00:00:00,91.0,tirwin@example.net
062831248106,Overall,F,V3,4,2011-11-23 00:00:00,128.0,brittany73@example.org
038525993728,Overall,M,V3,4,2011-11-23 00:00:00,82.0,adrienne87@example.org
061236004976,Overall,M,V3,4,2011-11-23 00:00:00,135.0,christopherthompson@example.org
026271164767,Overall,F,V1,4,2011-11-23 00:00:00,145.0,millerlisa@example.org
053991246073,Overall,F,V3,4,2011-11-23 00:00:00,141.0,zwood@example.com
088465711287,Overall,F,V3,4,2011-11-23 00:00:00,88.0,shepardjoshua@example.com
035245236531,Overall,F,V1,4,2011-11-23 00:00:00,129.0,scottamy@example.net
094120648883,Overall,F,V3,4,2011-11-23 00:00:00,142.0,awatson@example.org
043257207861,Overall,M,V3,4,2011-11-23 00:00:00,136.0,andrea03@example.org
087586908277,Overall,M,V3,4,2011-11-23 00:00:00,96.0,kim03@example.org
054135800136,Overall,M,V2,4,2011-11-23 00:00:00,129.0,ikirk@example.org
088991285452,Overall,M,V2,4,2011-11-23 00:00:00,84.0,willie65@example.net
039597757868,Overall,M,V1,4,2011-11-23 00:00:00,97.0,cjohnson@example.net
075895093204,Overall,M,V2,4,2011-11-23 00:00:00,144.0,vkirby@example.org
067818507933,Overall,F,V2,4,2011-11-23 00:00:00,139.0,johnschmidt@example.net
069941181782,Overall,M,V3,4,2011-11-23 00:00:00,82.0,kathryn09@example.org
056710124739,Overall,F,V1,4,2011-11-23 00:00:00,137.0,theresa12@example.org
083745580018,Overall,M,V2,4,2011-11-23 00:00:00,137.0,sandraking@example.com
039580986417,Overall,F,V3,4,2011-11-23 00:00:00,85.0,thenderson@example.com
025628726305,Overall,F,V2,4,2011-11-23 00:00:00,131.0,antonio76@example.net
022980251093,Overall,F,V1,4,2011-11-23 00:00:00,136.0,hillvalerie@example.org
038808112381,Overall,F,V3,4,2011-11-23 00:00:00,130.0,stephanie14@example.org
023458377686,Overall,M,V3,4,2011-11-23 00:00:00,90.0,spearspamela@example.com
030869545732,Overall,F,V2,4,2011-11-23 00:00:00,144.0,joshua21@example.org
022360646989,Overall,M,V3,4,2011-11-23 00:00:00,85.0,anthonywalker@example.net
025440696463,Overall,M,V3,4,2011-11-23 00:00:00,140.0,wknight@example.com
086901915576,Overall,F,V2,4,2011-11-23 00:00:00,88.0,andersondouglas@example.net
061321121522,Overall,M,V1,4,2011-11-23 00:00:00,120.0,rgibson@example.org
069734680142,Overall,M,V2,4,2011-11-23 00:00:00,139.0,duffymary@example.org
013941687196,Overall,F,V1,4,2011-11-23 00:00:00,141.0,jacob36@example.org
074204059672,Overall,F,V1,4,2011-11-23 00:00:00,133.0,reedkevin@example.org
045982250700,Overall,M,V2,4,2011-11-23 00:00:00,131.0,omarshall@example.org
017959343050,Overall,F,V2,4,2011-11-23 00:00:00,140.0,gonzalezmichael@example.com
089255133873,Overall,F,V1,4,2011-11-23 00:00:00,135.0,hodgesbryan@example.com
093237933476,Overall,X,V1,4,2011-11-23 00:00:00,90.0,wileyjason@example.net
078938066679,Overall,X,V1,4,2011-11-23 00:00:00,100.0,donald41@example.com
041895471794,Overall,M,V2,4,2011-11-23 00:00:00,85.0,cookjulie@example.com
046172274653,Overall,F,V3,4,2011-11-23 00:00:00,133.0,guerraheather@example.net
021314001404,Overall,X,V2,4,2011-11-23 00:00:00,103.0,justin89@example.net
082676420638,Overall,F,V3,4,2011-11-23 00:00:00,140.0,dianetownsend@example.com
098675933653,Overall,M,V2,4,2011-11-23 00:00:00,95.0,xkirk@example.net
085490006884,Overall,M,V1,4,2011-11-23 00:00:00,141.0,zwells@example.com
016712819211,Overall,F,V2,4,2011-11-23 00:00:00,125.0,stephanie67@example.org
067818507933,Overall,F,V2,4,2011-11-23 00:00:00,141.0,nmolina@example.net
015537865299,Overall,F,V1,4,2011-11-23 00:00:00,89.0,amanda02@example.com
086881288294,Overall,F,V2,4,2011-11-23 00:00:00,93.0,raycalvin@example.net
019368174329,Overall,M,V2,4,2011-11-23 00:00:00,139.0,martinezdouglas@example.com
078424311819,Overall,F,V3,4,2011-11-23 00:00:00,133.0,umiller@example.com
021223598031,Overall,F,V1,4,2011-11-23 00:00:00,124.0,dcampbell@example.com
071581545538,Overall,M,V1,4,2011-11-23 00:00:00,142.0,michael31@example.net
074949029932,Overall,F,V2,4,2011-11-23 00:00:00,83.0,josefrank@example.net
086425529235,Overall,M,V1,4,2011-11-23 00:00:00,139.0,brianhancock@example.com
031765486279,Overall,F,V2,4,2011-11-23 00:00:00,91.0,jane25@example.com
062713293966,Overall,M,V3,4,2011-11-23 00:00:00,140.0,mfigueroa@example.org
052690448121,Overall,M,V1,4,2011-11-23 00:00:00,136.0,michelle79@example.com
038502748688,Overall,M,V3,4,2011-11-23 00:00:00,90.0,morrismonica@example.com
043257207861,Overall,F,V2,4,2011-11-23 00:00:00,135.0,tylerglass@example.org
055712412013,Overall,M,V2,4,2011-11-23 00:00:00,122.0,racheljohnson@example.com
060941448557,Overall,M,V1,4,2011-11-23 00:00:00,143.0,xgarcia@example.com
048037730379,Overall,F,V3,4,2011-11-23 00:00:00,137.0,qpeters@example.org
097772922687,Overall,F,V2,4,2011-11-23 00:00:00,89.0,lisamiller@example.net
090242298495,Overall,F,V1,4,2011-11-23 00:00:00,139.0,heathernelson@example.com
078424311819,Overall,M,V1,4,2011-11-23 00:00:00,135.0,abbotttracy@example.org
037671463308,Overall,M,V1,4,2011-11-23 00:00:00,135.0,kylie74@example.net
089068379077,Overall,F,V2,4,2011-11-23 00:00:00,98.0,juan07@example.com
083265475663,Overall,F,V2,4,2011-11-23 00:00:00,85.0,andrewslatasha@example.org
019490918901,Overall,F,V2,4,2011-11-23 00:00:00,84.0,pflores@example.org
021232669063,Overall,F,V1,4,2011-11-23 00:00:00,134.0,bakermegan@example.com
087931882851,Overall,F,V1,4,2011-11-23 00:00:00,90.0,johnevans@example.com
017267104453,Overall,M,V3,4,2011-11-23 00:00:00,123.0,sweeneyangela@example.com
081962892530,Overall,F,V2,4,2011-11-23 00:00:00,139.0,markorozco@example.org
013463640652,Overall,M,V2,4,2011-11-23 00:00:00,126.0,davidalvarez@example.org
066561816923,Overall,M,V1,4,2011-11-23 00:00:00,83.0,stephen38@example.com
089265222535,Overall,F,V1,4,2011-11-23 00:00:00,133.0,omcknight@example.com
097919766045,Overall,F,V1,4,2011-11-23 00:00:00,90.0,denisejones@example.org
044570626510,Overall,F,V2,4,2011-11-23 00:00:00,126.0,jacksonmichelle@example.org
070814015277,Overall,M,V1,4,2011-11-23 00:00:00,128.0,lrosales@example.org
089678337280,Overall,F,V3,4,2011-11-23 00:00:00,93.0,npearson@example.com
053753023111,Overall,F,V3,4,2011-11-23 00:00:00,113.0,michelle58@example.com
020286665275,Overall,F,V3,4,2011-11-23 00:00:00,135.0,wnixon@example.com
057922859240,Overall,F,V1,4,2011-11-23 00:00:00,85.0,matthew02@example.org
090956140218,Overall,X,V3,4,2011-11-23 00:00:00,138.0,danielle11@example.com
085618200142,Overall,M,V2,4,2011-11-23 00:00:00,125.0,michaelmurphy@example.org
030983173751,Overall,F,V3,4,2011-11-23 00:00:00,137.0,heather80@example.org
066987699682,Overall,F,V3,4,2011-11-23 00:00:00,108.0,lindseyrebecca@example.com
037623432862,Overall,F,V1,4,2011-11-23 00:00:00,131.0,bridgeseric@example.net
088941136046,Overall,F,V1,4,2011-11-23 00:00:00,139.0,pgonzales@example.org
037428597530,Overall,M,V1,4,2011-11-23 00:00:00,144.0,tabitharivera@example.com
053587367940,Overall,F,V3,4,2011-11-23 00:00:00,89.0,conleydustin@example.net
071840246818,Overall,F,V1,4,2011-11-23 00:00:00,138.0,kristinajimenez@example.net
069659653494,Overall,M,V2,4,2011-11-23 00:00:00,97.0,vcooper@example.org
011619148190,Overall,M,V3,4,2011-11-23 00:00:00,124.0,william63@example.net
093929235924,Overall,F,V1,4,2011-11-23 00:00:00,83.0,jasonsantiago@example.net
080372164198,Overall,M,V3,4,2011-11-23 00:00:00,130.0,xmaldonado@example.org
083358166974,Overall,F,V3,4,2011-11-23 00:00:00,84.0,ryan94@example.net
084606770524,Overall,F,V1,4,2011-11-23 00:00:00,138.0,jeffrey42@example.com
050660936515,Overall,F,V2,4,2011-11-23 00:00:00,134.0,ehoward@example.org
065978259111,Overall,M,V3,4,2011-11-23 00:00:00,88.0,nicholashernandez@example.org
051486913266,Overall,M,V3,4,2011-11-23 00:00:00,139.0,pellis@example.net
080001761512,Overall,F,V3,4,2011-11-23 00:00:00,122.0,coxrobert@example.net
046601076821,Overall,F,V3,4,2011-11-23 00:00:00,128.0,lewisphillip@example.net
072348668798,Overall,F,V3,4,2011-11-23 00:00:00,98.0,qsalas@example.com
066773869992,Overall,F,V2,4,2011-11-23 00:00:00,102.0,tinabutler@example.com
063438786074,Overall,F,V2,4,2011-11-23 00:00:00,84.0,bryanheather@example.net
025035107552,Overall,M,V2,4,2011-11-23 00:00:00,124.0,yolanda46@example.net
020018407535,Overall,F,V3,4,2011-11-23 00:00:00,122.0,palmerjonathon@example.com
060629342147,Overall,F,V2,4,2011-11-23 00:00:00,127.0,yrobinson@example.org
020905946963,Overall,M,V3,4,2011-11-23 00:00:00,139.0,campbellann@example.net
019824575320,Overall,M,V3,4,2011-11-23 00:00:00,134.0,meyercarlos@example.com
056554280439,Overall,F,V2,4,2011-11-23 00:00:00,139.0,normanjacqueline@example.net
043168952675,Overall,M,V2,4,2011-11-23 00:00:00,86.0,robert06@example.org
043017039620,Overall,F,V2,4,2011-11-23 00:00:00,125.0,bensondaniel@example.com
063723940835,Overall,M,V2,4,2011-11-23 00:00:00,133.0,gallegoskenneth@example.com
065796687852,Overall,F,V1,4,2011-11-23 00:00:00,98.0,donovananne@example.org
059065917732,Overall,M,V1,4,2011-11-23 00:00:00,142.0,jessica11@example.net
075026889532,Overall,F,V2,4,2011-11-23 00:00:00,89.0,kellyjose@example.com
030078865729,Overall,M,V3,4,2011-11-23 00:00:00,86.0,misty24@example.org
090307058926,Overall,F,V2,4,2011-11-23 00:00:00,142.0,uyoung@example.org
096878621929,Overall,M,V2,4,2011-11-23 00:00:00,100.0,montgomeryashley@example.org
019211724000,Overall,F,V2,4,2011-11-23 00:00:00,119.0,hannahcline@example.org
013553903884,Overall,M,V1,4,2011-11-23 00:00:00,139.0,hendersonashley@example.net
090539386249,Overall,M,V1,4,2011-11-23 00:00:00,91.0,collin62@example.com
078929140054,Overall,F,V3,4,2011-11-23 00:00:00,132.0,joel78@example.org
071345190722,Overall,M,V2,4,2011-11-23 00:00:00,122.0,scott04@example.com
059622780936,Overall,M,V3,4,2011-11-23 00:00:00,85.0,jamesbutler@example.com
078807906665,Overall,M,V3,4,2011-11-23 00:00:00,88.0,aliciachase@example.org
048885042576,Overall,F,V1,4,2011-11-23 00:00:00,89.0,isabellacollins@example.org
031998229295,Overall,M,V3,4,2011-11-23 00:00:00,89.0,megan98@example.org
073660436571,Overall,M,V1,4,2011-11-23 00:00:00,138.0,sharon43@example.org
089736581519,Overall,F,V2,4,2011-11-23 00:00:00,90.0,allisonjones@example.com
033344135150,Overall,M,V3,4,2011-11-23 00:00:00,122.0,morrisonjoshua@example.com
078272134008,Overall,F,V3,4,2011-11-23 00:00:00,130.0,ngeorge@example.net
014234115247,Overall,F,V2,4,2011-11-23 00:00:00,119.0,stephaniecook@example.org
011318246629,Overall,M,V3,4,2011-11-23 00:00:00,138.0,jonathan84@example.net
015567162993,Overall,M,V3,4,2011-11-23 00:00:00,82.0,eyu@example.org
017057634329,Overall,F,V3,4,2011-11-23 00:00:00,134.0,sharondunn@example.net
060346376362,Overall,M,V1,4,2011-11-23 00:00:00,136.0,kennethmoore@example.com
038257510147,Overall,F,V3,4,2011-11-23 00:00:00,130.0,cheryl12@example.net
088694835985,Overall,F,V2,4,2011-11-23 00:00:00,103.0,dsanchez@example.com
030555980348,Overall,M,V2,4,2011-11-23 00:00:00,136.0,robertmathis@example.com
060272542767,Overall,F,V1,4,2011-11-23 00:00:00,130.0,hayesmichele@example.org
039117670414,Overall,F,V1,4,2011-11-23 00:00:00,127.0,mcintyrejoseph@example.net
091112872560,Overall,M,V1,4,2011-11-23 00:00:00,134.0,amanda17@example.com
066408366952,Overall,F,V3,4,2011-11-23 00:00:00,140.0,burnsmadeline@example.com
083650226492,Overall,F,V1,4,2011-11-23 00:00:00,137.0,itanner@example.com
019944946973,Overall,F,V3,4,2011-11-23 00:00:00,100.0,cgallagher@example.net
058848677273,Overall,M,V2,4,2011-11-23 00:00:00,87.0,pittmanjason@example.org
014552138353,Overall,M,V3,4,2011-11-23 00:00:00,127.0,jason33@example.net
026144745954,Overall,F,V1,4,2011-11-23 00:00:00,138.0,smithmark@example.org
070709516746,Overall,M,V1,4,2011-11-23 00:00:00,142.0,edavis@example.com
085724328976,Overall,M,V3,4,2011-11-23 00:00:00,89.0,stevensbobby@example.org
017913666663,Overall,M,V3,4,2011-11-23 00:00:00,140.0,blairsandra@example.org
088902486833,Overall,M,V3,4,2011-11-23 00:00:00,95.0,azhang@example.com
022716690015,Overall,F,V3,4,2011-11-23 00:00:00,121.0,ricejoe@example.com
019736195417,Overall,M,V1,4,2011-11-23 00:00:00,136.0,mary00@example.com
010205582270,Overall,M,V2,4,2011-11-23 00:00:00,113.0,dlewis@example.org
026844821270,Overall,F,V2,4,2011-11-23 00:00:00,132.0,fcooper@example.net
095157650289,Overall,F,V3,4,2011-11-23 00:00:00,141.0,krobinson@example.org
084675519259,Overall,M,V1,4,2011-11-23 00:00:00,85.0,evansfrank@example.com
016958450291,Overall,F,V1,4,2011-11-23 00:00:00,133.0,meagan06@example.net
085724328976,Overall,F,V2,4,2011-11-23 00:00:00,85.0,johnmullins@example.org
061236004976,Overall,M,V1,4,2011-11-23 00:00:00,137.0,jameschavez@example.com
066574436634,Overall,F,V2,4,2011-11-23 00:00:00,145.0,blackmarilyn@example.com
027662334369,Overall,F,V2,4,2011-11-23 00:00:00,138.0,crystalmolina@example.net
059961465748,Overall,M,V2,4,2011-11-23 00:00:00,87.0,stevehart@example.com
095077462542,Overall,M,V2,4,2011-11-23 00:00:00,145.0,jerrymeadows@example.com
080553972627,Overall,M,V3,4,2011-11-23 00:00:00,138.0,smithandre@example.org
046251785040,Overall,M,V1,4,2011-11-23 00:00:00,133.0,butlerchristopher@example.com
013890844770,Overall,M,V1,4,2011-11-23 00:00:00,137.0,ncarter@example.net
055078025778,Overall,M,V2,4,2011-11-23 00:00:00,86.0,dyoung@example.org
064339139235,Overall,F,V3,4,2011-11-23 00:00:00,132.0,kdavis@example.com
059065917732,Overall,M,V3,4,2011-11-23 00:00:00,138.0,mitchellbianca@example.net
075927133681,Overall,M,V3,4,2011-11-23 00:00:00,139.0,tschneider@example.net
047622873728,Overall,F,V1,4,2011-11-23 00:00:00,87.0,gpope@example.com
093920722314,Overall,M,V1,4,2011-11-23 00:00:00,129.0,orozcoedward@example.net
077682259101,Overall,M,V1,4,2011-11-23 00:00:00,140.0,psharp@example.net
011380429499,Overall,F,V2,4,2011-11-23 00:00:00,137.0,gnguyen@example.org
081578537551,Overall,F,V3,4,2011-11-23 00:00:00,144.0,wilsonhenry@example.com
069348379459,Overall,M,V2,4,2011-11-23 00:00:00,97.0,tamara66@example.com
046203789013,Overall,F,V3,4,2011-11-23 00:00:00,130.0,kevinharvey@example.com
081087819756,Overall,M,V3,4,2011-11-23 00:00:00,91.0,kellyjones@example.com
010205582270,Overall,F,V1,4,2011-11-23 00:00:00,118.0,jasonblair@example.org
036035531991,Overall,M,V3,4,2011-11-23 00:00:00,129.0,ariasmary@example.org
072884588270,Overall,F,V1,4,2011-11-23 00:00:00,89.0,joseph55@example.com
054045219150,Overall,M,V2,4,2011-11-23 00:00:00,122.0,michaelwall@example.com
031285415746,Overall,M,V1,4,2011-11-23 00:00:00,131.0,felicia88@example.org
036563555279,Overall,M,V1,4,2011-11-23 00:00:00,85.0,annettedavidson@example.com
051679249598,Overall,F,V2,4,2011-11-23 00:00:00,87.0,kristibrown@example.org
020150801491,Overall,M,V1,4,2011-11-23 00:00:00,117.0,jeffrey54@example.org
074841480529,Overall,M,V3,4,2011-11-23 00:00:00,136.0,rachel19@example.org
052079484153,Overall,F,V2,4,2011-11-23 00:00:00,131.0,kathleenreyes@example.com
036530675890,Overall,F,V1,4,2011-11-23 00:00:00,139.0,brookeclark@example.net
020424689532,Overall,M,V3,4,2011-11-23 00:00:00,131.0,collinsjustin@example.org
077289654737,Overall,F,V2,4,2011-11-23 00:00:00,88.0,kennethwhitney@example.org
033680263642,Overall,M,V1,4,2011-11-23 00:00:00,131.0,kwilkins@example.org
039117670414,Overall,F,V3,4,2011-11-23 00:00:00,132.0,gregorymontoya@example.org
033915594880,Overall,M,V3,4,2011-11-23 00:00:00,141.0,brian33@example.net
060346376362,Overall,F,V1,4,2011-11-23 00:00:00,133.0,gmartin@example.net
076744716689,Overall,F,V2,4,2011-11-23 00:00:00,93.0,carrolldarlene@example.org
025077520725,Overall,M,V1,4,2011-11-23 00:00:00,134.0,mark81@example.org
040456834279,Overall,F,V2,4,2011-11-23 00:00:00,138.0,woodardtaylor@example.org
097510247615,Overall,M,V1,4,2011-11-23 00:00:00,142.0,zsummers@example.org
082676420638,Overall,M,V2,4,2011-11-23 00:00:00,141.0,amyevans@example.net
051649320740,Overall,F,V3,4,2011-11-23 00:00:00,132.0,ejarvis@example.org
038939993813,Overall,F,V2,4,2011-11-23 00:00:00,97.0,simonlacey@example.net
096528377161,Overall,M,V3,4,2011-11-23 00:00:00,89.0,michael88@example.net
067170066050,Overall,F,V2,4,2011-11-23 00:00:00,126.0,gtaylor@example.org
099178558504,Overall,F,V1,4,2011-11-23 00:00:00,90.0,jmiller@example.com
045468984460,Overall,M,V3,4,2011-11-23 00:00:00,91.0,caseyjamie@example.net
056631117882,Overall,F,V2,4,2011-11-23 00:00:00,135.0,mary81@example.net
029216172297,Overall,F,V3,4,2011-11-23 00:00:00,140.0,nacosta@example.com
053387285163,Overall,F,V2,4,2011-11-23 00:00:00,140.0,benjamin77@example.org
024931083388,Overall,F,V2,4,2011-11-23 00:00:00,136.0,glenn43@example.net
021356212403,Overall,F,V1,4,2011-11-23 00:00:00,118.0,wesleyserrano@example.net
022321855521,Overall,F,V2,4,2011-11-23 00:00:00,119.0,veronica92@example.com
054467820473,Overall,M,V3,4,2011-11-23 00:00:00,146.0,cisnerosfelicia@example.org
081872202339,Overall,F,V3,4,2011-11-23 00:00:00,130.0,combsalison@example.net
089260529301,Overall,M,V2,4,2011-11-23 00:00:00,127.0,julie25@example.com
044833713913,Overall,F,V3,4,2011-11-23 00:00:00,138.0,nsullivan@example.org
042722905373,Overall,F,V3,4,2011-11-23 00:00:00,129.0,robinsonlindsay@example.com
039197516894,Overall,F,V1,4,2011-11-23 00:00:00,91.0,jonathanward@example.org
026294102455,Overall,F,V3,4,2011-11-23 00:00:00,127.0,armstrongmichelle@example.net
082911507406,Overall,F,V3,4,2011-11-23 00:00:00,125.0,wmccormick@example.org
044083228575,Overall,M,V3,4,2011-11-23 00:00:00,134.0,dchapman@example.com
037591276477,Overall,M,V1,4,2011-11-23 00:00:00,86.0,troybrown@example.com
031127735030,Overall,F,V1,4,2011-11-23 00:00:00,119.0,mendeztimothy@example.com
053476623751,Overall,F,V1,4,2011-11-23 00:00:00,136.0,austinmark@example.org
066561816923,Overall,M,V1,4,2011-11-23 00:00:00,86.0,rodrigueztyler@example.org
014644870687,Overall,F,V2,4,2011-11-23 00:00:00,139.0,annaharris@example.org
026062855361,Overall,M,V2,4,2011-11-23 00:00:00,136.0,tdavis@example.net
084437199794,Overall,F,V1,4,2011-11-23 00:00:00,92.0,lgraham@example.org
026857149023,Overall,M,V2,4,2011-11-23 00:00:00,140.0,jeffery27@example.net
058198064021,Overall,M,V2,4,2011-11-23 00:00:00,133.0,monica94@example.net
077289654737,Overall,F,V3,4,2011-11-23 00:00:00,93.0,brennansusan@example.com
035191197218,Overall,M,V1,4,2011-11-23 00:00:00,139.0,pdickerson@example.net
054626993839,Overall,F,V3,4,2011-11-23 00:00:00,97.0,reneejohnson@example.net
076141754841,Overall,F,V1,4,2011-11-23 00:00:00,132.0,teresathomas@example.com
063613416056,Overall,M,V3,4,2011-11-23 00:00:00,131.0,bhood@example.net
044662312276,Overall,F,V1,4,2011-11-23 00:00:00,129.0,matthewskirk@example.org
026491313558,Overall,M,V1,4,2011-11-23 00:00:00,136.0,therrera@example.net
050081672428,Overall,F,V2,4,2011-11-23 00:00:00,129.0,sancheztyler@example.com
031227550907,Overall,F,V2,4,2011-11-23 00:00:00,134.0,ricky19@example.org
081933141065,Overall,M,V3,4,2011-11-23 00:00:00,134.0,ecollins@example.net
098131311945,Overall,F,V1,4,2011-11-23 00:00:00,133.0,ymarsh@example.org
015567162993,Overall,M,V3,4,2011-11-23 00:00:00,88.0,kathyjohnson@example.com
064972809684,Overall,F,V3,4,2011-11-23 00:00:00,99.0,graypeggy@example.com
070763153241,Overall,M,V3,4,2011-11-23 00:00:00,133.0,orangel@example.com
062592977651,Overall,F,V3,4,2011-11-23 00:00:00,142.0,imiller@example.net
077265164274,Overall,M,V3,4,2011-11-23 00:00:00,140.0,samanthawilliams@example.com
052279058899,Overall,F,V2,4,2011-11-23 00:00:00,91.0,karen18@example.org
072434914734,Overall,M,V2,4,2011-11-23 00:00:00,138.0,jeffery27@example.org
080549268230,Overall,M,V2,4,2011-11-23 00:00:00,138.0,ihunt@example.com
099197638529,Overall,M,V2,4,2011-11-23 00:00:00,96.0,usmith@example.net
055718930382,Overall,M,V2,4,2011-11-23 00:00:00,138.0,william04@example.net
033640466390,Overall,F,V3,4,2011-11-23 00:00:00,130.0,marthaweber@example.org
096438989997,Overall,F,V3,4,2011-11-23 00:00:00,108.0,emmafranco@example.org
047622873728,Overall,F,V2,4,2011-11-23 00:00:00,81.0,jessicacole@example.org
053800749093,Overall,F,V2,4,2011-11-23 00:00:00,140.0,william09@example.net
077772953205,Overall,M,V3,4,2011-11-23 00:00:00,142.0,george01@example.net
049678432885,Overall,F,V3,4,2011-11-23 00:00:00,97.0,alexis39@example.com
026886095878,Overall,M,V2,4,2011-11-23 00:00:00,93.0,qwilcox@example.org
015867348761,Overall,M,V2,4,2011-11-23 00:00:00,86.0,tiffany27@example.com
030807245060,Overall,M,V3,4,2011-11-23 00:00:00,124.0,wdominguez@example.net
063120705071,Overall,M,V3,4,2011-11-23 00:00:00,113.0,rvalencia@example.org
078967835504,Overall,F,V2,4,2011-11-23 00:00:00,89.0,pinedamichael@example.org
014687645459,Overall,F,V3,4,2011-11-23 00:00:00,85.0,banksevan@example.com
032530571385,Overall,F,V1,4,2011-11-23 00:00:00,132.0,hermanjohn@example.com
034857790163,Overall,M,V1,4,2011-11-23 00:00:00,88.0,dferguson@example.com
094837812916,Overall,F,V2,4,2011-11-23 00:00:00,87.0,uwilliams@example.net
098655620901,Overall,F,V2,4,2011-11-23 00:00:00,143.0,ricardowhite@example.org
061846214742,Overall,M,V1,4,2011-11-23 00:00:00,126.0,edeleon@example.org
051166369718,Overall,F,V3,4,2011-11-23 00:00:00,138.0,rshort@example.org
032321149947,Overall,F,V2,4,2011-11-23 00:00:00,132.0,amandamendoza@example.org
081141020325,Overall,F,V3,4,2011-11-23 00:00:00,118.0,kandrews@example.com
045494725924,Overall,M,V2,4,2011-11-23 00:00:00,83.0,colemanashley@example.org
015061267709,Overall,F,V1,4,2011-11-23 00:00:00,133.0,patrickclark@example.org
082911507406,Overall,M,V1,4,2011-11-23 00:00:00,128.0,dennis84@example.com
015110664128,Overall,F,V1,4,2011-11-23 00:00:00,125.0,michael34@example.org
021183112399,Overall,M,V2,4,2011-11-23 00:00:00,125.0,millermonique@example.net
058734018255,Overall,M,V1,4,2011-11-23 00:00:00,133.0,xpoole@example.net
073017626722,Overall,F,V2,4,2011-11-23 00:00:00,126.0,smithcorey@example.org
041971111970,Overall,M,V1,4,2011-11-23 00:00:00,127.0,bradylinda@example.com
032538547554,Overall,F,V2,4,2011-11-23 00:00:00,139.0,xhayes@example.org
040559428772,Overall,M,V2,4,2011-11-23 00:00:00,145.0,lyonsrobert@example.net
013653727125,Overall,F,V1,4,2011-11-23 00:00:00,125.0,greenejudy@example.net
049678432885,Overall,F,V2,4,2011-11-23 00:00:00,99.0,ghayes@example.org
096620002808,Overall,M,V1,4,2011-11-23 00:00:00,131.0,millersamuel@example.com
012100147624,Overall,M,V1,4,2011-11-23 00:00:00,112.0,allisonbrian@example.com
066519642619,Overall,M,V2,4,2011-11-23 00:00:00,85.0,uadams@example.net
081935659054,Overall,F,V3,4,2011-11-23 00:00:00,90.0,jerrygreer@example.org
071112422211,Overall,F,V2,4,2011-11-23 00:00:00,117.0,zrusso@example.com
013201870167,Overall,M,V2,4,2011-11-23 00:00:00,132.0,christina08@example.org
044358650065,Overall,X,V2,4,2011-11-23 00:00:00,136.0,pcontreras@example.org
087405791114,Overall,M,V2,4,2011-11-23 00:00:00,137.0,rebeccamiller@example.net
050081672428,Overall,M,V3,4,2011-11-23 00:00:00,131.0,brian08@example.net
018030008035,Overall,M,V3,4,2011-11-23 00:00:00,114.0,thomas88@example.org
088454685609,Overall,M,V3,4,2011-11-23 00:00:00,89.0,blewis@example.net
069834966244,Overall,M,V2,4,2011-11-23 00:00:00,85.0,gonzalezrebecca@example.org
085618200142,Overall,M,V3,4,2011-11-23 00:00:00,119.0,agutierrez@example.net
060162067382,Overall,M,V3,4,2011-11-23 00:00:00,128.0,stephenshepherd@example.com
045958471520,Overall,F,V2,4,2011-11-23 00:00:00,137.0,carla38@example.net
027959937532,Overall,M,V3,4,2011-11-23 00:00:00,85.0,wjones@example.com
078967835504,Overall,M,V1,4,2011-11-23 00:00:00,90.0,briancaldwell@example.com
065305426803,Overall,M,V1,4,2011-11-23 00:00:00,129.0,kenneth00@example.net
084437199794,Overall,M,V2,4,2011-11-23 00:00:00,94.0,kathryn41@example.org
017625924037,Overall,F,V2,4,2011-11-23 00:00:00,133.0,hnguyen@example.net
014718020382,Overall,M,V3,4,2011-11-23 00:00:00,124.0,iedwards@example.org
085539211248,Overall,M,V1,4,2011-11-23 00:00:00,139.0,nterry@example.net
093306038765,Overall,M,V3,4,2011-11-23 00:00:00,142.0,thompsongordon@example.com
015867348761,Overall,M,V2,4,2011-11-23 00:00:00,92.0,bryan83@example.org
079076371843,Overall,F,V2,4,2011-11-23 00:00:00,84.0,mathisandrea@example.com
035869060438,Overall,F,V1,4,2011-11-23 00:00:00,143.0,davismichael@example.com
026269380172,Overall,F,V3,4,2011-11-23 00:00:00,134.0,ericmcdonald@example.org
071302708781,Overall,X,V1,4,2011-11-23 00:00:00,125.0,gpatrick@example.com
018649317511,Overall,M,V3,4,2011-11-23 00:00:00,129.0,debraramos@example.com
083911703939,Overall,F,V2,4,2011-11-23 00:00:00,144.0,salaschristine@example.org
083851879685,Overall,F,V1,4,2011-11-23 00:00:00,102.0,kimberly62@example.net
061446395512,Overall,M,V1,4,2011-11-23 00:00:00,133.0,tonyawolfe@example.net
074150255069,Overall,F,V3,4,2011-11-23 00:00:00,132.0,joseph49@example.org
022360646989,Overall,F,V3,4,2011-11-23 00:00:00,83.0,matthew46@example.net
084793888593,Overall,M,V1,4,2011-11-23 00:00:00,99.0,dmartin@example.org
060404294460,Overall,F,V2,4,2011-11-23 00:00:00,125.0,mlynch@example.com
013962785339,Overall,M,V2,4,2011-11-23 00:00:00,142.0,jamesmontoya@example.org
075410857241,Overall,M,V2,4,2011-11-23 00:00:00,134.0,samuelwolfe@example.net
057223443562,Overall,F,V2,4,2011-11-23 00:00:00,128.0,stevensonbrian@example.net
039334102924,Overall,M,V1,4,2011-11-23 00:00:00,125.0,bakerdonna@example.org
049213652529,Overall,M,V3,4,2011-11-23 00:00:00,132.0,newtonluke@example.net
046278224086,Overall,F,V1,4,2011-11-23 00:00:00,144.0,erin74@example.com
021202181474,Overall,F,V1,4,2011-11-23 00:00:00,120.0,michael65@example.net
071427811371,Overall,F,V3,4,2011-11-23 00:00:00,129.0,bmaynard@example.com
090454504368,Overall,M,V1,4,2011-11-23 00:00:00,132.0,vmacdonald@example.org
051958937957,Overall,M,V1,4,2011-11-23 00:00:00,90.0,cynthiaharper@example.org
074389456797,Overall,F,V3,4,2011-11-23 00:00:00,103.0,scottrachel@example.net
032983617743,Overall,M,V2,4,2011-11-23 00:00:00,87.0,zwilliams@example.net
036965552574,Overall,F,V1,4,2011-11-23 00:00:00,88.0,petersontamara@example.org
051532654900,Overall,F,V3,4,2011-11-23 00:00:00,126.0,karen25@example.com
015383229406,Overall,F,V2,4,2011-11-23 00:00:00,133.0,lisa00@example.net
059058668688,Overall,F,V2,4,2011-11-23 00:00:00,91.0,hvalentine@example.org
031056568242,Overall,F,V2,4,2011-11-23 00:00:00,126.0,pcampbell@example.net
011753221459,Overall,F,V1,4,2011-11-23 00:00:00,126.0,gina76@example.org
017320401284,Overall,M,V2,4,2011-11-23 00:00:00,123.0,christopher26@example.org
057289164403,Overall,F,V2,4,2011-11-23 00:00:00,139.0,dan04@example.org
055070441930,Overall,F,V2,4,2011-11-23 00:00:00,126.0,allisonchristine@example.org
053231138512,Overall,F,V1,4,2011-11-23 00:00:00,128.0,christyjones@example.org
094277783750,Overall,M,V3,4,2011-11-23 00:00:00,84.0,hawkinsnicole@example.net
053465363739,Overall,M,V3,4,2011-11-23 00:00:00,89.0,crystalchapman@example.net
025551482987,Overall,F,V1,4,2011-11-23 00:00:00,141.0,pnelson@example.net
023030768171,Overall,M,V2,4,2011-11-23 00:00:00,121.0,gillgina@example.com
055718930382,Overall,F,V3,4,2011-11-23 00:00:00,136.0,jmoore@example.net
039010552004,Overall,M,V2,4,2011-11-23 00:00:00,111.0,camachojessica@example.com
074522626723,Overall,F,V3,4,2011-11-23 00:00:00,137.0,youngjeffrey@example.net
024678700353,Overall,F,V1,4,2011-11-23 00:00:00,130.0,qgray@example.com
082088271121,Overall,F,V2,4,2011-11-23 00:00:00,131.0,dgriffin@example.org
021849437280,Overall,F,V3,4,2011-11-23 00:00:00,132.0,wjohnson@example.org
054883066203,Overall,F,V1,4,2011-11-23 00:00:00,,christopherdelgado@example.org
018567774012,Overall,F,V2,4,2011-11-23 00:00:00,137.0,travis10@example.com
092217653573,Overall,F,V2,4,2011-11-23 00:00:00,,jasonstephens@example.com
023127900200,Overall,F,V1,4,2011-11-23 00:00:00,116.0,mirandamegan@example.net
039111727412,Overall,M,V3,4,2011-11-23 00:00:00,133.0,jonesjames@example.net
061732744333,Overall,F,V2,4,2011-11-23 00:00:00,134.0,clarencegraham@example.net
061997531401,Overall,F,V3,4,2011-11-23 00:00:00,138.0,joelcarter@example.com
045317848180,Overall,M,V1,4,2011-11-23 00:00:00,139.0,phillipcampos@example.org
032954244871,Overall,F,V2,4,2011-11-23 00:00:00,134.0,rmerritt@example.com
016766787348,Overall,F,V3,4,2011-11-23 00:00:00,90.0,nicolewilson@example.com
039595675716,Overall,F,V2,4,2011-11-23 00:00:00,92.0,vedwards@example.net
043250768763,Overall,M,V2,4,2011-11-23 00:00:00,133.0,mary39@example.org
039673943654,Overall,M,V3,4,2011-11-23 00:00:00,91.0,paul57@example.net
030869545732,Overall,F,V2,4,2011-11-23 00:00:00,140.0,williamsgary@example.org
062713293966,Overall,F,V2,4,2011-11-23 00:00:00,135.0,edwardtorres@example.net
027090568300,Overall,M,V2,4,2011-11-23 00:00:00,134.0,carterteresa@example.org
093811173076,Overall,M,V2,4,2011-11-23 00:00:00,131.0,aspence@example.com
089185477078,Overall,F,V3,4,2011-11-23 00:00:00,92.0,millerashley@example.org
055504802393,Overall,F,V3,4,2011-11-23 00:00:00,138.0,morrisonlisa@example.org
065978259111,Overall,M,V3,4,2011-11-23 00:00:00,87.0,bowenrita@example.net
015393912459,Overall,F,V3,4,2011-11-23 00:00:00,87.0,gabriellewright@example.net
085490006884,Overall,F,V1,4,2011-11-23 00:00:00,140.0,vedwards@example.net
066773869992,Overall,M,V2,4,2011-11-23 00:00:00,97.0,liannette@example.net
031014067193,Overall,F,V2,4,2011-11-23 00:00:00,128.0,gbowman@example.net
047689891209,Overall,F,V2,4,2011-11-23 00:00:00,87.0,brooke39@example.com
044086820629,Overall,M,V3,4,2011-11-23 00:00:00,134.0,arthur03@example.net
021804846530,Overall,F,V2,4,2011-11-23 00:00:00,129.0,iwagner@example.net
010218957386,Overall,F,V1,4,2011-11-23 00:00:00,142.0,travis36@example.com
024376910527,Overall,F,V2,4,2011-11-23 00:00:00,136.0,oscar29@example.net
038362929332,Overall,F,V1,4,2011-11-23 00:00:00,135.0,aclark@example.net
052193204680,Overall,M,V3,4,2011-11-23 00:00:00,129.0,joannaayers@example.org
046576923581,Overall,M,V2,4,2011-11-23 00:00:00,87.0,anthony12@example.org
049645891900,Overall,F,V2,4,2011-11-23 00:00:00,82.0,adam35@example.net
087692703274,Overall,F,V2,4,2011-11-23 00:00:00,141.0,theodore29@example.org
082246727035,Overall,M,V1,4,2011-11-23 00:00:00,133.0,diamondvazquez@example.com
032046904858,Overall,M,V2,4,2011-11-23 00:00:00,140.0,lindacase@example.org
053426080830,Overall,F,V3,4,2011-11-23 00:00:00,126.0,ljackson@example.org
059476071373,Overall,M,V2,4,2011-11-23 00:00:00,144.0,gperez@example.org
026519791232,Overall,M,V3,4,2011-11-23 00:00:00,132.0,ebecker@example.net
015855170920,Overall,M,V2,4,2011-11-23 00:00:00,134.0,william38@example.org
067091218923,Overall,M,V2,4,2011-11-23 00:00:00,139.0,jacqueline63@example.com
013370804541,Overall,M,V2,4,2011-11-23 00:00:00,127.0,waltersjames@example.org
049852780761,Overall,F,V2,4,2011-11-23 00:00:00,92.0,desiree40@example.org
040625980271,Overall,M,V3,4,2011-11-23 00:00:00,131.0,ubrown@example.org
011360543343,Overall,F,V3,4,2011-11-23 00:00:00,121.0,johnsonchristina@example.net
078003536355,Overall,F,V2,4,2011-11-23 00:00:00,133.0,nadams@example.com
035958259646,Overall,M,V1,4,2011-11-23 00:00:00,90.0,wclark@example.net
063390366576,Overall,F,V3,4,2011-11-23 00:00:00,86.0,cjohnson@example.com
055594183969,Overall,F,V1,4,2011-11-23 00:00:00,90.0,michaelrobinson@example.com
065589583251,Overall,F,V2,4,2011-11-23 00:00:00,82.0,cpowell@example.org
044252205842,Overall,M,V3,4,2011-11-23 00:00:00,124.0,phelpsrachel@example.net
051054821906,Overall,F,V1,4,2011-11-23 00:00:00,133.0,kgreen@example.org
070669199333,Overall,M,V2,4,2011-11-23 00:00:00,86.0,marcowens@example.net
095360479745,Overall,F,V1,4,2011-11-23 00:00:00,93.0,kdean@example.com
097694084068,Overall,M,V3,4,2011-11-23 00:00:00,88.0,dwebb@example.com
068119989392,Overall,M,V2,4,2011-11-23 00:00:00,91.0,dwaynegillespie@example.org
095800423690,Overall,M,V1,4,2011-11-23 00:00:00,134.0,allenrobin@example.com
092460944942,Overall,F,V2,4,2011-11-23 00:00:00,81.0,youngpatrick@example.net
015483560665,Overall,M,V3,4,2011-11-23 00:00:00,140.0,stephanie71@example.com
044083228575,Overall,F,V3,4,2011-11-23 00:00:00,134.0,gonzalezchristine@example.net
017741633189,Overall,F,V1,4,2011-11-23 00:00:00,131.0,marcuskelly@example.com
087933104536,Overall,F,V3,4,2011-11-23 00:00:00,131.0,jasonwilliamson@example.net
038406904648,Overall,M,V2,4,2011-11-23 00:00:00,85.0,melissajones@example.com
072121367111,Overall,F,V2,4,2011-11-23 00:00:00,128.0,mallory90@example.org
019190409708,Overall,F,V2,4,2011-11-23 00:00:00,135.0,boyersarah@example.com
076436586005,Overall,M,V3,4,2011-11-23 00:00:00,133.0,alexisashley@example.net
072984911204,Overall,M,V2,4,2011-11-23 00:00:00,136.0,charles21@example.com
085060726201,Overall,M,V3,4,2011-11-23 00:00:00,131.0,rhonda99@example.com
049853758057,Overall,M,V2,4,2011-11-23 00:00:00,91.0,bennetteduardo@example.org
048412466222,Overall,F,V3,4,2011-11-23 00:00:00,126.0,orice@example.com
079270768935,Overall,M,V2,4,2011-11-23 00:00:00,96.0,debralynn@example.org
033485208102,Overall,M,V3,4,2011-11-23 00:00:00,129.0,angelaobrien@example.com
079940147961,Overall,F,V1,4,2011-11-23 00:00:00,86.0,jorgejohnston@example.org
053409024625,Overall,M,V2,4,2011-11-23 00:00:00,122.0,patriciafoster@example.com
066073706073,Overall,M,V3,4,2011-11-23 00:00:00,136.0,shafferkathy@example.net
079001373120,Overall,M,V2,4,2011-11-23 00:00:00,125.0,bethanyhowell@example.org
078438976466,Overall,F,V1,4,2011-11-23 00:00:00,97.0,qlong@example.org
015288556575,Overall,M,V1,4,2011-11-23 00:00:00,86.0,heather87@example.com
061144369133,Overall,M,V3,4,2011-11-23 00:00:00,125.0,muellerkristopher@example.org
091380181733,Overall,M,V1,4,2011-11-23 00:00:00,127.0,iosborn@example.net
098052080857,Overall,F,V1,4,2011-11-23 00:00:00,139.0,jessicawilliams@example.com
014152185374,Overall,F,V1,4,2011-11-23 00:00:00,123.0,fisheramanda@example.net
015441511974,Overall,F,V1,4,2011-11-23 00:00:00,130.0,laravictoria@example.net
016311149575,Overall,M,V2,4,2011-11-23 00:00:00,125.0,christina94@example.org
082547263618,Overall,M,V1,4,2011-11-23 00:00:00,82.0,rwood@example.com
089255133873,Overall,F,V2,4,2011-11-23 00:00:00,135.0,lguerra@example.org
070814015277,Overall,F,V2,4,2011-11-23 00:00:00,133.0,tarapadilla@example.org
053048518063,Overall,F,V2,4,2011-11-23 00:00:00,130.0,holly01@example.net
057957019592,Overall,M,V1,4,2011-11-23 00:00:00,84.0,joannareyes@example.org
036147775337,Overall,F,V2,4,2011-11-23 00:00:00,136.0,janice27@example.net
077832724994,Overall,M,V1,4,2011-11-23 00:00:00,92.0,ramirezheather@example.net
099197638529,Overall,M,V2,4,2011-11-23 00:00:00,97.0,alexanderjones@example.org
032798166368,Overall,F,V2,4,2011-11-23 00:00:00,143.0,nicole23@example.com
067028275820,Overall,M,V2,4,2011-11-23 00:00:00,132.0,ryangordon@example.com
036440094821,Overall,M,V2,4,2011-11-23 00:00:00,130.0,theresa54@example.net
042580816242,Overall,F,V1,4,2011-11-23 00:00:00,127.0,morrismichael@example.org
086653054335,Overall,M,V1,4,2011-11-23 00:00:00,138.0,carrietaylor@example.org
050369155417,Overall,F,V3,4,2011-11-23 00:00:00,128.0,whitejoshua@example.com
057963280128,Overall,M,V1,4,2011-11-23 00:00:00,136.0,mark24@example.net
061144369133,Overall,F,V1,4,2011-11-23 00:00:00,125.0,rbaker@example.com
073600888804,Overall,F,V3,4,2011-11-23 00:00:00,84.0,josephcoleman@example.com
075144033914,Overall,F,V2,4,2011-11-23 00:00:00,125.0,desireeosborn@example.com
054765427875,Overall,F,V2,4,2011-11-23 00:00:00,94.0,whenderson@example.com
026259846909,Overall,M,V3,4,2011-11-23 00:00:00,93.0,randy92@example.net
016013180001,Overall,M,V2,4,2011-11-23 00:00:00,112.0,robert25@example.net
058548527487,Overall,F,V3,4,2011-11-23 00:00:00,88.0,johnskathy@example.net
024146420732,Overall,M,V3,4,2011-11-23 00:00:00,117.0,ashley02@example.com
092859463100,Overall,F,V2,4,2011-11-23 00:00:00,133.0,mharmon@example.com
076985596235,Overall,F,V1,4,2011-11-23 00:00:00,88.0,hannah82@example.net
047622873728,Overall,F,V1,4,2011-11-23 00:00:00,81.0,susan37@example.org
013384769136,Overall,M,V1,4,2011-11-23 00:00:00,137.0,mariegray@example.com
066773869992,Overall,F,V3,4,2011-11-23 00:00:00,98.0,kelly40@example.org
078352656355,Overall,F,V1,4,2011-11-23 00:00:00,141.0,elizabeth94@example.com
079001373120,Overall,F,V3,4,2011-11-23 00:00:00,123.0,keith12@example.com
099026132247,Overall,M,V1,4,2011-11-23 00:00:00,127.0,juliadavis@example.com
056450072578,Overall,M,V3,4,2011-11-23 00:00:00,135.0,smithcaitlin@example.org
098761836701,Overall,F,V3,4,2011-11-23 00:00:00,139.0,yjames@example.com
046200538696,Overall,F,V1,4,2011-11-23 00:00:00,139.0,manuelperez@example.org
080906167980,Overall,M,V1,4,2011-11-23 00:00:00,142.0,matthew05@example.org
047514080058,Overall,F,V2,4,2011-11-23 00:00:00,128.0,kimberly00@example.org
020629018067,Overall,F,V1,4,2011-11-23 00:00:00,128.0,erivera@example.org
080070153914,Overall,F,V1,4,2011-11-23 00:00:00,124.0,adominguez@example.net
061618670961,Overall,M,V2,4,2011-11-23 00:00:00,137.0,kellykey@example.org
087660753294,Overall,M,V2,4,2011-11-23 00:00:00,142.0,ebecker@example.com
072525814766,Overall,M,V1,4,2011-11-23 00:00:00,138.0,deborahjohnson@example.com
047418781699,Overall,M,V3,4,2011-11-23 00:00:00,89.0,mistywright@example.net
059683347965,Overall,M,V3,4,2011-11-23 00:00:00,86.0,duffycourtney@example.org
035191197218,Overall,F,V3,4,2011-11-23 00:00:00,140.0,fdiaz@example.net
074389456797,Overall,M,V3,4,2011-11-23 00:00:00,104.0,jessicavilla@example.net
043250768763,Overall,M,V3,4,2011-11-23 00:00:00,136.0,emily12@example.net
025793205446,Overall,M,V3,4,2011-11-23 00:00:00,142.0,fernandezglenn@example.net
033269808639,Overall,M,V3,4,2011-11-23 00:00:00,143.0,brandonross@example.com
082446356145,Overall,F,V3,4,2011-11-23 00:00:00,140.0,wrightsarah@example.net
095578284572,Overall,M,V2,4,2011-11-23 00:00:00,96.0,levybrian@example.com
082431993011,Overall,M,V1,4,2011-11-23 00:00:00,128.0,sherry15@example.org
068119989392,Overall,M,V2,4,2011-11-23 00:00:00,90.0,llopez@example.com
068371388692,Overall,M,V2,4,2011-11-23 00:00:00,92.0,nho@example.org
046200538696,Overall,M,V3,4,2011-11-23 00:00:00,140.0,thomas50@example.com
025755488171,Overall,F,V1,4,2011-11-23 00:00:00,139.0,lawrencecrystal@example.org
033014173174,Overall,F,V1,4,2011-11-23 00:00:00,120.0,millermatthew@example.com
061162732228,Overall,M,V3,4,2011-11-23 00:00:00,128.0,farmershawn@example.net
094943717836,Overall,F,V2,4,2011-11-23 00:00:00,85.0,ashley07@example.net
014552138353,Overall,F,V3,4,2011-11-23 00:00:00,127.0,robinsonjason@example.com
040937566166,Overall,F,V2,4,2011-11-23 00:00:00,136.0,popejustin@example.com
086653054335,Overall,M,V3,4,2011-11-23 00:00:00,139.0,herreraalexander@example.org
048137786897,Overall,F,V2,4,2011-11-23 00:00:00,89.0,williamcarpenter@example.com
064949062388,Overall,F,V2,4,2011-11-23 00:00:00,141.0,ariana42@example.com
044647639218,Overall,M,V3,4,2011-11-23 00:00:00,85.0,emily47@example.com
030665491417,Overall,M,V3,4,2011-11-23 00:00:00,134.0,judykim@example.net
036845652540,Overall,F,V1,4,2011-11-23 00:00:00,135.0,ruizdawn@example.net
028209783057,Overall,F,V1,4,2011-11-23 00:00:00,141.0,michael91@example.net
033186622159,Overall,F,V2,4,2011-11-23 00:00:00,137.0,matthew48@example.net
029066718325,Overall,M,V1,4,2011-11-23 00:00:00,131.0,emma89@example.net
063234332083,Overall,F,V1,4,2011-11-23 00:00:00,128.0,batkinson@example.org
026844821270,Overall,F,V3,4,2011-11-23 00:00:00,134.0,tcox@example.net
032812398198,Overall,F,V2,4,2011-11-23 00:00:00,143.0,robinsonandrew@example.org
050684072952,Overall,F,V2,4,2011-11-23 00:00:00,132.0,zconway@example.com
048945853155,Overall,F,V1,4,2011-11-23 00:00:00,139.0,carrie92@example.com
026259846909,Overall,M,V3,4,2011-11-23 00:00:00,93.0,moraleskim@example.com
015393912459,Overall,M,V2,4,2011-11-23 00:00:00,81.0,heather25@example.org
082635398535,Overall,F,V2,4,2011-11-23 00:00:00,91.0,castrostacey@example.net
061446395512,Overall,M,V1,4,2011-11-23 00:00:00,135.0,vanessa03@example.org
022664345527,Overall,F,V2,4,2011-11-23 00:00:00,133.0,crystal92@example.net
020776775646,Overall,M,V2,4,2011-11-23 00:00:00,84.0,sanchezricky@example.net
028462184001,Overall,M,V3,4,2011-11-23 00:00:00,129.0,kylewilkerson@example.net
021994894154,Overall,F,V3,4,2011-11-23 00:00:00,83.0,rgamble@example.org
013370804541,Overall,F,V2,4,2011-11-23 00:00:00,130.0,shawnsmith@example.net
023503488364,Overall,M,V1,4,2011-11-23 00:00:00,138.0,cooperdanny@example.org
062063629714,Overall,M,V2,4,2011-11-23 00:00:00,133.0,michellejohnson@example.org
080620306318,Overall,M,V3,4,2011-11-23 00:00:00,127.0,zsimpson@example.net
058428056502,Overall,M,V2,4,2011-11-23 00:00:00,132.0,wanderson@example.com
056204421440,Overall,F,V3,4,2011-11-23 00:00:00,115.0,hjohnson@example.net
035741056728,Overall,M,V2,4,2011-11-23 00:00:00,133.0,timothyadams@example.org
016235099036,Overall,M,V2,4,2011-11-23 00:00:00,129.0,huertajonathan@example.net
014716342672,Overall,M,V1,4,2011-11-23 00:00:00,138.0,bradleygonzales@example.org
059723205666,Overall,F,V1,4,2011-11-23 00:00:00,137.0,ayerskristen@example.org
049805461315,Overall,F,V1,4,2011-11-23 00:00:00,136.0,watkinsyvonne@example.org
064174102904,Overall,M,V1,4,2011-11-23 00:00:00,125.0,nicholasnelson@example.net
094911209418,Overall,F,V2,4,2011-11-23 00:00:00,141.0,masonrebekah@example.net
025963866675,Overall,F,V1,4,2011-11-23 00:00:00,97.0,darrenroman@example.net
065260056148,Overall,F,V1,4,2011-11-23 00:00:00,126.0,ehawkins@example.org
069824647912,Overall,F,V2,4,2011-11-23 00:00:00,144.0,blacksara@example.org
075743809136,Overall,F,V1,4,2011-11-23 00:00:00,136.0,ortizalan@example.net
011487424628,Overall,M,V3,4,2011-11-23 00:00:00,140.0,theresachristensen@example.org
053852560068,Overall,F,V1,4,2011-11-23 00:00:00,142.0,carolynchambers@example.org
072348668798,Overall,M,V1,4,2011-11-23 00:00:00,98.0,wilsonleah@example.org
065223217130,Overall,F,V1,4,2011-11-23 00:00:00,120.0,hannahmunoz@example.org
057252157435,Overall,M,V3,4,2011-11-23 00:00:00,130.0,schmidtsamantha@example.com
085539211248,Overall,M,V2,4,2011-11-23 00:00:00,136.0,qwu@example.net
045151646564,Overall,F,V2,4,2011-11-23 00:00:00,138.0,carla08@example.org
021994894154,Overall,M,V1,4,2011-11-23 00:00:00,85.0,ashleymartinez@example.net
019361343805,Overall,M,V3,4,2011-11-23 00:00:00,132.0,alexanderkelli@example.net
030955520251,Overall,M,V2,4,2011-11-23 00:00:00,123.0,edward75@example.net
055196542853,Overall,F,V3,4,2011-11-23 00:00:00,139.0,susan77@example.net
056631117882,Overall,X,V1,4,2011-11-23 00:00:00,134.0,oscar25@example.org
061569890891,Overall,M,V1,4,2011-11-23 00:00:00,92.0,trujillobarbara@example.com
097528234068,Overall,M,V3,4,2011-11-23 00:00:00,138.0,reedbrenda@example.com
052267357741,Overall,M,V1,4,2011-11-23 00:00:00,139.0,smithcynthia@example.net
015813680371,Overall,M,V1,4,2011-11-23 00:00:00,127.0,tmorris@example.com
045387322509,Overall,M,V2,4,2011-11-23 00:00:00,142.0,nicholashubbard@example.com
049995634377,Overall,F,V2,4,2011-11-23 00:00:00,96.0,valdezsarah@example.com
061877300502,Overall,F,V1,4,2011-11-23 00:00:00,121.0,marksanders@example.org
019513807409,Overall,M,V3,4,2011-11-23 00:00:00,136.0,joseph44@example.com
010541327865,Overall,F,V1,4,2011-11-23 00:00:00,134.0,emilymartinez@example.org
025101032904,Overall,M,V3,4,2011-11-23 00:00:00,115.0,dvasquez@example.net
053607341552,Overall,M,V3,4,2011-11-23 00:00:00,129.0,delgadonicholas@example.net
083411996446,Overall,F,V2,4,2011-11-23 00:00:00,83.0,hreynolds@example.net
012854546980,Overall,F,V3,4,2011-11-23 00:00:00,81.0,bruce26@example.com
020018407535,Overall,F,V2,4,2011-11-23 00:00:00,126.0,cisnerosbrittany@example.org
014376206387,Overall,M,V2,4,2011-11-23 00:00:00,139.0,harrisjoseph@example.net
090362128296,Overall,M,V1,4,2011-11-23 00:00:00,133.0,sandovalmichael@example.com
074284964930,Overall,M,V1,4,2011-11-23 00:00:00,87.0,annafreeman@example.net
095157650289,Overall,F,V3,4,2011-11-23 00:00:00,142.0,george85@example.com
047187368437,Overall,M,V3,4,2011-11-23 00:00:00,88.0,ericksonjeffrey@example.org
075492831387,Overall,F,V2,4,2011-11-23 00:00:00,82.0,harveyamanda@example.com
087877143248,Overall,M,V3,4,2011-11-23 00:00:00,83.0,brittney80@example.net
052742855238,Overall,F,V1,4,2011-11-23 00:00:00,82.0,wrightkaren@example.com
061812740274,Overall,M,V1,4,2011-11-23 00:00:00,130.0,livingstonshelby@example.com
063932308623,Overall,M,V1,4,2011-11-23 00:00:00,129.0,jolson@example.com
098131311945,Overall,F,V3,4,2011-11-23 00:00:00,129.0,nblackwell@example.com
060524351005,Overall,F,V2,4,2011-11-23 00:00:00,120.0,jessica69@example.org
014388280272,Overall,M,V1,4,2011-11-23 00:00:00,132.0,jesse84@example.com
049678432885,Overall,M,V3,4,2011-11-23 00:00:00,95.0,whitebethany@example.net
024826115753,Overall,M,V3,4,2011-11-23 00:00:00,130.0,tjohnson@example.com
054209775731,Overall,F,V2,4,2011-11-23 00:00:00,146.0,rebeccagregory@example.net
059815323511,Overall,M,V3,4,2011-11-23 00:00:00,128.0,rachelromero@example.org
089260529301,Overall,M,V3,4,2011-11-23 00:00:00,128.0,roseallen@example.net
014491992431,Overall,F,V3,4,2011-11-23 00:00:00,133.0,kelly81@example.org
046200538696,Overall,F,V1,4,2011-11-23 00:00:00,142.0,christopher76@example.org
071936767077,Overall,M,V1,4,2011-11-23 00:00:00,91.0,kenneth64@example.org
037554877934,Overall,M,V2,4,2011-11-23 00:00:00,86.0,jjackson@example.com
029066718325,Overall,F,V2,4,2011-11-23 00:00:00,134.0,rachelstevenson@example.net
013579147875,Overall,F,V1,4,2011-11-23 00:00:00,142.0,martinezmichael@example.org
067757312189,Overall,M,V2,4,2011-11-23 00:00:00,87.0,jessica89@example.org
072099959247,Overall,M,V1,4,2011-11-23 00:00:00,98.0,lbyrd@example.org
045084561698,Overall,F,V3,4,2011-11-23 00:00:00,143.0,walteradrian@example.org
010683501271,Overall,F,V3,4,2011-11-23 00:00:00,128.0,david65@example.com
090242298495,Overall,F,V3,4,2011-11-23 00:00:00,142.0,dominguezdanielle@example.net
018649317511,Overall,X,V1,4,2011-11-23 00:00:00,131.0,rodriguezlinda@example.com
088952692400,Overall,M,V2,4,2011-11-23 00:00:00,140.0,chernandez@example.net
058239568358,Overall,M,V3,4,2011-11-23 00:00:00,91.0,ortizgrace@example.net
057497650521,Overall,M,V2,4,2011-11-23 00:00:00,138.0,katherinethomas@example.com
044833713913,Overall,F,V3,4,2011-11-23 00:00:00,138.0,zfigueroa@example.org
086197759937,Overall,M,V2,4,2011-11-23 00:00:00,93.0,philipsavage@example.net
028634995775,Overall,F,V3,4,2011-11-23 00:00:00,93.0,jamesbrown@example.com
087827016367,Overall,F,V1,4,2011-11-23 00:00:00,140.0,ahughes@example.com
080084043027,Overall,M,V3,4,2011-11-23 00:00:00,117.0,xsalazar@example.net
090617841832,Overall,M,V2,4,2011-11-23 00:00:00,140.0,rjames@example.com
060880431777,Overall,M,V2,4,2011-11-23 00:00:00,138.0,davisdiana@example.net
014371720542,Overall,M,V3,4,2011-11-23 00:00:00,123.0,julie95@example.org
088648124608,Overall,M,V2,4,2011-11-23 00:00:00,83.0,atkinsondamon@example.net
067028275820,Overall,M,V3,4,2011-11-23 00:00:00,131.0,ismith@example.com
024780223641,Overall,F,V2,4,2011-11-23 00:00:00,134.0,charlestorres@example.org
065923650233,Overall,M,V1,4,2011-11-23 00:00:00,133.0,rodriguezkaren@example.org
081011390043,Overall,F,V3,4,2011-11-23 00:00:00,113.0,woodsmelanie@example.com
026022198623,Overall,M,V3,4,2011-11-23 00:00:00,128.0,bergdanielle@example.net
086845075645,Overall,M,V3,4,2011-11-23 00:00:00,85.0,donaldharris@example.org
026510662775,Overall,M,V3,4,2011-11-23 00:00:00,131.0,noah89@example.com
056533842476,Overall,F,V1,4,2011-11-23 00:00:00,87.0,whitney25@example.net
057428123593,Overall,M,V3,4,2011-11-23 00:00:00,139.0,franksmith@example.com
048905054400,Overall,F,V3,4,2011-11-23 00:00:00,125.0,tanya17@example.net
095322672154,Overall,F,V1,4,2011-11-23 00:00:00,133.0,joejackson@example.net
014152185374,Overall,F,V1,4,2011-11-23 00:00:00,126.0,hooperchristopher@example.org
019658352367,Overall,F,V2,4,2011-11-23 00:00:00,86.0,lmccoy@example.org
051016135504,Overall,M,V3,4,2011-11-23 00:00:00,118.0,anthony53@example.com
045761581325,Overall,F,V1,4,2011-11-23 00:00:00,131.0,lopezdanielle@example.com
069579393531,Overall,M,V2,4,2011-11-23 00:00:00,88.0,hmolina@example.com
072338467236,Overall,M,V1,4,2011-11-23 00:00:00,139.0,lisaquinn@example.org
096275123944,Overall,F,V3,4,2011-11-23 00:00:00,140.0,rshannon@example.com
071289277905,Overall,F,V1,4,2011-11-23 00:00:00,88.0,makaylabrady@example.com
011593578689,Overall,F,V1,4,2011-11-23 00:00:00,90.0,clarknicole@example.org
071472379813,Overall,F,V3,4,2011-11-23 00:00:00,140.0,johnanderson@example.net
059129170052,Overall,F,V3,4,2011-11-23 00:00:00,134.0,parksmelissa@example.org
032538547554,Overall,M,V1,4,2011-11-23 00:00:00,144.0,blairsandra@example.com
096379516016,Overall,F,V3,4,2011-11-23 00:00:00,84.0,jerrymays@example.com
050736868568,Overall,M,V2,4,2011-11-23 00:00:00,93.0,jeffrey35@example.org
074389456797,Overall,F,V1,4,2011-11-23 00:00:00,104.0,jordancynthia@example.net
049601524496,Overall,F,V2,4,2011-11-23 00:00:00,137.0,aprilgallagher@example.com
020701785546,Overall,F,V1,4,2011-11-23 00:00:00,131.0,rshaw@example.org
060339062464,Overall,F,V1,4,2011-11-23 00:00:00,127.0,ryanyoung@example.org
074841480529,Overall,M,V1,4,2011-11-23 00:00:00,136.0,dfoley@example.net
082026200820,Overall,F,V2,4,2011-11-23 00:00:00,121.0,michaelwoods@example.com
055508657306,Overall,F,V3,4,2011-11-23 00:00:00,140.0,petersensteven@example.net
025289435376,Overall,F,V3,4,2011-11-23 00:00:00,85.0,cynthia28@example.net
044044469753,Overall,M,V2,4,2011-11-23 00:00:00,142.0,felliott@example.com
064339139235,Overall,M,V3,4,2011-11-23 00:00:00,135.0,spencer85@example.org
093613573927,Overall,M,V3,4,2011-11-23 00:00:00,138.0,kyoung@example.net
050496638539,Overall,M,V3,4,2011-11-23 00:00:00,141.0,brittanywood@example.com
093811173076,Overall,M,V1,4,2011-11-23 00:00:00,135.0,angelapotter@example.net
030054337443,Overall,F,V1,4,2011-11-23 00:00:00,121.0,bbryant@example.com
015058931807,Overall,M,V3,4,2011-11-23 00:00:00,137.0,billy13@example.org
024118476989,Overall,F,V2,4,2011-11-23 00:00:00,91.0,cassidypacheco@example.com
021884031456,Overall,M,V3,4,2011-11-23 00:00:00,136.0,colleen71@example.org
032189078332,Overall,F,V3,4,2011-11-23 00:00:00,132.0,spearsmatthew@example.net
019070602544,Overall,M,V3,4,2011-11-23 00:00:00,123.0,joshuacraig@example.com
026537432036,Overall,M,V3,4,2011-11-23 00:00:00,124.0,austin91@example.net
039866029135,Overall,M,V3,4,2011-11-23 00:00:00,136.0,lindseyjames@example.org
038796787968,Overall,F,V2,4,2011-11-23 00:00:00,109.0,trobinson@example.net
013886527095,Overall,F,V1,4,2011-11-23 00:00:00,142.0,paige44@example.com
074711596902,Overall,F,V1,4,2011-11-23 00:00:00,140.0,nrogers@example.net
012669068460,Overall,M,V1,4,2011-11-23 00:00:00,134.0,joshua49@example.com
038786829058,Overall,M,V1,4,2011-11-23 00:00:00,91.0,laurie31@example.org
084790732071,Overall,F,V1,4,2011-11-23 00:00:00,140.0,whitejohn@example.org
086562011958,Overall,M,V2,4,2011-11-23 00:00:00,146.0,wvaldez@example.com
054261626570,Overall,M,V1,4,2011-11-23 00:00:00,135.0,morgan69@example.net
088902486833,Overall,M,V1,4,2011-11-23 00:00:00,95.0,adamgalvan@example.org
092109718953,Overall,M,V1,4,2011-11-23 00:00:00,137.0,bonillakristin@example.org
063300266775,Overall,M,V2,4,2011-11-23 00:00:00,136.0,johnrobles@example.com
023758670371,Overall,M,V1,4,2011-11-23 00:00:00,133.0,zimmermanjerry@example.com
038320708506,Overall,F,V3,4,2011-11-23 00:00:00,131.0,michelle18@example.org
028634995775,Overall,F,V1,4,2011-11-23 00:00:00,95.0,john07@example.net
076133409441,Overall,M,V2,4,2011-11-23 00:00:00,130.0,ryanjackson@example.net
061950497007,Overall,F,V3,4,2011-11-23 00:00:00,138.0,stewartjonathan@example.org
096423477271,Overall,F,V1,4,2011-11-23 00:00:00,135.0,darrell99@example.com
037126443162,Overall,M,V2,4,2011-11-23 00:00:00,131.0,ricky28@example.org
069659653494,Overall,F,V3,4,2011-11-23 00:00:00,100.0,amandaosborne@example.org
045842655537,Overall,F,V2,4,2011-11-23 00:00:00,144.0,moorecassandra@example.net
092630628814,Overall,F,V2,4,2011-11-23 00:00:00,133.0,ledwards@example.org
072414913382,Overall,M,V3,4,2011-11-23 00:00:00,134.0,manuel87@example.org
037661139757,Overall,M,V3,4,2011-11-23 00:00:00,138.0,samuelmontoya@example.com
071914398834,Overall,M,V2,4,2011-11-23 00:00:00,85.0,moyerdeborah@example.com
010360935750,Overall,F,V3,4,2011-11-23 00:00:00,126.0,shahheather@example.net
069691417550,Overall,M,V2,4,2011-11-23 00:00:00,144.0,nfletcher@example.com
061236004976,Overall,M,V3,4,2011-11-23 00:00:00,134.0,sherryschmidt@example.org
067799223067,Overall,M,V3,4,2011-11-23 00:00:00,85.0,danielle53@example.net
050084227258,Overall,M,V3,4,2011-11-23 00:00:00,137.0,woodsjudy@example.com
041010612100,Overall,F,V1,4,2011-11-23 00:00:00,102.0,cynthiawiley@example.net
013736158049,Overall,F,V2,4,2011-11-23 00:00:00,133.0,felicia51@example.org
060007386333,Overall,M,V3,4,2011-11-23 00:00:00,128.0,kevin71@example.com
075913827647,Overall,F,V3,4,2011-11-23 00:00:00,87.0,goldenthomas@example.net
041850360702,Overall,F,V2,4,2011-11-23 00:00:00,127.0,duanecoffey@example.org
031398545110,Overall,M,V2,4,2011-11-23 00:00:00,133.0,rmurphy@example.net
041135685984,Overall,M,V1,4,2011-11-23 00:00:00,82.0,kmay@example.net
061144369133,Overall,M,V1,4,2011-11-23 00:00:00,122.0,michael44@example.com
049417698852,Overall,M,V3,4,2011-11-23 00:00:00,91.0,kolson@example.com
071263057353,Overall,F,V2,4,2011-11-23 00:00:00,132.0,wsanchez@example.org
053050757431,Overall,M,V1,4,2011-11-23 00:00:00,127.0,ryanswanson@example.com
080549268230,Overall,M,V1,4,2011-11-23 00:00:00,136.0,donna92@example.org
031073569645,Overall,M,V3,4,2011-11-23 00:00:00,133.0,heathersanchez@example.com
088225790836,Overall,M,V3,4,2011-11-23 00:00:00,89.0,bruce07@example.org
029216172297,Overall,F,V1,4,2011-11-23 00:00:00,138.0,tamaragomez@example.com
045984176979,Overall,M,V3,4,2011-11-23 00:00:00,95.0,jchambers@example.com
078929140054,Overall,F,V2,4,2011-11-23 00:00:00,136.0,chavezjessica@example.com
093675900504,Overall,M,V1,4,2011-11-23 00:00:00,136.0,clairebarrett@example.com
078447871258,Overall,F,V3,4,2011-11-23 00:00:00,90.0,williamlucas@example.org
081468120821,Overall,M,V2,4,2011-11-23 00:00:00,132.0,barbara80@example.com
045958471520,Overall,M,V1,4,2011-11-23 00:00:00,135.0,ronald50@example.net
