student id,test name,gender,version,level,test date,standardised score,name
99618183967,Maths,M,V1,10,2015-01-17,103.0,  Mrs. Evelyn Johnson
42616916284,Maths,F,V3,10,2015-01-17,134.0, Aaron Mack
81148528429,Maths,M,V1,10,2015-01-17,143.0,  Sherry Mccoy
75530241346,Maths,F,V1,10,2015-01-17,134.0, Susan Long
70750306314,Maths,F,V1,10,2015-01-17,128.0,Carla Allen
74119277891,Maths,F,V2,10,2015-01-17,87.0,  Kristopher Lynch DVM
57033488382,Maths,F,V3,10,2015-01-17,139.0, Amy Martinez
75682867967,Maths,F,V2,10,2015-01-17,102.0,  Shawn Fowler
98383737189,Maths,F,V2,10,2015-01-17,101.0, Jonathan Robinson
73880849471,Maths,M,V1,10,2015-01-17,87.0,  James Cook
28958628225,Maths,M,V1,10,2015-01-17,89.0, Sarah Delgado
95762964214,Maths,F,V1,10,2015-01-17,86.0, Donald Nguyen
89458536798,Maths,M,V1,10,2015-01-17,99.0,Teresa Elliott
78644033735,Maths,F,V1,10,2015-01-17,144.0, Donna Vaughan
47766680770,Maths,F,V1,10,2015-01-17,93.0, Christopher Carrillo
68228333529,Maths,X,V1,10,2015-01-17,146.0,  Patricia Smith
27509159166,Maths,F,V3,10,2015-01-17,140.0,Amy Garcia
18850882631,Maths,F,V3,10,2015-01-17,137.0, Carl Stewart
53108248734,Maths,F,V1,10,2015-01-17,137.0,  Kara Martin
29365042912,Maths,M,V1,10,2015-01-17,133.0,James Gibbs
22835246840,Maths,F,V3,10,2015-01-17,139.0,  Melinda Lewis
11027597108,Maths,M,V1,10,2015-01-17,135.0, Samantha Andrews
55378879783,Maths,M,V2,10,2015-01-17,104.0,Claudia Warren
92460828179,Maths,F,V1,10,2015-01-17,93.0,Regina Davis
47032655150,Maths,M,V1,10,2015-01-17,129.0,Andrea Black
96708691069,Maths,F,V3,10,2015-01-17,84.0,  Jill Mcclain
38567624204,Maths,F,V2,10,2015-01-17,130.0,  Dean Howard
39607955665,Maths,M,V3,10,2015-01-17,93.0, Janet Carroll
26531174654,Maths,M,V3,10,2015-01-17,134.0,  Jesse Lucas
67967843323,Maths,M,V3,10,2015-01-17,89.0,  Corey May
92576269580,Maths,M,V3,10,2015-01-17,86.0, Audrey Roach
42883881762,Maths,F,V3,10,2015-01-17,142.0, Mike Cohen
91934575963,Maths,M,V2,10,2015-01-17,93.0, Susan Gutierrez
51466932103,Maths,F,V3,10,2015-01-17,125.0,  Gina Rodriguez
89157615043,Maths,M,V3,10,2015-01-17,133.0, Donald Mcdonald
98736963531,Maths,M,V1,10,2015-01-17,90.0, Brent Smith
50773173950,Maths,F,V1,10,2015-01-17,139.0,  Alexandra Dickerson
90068742772,Maths,M,V1,10,2015-01-17,139.0,  Vicki Leon
40416590768,Maths,M,V3,10,2015-01-17,141.0,Brenda Finley
22431082750,Maths,F,V1,10,2015-01-17,125.0,Maria Mendez
85274178617,Maths,F,V1,10,2015-01-17,85.0, Rachel Stewart
72632958928,Maths,M,V3,10,2015-01-17,89.0,Scott Kelley
14131901408,Maths,F,V2,10,2015-01-17,117.0, Emily Nguyen
50903675580,Maths,M,V3,10,2015-01-17,136.0,  Lance Kelly
32743693205,Maths,M,V1,10,2015-01-17,135.0,Valerie Olsen
15978903748,Maths,F,V2,10,2015-01-17,98.0, Andrea Gould
56283200212,Maths,F,V1,10,2015-01-17,128.0, Tara Nelson
72033518304,Maths,M,V1,10,2015-01-17,133.0,  Veronica Gray
74297771416,Maths,F,V1,10,2015-01-17,139.0, Stephanie House
50627516974,Maths,F,V3,10,2015-01-17,141.0,Angela Sawyer
81691030059,Maths,F,V3,10,2015-01-17,131.0, Dalton Peterson
61385461768,Maths,M,V1,10,2015-01-17,88.0,Nicole Morgan
68089428239,Maths,M,V2,10,2015-01-17,91.0,David Elliott
47069663558,Maths,F,V2,10,2015-01-17,91.0,Dr. Kayla Williams DDS
48902780299,Maths,F,V3,10,2015-01-17,89.0,  Rick Holt
72126744065,Maths,F,V1,10,2015-01-17,134.0,Peter Estes
65482746707,Maths,F,V3,10,2015-01-17,85.0, Maria Roberts
83206880747,Maths,M,V3,10,2015-01-17,84.0, Tonya Wright
10141414834,Maths,F,V1,10,2015-01-17,128.0,  Matthew Erickson
64969812241,Maths,F,V1,10,2015-01-17,90.0,Crystal Douglas
12722214828,Maths,M,V1,10,2015-01-17,124.0,  Christopher Romero
20130321880,Maths,M,V1,10,2015-01-17,121.0,  Rebecca Ortiz
57627803450,Maths,M,V2,10,2015-01-17,138.0,Dana Black
36300681994,Maths,M,V1,10,2015-01-17,135.0, Tina Chandler
32852750611,Maths,F,V2,10,2015-01-17,131.0, Susan Hall
69920896456,Maths,M,V1,10,2015-01-17,96.0,Kimberly Lopez
47650216431,Maths,F,V2,10,2015-01-17,133.0,Carl Snyder
26489427140,Maths,F,V2,10,2015-01-17,132.0,Eddie Walters
11170663676,Maths,M,V3,10,2015-01-17,133.0, Jesse Mcdonald
71534927954,Maths,M,V1,10,2015-01-17,89.0, Shelly Bowman
99785360603,Maths,F,V3,10,2015-01-17,145.0, Arthur Strickland
84907663485,Maths,M,V2,10,2015-01-17,88.0,Adam Yates
37932076868,Maths,F,V1,10,2015-01-17,93.0, Joyce Miller
49552473826,Maths,M,V3,10,2015-01-17,145.0,  Toni Larson
13844823085,Maths,M,V1,10,2015-01-17,136.0, Joseph Bentley
32047481695,Maths,F,V2,10,2015-01-17,136.0,William Day
24502718237,Maths,F,V3,10,2015-01-17,123.0,Melissa Gould
91177130257,Maths,M,V2,10,2015-01-17,130.0, Sabrina Booker
70806766494,Maths,F,V1,10,2015-01-17,88.0,  Mrs. Angela Knight DVM
93334342622,Maths,M,V2,10,2015-01-17,129.0,Jack Martinez
91121181042,Maths,M,V2,10,2015-01-17,117.0,Jessica Owens
73885526225,Maths,M,V1,10,2015-01-17,87.0,  Jennifer Bell
30439906070,Maths,M,V2,10,2015-01-17,135.0, Alyssa Carter
31710934424,Maths,F,V3,10,2015-01-17,120.0,  David Blake
68190600376,Maths,F,V2,10,2015-01-17,136.0,  Timothy Castaneda
16080910174,Maths,F,V2,10,2015-01-17,123.0,Erin Mcfarland
42018526644,Maths,F,V2,10,2015-01-17,137.0,Melissa Flores
39138088578,Maths,F,V3,10,2015-01-17,85.0,  John Matthews
31537410948,Maths,F,V3,10,2015-01-17,137.0, Jamie Moreno
99513302553,Maths,F,V2,10,2015-01-17,139.0, Todd Nelson
50114557256,Maths,M,V2,10,2015-01-17,133.0, Megan Mora
97868276567,Maths,F,V1,10,2015-01-17,101.0, Connie Campbell
36916197699,Maths,M,V1,10,2015-01-17,100.0,  Jordan Gordon
33185975324,Maths,M,V3,10,2015-01-17,142.0, Brenda Kline
73988985503,Maths,M,V2,10,2015-01-17,101.0,  Andre Moody
70793899934,Maths,F,V3,10,2015-01-17,101.0,Kimberly Chambers
75786505355,Maths,F,V1,10,2015-01-17,82.0, Wendy Moore
97827024660,Maths,M,V2,10,2015-01-17,139.0,Eric Scott
40134988316,Maths,M,V2,10,2015-01-17,135.0,  Phillip Barnett III
13806652947,Maths,F,V1,10,2015-01-17,85.0, Felicia Hoffman
74001500824,Maths,M,V2,10,2015-01-17,126.0,Kathleen Crawford
59601762556,Maths,F,V2,10,2015-01-17,89.0,Wayne Walls
38324216086,Maths,M,V2,10,2015-01-17,133.0,  Jessica Patrick
78017344840,Maths,M,V3,10,2015-01-17,136.0,  Frederick Baldwin
33962309840,Maths,X,V1,10,2015-01-17,135.0, Joanna Watkins
96708691069,Maths,M,V1,10,2015-01-17,86.0,Mikayla Butler
35785782497,Maths,M,V1,10,2015-01-17,90.0, Paul Williams
52682401259,Maths,M,V1,10,2015-01-17,132.0, Eric Atkinson
15521208856,Maths,F,V2,10,2015-01-17,126.0, Courtney Riley
35950373039,Maths,M,V1,10,2015-01-17,136.0, Kelsey Wall
62181004269,Maths,M,V3,10,2015-01-17,131.0,Stephen Mitchell
42957221175,Maths,M,V3,10,2015-01-17,138.0,Veronica Lopez
39573366491,Maths,M,V2,10,2015-01-17,89.0,  Grace Thomas
74732646057,Maths,F,V1,10,2015-01-17,145.0,  Craig Walker
66661092604,Maths,M,V1,10,2015-01-17,139.0,  Timothy Mckee
57724749174,Maths,F,V3,10,2015-01-17,89.0,Courtney Wilson
75981289019,Maths,F,V1,10,2015-01-17,94.0,Phillip Morris
43342043684,Maths,F,V1,10,2015-01-17,125.0,  Jeffrey Reyes
46391948712,Maths,F,V3,10,2015-01-17,141.0,Christine Bell
59217986589,Maths,F,V3,10,2015-01-17,102.0,Roger Terrell
72573156771,Maths,F,V1,10,2015-01-17,141.0,Timothy Davies
78067522866,Maths,F,V2,10,2015-01-17,144.0, Danny Lee
41501578722,Maths,F,V1,10,2015-01-17,134.0,Destiny Miller
16258638881,Maths,M,V1,10,2015-01-17,143.0,Theresa Ramirez
72552102071,Maths,M,V1,10,2015-01-17,123.0,  Mary White
90239976137,Maths,M,V2,10,2015-01-17,146.0,Linda Walsh
66353420236,Maths,F,V2,10,2015-01-17,130.0, Arthur Swanson
47155501951,Maths,F,V1,10,2015-01-17,129.0, Louis Smith
12939390580,Maths,F,V1,10,2015-01-17,141.0,Daniel Williams
24388330636,Maths,F,V2,10,2015-01-17,135.0,  Dr. Katherine Robinson
46281038264,Maths,M,V1,10,2015-01-17,132.0,Brandon Fields
11610837256,Maths,F,V2,10,2015-01-17,126.0, Robin Garcia
86870073875,Maths,F,V2,10,2015-01-17,91.0,Rachel King
20283052572,Maths,M,V3,10,2015-01-17,132.0,  Kristen Miller
13066267062,Maths,M,V3,10,2015-01-17,131.0,  Brianna Mcdaniel
18150732156,Maths,M,V3,10,2015-01-17,126.0, Eric Porter
97852925349,Maths,F,V1,10,2015-01-17,96.0, Jack Torres
10922853804,Maths,F,V1,10,2015-01-17,133.0, Michelle Diaz
95617391750,Maths,M,V1,10,2015-01-17,85.0, Latoya Spencer
16509753851,Maths,M,V3,10,2015-01-17,138.0, Melissa Rich
94577299513,Maths,F,V3,10,2015-01-17,96.0,  Karen Mckee
30956053254,Maths,F,V1,10,2015-01-17,133.0,  Sandra Howard
44890826046,Maths,M,V3,10,2015-01-17,145.0,Joel Sanchez
70332422359,Maths,M,V1,10,2015-01-17,129.0,  Bonnie Davidson
21883469950,Maths,F,V1,10,2015-01-17,143.0,Laurie Kelley
72728562187,Maths,F,V1,10,2015-01-17,141.0, Kylie Baker
87915805288,Maths,F,V2,10,2015-01-17,,  Susan Jones
51537073737,Maths,M,V1,10,2015-01-17,141.0,Stephanie Lewis
94749039857,Maths,F,V2,10,2015-01-17,98.0, Brandy Brady
15486200330,Maths,M,V1,10,2015-01-17,124.0, Ronald Moore
92000536612,Maths,M,V3,10,2015-01-17,124.0,  Julie Crawford
13216415742,Maths,X,V1,10,2015-01-17,126.0, Robin Bell
69159802375,Maths,F,V1,10,2015-01-17,146.0,  Taylor Ramirez
69964736975,Maths,M,V3,10,2015-01-17,96.0,Christopher Cox
40575454816,Maths,M,V3,10,2015-01-17,134.0, Rodney Johnson
76549968104,Maths,F,V3,10,2015-01-17,88.0,Beverly Higgins
40944800819,Maths,M,V2,10,2015-01-17,131.0, Emily Bird
31480848357,Maths,M,V1,10,2015-01-17,137.0, Pamela Bishop
82075793443,Maths,F,V2,10,2015-01-17,138.0,  Mary Sanchez
52627412738,Maths,F,V1,10,2015-01-17,139.0,Travis Burton
92665288753,Maths,M,V1,10,2015-01-17,93.0, Carrie Salas
41113923010,Maths,M,V1,10,2015-01-17,119.0,  Patricia Richards
16216788294,Maths,F,V2,10,2015-01-17,92.0, Jason Thomas
69668379540,Maths,F,V1,10,2015-01-17,100.0,Bruce Keith
96277079540,Maths,F,V3,10,2015-01-17,89.0,  Kelsey Elliott
74499495344,Maths,F,V1,10,2015-01-17,86.0,  Deborah Davis
11624244571,Maths,F,V3,10,2015-01-17,125.0,David Bean
27834891813,Maths,F,V2,10,2015-01-17,87.0,Tanya Garza
24185116842,Maths,F,V3,10,2015-01-17,127.0,  Jesse Murphy
66793520609,Maths,M,V2,10,2015-01-17,88.0,Andrew Pittman
68251630837,Maths,F,V1,10,2015-01-17,, Audrey Taylor
24615390518,Maths,M,V2,10,2015-01-17,132.0,Keith Diaz
88095996491,Maths,M,V2,10,2015-01-17,94.0, Carolyn Floyd
96514288387,Maths,F,V2,10,2015-01-17,86.0,Kimberly Gibson
37429438275,Maths,M,V2,10,2015-01-17,90.0,William Hale
75186812448,Maths,F,V1,10,2015-01-17,86.0,  Peter Griffin
40719563622,Maths,M,V1,10,2015-01-17,133.0,  Martin Walter
40157643861,Maths,F,V2,10,2015-01-17,136.0,Michael Nelson
26265322123,Maths,M,V3,10,2015-01-17,128.0, Christy Holland
56346122471,Maths,M,V3,10,2015-01-17,131.0,Jose Bright
39665447728,Maths,F,V1,10,2015-01-17,96.0,  Ms. Amber Hamilton DDS
68893783053,Maths,M,V2,10,2015-01-17,86.0,Mr. Clayton Hall
76511291935,Maths,M,V3,10,2015-01-17,142.0,  Todd Juarez
45420491988,Maths,F,V3,10,2015-01-17,86.0, Nina Sullivan
14887615750,Maths,F,V3,10,2015-01-17,136.0,Jody Kelly
81869252521,Maths,F,V3,10,2015-01-17,136.0,Thomas Flores
93564997027,Maths,M,V3,10,2015-01-17,88.0,  Michael Tucker
70006397174,Maths,X,V3,10,2015-01-17,133.0, Wendy Lowery
62797127785,Maths,F,V2,10,2015-01-17,89.0, Kenneth Shannon
13605317891,Maths,F,V1,10,2015-01-17,131.0,  Tamara Jones
25779626004,Maths,M,V2,10,2015-01-17,138.0, Jeffrey Dominguez
68645957395,Maths,F,V2,10,2015-01-17,97.0, Gregory Martinez
45893241382,Maths,F,V2,10,2015-01-17,134.0,Lance Graves
64010263237,Maths,M,V1,10,2015-01-17,122.0,Alexandra Liu
48740734906,Maths,F,V1,10,2015-01-17,145.0,April Phillips
74264049659,Maths,F,V2,10,2015-01-17,141.0, Karen Kemp
18450377450,Maths,F,V1,10,2015-01-17,137.0,Mary Wells
57669026113,Maths,M,V2,10,2015-01-17,133.0,Yvonne Martinez
47206084819,Maths,M,V2,10,2015-01-17,142.0,Austin Vargas
32716996320,Maths,M,V2,10,2015-01-17,138.0,  Ellen Gonzalez
19333593327,Maths,F,V2,10,2015-01-17,141.0, Tiffany Castro
93104584713,Maths,F,V2,10,2015-01-17,133.0,  David Perry
97701233898,Maths,F,V3,10,2015-01-17,88.0, Grant Galloway
91102661138,Maths,F,V1,10,2015-01-17,131.0, Karen Simpson
84407298082,Maths,M,V2,10,2015-01-17,142.0,  Alexis Collier
63042200797,Maths,M,V2,10,2015-01-17,124.0,Melissa Andrade
22821471040,Maths,M,V1,10,2015-01-17,119.0,Colin Cox
28036161823,Maths,F,V2,10,2015-01-17,133.0,  Tammy Anderson
94302747166,Maths,F,V3,10,2015-01-17,133.0, Gary Stevens
34487254656,Maths,X,V1,10,2015-01-17,145.0,  Diane Torres
28592660345,Maths,M,V3,10,2015-01-17,140.0,  Nicole Flynn
78426194051,Maths,F,V3,10,2015-01-17,141.0, Travis Fletcher
81776063185,Maths,F,V2,10,2015-01-17,145.0,Christine Vasquez
14011805145,Maths,M,V3,10,2015-01-17,120.0,  Jaclyn Green
49976948938,Maths,F,V1,10,2015-01-17,100.0, Clayton Owen
64119558004,Maths,F,V2,10,2015-01-17,139.0,Ann Wallace
54700839368,Maths,F,V3,10,2015-01-17,88.0,David Benitez
46260862200,Maths,M,V1,10,2015-01-17,133.0,Tim Perez
11877732684,Maths,M,V2,10,2015-01-17,88.0,  Ricardo Summers
41508976394,Maths,F,V2,10,2015-01-17,87.0, Michael Mora
22183658873,Maths,F,V2,10,2015-01-17,145.0,  Christopher Ingram
35672675799,Maths,M,V3,10,2015-01-17,99.0, Gary George
45395129006,Maths,M,V1,10,2015-01-17,131.0,Jacob Francis
79156271697,Maths,M,V2,10,2015-01-17,90.0,  Barbara Lowery
43444932276,Maths,M,V1,10,2015-01-17,137.0, Ryan Johnson
72573156771,Maths,F,V1,10,2015-01-17,140.0, Randall Stanley
92450556310,Maths,M,V2,10,2015-01-17,131.0,  Monique Foster
62033366168,Maths,M,V2,10,2015-01-17,130.0,  Lisa Ortiz
16465647691,Maths,M,V2,10,2015-01-17,92.0,  Michael Bernard
49250850616,Maths,M,V3,10,2015-01-17,136.0, Angela Bautista
65983261612,Maths,F,V3,10,2015-01-17,140.0,  Nicholas Glenn
87394825747,Maths,F,V3,10,2015-01-17,94.0,Paul Peters
40741485203,Maths,M,V2,10,2015-01-17,123.0,  Laura Sanders
61398313857,Maths,F,V1,10,2015-01-17,140.0,  Carol Cherry
89062706769,Maths,M,V3,10,2015-01-17,90.0, Amanda Hunter
23067867021,Maths,M,V2,10,2015-01-17,131.0,Matthew Vaughan
89397782240,Maths,M,V1,10,2015-01-17,87.0,Carrie Sexton
89157615043,Maths,M,V2,10,2015-01-17,138.0,Diana Gibson
46281038264,Maths,F,V3,10,2015-01-17,133.0,Hannah Calderon
23106178948,Maths,M,V3,10,2015-01-17,136.0,  Kristin Hernandez
78441130501,Maths,F,V3,10,2015-01-17,125.0,Jessica Kerr
75729366512,Maths,M,V1,10,2015-01-17,146.0,Frank Williams PhD
32062502028,Maths,M,V2,10,2015-01-17,121.0,Dominic Burke
58886790486,Maths,M,V1,10,2015-01-17,95.0, Francisco Vaughn
59191168677,Maths,F,V3,10,2015-01-17,88.0,  Scott Paul
32157292809,Maths,M,V1,10,2015-01-17,138.0,Ronald Mcbride
87898350641,Maths,F,V2,10,2015-01-17,93.0, Aimee Waters
41508976394,Maths,M,V2,10,2015-01-17,85.0, Laura Mathews
84082706677,Maths,F,V2,10,2015-01-17,88.0, Kelsey Wheeler
20155897011,Maths,F,V2,10,2015-01-17,131.0, Belinda Gonzales
34025375855,Maths,M,V1,10,2015-01-17,144.0,Molly Molina
50443054038,Maths,F,V2,10,2015-01-17,128.0,  James Vaughan
20026855646,Maths,M,V3,10,2015-01-17,135.0, Emma Briggs
73024409930,Maths,F,V2,10,2015-01-17,131.0,  Andrew Jensen
55279522858,Maths,F,V1,10,2015-01-17,87.0,Wendy Smith
71112228935,Maths,F,V1,10,2015-01-17,126.0,  Chelsea Hendrix
61524742237,Maths,M,V3,10,2015-01-17,131.0, Amy Thompson
43526973699,Maths,F,V1,10,2015-01-17,90.0,  Jennifer Mills
49976948938,Maths,M,V2,10,2015-01-17,103.0,Sarah Park
51328601136,Maths,M,V1,10,2015-01-17,119.0,Justin Houston
70575886769,Maths,M,V1,10,2015-01-17,93.0, Ann Livingston
41508976394,Maths,F,V3,10,2015-01-17,85.0, Jennifer Little
57937300555,Maths,F,V2,10,2015-01-17,135.0, Jessica George
84853203646,Maths,F,V3,10,2015-01-17,139.0,  Eric Horton
62671215664,Maths,X,V3,10,2015-01-17,139.0,Daniel Dennis
52624622856,Maths,M,V3,10,2015-01-17,140.0,  Danielle Marshall
98174180146,Maths,M,V1,10,2015-01-17,138.0,  April Donovan
62044446767,Maths,M,V3,10,2015-01-17,136.0,  Martha Long
31990795801,Maths,F,V3,10,2015-01-17,146.0, Tanner Brown
45893241382,Maths,F,V1,10,2015-01-17,139.0, Jerry Hayes
46962173599,Maths,M,V3,10,2015-01-17,85.0,  Debra Cook
50774417462,Maths,F,V3,10,2015-01-17,135.0, Michelle Riley
68799904423,Maths,M,V3,10,2015-01-17,87.0,  Leah Cruz
61480599215,Maths,M,V3,10,2015-01-17,136.0, Melanie Mcconnell
80991231050,Maths,F,V1,10,2015-01-17,125.0,Melanie Lee
61361698865,Maths,F,V1,10,2015-01-17,89.0,  Howard Estes
68702036091,Maths,F,V3,10,2015-01-17,135.0, Kelly Nichols
77454522600,Maths,F,V1,10,2015-01-17,133.0,  Alexis Johnson
14831736847,Maths,M,V1,10,2015-01-17,138.0,  Brian Carter
66330341834,Maths,F,V2,10,2015-01-17,133.0,Heather George
52787629600,Maths,F,V3,10,2015-01-17,138.0,Melanie Ali
40222337126,Maths,F,V2,10,2015-01-17,124.0,  Mario Collier
66793520609,Maths,M,V3,10,2015-01-17,85.0,Melissa Wood
16509753851,Maths,X,V3,10,2015-01-17,143.0, Robert Pierce
33954447689,Maths,F,V1,10,2015-01-17,92.0, Daniel Curtis
61902663712,Maths,M,V1,10,2015-01-17,128.0, Caroline Boyd
21875621287,Maths,F,V1,10,2015-01-17,134.0,Katherine Nguyen
36088028438,Maths,F,V2,10,2015-01-17,137.0, Cynthia Knight
27042054503,Maths,M,V2,10,2015-01-17,114.0,Shannon Bell
37565190241,Maths,F,V1,10,2015-01-17,129.0,  Randy Bullock
17574017598,Maths,M,V1,10,2015-01-17,89.0,  Michele Freeman
77293788082,Maths,F,V3,10,2015-01-17,93.0,Sara Gates
33470599755,Maths,M,V1,10,2015-01-17,95.0,  Kelly Phillips
50122061715,Maths,M,V1,10,2015-01-17,124.0, Logan Brown
89214533746,Maths,F,V3,10,2015-01-17,138.0,Blake Lopez
66303125603,Maths,M,V3,10,2015-01-17,129.0,  Dylan Martin
54121208546,Maths,M,V1,10,2015-01-17,124.0,  Mary Willis
67831272083,Maths,M,V3,10,2015-01-17,142.0,  Joanna Bell
34543827425,Maths,F,V1,10,2015-01-17,140.0, Lisa Reynolds
98140521129,Maths,M,V2,10,2015-01-17,133.0,  Travis Robinson
65767307629,Maths,M,V3,10,2015-01-17,91.0, Daniel Romero
49543401055,Maths,F,V3,10,2015-01-17,130.0, Robert Wade
89397782240,Maths,F,V3,10,2015-01-17,90.0, Robert Martin
80475604705,Maths,F,V1,10,2015-01-17,130.0,  Keith Price
88792037004,Maths,M,V3,10,2015-01-17,140.0, John Sullivan
71646573260,Maths,F,V3,10,2015-01-17,137.0, Veronica Moreno
85623914375,Maths,F,V3,10,2015-01-17,138.0, Jamie Wells
94107973916,Maths,M,V1,10,2015-01-17,86.0, Margaret Adams
25496941345,Maths,M,V2,10,2015-01-17,143.0,  Erin Simpson
47521934112,Maths,M,V2,10,2015-01-17,128.0,  Jonathan Murray
48396427888,Maths,M,V3,10,2015-01-17,103.0,  Robert Fleming
80795180793,Maths,M,V2,10,2015-01-17,85.0,Samantha Villegas
62281038762,Maths,F,V3,10,2015-01-17,131.0,  Michael Mccarthy
77454522600,Maths,F,V3,10,2015-01-17,138.0,  Jessica Henson
53649555469,Maths,F,V1,10,2015-01-17,89.0,Lawrence Hill
70514787640,Maths,F,V3,10,2015-01-17,143.0,  Tracy Williams
87415215401,Maths,F,V3,10,2015-01-17,133.0,  Glenn Anderson
50476385278,Maths,M,V1,10,2015-01-17,143.0, Kelly Villanueva
31457335575,Maths,M,V3,10,2015-01-17,137.0,Kyle Lawrence
86335970315,Maths,F,V2,10,2015-01-17,138.0,Steven Fowler
53304189929,Maths,F,V2,10,2015-01-17,88.0,Jacob Randall
25647546087,Maths,M,V1,10,2015-01-17,87.0,Loretta Reynolds
69967151926,Maths,F,V1,10,2015-01-17,86.0,  Lucas Quinn
42534798112,Maths,F,V3,10,2015-01-17,139.0, Danielle Bass
77935306237,Maths,F,V1,10,2015-01-17,, Todd Woodard
89258728151,Maths,M,V3,10,2015-01-17,142.0, William Brewer
86457416911,Maths,M,V3,10,2015-01-17,138.0,Kristin Steele
74551192832,Maths,F,V1,10,2015-01-17,143.0,Sheri Wright
93593733074,Maths,F,V3,10,2015-01-17,141.0,Beth Brown
18150732156,Maths,F,V3,10,2015-01-17,131.0,  Rodney Robinson
79948760075,Maths,F,V2,10,2015-01-17,90.0,Ashley Beck
56385152963,Maths,M,V2,10,2015-01-17,86.0, Latoya Hart
51444756558,Maths,F,V2,10,2015-01-17,148.0, Brian Rivera
13016896200,Maths,F,V1,10,2015-01-17,125.0,Melissa White
63350515338,Maths,F,V3,10,2015-01-17,127.0,  James Patton
54010845924,Maths,M,V1,10,2015-01-17,136.0,  Nicholas Nichols
99412219314,Maths,M,V3,10,2015-01-17,128.0, Stephanie Manning
39342584620,Maths,F,V1,10,2015-01-17,138.0, James Garcia
12630073609,Maths,F,V3,10,2015-01-17,126.0,Garrett Gregory
70332422359,Maths,M,V2,10,2015-01-17,130.0,  Rodney Smith
76533798550,Maths,M,V1,10,2015-01-17,92.0, Brianna Bullock
20714858433,Maths,F,V3,10,2015-01-17,133.0,  Sonia Perez
36449855509,Maths,M,V3,10,2015-01-17,,Riley Jackson
14552879344,Maths,F,V1,10,2015-01-17,146.0,Kelly George
98199253241,Maths,M,V3,10,2015-01-17,,Bradley House
74264049659,Maths,M,V1,10,2015-01-17,146.0, Cindy Suarez
52495209391,Maths,F,V3,10,2015-01-17,138.0,  Jacob Bell
15185148980,Maths,M,V2,10,2015-01-17,139.0,Teresa Welch
73789795693,Maths,F,V1,10,2015-01-17,105.0,Catherine Perry
46281038264,Maths,F,V2,10,2015-01-17,130.0, Donald Wagner
53365683189,Maths,M,V2,10,2015-01-17,87.0,  Sarah Little
87557320071,Maths,F,V3,10,2015-01-17,131.0,Tina James
36105840646,Maths,F,V2,10,2015-01-17,131.0,Amanda Glass
80989191278,Maths,F,V2,10,2015-01-17,94.0,  Timothy Curtis
90937634438,Maths,F,V1,10,2015-01-17,87.0,David Rhodes
30970122215,Maths,M,V3,10,2015-01-17,122.0,  Rachel Beard
84907663485,Maths,M,V2,10,2015-01-17,87.0,Gwendolyn Rios
23067867021,Maths,F,V2,10,2015-01-17,129.0,Lisa Velez
64225858788,Maths,M,V2,10,2015-01-17,100.0, Michael Long
77213664513,Maths,F,V2,10,2015-01-17,131.0,Samantha Cummings
58205066957,Maths,M,V1,10,2015-01-17,140.0,Cody Turner
54121208546,Maths,F,V2,10,2015-01-17,125.0,Bobby Patel
37367623368,Maths,F,V3,10,2015-01-17,139.0,  Oscar Reyes
77846897169,Maths,M,V2,10,2015-01-17,102.0, Angel Mcguire
93347319062,Maths,M,V1,10,2015-01-17,139.0,Teresa Lucas
26579478160,Maths,F,V1,10,2015-01-17,85.0,Shannon Olsen
28764628474,Maths,F,V2,10,2015-01-17,85.0, Randall Fitzpatrick
29258093021,Maths,F,V2,10,2015-01-17,131.0, Anthony Pearson
72416683358,Maths,M,V3,10,2015-01-17,142.0, Dustin Fields
21320351110,Maths,F,V1,10,2015-01-17,106.0,  Jody Campbell
63595175022,Maths,F,V3,10,2015-01-17,135.0, Eugene Carlson
96277079540,Maths,M,V1,10,2015-01-17,93.0,Gerald Hoffman
37859011697,Maths,M,V2,10,2015-01-17,143.0,Damon Williams
95687929981,Maths,M,V3,10,2015-01-17,106.0,John Hill
49790222304,Maths,F,V2,10,2015-01-17,128.0, Victor Moreno
56732888638,Maths,F,V2,10,2015-01-17,95.0, Dana Campbell
18389038652,Maths,F,V3,10,2015-01-17,136.0,Jacqueline Hess
61801105275,Maths,F,V2,10,2015-01-17,123.0,  Adam Swanson
78945003388,Maths,M,V1,10,2015-01-17,84.0,Mark Mccoy
89258728151,Maths,M,V2,10,2015-01-17,143.0,  Marie Gonzalez
53436418888,Maths,M,V1,10,2015-01-17,92.0,Maria Pierce
87947334685,Maths,F,V1,10,2015-01-17,92.0, Lori Mccarthy
24911925926,Maths,F,V1,10,2015-01-17,141.0,  Mr. Stephen Cooley Jr.
69967151926,Maths,M,V1,10,2015-01-17,90.0,Anthony Harrison
20316767603,Maths,F,V3,10,2015-01-17,125.0,Leslie Boone
45834352775,Maths,F,V2,10,2015-01-17,144.0, Patricia Sparks
70964813341,Maths,F,V2,10,2015-01-17,142.0, Bryan Tucker
94271769806,Maths,F,V3,10,2015-01-17,83.0,  Stephanie Stone
40943599191,Maths,M,V3,10,2015-01-17,88.0,Richard Fritz
90010127056,Maths,F,V1,10,2015-01-17,122.0, Vanessa Young
49976948938,Maths,F,V2,10,2015-01-17,107.0,Mr. Jonathan White MD
20827949690,Maths,M,V2,10,2015-01-17,146.0,  Samantha Harrison
42580145845,Maths,M,V1,10,2015-01-17,138.0, Christine Clark
68766073934,Maths,M,V3,10,2015-01-17,84.0,  Andrew Pham
35663218245,Maths,F,V2,10,2015-01-17,134.0,Ashley Good
29287843651,Maths,F,V3,10,2015-01-17,146.0,Ian Clark
33150629611,Maths,F,V3,10,2015-01-17,127.0, Cheryl Miller
16912233192,Maths,M,V3,10,2015-01-17,131.0,  Curtis Silva
73733382923,Maths,M,V3,10,2015-01-17,136.0,  Kendra Huber
43651579452,Maths,M,V1,10,2015-01-17,136.0,  Becky Marquez
84244162037,Maths,M,V3,10,2015-01-17,130.0,Nancy Gross
63005822339,Maths,M,V3,10,2015-01-17,126.0,Paul George
47155501951,Maths,F,V2,10,2015-01-17,129.0, William Wang
69881405848,Maths,F,V2,10,2015-01-17,86.0,  Robert Potter
92683468706,Maths,F,V3,10,2015-01-17,146.0,  Heather Garcia
34511255934,Maths,M,V3,10,2015-01-17,129.0, Lisa Rose
63359029630,Maths,M,V2,10,2015-01-17,130.0, Stacey Warren
43729112581,Maths,M,V3,10,2015-01-17,130.0,Margaret Alvarez
57166731712,Maths,M,V3,10,2015-01-17,134.0, Bradley Long
91102661138,Maths,M,V1,10,2015-01-17,131.0,  Ashley Barron
38953847891,Maths,F,V3,10,2015-01-17,94.0, Lori Collins
75682526625,Maths,M,V1,10,2015-01-17,137.0,Andrea Maynard
93627022414,Maths,M,V3,10,2015-01-17,128.0,  Tiffany Chandler
92936971199,Maths,M,V3,10,2015-01-17,96.0,Michael Gonzales
63016827833,Maths,F,V2,10,2015-01-17,132.0,  Luis Walker
58562715538,Maths,M,V2,10,2015-01-17,83.0,Alexis Torres
31473124332,Maths,F,V1,10,2015-01-17,125.0,Diana Rodriguez
51053360231,Maths,M,V2,10,2015-01-17,120.0, Samuel Hancock
72479793204,Maths,F,V2,10,2015-01-17,148.0,Michael Mccall
60804846738,Maths,F,V2,10,2015-01-17,144.0,Ruben Roberts
95796231948,Maths,F,V2,10,2015-01-17,96.0,  Kathleen Rivas
71051054582,Maths,F,V2,10,2015-01-17,129.0,  Debra Black
98366071029,Maths,F,V3,10,2015-01-17,135.0, Lisa Barrett
33177816468,Maths,F,V3,10,2015-01-17,88.0, Mckenzie Archer
94189107229,Maths,F,V1,10,2015-01-17,146.0,Stephanie Gray
42962024665,Maths,F,V1,10,2015-01-17,135.0,Ana Ewing
64523930719,Maths,M,V3,10,2015-01-17,141.0,Stacy Cook
41882021078,Maths,M,V1,10,2015-01-17,125.0, Tina Bass
30739555984,Maths,F,V2,10,2015-01-17,145.0,  Mrs. Dana Hughes
59045514486,Maths,F,V1,10,2015-01-17,141.0,  William Dodson
74386992989,Maths,M,V3,10,2015-01-17,103.0, Cheryl Young
35658274379,Maths,M,V2,10,2015-01-17,146.0,Teresa Lawrence
86347838174,Maths,F,V1,10,2015-01-17,87.0,Andrew Simpson
75682526625,Maths,M,V1,10,2015-01-17,139.0,  Mary King
95129229302,Maths,M,V3,10,2015-01-17,128.0, Victor Ellis
68852356829,Maths,M,V2,10,2015-01-17,87.0,  Luis Donovan
46735785217,Maths,F,V1,10,2015-01-17,144.0, Zachary Jordan
22433141017,Maths,M,V1,10,2015-01-17,125.0, Tony Spencer
96298046481,Maths,F,V2,10,2015-01-17,144.0,Kimberly Mcpherson
41882021078,Maths,F,V2,10,2015-01-17,128.0,Kevin Fletcher
89157615043,Maths,M,V2,10,2015-01-17,133.0,Erika Fowler
81884121294,Maths,F,V3,10,2015-01-17,142.0,Wesley Chambers
72794324944,Maths,M,V3,10,2015-01-17,90.0, Gregory Wilcox
45893241382,Maths,F,V3,10,2015-01-17,137.0,Samantha Lane
81869252521,Maths,F,V1,10,2015-01-17,136.0,  Jennifer Carson
26847564938,Maths,M,V1,10,2015-01-17,86.0, Christopher Carlson
45893241382,Maths,M,V2,10,2015-01-17,138.0, Laura Phillips
55282474375,Maths,F,V3,10,2015-01-17,140.0,Mr. Justin Brown Jr.
37337442988,Maths,F,V1,10,2015-01-17,83.0,Lauren Rogers
60284449939,Maths,F,V2,10,2015-01-17,143.0, Susan Armstrong
99182274226,Maths,F,V2,10,2015-01-17,145.0,Karen Cruz
58380172088,Maths,M,V2,10,2015-01-17,139.0, Jasmine Moreno
67967843323,Maths,F,V3,10,2015-01-17,94.0, Michael Jensen
95010591218,Maths,F,V2,10,2015-01-17,136.0,  Craig Banks
20064131986,Maths,M,V2,10,2015-01-17,130.0, Stacey Webb
53108248734,Maths,M,V3,10,2015-01-17,140.0,  Diane Hughes
28493187182,Maths,F,V3,10,2015-01-17,138.0, Holly Tran
84685743608,Maths,F,V2,10,2015-01-17,94.0, Zachary Webb
67521456748,Maths,M,V1,10,2015-01-17,145.0, Janice Martin
17308565506,Maths,M,V1,10,2015-01-17,131.0, Rachel Collins
63961931603,Maths,F,V1,10,2015-01-17,134.0,  Diane Perez
23878996683,Maths,F,V2,10,2015-01-17,99.0,Wendy King
14141240207,Maths,F,V3,10,2015-01-17,116.0, Kristen Snyder
20741767415,Maths,M,V1,10,2015-01-17,127.0, Steven Jackson
85190563622,Maths,M,V1,10,2015-01-17,142.0,Carrie Evans
59164784040,Maths,F,V2,10,2015-01-17,145.0,Robin Clark
60346090784,Maths,F,V2,10,2015-01-17,140.0,  John Flores
12198262847,Maths,M,V2,10,2015-01-17,142.0, Alisha Hunter
21320351110,Maths,M,V1,10,2015-01-17,103.0,  Samuel Campbell
98439678636,Maths,M,V1,10,2015-01-17,98.0, Kristine Allen DDS
63290318517,Maths,F,V3,10,2015-01-17,131.0,Jonathan Drake
70050465672,Maths,F,V1,10,2015-01-17,135.0, Robert Nguyen
94597560980,Maths,M,V3,10,2015-01-17,91.0, Jacob Rogers
21532485140,Maths,F,V3,10,2015-01-17,132.0, Larry Morris
32195836132,Maths,M,V1,10,2015-01-17,136.0, Ricardo Jones
64125024207,Maths,M,V1,10,2015-01-17,116.0,  David Kelley
77438920689,Maths,M,V1,10,2015-01-17,91.0,  Evan Wilson
40896976598,Maths,M,V2,10,2015-01-17,105.0,Christopher Kidd
38324216086,Maths,F,V2,10,2015-01-17,136.0,  Edward Young
18421544331,Maths,F,V3,10,2015-01-17,125.0,  Jacqueline Thomas
19120278527,Maths,M,V3,10,2015-01-17,135.0,Sally Kerr
32195836132,Maths,M,V2,10,2015-01-17,140.0,  Terri Shaw
58205066957,Maths,M,V3,10,2015-01-17,146.0,Douglas Stevens
82611878936,Maths,F,V1,10,2015-01-17,146.0,Sandra Robertson
75827665788,Maths,M,V1,10,2015-01-17,95.0,  Joseph Hill
99938701825,Maths,F,V1,10,2015-01-17,92.0,  Catherine Medina
26567469594,Maths,F,V2,10,2015-01-17,92.0,Jasmin Jones
13532381152,Maths,F,V1,10,2015-01-17,125.0,  Mark Morris
91591063537,Maths,M,V2,10,2015-01-17,139.0,  Ernest West
46300443511,Maths,M,V2,10,2015-01-17,122.0,  Kyle Harris
59147060816,Maths,M,V3,10,2015-01-17,132.0, Jeremy Howard
12245806663,Maths,F,V1,10,2015-01-17,136.0,Mary Burns
39342584620,Maths,M,V3,10,2015-01-17,138.0,  Peter Bradshaw
72078166486,Maths,M,V2,10,2015-01-17,88.0,Xavier Garcia
70558019416,Maths,M,V2,10,2015-01-17,137.0, Casey Gutierrez
69139525307,Maths,F,V1,10,2015-01-17,138.0, Stuart Buchanan
47069663558,Maths,X,V1,10,2015-01-17,93.0,  Eric Taylor
29753837890,Maths,F,V2,10,2015-01-17,93.0,  Douglas Garcia
91578342719,Maths,F,V2,10,2015-01-17,143.0,Stephen Edwards
79894731130,Maths,M,V1,10,2015-01-17,138.0,  Sonia Wright
81994035095,Maths,F,V2,10,2015-01-17,87.0, Beth Kelly
47032655150,Maths,M,V3,10,2015-01-17,132.0,  Brian Anderson
73319163097,Maths,M,V1,10,2015-01-17,139.0,Kyle Holland
18313327026,Maths,F,V1,10,2015-01-17,121.0,Megan Osborn
88412429507,Maths,F,V2,10,2015-01-17,144.0,  Tammy Banks
23814058391,Maths,M,V1,10,2015-01-17,129.0, Amy Riley
79420468170,Maths,X,V2,10,2015-01-17,135.0,  Stephanie Austin
46194080845,Maths,F,V3,10,2015-01-17,146.0,Lauren Daniels
78935011141,Maths,M,V3,10,2015-01-17,126.0, Jonathan Stewart
49052948143,Maths,F,V2,10,2015-01-17,132.0,  Dr. Michael Castaneda
91704257445,Maths,M,V1,10,2015-01-17,140.0, Chris Gibson
93033355481,Maths,F,V3,10,2015-01-17,139.0, Tonya Alexander
61906601612,Maths,F,V2,10,2015-01-17,130.0, Elizabeth Carey
63042200797,Maths,M,V1,10,2015-01-17,127.0, Melinda Mcclure
30385325756,Maths,M,V1,10,2015-01-17,142.0, Luke Brown
70947553960,Maths,F,V3,10,2015-01-17,145.0,Christopher Austin
69964736975,Maths,F,V2,10,2015-01-17,98.0,  Victor Hanson
54290998384,Maths,M,V2,10,2015-01-17,97.0,Kelly Campos
96886729799,Maths,F,V1,10,2015-01-17,112.0, Tyler Anderson
96056411188,Maths,M,V2,10,2015-01-17,143.0,Marcus Smith
14702567906,Maths,M,V1,10,2015-01-17,137.0,Edward Mack
32870509356,Maths,F,V2,10,2015-01-17,137.0, Jason Harrison
83929465288,Maths,F,V1,10,2015-01-17,90.0, Sierra Wilson
85999013877,Maths,F,V3,10,2015-01-17,92.0,  Russell Bradley
62888099614,Maths,M,V1,10,2015-01-17,91.0,Dylan Baker
89092516637,Maths,F,V1,10,2015-01-17,90.0,  Erika Hunter
26392892614,Maths,M,V3,10,2015-01-17,146.0, Brian Rhodes
26888494703,Maths,M,V1,10,2015-01-17,89.0,Stephen Yates
67260313080,Maths,F,V2,10,2015-01-17,131.0,Austin Garrett
63962673851,Maths,M,V2,10,2015-01-17,140.0,Robert Gilbert
64922252675,Maths,M,V2,10,2015-01-17,141.0, Jermaine Waters
63536978606,Maths,F,V1,10,2015-01-17,87.0,Kyle Welch
96978398091,Maths,M,V2,10,2015-01-17,102.0,Jonathan Owens
38936371576,Maths,M,V3,10,2015-01-17,88.0, Anthony Hamilton
25949400133,Maths,M,V3,10,2015-01-17,123.0,Jay Harrison
70806766494,Maths,F,V1,10,2015-01-17,90.0,  Dale Ball
19021064900,Maths,M,V3,10,2015-01-17,114.0,Douglas Adams
68852356829,Maths,M,V1,10,2015-01-17,85.0,  Cameron Morrow
85556788120,Maths,F,V3,10,2015-01-17,140.0,Ms. Ashley Holmes
61964369916,Maths,M,V1,10,2015-01-17,89.0,  Cathy Morris
41717296700,Maths,F,V1,10,2015-01-17,136.0,Ashley Bryant
94520403063,Maths,M,V2,10,2015-01-17,130.0,Kara Diaz
59451200822,Maths,F,V1,10,2015-01-17,126.0,  Katherine Wolf
92334180165,Maths,F,V3,10,2015-01-17,138.0,Joshua Kline
37047461191,Maths,F,V2,10,2015-01-17,135.0, Crystal Ortiz
83728151206,Maths,M,V3,10,2015-01-17,133.0, Julie Sandoval
46845660895,Maths,M,V2,10,2015-01-17,94.0, Lisa Clark
84366450968,Maths,F,V3,10,2015-01-17,84.0, Rachel Reed
42616916284,Maths,F,V3,10,2015-01-17,132.0,  Charles Cunningham
51121405468,Maths,F,V1,10,2015-01-17,132.0,Shannon Warren
77057705274,Maths,M,V2,10,2015-01-17,140.0,Darin Deleon
55070330247,Maths,M,V1,10,2015-01-17,127.0,  Jennifer Garner
81444319253,Maths,F,V2,10,2015-01-17,137.0,  Miranda Brown
45905527776,Maths,M,V1,10,2015-01-17,143.0, Dr. Kevin Mckee
82529837761,Maths,M,V1,10,2015-01-17,,Carol Beard
54907014612,Maths,M,V3,10,2015-01-17,136.0,  Melissa Patel
84398011107,Maths,F,V1,10,2015-01-17,132.0,  Diana Gonzales
38936371576,Maths,F,V2,10,2015-01-17,87.0,Jason Freeman
18450377450,Maths,F,V1,10,2015-01-17,139.0, Nicole Hicks
47483074959,Maths,M,V3,10,2015-01-17,86.0,  Maria Everett
30956053254,Maths,F,V2,10,2015-01-17,136.0, Tamara Johnson
55121976155,Maths,M,V3,10,2015-01-17,135.0,  Lisa Richards
35868898505,Maths,F,V2,10,2015-01-17,88.0,Felicia Frederick
60184577782,Maths,F,V3,10,2015-01-17,142.0,Albert Perez
40780081869,Maths,F,V2,10,2015-01-17,145.0,Douglas Zimmerman
16080910174,Maths,M,V1,10,2015-01-17,123.0,  Philip Lee
86978488322,Maths,F,V2,10,2015-01-17,91.0,Jason Mcdonald
88992339712,Maths,F,V1,10,2015-01-17,93.0,Daniel Campbell
16002128225,Maths,F,V1,10,2015-01-17,126.0,  Samantha Campbell
47909057047,Maths,F,V3,10,2015-01-17,138.0,  Tracy Cannon
42907096950,Maths,F,V3,10,2015-01-17,145.0,  Alyssa Adams
54846395566,Maths,M,V1,10,2015-01-17,95.0,Samantha Trevino
50223826047,Maths,F,V3,10,2015-01-17,134.0,  Elizabeth Stevenson
37418076622,Maths,F,V3,10,2015-01-17,136.0,Robert Howell
60206354592,Maths,F,V3,10,2015-01-17,138.0,Michelle Gamble
45958973477,Maths,M,V2,10,2015-01-17,97.0, Manuel Molina
76668089361,Maths,F,V1,10,2015-01-17,94.0,Sean Dudley
10062407788,Maths,F,V1,10,2015-01-17,129.0, Melinda Lopez
75224216622,Maths,F,V1,10,2015-01-17,130.0,Kristen Jenkins
84082706677,Maths,F,V2,10,2015-01-17,84.0,  Amy Baker
51509111482,Maths,F,V3,10,2015-01-17,128.0,  Ashley Lynn
51466932103,Maths,F,V3,10,2015-01-17,129.0, Denise Welch
49552473826,Maths,F,V3,10,2015-01-17,145.0,Abigail Powell
13293153334,Maths,M,V2,10,2015-01-17,130.0,Courtney Cain
93627022414,Maths,F,V3,10,2015-01-17,127.0,  Brett Cohen
86930864835,Maths,M,V2,10,2015-01-17,85.0,  Mrs. Beverly Gates MD
15660655037,Maths,M,V1,10,2015-01-17,135.0,  Cheyenne Mueller
85797811394,Maths,M,V3,10,2015-01-17,91.0,Jeffrey Vargas
33562493499,Maths,M,V3,10,2015-01-17,90.0,  Jodi Morris
73789795693,Maths,F,V2,10,2015-01-17,103.0, Lori Salazar
89396899395,Maths,F,V3,10,2015-01-17,112.0,Tyler Henry
34418958476,Maths,M,V1,10,2015-01-17,95.0,  Valerie Ruiz
45246101345,Maths,F,V3,10,2015-01-17,128.0,  Troy Gill
54406195332,Maths,F,V3,10,2015-01-17,132.0, Joseph Davidson
45924618005,Maths,M,V2,10,2015-01-17,130.0,  Joshua Rios
54080421635,Maths,F,V1,10,2015-01-17,125.0,  Shawn Edwards
75970738496,Maths,F,V2,10,2015-01-17,96.0, Anita Hernandez
79541460151,Maths,F,V3,10,2015-01-17,133.0,Theresa Gross
44471417632,Maths,M,V3,10,2015-01-17,131.0,Thomas Watkins
56469271188,Maths,M,V3,10,2015-01-17,,Rachel Nichols
10183130892,Maths,M,V2,10,2015-01-17,125.0,Jeremy Butler
83497957791,Maths,F,V2,10,2015-01-17,101.0,  Janet White
56346697615,Maths,M,V1,10,2015-01-17,88.0,  Mackenzie Carter
35452934526,Maths,F,V2,10,2015-01-17,130.0,John Hawkins
72078166486,Maths,M,V1,10,2015-01-17,87.0,Tanya Hodges
65508571601,Maths,M,V1,10,2015-01-17,130.0,Richard Green
97908347209,Maths,M,V2,10,2015-01-17,146.0,  Paul Hurst
32411953811,Maths,M,V2,10,2015-01-17,124.0,Sean Hines
70314228940,Maths,F,V1,10,2015-01-17,133.0, Rebecca Hooper
84685743608,Maths,M,V2,10,2015-01-17,95.0, Mark Schmidt
85912445285,Maths,M,V1,10,2015-01-17,87.0,  Summer Cohen
11624244571,Maths,F,V1,10,2015-01-17,129.0, Nicole Peterson
38100524352,Maths,F,V1,10,2015-01-17,116.0,Michael Johnston
46942208520,Maths,M,V1,10,2015-01-17,131.0, Vanessa Moore
81059268801,Maths,F,V1,10,2015-01-17,142.0,Michael Lloyd
45258824145,Maths,F,V2,10,2015-01-17,141.0,  Steve Johnson
30284907605,Maths,F,V2,10,2015-01-17,132.0,  Bernard Taylor
96295342000,Maths,F,V2,10,2015-01-17,122.0, Aaron Sullivan MD
43686637214,Maths,F,V1,10,2015-01-17,140.0,  Brittney Castro
82155746929,Maths,F,V1,10,2015-01-17,95.0,Angel Gallagher
96926067765,Maths,F,V3,10,2015-01-17,92.0, Joshua Turner
58886790486,Maths,M,V2,10,2015-01-17,101.0, Kristen Johnson
83435812544,Maths,M,V2,10,2015-01-17,140.0,Jodi Krause
24734829369,Maths,F,V1,10,2015-01-17,144.0, Patricia Hall
84022532413,Maths,M,V2,10,2015-01-17,, Sarah Lin
31998869261,Maths,M,V1,10,2015-01-17,91.0, Crystal Higgins
47069663558,Maths,F,V2,10,2015-01-17,96.0,Keith Harrell
84983573843,Maths,M,V2,10,2015-01-17,86.0,Jessica Andrews
83976096547,Maths,F,V2,10,2015-01-17,92.0,  John Torres
81017100703,Maths,M,V1,10,2015-01-17,116.0, Diana Johnson
13820160638,Maths,M,V2,10,2015-01-17,129.0,Jerry Green
42566823603,Maths,M,V2,10,2015-01-17,132.0, Samuel Hendrix
50811638678,Maths,F,V2,10,2015-01-17,139.0, Shawn Brady
42757199130,Maths,F,V2,10,2015-01-17,133.0,  Cathy Stafford
43651579452,Maths,F,V1,10,2015-01-17,136.0, Omar Robinson Jr.
82802674155,Maths,F,V3,10,2015-01-17,132.0,Leah Allen
24320781431,Maths,F,V2,10,2015-01-17,124.0,Kyle Brown
24615390518,Maths,F,V1,10,2015-01-17,134.0,Tina Hampton
47731133328,Maths,F,V1,10,2015-01-17,132.0,Rodney Ayers
48122066423,Maths,F,V2,10,2015-01-17,127.0,  Jose Pearson
46089061183,Maths,F,V3,10,2015-01-17,132.0,Gary Jennings
58593997999,Maths,M,V3,10,2015-01-17,112.0,  Justin Gonzalez
35868898505,Maths,F,V1,10,2015-01-17,94.0,  Jillian Roberts
66847960894,Maths,F,V3,10,2015-01-17,96.0,Sara Fields
75884648495,Maths,F,V2,10,2015-01-17,97.0,  Mary Harvey
62912139507,Maths,F,V1,10,2015-01-17,137.0, Cory York
63290318517,Maths,F,V1,10,2015-01-17,133.0, Stacey Perez
64199952270,Maths,M,V2,10,2015-01-17,86.0,  Laura Salazar
63147477312,Maths,M,V2,10,2015-01-17,136.0,  Larry Hill
33687202461,Maths,M,V2,10,2015-01-17,131.0, Jessica Marquez
37371574717,Maths,F,V3,10,2015-01-17,139.0,  Christopher Moss
15748383151,Maths,M,V2,10,2015-01-17,137.0,  Kimberly Cooley
73988985503,Maths,M,V3,10,2015-01-17,96.0, Kristen Brooks
85022660982,Maths,M,V1,10,2015-01-17,140.0,  Larry Reynolds
23168927908,Maths,F,V2,10,2015-01-17,141.0,  Joshua Black
29721238988,Maths,F,V3,10,2015-01-17,94.0, Robert Thompson
94577299513,Maths,F,V3,10,2015-01-17,95.0, Tracy Bryan
67105783185,Maths,F,V1,10,2015-01-17,140.0,  Ryan Hess
68486698498,Maths,F,V2,10,2015-01-17,103.0,  Jessica Graham
36013364805,Maths,F,V1,10,2015-01-17,133.0, Lori Odom
74923108938,Maths,M,V2,10,2015-01-17,144.0,  Brian Sanders
21639612416,Maths,M,V2,10,2015-01-17,137.0, Roger Vega
27735309934,Maths,F,V2,10,2015-01-17,147.0,Deborah Foster
41306224849,Maths,F,V1,10,2015-01-17,128.0, Lori Mckee
11595423704,Maths,F,V2,10,2015-01-17,131.0,  Heather Cameron
76240970563,Maths,F,V3,10,2015-01-17,141.0, James Norris
35327097946,Maths,F,V1,10,2015-01-17,144.0, Antonio Johnson
37540617623,Maths,M,V1,10,2015-01-17,133.0, Travis Moreno
30188556563,Maths,M,V3,10,2015-01-17,132.0,  Laura Bradley
46183707276,Maths,F,V3,10,2015-01-17,140.0,  Robert Nelson DDS
54044235396,Maths,F,V1,10,2015-01-17,135.0, Jordan Wilson MD
53304189929,Maths,M,V3,10,2015-01-17,84.0,Melissa Aguirre
79674986179,Maths,M,V2,10,2015-01-17,102.0, Christopher Freeman
56734382211,Maths,M,V3,10,2015-01-17,135.0, Jared Dean
39461606411,Maths,M,V2,10,2015-01-17,124.0, Gloria Olson
54563931614,Maths,M,V2,10,2015-01-17,141.0,Morgan Lee
67212638272,Maths,M,V3,10,2015-01-17,131.0,  Gerald Hines
51001468457,Maths,M,V1,10,2015-01-17,, Linda Paul
36578463893,Maths,M,V1,10,2015-01-17,94.0,Melissa Middleton
47413723941,Maths,M,V3,10,2015-01-17,131.0,  Mark Reid
26392892614,Maths,F,V3,10,2015-01-17,146.0,Heather Zamora
32157292809,Maths,F,V2,10,2015-01-17,133.0,Sara Silva
56192666330,Maths,M,V1,10,2015-01-17,139.0,  Thomas Ferguson
80477070964,Maths,M,V1,10,2015-01-17,88.0,Chad Gonzalez
33841884559,Maths,M,V3,10,2015-01-17,94.0,  William Riley
14299303400,Maths,F,V2,10,2015-01-17,122.0, Daniel Thompson
99513302553,Maths,F,V2,10,2015-01-17,141.0,John Aguirre
15417441273,Maths,F,V2,10,2015-01-17,126.0,Martin Erickson
74732646057,Maths,M,V3,10,2015-01-17,143.0, Ronald Gibson
38739938666,Maths,F,V2,10,2015-01-17,99.0,Thomas Burgess
39919026281,Maths,F,V2,10,2015-01-17,141.0,  Robert Casey
58449468239,Maths,F,V2,10,2015-01-17,,  Holly Fisher
31030309953,Maths,M,V3,10,2015-01-17,121.0, Misty Nguyen
75530241346,Maths,F,V2,10,2015-01-17,133.0, Beverly Johnson
85838515027,Maths,F,V3,10,2015-01-17,,Ethan Boyle
94597560980,Maths,M,V3,10,2015-01-17,92.0, Gregory Baker
79792366612,Maths,M,V1,10,2015-01-17,84.0,Justin Farrell
41568031531,Maths,F,V3,10,2015-01-17,129.0,Alisha Meyers
99495421853,Maths,M,V1,10,2015-01-17,91.0,  Sarah Andrews
63886462472,Maths,F,V3,10,2015-01-17,85.0, Christopher Pierce
84407298082,Maths,M,V1,10,2015-01-17,138.0,  Carla Moore
67048438195,Maths,F,V2,10,2015-01-17,144.0,Stacy Taylor
55034942318,Maths,F,V2,10,2015-01-17,133.0, Ryan Alvarado
29365042912,Maths,F,V1,10,2015-01-17,133.0, Jeffrey Hayden
22942101114,Maths,M,V1,10,2015-01-17,115.0,Katherine Bolton
39309690940,Maths,F,V2,10,2015-01-17,146.0,  John Harrell
10147122127,Maths,F,V2,10,2015-01-17,119.0,Scott Goodwin
67570989928,Maths,F,V3,10,2015-01-17,106.0, Matthew Kim
31667893477,Maths,M,V1,10,2015-01-17,91.0,  Melissa Ali
83048510636,Maths,F,V1,10,2015-01-17,138.0, Dr. Shane Marshall DVM
32870509356,Maths,M,V2,10,2015-01-17,142.0,Derek Sanchez Jr.
26847564938,Maths,F,V3,10,2015-01-17,90.0,Walter Patterson
31174485917,Maths,F,V2,10,2015-01-17,138.0,  Ray Davis
89534009942,Maths,M,V1,10,2015-01-17,145.0,  Heather Williams
68457404282,Maths,F,V1,10,2015-01-17,138.0,  Timothy Long
44956601920,Maths,F,V1,10,2015-01-17,135.0, Bailey Mcmillan
57509567917,Maths,F,V3,10,2015-01-17,93.0,Jasmine Johnson
33084694039,Maths,F,V3,10,2015-01-17,137.0,  Lori Shaw
50168648816,Maths,M,V3,10,2015-01-17,147.0,Dana Torres
72284365960,Maths,F,V1,10,2015-01-17,139.0,  Amy Mcintyre
70086968519,Maths,M,V2,10,2015-01-17,89.0, Cynthia Clark
18278710644,Maths,F,V2,10,2015-01-17,136.0,Cory Hartman
84899466718,Maths,F,V3,10,2015-01-17,99.0,  Beth Stewart
32991345696,Maths,M,V1,10,2015-01-17,90.0,  James Walker
64955955966,Maths,F,V3,10,2015-01-17,93.0,Daisy Conner
33470599755,Maths,F,V1,10,2015-01-17,92.0,Kyle Herman
96069252368,Maths,M,V2,10,2015-01-17,84.0, Albert Crane
17919356707,Maths,M,V1,10,2015-01-17,83.0,Nicole Vega
18149257222,Maths,F,V3,10,2015-01-17,126.0,Angelica Brown
44252455755,Maths,F,V1,10,2015-01-17,134.0,  Toni Rodriguez
50931469295,Maths,F,V1,10,2015-01-17,86.0,Melissa Castro
43069145210,Maths,F,V3,10,2015-01-17,121.0,  Reginald Pope
94665867895,Maths,F,V3,10,2015-01-17,106.0,  Hunter Robinson
72162725635,Maths,F,V1,10,2015-01-17,135.0,Rebecca Lynch
87904314866,Maths,M,V2,10,2015-01-17,144.0,  Louis Morrison
10587527471,Maths,M,V2,10,2015-01-17,139.0,  Charlotte Rodriguez
62679479308,Maths,M,V1,10,2015-01-17,86.0,Elizabeth Watson
41393481933,Maths,M,V2,10,2015-01-17,140.0,Thomas Rojas
29241428435,Maths,F,V1,10,2015-01-17,135.0,  Amy Becker
56730200748,Maths,M,V1,10,2015-01-17,134.0,  Jason Nguyen
17070757888,Maths,F,V2,10,2015-01-17,91.0, Diane Davenport
58479403706,Maths,M,V1,10,2015-01-17,142.0,Patty Sheppard
49976948938,Maths,M,V1,10,2015-01-17,103.0, Stephanie Young
73565019233,Maths,F,V1,10,2015-01-17,129.0,Alexander Miller
65424703578,Maths,F,V1,10,2015-01-17,142.0,  Chelsea Brown
45466749283,Maths,M,V1,10,2015-01-17,88.0, John Schmitt
61630315186,Maths,M,V1,10,2015-01-17,128.0, Stacey Carrillo
32331897485,Maths,F,V1,10,2015-01-17,88.0,Eric Molina
80477070964,Maths,M,V3,10,2015-01-17,86.0,  Lauren Taylor
45626601587,Maths,F,V2,10,2015-01-17,143.0,Joseph Carlson
85913744737,Maths,F,V2,10,2015-01-17,85.0,  Colleen Blanchard
37135925123,Maths,F,V3,10,2015-01-17,129.0,Alicia Lewis
89092516637,Maths,M,V1,10,2015-01-17,84.0, Manuel Wells
20316767603,Maths,M,V2,10,2015-01-17,131.0,  Linda Ray
19196656401,Maths,F,V3,10,2015-01-17,133.0, Arthur Cox
17588192816,Maths,F,V2,10,2015-01-17,88.0, Jennifer Vasquez
88830781509,Maths,M,V2,10,2015-01-17,87.0,Samantha Rodgers
57843622331,Maths,F,V1,10,2015-01-17,136.0,  Patrick Chavez
10147122127,Maths,M,V2,10,2015-01-17,119.0, Thomas Lopez DDS
20500223477,Maths,F,V3,10,2015-01-17,120.0,  Matthew Hall
92450556310,Maths,F,V1,10,2015-01-17,130.0, Edward Parker
56954579539,Maths,F,V1,10,2015-01-17,95.0, Alexandra Cunningham
21961825443,Maths,F,V3,10,2015-01-17,133.0,Michael Adams
97700094392,Maths,F,V3,10,2015-01-17,138.0, Antonio West
24388330636,Maths,M,V2,10,2015-01-17,139.0, Julian Allen
98716499586,Maths,M,V1,10,2015-01-17,104.0,  Kathryn Dougherty
94520403063,Maths,F,V3,10,2015-01-17,127.0,  Matthew Hunter
13806652947,Maths,F,V2,10,2015-01-17,85.0, Shawn Murray
35848356160,Maths,F,V1,10,2015-01-17,140.0, Cynthia Davis
57166731712,Maths,M,V3,10,2015-01-17,134.0,  Reginald White MD
57262652413,Maths,F,V2,10,2015-01-17,138.0,  Michael Sweeney
76240970563,Maths,F,V1,10,2015-01-17,144.0,Jonathan Bailey
55662082241,Maths,M,V2,10,2015-01-17,130.0, Jessica Mcbride
96195127492,Maths,F,V2,10,2015-01-17,144.0,Edward Harrison
96295342000,Maths,F,V2,10,2015-01-17,124.0, Kenneth Cohen
54312698736,Maths,M,V3,10,2015-01-17,143.0,  Julia Reid
44482382038,Maths,M,V2,10,2015-01-17,135.0,Crystal Khan
56778454642,Maths,F,V2,10,2015-01-17,91.0,Christopher Dunn
54602343043,Maths,F,V3,10,2015-01-17,125.0,Jamie Meza
77454522600,Maths,M,V3,10,2015-01-17,136.0,  Benjamin Hernandez
74264049659,Maths,M,V1,10,2015-01-17,141.0,  James Farmer
76880200136,Maths,M,V1,10,2015-01-17,130.0,Lindsey Fisher
73215541146,Maths,F,V2,10,2015-01-17,130.0, William Gibson
89314791255,Maths,M,V1,10,2015-01-17,143.0,  Mr. James Smith
46300443511,Maths,F,V2,10,2015-01-17,125.0,  Monica Lee
90972714478,Maths,M,V3,10,2015-01-17,87.0,  Alejandra Gonzalez
46194080845,Maths,F,V1,10,2015-01-17,146.0,Jeffrey Estrada
17756824373,Maths,F,V1,10,2015-01-17,87.0, Hector Rose
51646741505,Maths,F,V1,10,2015-01-17,134.0, Ashlee Hansen
33263686162,Maths,F,V2,10,2015-01-17,131.0, Jeremiah Banks
93395156741,Maths,M,V2,10,2015-01-17,140.0, Kelli Ortega
26392892614,Maths,M,V2,10,2015-01-17,146.0,  Aaron Rowe
70660089129,Maths,F,V2,10,2015-01-17,137.0,  Henry Welch
81059268801,Maths,M,V2,10,2015-01-17,139.0,  Pamela Bernard
52457076317,Maths,F,V1,10,2015-01-17,139.0,  Omar Mitchell
47638576107,Maths,M,V2,10,2015-01-17,146.0,  Amy Olson
83179751746,Maths,F,V1,10,2015-01-17,89.0,  Jill Richmond
34543827425,Maths,M,V2,10,2015-01-17,139.0,Patrick Cline
27166898742,Maths,M,V3,10,2015-01-17,95.0, James Carr
27337647042,Maths,F,V2,10,2015-01-17,135.0,Kurt Jacobson
64427716338,Maths,F,V3,10,2015-01-17,137.0,  Patricia House
41978954286,Maths,F,V2,10,2015-01-17,97.0, Melissa Hoffman
33863619558,Maths,M,V2,10,2015-01-17,90.0, Jordan Rodriguez
75337490997,Maths,M,V1,10,2015-01-17,95.0, Samuel Ellis
31081494544,Maths,F,V1,10,2015-01-17,133.0, Kayla Adams
16111480090,Maths,M,V1,10,2015-01-17,118.0,  Gregory Lee
84407298082,Maths,M,V1,10,2015-01-17,142.0, Jeffrey Graham
54516046453,Maths,M,V2,10,2015-01-17,135.0,  Jack Wolfe
74551192832,Maths,M,V2,10,2015-01-17,139.0, Arthur Wright
36473323513,Maths,M,V3,10,2015-01-17,132.0,Cassandra White
36613252863,Maths,F,V2,10,2015-01-17,134.0, Michael Obrien
32750736873,Maths,F,V2,10,2015-01-17,142.0,  Misty Jackson
84685743608,Maths,M,V1,10,2015-01-17,95.0,  Amanda Anderson
19333593327,Maths,M,V1,10,2015-01-17,140.0,Erica Roberson
30686471926,Maths,F,V3,10,2015-01-17,142.0, Jessica Alvarez
17624353821,Maths,F,V1,10,2015-01-17,132.0, Laura Walker
99852524165,Maths,F,V1,10,2015-01-17,86.0,Monica Nichols
76126695219,Maths,F,V3,10,2015-01-17,89.0,  Angela Hudson
60017168581,Maths,F,V2,10,2015-01-17,141.0, Samantha Hardy
33330890835,Maths,M,V2,10,2015-01-17,135.0,  Emily Hunter
72225023100,Maths,F,V3,10,2015-01-17,111.0,  Jacqueline Ochoa
37418076622,Maths,M,V2,10,2015-01-17,134.0,Andre Garza DDS
84407298082,Maths,F,V3,10,2015-01-17,143.0, Kevin Harvey
52796342563,Maths,F,V2,10,2015-01-17,141.0, Matthew Patterson
79113272599,Maths,F,V2,10,2015-01-17,91.0, Brandon Brown
17588192816,Maths,M,V2,10,2015-01-17,85.0,Allison Fisher
15645471708,Maths,F,V2,10,2015-01-17,134.0,Wendy Williams
56469271188,Maths,F,V2,10,2015-01-17,88.0,Melody Hubbard
51180567470,Maths,F,V1,10,2015-01-17,131.0, Robert Robertson
28958628225,Maths,F,V1,10,2015-01-17,90.0,Darlene Fowler
94841289695,Maths,F,V2,10,2015-01-17,95.0, Jose Mercado
62847325709,Maths,M,V2,10,2015-01-17,142.0, Melissa King
64152182701,Maths,M,V2,10,2015-01-17,123.0,Arthur Vincent
36612816514,Maths,F,V2,10,2015-01-17,139.0,Ryan Key
87353658619,Maths,M,V1,10,2015-01-17,88.0,Jessica Patterson
53055622543,Maths,F,V3,10,2015-01-17,131.0,  Kristin Alvarez
53763804361,Maths,M,V1,10,2015-01-17,138.0, Charles English DVM
55772403908,Maths,M,V2,10,2015-01-17,145.0, Donald Garza
76668089361,Maths,F,V1,10,2015-01-17,95.0, Kent Love
79747408163,Maths,M,V1,10,2015-01-17,90.0, Kristen Payne
48855133134,Maths,F,V1,10,2015-01-17,141.0, Charles Ibarra
16381718141,Maths,M,V3,10,2015-01-17,132.0,  Norman Knapp
15669220138,Maths,F,V3,10,2015-01-17,135.0,  Sabrina Evans
99043548727,Maths,F,V2,10,2015-01-17,146.0, James Dalton
83435812544,Maths,M,V2,10,2015-01-17,143.0,  Megan Phillips
54820921410,Maths,M,V3,10,2015-01-17,130.0,Bradley Moore
64954050881,Maths,M,V2,10,2015-01-17,140.0,David Abbott
93593733074,Maths,M,V2,10,2015-01-17,146.0,  Allen Colon
94968642746,Maths,F,V2,10,2015-01-17,90.0,  Mark George
23522460932,Maths,M,V3,10,2015-01-17,131.0, Tracy Mills
58971833089,Maths,M,V1,10,2015-01-17,95.0, Kristy Duffy
94302747166,Maths,M,V1,10,2015-01-17,136.0,  Scott Watkins
95129229302,Maths,F,V3,10,2015-01-17,133.0,  Angel Ramirez
39253959591,Maths,M,V2,10,2015-01-17,87.0, Robert Robbins
60017168581,Maths,M,V3,10,2015-01-17,136.0, Alison Martinez
71980471816,Maths,M,V2,10,2015-01-17,84.0, Andrea Leonard
44662222123,Maths,M,V1,10,2015-01-17,127.0, Julia Peters
10088122738,Maths,M,V3,10,2015-01-17,136.0,  Derek Hill
34068776423,Maths,F,V2,10,2015-01-17,140.0,Shelley Hill
26742171139,Maths,M,V1,10,2015-01-17,136.0,  Matthew Ho
46356957465,Maths,F,V1,10,2015-01-17,88.0, Calvin Burns
10778627809,Maths,F,V2,10,2015-01-17,86.0,Paul Baker
33339818986,Maths,M,V1,10,2015-01-17,95.0,Jasmine Franco
59451200822,Maths,F,V1,10,2015-01-17,122.0,  Audrey Greene
68065437853,Maths,F,V3,10,2015-01-17,88.0, Kathleen Martinez
74119277891,Maths,F,V1,10,2015-01-17,90.0,  Robert Mercado
54312698736,Maths,M,V3,10,2015-01-17,143.0,  Jaime Blake
95796231948,Maths,F,V1,10,2015-01-17,98.0,  Matthew Lopez
61214246217,Maths,F,V1,10,2015-01-17,123.0, Steve Melendez
83847324991,Maths,F,V3,10,2015-01-17,85.0, Timothy Green
40677619301,Maths,M,V1,10,2015-01-17,135.0,  Connor Khan
55893445000,Maths,F,V1,10,2015-01-17,130.0, Manuel Mcgee
96455111020,Maths,M,V3,10,2015-01-17,121.0,Anthony Macias
54121057090,Maths,F,V3,10,2015-01-17,121.0,Brenda Meyer
67301093447,Maths,F,V2,10,2015-01-17,133.0,  Patricia Griffith
89793121533,Maths,M,V3,10,2015-01-17,147.0, Martha Cobb
13820160638,Maths,F,V2,10,2015-01-17,128.0,Allison Meyer
93399387259,Maths,M,V3,10,2015-01-17,92.0, Diana Mclean
94597560980,Maths,F,V2,10,2015-01-17,90.0,  Allison Jackson
79111437489,Maths,F,V3,10,2015-01-17,142.0,  Matthew Allen
85797811394,Maths,F,V1,10,2015-01-17,86.0,  Shannon Craig
96384001231,Maths,X,V1,10,2015-01-17,125.0,  Derek Flores
57494402653,Maths,F,V2,10,2015-01-17,143.0,Charles Richard
99687947879,Maths,M,V2,10,2015-01-17,110.0, Darrell Dougherty
37367623368,Maths,M,V3,10,2015-01-17,140.0,  Larry Gonzalez
18291810751,Maths,M,V2,10,2015-01-17,131.0,  Sarah Hudson
52054408319,Maths,M,V1,10,2015-01-17,130.0,  Aaron Haynes
37979090778,Maths,M,V2,10,2015-01-17,100.0,Stephanie Roberts
30797556357,Maths,F,V3,10,2015-01-17,143.0, Austin Ellis
51444756558,Maths,F,V1,10,2015-01-17,147.0,Anthony Lucas
50443054038,Maths,X,V3,10,2015-01-17,127.0, Tony Adams
95617391750,Maths,F,V2,10,2015-01-17,90.0,  Frank Martin
11222313791,Maths,F,V1,10,2015-01-17,126.0, Francisco Allen
77161464587,Maths,M,V2,10,2015-01-17,141.0,  Karen Bennett
96605700794,Maths,M,V3,10,2015-01-17,88.0, Derrick Bell
57398679186,Maths,M,V3,10,2015-01-17,100.0,Timothy Watts
71462182601,Maths,F,V1,10,2015-01-17,134.0,Jacqueline Underwood
80548334438,Maths,F,V2,10,2015-01-17,140.0, Sheila Ramos
92407497801,Maths,M,V2,10,2015-01-17,138.0, Brian Green
62580302745,Maths,F,V1,10,2015-01-17,136.0,Billy Baker
72420571308,Maths,F,V2,10,2015-01-17,122.0,Kevin Moody
43444932276,Maths,F,V2,10,2015-01-17,140.0,  Veronica Bernard
51001468457,Maths,M,V2,10,2015-01-17,133.0,  Annette Hunt
27854808385,Maths,M,V3,10,2015-01-17,90.0, Corey Arnold
34971022957,Maths,F,V3,10,2015-01-17,138.0,  Michelle Deleon
75366680298,Maths,F,V3,10,2015-01-17,88.0, Todd Meyer
13005094404,Maths,F,V2,10,2015-01-17,118.0,  Kristin Ferguson
96217284306,Maths,F,V1,10,2015-01-17,134.0, Renee Romero
94597560980,Maths,M,V3,10,2015-01-17,92.0, Breanna Henderson
54121208546,Maths,F,V1,10,2015-01-17,125.0,Laura Larson
22732721097,Maths,F,V3,10,2015-01-17,131.0,Jason Fleming DVM
58472492267,Maths,F,V3,10,2015-01-17,145.0, April Green
56791825518,Maths,M,V1,10,2015-01-17,94.0,Wesley Clay
81444319253,Maths,F,V1,10,2015-01-17,136.0, Martin Olson
73121633218,Maths,M,V1,10,2015-01-17,130.0, Donald Sutton
75366680298,Maths,F,V2,10,2015-01-17,87.0, Joseph Fernandez
87587697136,Maths,F,V3,10,2015-01-17,104.0, Nathan Cooper
27166140971,Maths,F,V3,10,2015-01-17,129.0,Wendy Franklin
71480373037,Maths,M,V2,10,2015-01-17,137.0,Amanda Watson
39998903253,Maths,M,V2,10,2015-01-17,95.0,  Elizabeth Price
46505072933,Maths,F,V1,10,2015-01-17,133.0,  Brian Thomas
13605317891,Maths,F,V1,10,2015-01-17,128.0,  Jennifer Cuevas
44980607495,Maths,M,V1,10,2015-01-17,87.0, Phillip Li
61524742237,Maths,F,V2,10,2015-01-17,131.0, Victoria Jones
20042250144,Maths,M,V2,10,2015-01-17,118.0, Barbara Walker
18195428640,Maths,F,V3,10,2015-01-17,137.0, Travis Wells
50180990692,Maths,M,V3,10,2015-01-17,138.0,Steve Noble
16381718141,Maths,F,V3,10,2015-01-17,132.0,Ralph Gonzalez
30499980412,Maths,M,V1,10,2015-01-17,134.0,Anthony Jordan
74866766926,Maths,F,V1,10,2015-01-17,99.0,Amber Salas
40007488372,Maths,M,V2,10,2015-01-17,132.0,  Rebekah Wolfe
26728138378,Maths,M,V2,10,2015-01-17,88.0,Jessica Hoover
89534009942,Maths,F,V1,10,2015-01-17,145.0,Stephanie Gill
88436895634,Maths,M,V3,10,2015-01-17,95.0, April Snyder
36887211080,Maths,M,V3,10,2015-01-17,136.0,Craig Gibson
94258738310,Maths,M,V1,10,2015-01-17,139.0, Michael Hutchinson
41717296700,Maths,M,V1,10,2015-01-17,130.0,Lorraine Kelly
42385119932,Maths,M,V2,10,2015-01-17,139.0,  Thomas Fisher
19284925052,Maths,F,V3,10,2015-01-17,137.0,  Tracy Waters
11624244571,Maths,M,V1,10,2015-01-17,126.0,  Harold Sherman
94662363161,Maths,M,V3,10,2015-01-17,134.0,  Kevin Wilkinson
75884648495,Maths,F,V3,10,2015-01-17,97.0,  Jody Cox
32157292809,Maths,M,V3,10,2015-01-17,138.0,  Kevin Becker
20042250144,Maths,M,V3,10,2015-01-17,118.0,Heidi Palmer
17588192816,Maths,M,V3,10,2015-01-17,90.0,Antonio Kaiser
35341047507,Maths,F,V2,10,2015-01-17,129.0, James Newman
61716641891,Maths,F,V3,10,2015-01-17,147.0, Holly Burch
92777738743,Maths,F,V1,10,2015-01-17,95.0,  Robert Barton
58122986627,Maths,F,V3,10,2015-01-17,93.0, John King
99898732587,Maths,F,V1,10,2015-01-17,111.0,Jessica Watson
98534788315,Maths,F,V3,10,2015-01-17,95.0,  Barbara Harris
88007338647,Maths,M,V1,10,2015-01-17,139.0,  Richard Neal
55772403908,Maths,F,V1,10,2015-01-17,144.0,Peter Estrada
59403757545,Maths,M,V1,10,2015-01-17,87.0,Richard Palmer
92450556310,Maths,F,V1,10,2015-01-17,133.0, Lee Parrish
67105783185,Maths,F,V3,10,2015-01-17,139.0, Johnny Nicholson
75391447717,Maths,M,V1,10,2015-01-17,85.0, Vincent Mendez
89157615043,Maths,F,V3,10,2015-01-17,133.0,  Monica Pham
91591063537,Maths,F,V1,10,2015-01-17,134.0,Gerald Aguilar
81759625499,Maths,M,V1,10,2015-01-17,,Andrea Taylor
98204745912,Maths,F,V1,10,2015-01-17,139.0,Ryan Glover
56539075875,Maths,F,V2,10,2015-01-17,89.0, Philip Ellis
33562493499,Maths,M,V1,10,2015-01-17,91.0,  Jennifer Young
58790578438,Maths,M,V1,10,2015-01-17,95.0,  Erik Holmes DVM
38031031611,Maths,M,V3,10,2015-01-17,112.0,  Ana Thomas
85947570245,Maths,M,V1,10,2015-01-17,145.0,  Eddie Schmidt
86205570390,Maths,M,V2,10,2015-01-17,143.0,Kimberly Poole
99431359108,Maths,F,V2,10,2015-01-17,143.0,Danny Atkins
51492379165,Maths,M,V2,10,2015-01-17,142.0, Mr. Tyrone Obrien
85223356723,Maths,F,V3,10,2015-01-17,129.0, Laura Carr
80804911913,Maths,F,V3,10,2015-01-17,137.0,Mike Newton
42934353417,Maths,M,V3,10,2015-01-17,130.0, Natalie Garrison
33412501215,Maths,F,V3,10,2015-01-17,119.0,Audrey Cummings
57627803450,Maths,F,V2,10,2015-01-17,143.0,  James Hays
12374548788,Maths,F,V2,10,2015-01-17,143.0,Heather Morales
26718808194,Maths,M,V1,10,2015-01-17,146.0,  Robert Durham
54777732108,Maths,M,V2,10,2015-01-17,140.0,Sarah Gallegos
86335970315,Maths,M,V1,10,2015-01-17,136.0,  Robert Mora
62298975251,Maths,F,V2,10,2015-01-17,87.0,  Jessica Knight
42998000198,Maths,M,V2,10,2015-01-17,141.0, Jeffrey Montes
84266087569,Maths,F,V1,10,2015-01-17,96.0, Margaret Barker
99431359108,Maths,M,V1,10,2015-01-17,142.0,  Carmen Richards
29312825875,Maths,M,V1,10,2015-01-17,85.0,Karen Collins
53707317596,Maths,M,V1,10,2015-01-17,138.0,  Nicholas Roy
81793649075,Maths,F,V1,10,2015-01-17,86.0,Erik Garcia
16216788294,Maths,M,V2,10,2015-01-17,90.0,  Sheri Glenn
23480008246,Maths,F,V3,10,2015-01-17,122.0, Carrie Brown
40944800819,Maths,F,V1,10,2015-01-17,135.0,Dominique Martin
56209237324,Maths,M,V2,10,2015-01-17,131.0, Dr. Ashley Jacobson
85077382682,Maths,M,V1,10,2015-01-17,141.0,  Joe Thompson
63536978606,Maths,F,V3,10,2015-01-17,92.0, Justin Stephens
98199253241,Maths,F,V1,10,2015-01-17,143.0,  Anthony Odonnell
66573774386,Maths,M,V2,10,2015-01-17,88.0,  Amanda Turner
26617578501,Maths,F,V2,10,2015-01-17,137.0,  Dr. John Larson Jr.
75729366512,Maths,M,V3,10,2015-01-17,142.0,Donald Torres
73838758456,Maths,M,V2,10,2015-01-17,92.0, Andrea Burnett
38677065715,Maths,F,V1,10,2015-01-17,143.0, Michelle Harrison
19270877334,Maths,F,V1,10,2015-01-17,82.0,  John Roach
38953847891,Maths,F,V1,10,2015-01-17,95.0,  William Ruiz
47650216431,Maths,F,V3,10,2015-01-17,131.0, Christopher Little
