Student ID,test name,gender,version,level,test date,Standardised Score,Email
057223443562,Science,F,V2,7,2010-11-21 00:00:00,121.0,alicia87@example.net
032844849137,Science,F,V1,7,2010-11-21 00:00:00,137.0,sharonwilson@example.net
059809207515,Science,F,V3,7,2010-11-21 00:00:00,130.0,portergary@example.com
022234629305,Science,F,V2,7,2010-11-21 00:00:00,125.0,jcharles@example.com
015441511974,Science,F,V3,7,2010-11-21 00:00:00,131.0,kristinamartin@example.org
097396627260,Science,M,V3,7,2010-11-21 00:00:00,145.0,rsantiago@example.net
013886527095,Science,M,V3,7,2010-11-21 00:00:00,140.0,downsaustin@example.org
068792466826,Science,M,V3,7,2010-11-21 00:00:00,95.0,htorres@example.com
046481887062,Science,M,V2,7,2010-11-21 00:00:00,148.0,castrojeremy@example.com
016262035236,Science,F,V1,7,2010-11-21 00:00:00,117.0,sconner@example.net
060698306287,Science,M,V1,7,2010-11-21 00:00:00,86.0,icarrillo@example.com
075144422792,Science,F,V3,7,2010-11-21 00:00:00,133.0,apayne@example.net
056847891051,Science,F,V3,7,2010-11-21 00:00:00,83.0,kevinhamilton@example.net
045842655537,Science,M,V3,7,2010-11-21 00:00:00,136.0,daviscynthia@example.org
033861223291,Science,M,V2,7,2010-11-21 00:00:00,130.0,david53@example.net
048130445295,Science,M,V2,7,2010-11-21 00:00:00,131.0,barkeroscar@example.com
041616595236,Science,M,V2,7,2010-11-21 00:00:00,,barbara79@example.org
090067530945,Science,M,V3,7,2010-11-21 00:00:00,132.0,jesus43@example.org
030807245060,Science,M,V2,7,2010-11-21 00:00:00,125.0,jamesdavis@example.com
026184036686,Science,M,V3,7,2010-11-21 00:00:00,129.0,steveknight@example.com
040127655438,Science,M,V2,7,2010-11-21 00:00:00,124.0,carlosbradford@example.com
016477727362,Science,F,V2,7,2010-11-21 00:00:00,134.0,derrickwilson@example.com
041029299620,Science,F,V2,7,2010-11-21 00:00:00,128.0,joseph93@example.org
096604298468,Science,F,V1,7,2010-11-21 00:00:00,95.0,ann25@example.com
055244107528,Science,M,V1,7,2010-11-21 00:00:00,131.0,johnsonkaitlyn@example.net
054467820473,Science,M,V3,7,2010-11-21 00:00:00,136.0,shawnbrown@example.org
037082448955,Science,M,V1,7,2010-11-21 00:00:00,83.0,kennethmcdowell@example.net
010378646995,Science,M,V3,7,2010-11-21 00:00:00,141.0,austin41@example.net
063318867981,Science,F,V3,7,2010-11-21 00:00:00,98.0,meyerchris@example.com
026510662775,Science,F,V1,7,2010-11-21 00:00:00,,dianegarcia@example.com
077404473219,Science,F,V2,7,2010-11-21 00:00:00,130.0,anthony76@example.com
074925344039,Science,M,V2,7,2010-11-21 00:00:00,136.0,zball@example.net
095699616371,Science,M,V3,7,2010-11-21 00:00:00,83.0,jamesjohnson@example.com
069923829557,Science,F,V1,7,2010-11-21 00:00:00,100.0,chambersmelissa@example.net
052676974438,Science,F,V3,7,2010-11-21 00:00:00,90.0,russellbell@example.org
077793950213,Science,F,V3,7,2010-11-21 00:00:00,88.0,ryanjohnson@example.org
073531136248,Science,F,V1,7,2010-11-21 00:00:00,128.0,onealmichele@example.net
099404257303,Science,M,V3,7,2010-11-21 00:00:00,135.0,yvette15@example.com
012669068460,Science,F,V3,7,2010-11-21 00:00:00,130.0,bennettsarah@example.com
016921174454,Science,M,V3,7,2010-11-21 00:00:00,131.0,garrettsean@example.net
098551708929,Science,M,V1,7,2010-11-21 00:00:00,87.0,wilsonmatthew@example.org
042502517404,Science,M,V2,7,2010-11-21 00:00:00,116.0,mary28@example.net
096878621929,Science,F,V2,7,2010-11-21 00:00:00,97.0,cruzdenise@example.org
093276537675,Science,M,V3,7,2010-11-21 00:00:00,97.0,kbrown@example.net
086425529235,Science,F,V3,7,2010-11-21 00:00:00,135.0,bradysarah@example.org
011924346025,Science,F,V2,7,2010-11-21 00:00:00,124.0,belinda94@example.org
031227550907,Science,F,V2,7,2010-11-21 00:00:00,129.0,janetwilliams@example.net
053607341552,Science,M,V1,7,2010-11-21 00:00:00,128.0,troy93@example.com
088723008998,Science,M,V1,7,2010-11-21 00:00:00,102.0,itucker@example.org
096802241687,Science,F,V3,7,2010-11-21 00:00:00,138.0,jennifer05@example.org
066277840864,Science,F,V2,7,2010-11-21 00:00:00,85.0,clintonwilliams@example.net
099057657531,Science,F,V2,7,2010-11-21 00:00:00,136.0,rrobles@example.net
053481804145,Science,M,V2,7,2010-11-21 00:00:00,131.0,yjames@example.org
080906167980,Science,F,V1,7,2010-11-21 00:00:00,145.0,kristenhunt@example.org
010218957386,Science,M,V2,7,2010-11-21 00:00:00,144.0,wlee@example.com
094009256499,Science,F,V1,7,2010-11-21 00:00:00,90.0,jacqueline72@example.org
054707897999,Science,M,V2,7,2010-11-21 00:00:00,103.0,smithkelly@example.org
073429319889,Science,F,V2,7,2010-11-21 00:00:00,91.0,robinsonwillie@example.net
032329076044,Science,F,V1,7,2010-11-21 00:00:00,125.0,joseph79@example.com
076585537839,Science,M,V2,7,2010-11-21 00:00:00,93.0,kristen84@example.org
013448518441,Science,F,V2,7,2010-11-21 00:00:00,126.0,nelsonmarissa@example.com
058548527487,Science,M,V3,7,2010-11-21 00:00:00,85.0,fjefferson@example.net
027406336021,Science,M,V2,7,2010-11-21 00:00:00,119.0,jennifer89@example.org
016013180001,Science,F,V3,7,2010-11-21 00:00:00,115.0,charles53@example.net
085452378528,Science,M,V3,7,2010-11-21 00:00:00,87.0,alyssa42@example.org
051435770921,Science,M,V2,7,2010-11-21 00:00:00,129.0,mbennett@example.net
039052682740,Science,F,V1,7,2010-11-21 00:00:00,137.0,njackson@example.com
075136901255,Science,M,V1,7,2010-11-21 00:00:00,142.0,jenniferlucas@example.org
012470311595,Science,M,V2,7,2010-11-21 00:00:00,,jacqueline08@example.org
065968276282,Science,M,V3,7,2010-11-21 00:00:00,89.0,adam10@example.org
031454423249,Science,F,V1,7,2010-11-21 00:00:00,134.0,morseaustin@example.org
036766705684,Science,F,V1,7,2010-11-21 00:00:00,147.0,marcus36@example.org
034017578783,Science,M,V2,7,2010-11-21 00:00:00,144.0,canderson@example.org
049217949663,Science,M,V1,7,2010-11-21 00:00:00,86.0,cantrellsandra@example.org
059299518993,Science,M,V1,7,2010-11-21 00:00:00,98.0,rebeccamedina@example.org
013942479220,Science,M,V3,7,2010-11-21 00:00:00,134.0,lisa34@example.com
072782792235,Science,M,V3,7,2010-11-21 00:00:00,83.0,morgan33@example.org
040748394951,Science,F,V2,7,2010-11-21 00:00:00,83.0,chandaniel@example.com
053048518063,Science,F,V1,7,2010-11-21 00:00:00,124.0,rellison@example.org
082430259405,Science,X,V1,7,2010-11-21 00:00:00,127.0,gonzalezjustin@example.com
031623243013,Science,F,V2,7,2010-11-21 00:00:00,108.0,kennedylatoya@example.net
092916339380,Science,F,V3,7,2010-11-21 00:00:00,139.0,antonioevans@example.com
059804071929,Science,F,V2,7,2010-11-21 00:00:00,85.0,bwilliams@example.org
056453568093,Science,F,V1,7,2010-11-21 00:00:00,85.0,ftodd@example.com
087167449925,Science,M,V2,7,2010-11-21 00:00:00,100.0,ghoward@example.net
041600483955,Science,M,V3,7,2010-11-21 00:00:00,138.0,calvinhayes@example.org
056119543922,Science,M,V1,7,2010-11-21 00:00:00,134.0,diane93@example.org
045909267939,Science,F,V2,7,2010-11-21 00:00:00,94.0,luismoore@example.net
096730072322,Science,M,V3,7,2010-11-21 00:00:00,134.0,jacob03@example.net
070021416814,Science,M,V2,7,2010-11-21 00:00:00,122.0,brandon12@example.org
044833713913,Science,M,V1,7,2010-11-21 00:00:00,136.0,sydney99@example.com
062930552006,Science,F,V2,7,2010-11-21 00:00:00,125.0,cunninghamjames@example.org
090416951093,Science,M,V3,7,2010-11-21 00:00:00,134.0,tammyhudson@example.net
066585591063,Science,M,V3,7,2010-11-21 00:00:00,139.0,joshua06@example.net
072329764310,Science,F,V1,7,2010-11-21 00:00:00,124.0,joshuahess@example.net
071252334368,Science,M,V2,7,2010-11-21 00:00:00,140.0,lramirez@example.org
011071327771,Science,M,V1,7,2010-11-21 00:00:00,124.0,luis40@example.net
085792664763,Science,F,V2,7,2010-11-21 00:00:00,89.0,karenrivas@example.net
010378646995,Science,F,V3,7,2010-11-21 00:00:00,138.0,derrickcarter@example.org
028795847212,Science,F,V1,7,2010-11-21 00:00:00,89.0,clarktina@example.com
080642064817,Science,M,V2,7,2010-11-21 00:00:00,136.0,thompsonkatherine@example.org
045254578210,Science,F,V2,7,2010-11-21 00:00:00,126.0,fcarpenter@example.net
030661500008,Science,F,V2,7,2010-11-21 00:00:00,113.0,youngguy@example.com
032844849137,Science,F,V1,7,2010-11-21 00:00:00,134.0,kathy90@example.com
042502517404,Science,M,V1,7,2010-11-21 00:00:00,122.0,richard51@example.net
043069936529,Science,F,V2,7,2010-11-21 00:00:00,139.0,ahaynes@example.com
093062348724,Science,F,V3,7,2010-11-21 00:00:00,140.0,donvega@example.net
080174558594,Science,M,V3,7,2010-11-21 00:00:00,133.0,hsimpson@example.com
089265222535,Science,M,V2,7,2010-11-21 00:00:00,134.0,janice09@example.net
045132514564,Science,M,V3,7,2010-11-21 00:00:00,123.0,gblack@example.net
056631117882,Science,F,V3,7,2010-11-21 00:00:00,143.0,amberhamilton@example.net
048130445295,Science,M,V2,7,2010-11-21 00:00:00,133.0,bschwartz@example.net
020708044895,Science,F,V3,7,2010-11-21 00:00:00,137.0,samantha84@example.com
056119543922,Science,M,V1,7,2010-11-21 00:00:00,139.0,jbrooks@example.net
092161672958,Science,F,V3,7,2010-11-21 00:00:00,145.0,beth10@example.org
046247266037,Science,M,V2,7,2010-11-21 00:00:00,145.0,michaelschneider@example.org
068170742120,Science,F,V2,7,2010-11-21 00:00:00,130.0,whitney52@example.com
067004321168,Science,M,V2,7,2010-11-21 00:00:00,134.0,angelabrady@example.org
051435770921,Science,M,V1,7,2010-11-21 00:00:00,135.0,klong@example.org
024694109669,Science,F,V3,7,2010-11-21 00:00:00,89.0,vstrickland@example.com
021711034192,Science,M,V2,7,2010-11-21 00:00:00,124.0,carllee@example.net
070369236713,Science,F,V2,7,2010-11-21 00:00:00,132.0,josephglass@example.com
023127270151,Science,M,V3,7,2010-11-21 00:00:00,122.0,flowersdonna@example.net
088723008998,Science,M,V1,7,2010-11-21 00:00:00,98.0,mark61@example.org
051374347635,Science,M,V1,7,2010-11-21 00:00:00,136.0,gabriel58@example.net
016696368838,Science,F,V2,7,2010-11-21 00:00:00,100.0,oguerrero@example.com
094911209418,Science,M,V1,7,2010-11-21 00:00:00,136.0,katherineburnett@example.org
093894613410,Science,M,V1,7,2010-11-21 00:00:00,135.0,jowens@example.net
019965612242,Science,F,V3,7,2010-11-21 00:00:00,138.0,gregorylee@example.net
017151621448,Science,F,V2,7,2010-11-21 00:00:00,127.0,melinda95@example.com
050767732365,Science,F,V2,7,2010-11-21 00:00:00,82.0,jordan54@example.org
086810363765,Science,M,V3,7,2010-11-21 00:00:00,144.0,carlos02@example.net
066628260966,Science,M,V2,7,2010-11-21 00:00:00,84.0,ryanroth@example.net
068619525221,Science,M,V2,7,2010-11-21 00:00:00,131.0,williamsjames@example.net
077419983584,Science,M,V1,7,2010-11-21 00:00:00,99.0,williamsonjared@example.com
086576067583,Science,M,V3,7,2010-11-21 00:00:00,82.0,joshua17@example.com
039366891020,Science,F,V1,7,2010-11-21 00:00:00,138.0,jonesamanda@example.net
020262824171,Science,F,V1,7,2010-11-21 00:00:00,116.0,thomas00@example.com
032757249191,Science,F,V2,7,2010-11-21 00:00:00,133.0,gabriel79@example.com
017217880938,Science,F,V1,7,2010-11-21 00:00:00,81.0,carterjoshua@example.net
050478936093,Science,M,V3,7,2010-11-21 00:00:00,137.0,gregorydavis@example.net
044981172164,Science,M,V2,7,2010-11-21 00:00:00,131.0,lawrencebill@example.com
041597171308,Science,M,V1,7,2010-11-21 00:00:00,131.0,teresa36@example.org
047374992977,Science,M,V3,7,2010-11-21 00:00:00,100.0,mjensen@example.org
038489889172,Science,M,V2,7,2010-11-21 00:00:00,97.0,margaret26@example.com
094674129136,Science,M,V2,7,2010-11-21 00:00:00,142.0,kellychoi@example.com
097237271634,Science,M,V3,7,2010-11-21 00:00:00,144.0,linda89@example.org
059723205666,Science,F,V3,7,2010-11-21 00:00:00,143.0,hartmanbrian@example.net
052216310047,Science,M,V2,7,2010-11-21 00:00:00,115.0,jonathandavis@example.net
045151646564,Science,F,V2,7,2010-11-21 00:00:00,134.0,valerie20@example.org
090781539913,Science,M,V2,7,2010-11-21 00:00:00,84.0,kim80@example.net
067512576416,Science,M,V1,7,2010-11-21 00:00:00,130.0,barrettnathan@example.com
054971578356,Science,M,V1,7,2010-11-21 00:00:00,82.0,yburns@example.org
081141020325,Science,M,V2,7,2010-11-21 00:00:00,117.0,amyers@example.org
045385125789,Science,X,V3,7,2010-11-21 00:00:00,95.0,aponce@example.net
046576923581,Science,F,V1,7,2010-11-21 00:00:00,93.0,jonesedward@example.com
039866029135,Science,F,V1,7,2010-11-21 00:00:00,142.0,jesse29@example.com
063206197476,Science,M,V2,7,2010-11-21 00:00:00,140.0,gjones@example.net
076112061694,Science,M,V1,7,2010-11-21 00:00:00,133.0,jrogers@example.com
037591276477,Science,M,V1,7,2010-11-21 00:00:00,94.0,katietaylor@example.com
041280372295,Science,M,V2,7,2010-11-21 00:00:00,131.0,april40@example.org
086084047328,Science,M,V3,7,2010-11-21 00:00:00,138.0,ewilliams@example.org
085618200142,Science,F,V2,7,2010-11-21 00:00:00,121.0,nlewis@example.org
077772953205,Science,M,V2,7,2010-11-21 00:00:00,139.0,james46@example.net
037123103564,Science,M,V2,7,2010-11-21 00:00:00,120.0,miguel42@example.net
092743607273,Science,F,V3,7,2010-11-21 00:00:00,148.0,woodsdanielle@example.org
016867141783,Science,M,V3,7,2010-11-21 00:00:00,145.0,schwartztanya@example.org
082125397121,Science,M,V1,7,2010-11-21 00:00:00,134.0,leahstephens@example.com
030449967168,Science,F,V2,7,2010-11-21 00:00:00,85.0,tami68@example.org
031150245956,Science,M,V3,7,2010-11-21 00:00:00,131.0,justin49@example.net
019070602544,Science,M,V2,7,2010-11-21 00:00:00,120.0,florestommy@example.com
069941181782,Science,F,V1,7,2010-11-21 00:00:00,84.0,daltonjulie@example.org
085273973888,Science,M,V1,7,2010-11-21 00:00:00,98.0,erica18@example.org
065625302872,Science,M,V2,7,2010-11-21 00:00:00,144.0,millernathan@example.org
075136901255,Science,M,V1,7,2010-11-21 00:00:00,137.0,robertnixon@example.net
075349106294,Science,F,V3,7,2010-11-21 00:00:00,131.0,sritter@example.com
093675900504,Science,M,V3,7,2010-11-21 00:00:00,134.0,timothyjones@example.com
087779155844,Science,F,V2,7,2010-11-21 00:00:00,82.0,travis08@example.net
086146961563,Science,F,V3,7,2010-11-21 00:00:00,138.0,wardsara@example.com
059961465748,Science,F,V3,7,2010-11-21 00:00:00,89.0,andersonmichael@example.net
064322947731,Science,M,V1,7,2010-11-21 00:00:00,139.0,robert09@example.com
022360646989,Science,M,V3,7,2010-11-21 00:00:00,87.0,bartonjane@example.com
041912159832,Science,M,V2,7,2010-11-21 00:00:00,133.0,fwilson@example.org
087665129214,Science,M,V3,7,2010-11-21 00:00:00,138.0,jonesrussell@example.net
072786464805,Science,M,V3,7,2010-11-21 00:00:00,84.0,jennifer89@example.com
044086820629,Science,F,V1,7,2010-11-21 00:00:00,133.0,christine94@example.com
024474647606,Science,M,V1,7,2010-11-21 00:00:00,138.0,kyle37@example.com
093894613410,Science,M,V2,7,2010-11-21 00:00:00,133.0,susangoodwin@example.com
036766705684,Science,M,V1,7,2010-11-21 00:00:00,137.0,lisa50@example.org
010264779061,Science,F,V3,7,2010-11-21 00:00:00,130.0,qgarcia@example.org
027595640023,Science,M,V2,7,2010-11-21 00:00:00,131.0,cjones@example.com
082911507406,Science,F,V1,7,2010-11-21 00:00:00,126.0,lindapowell@example.com
035470637377,Science,F,V1,7,2010-11-21 00:00:00,142.0,jamesroberts@example.net
096682614941,Science,M,V2,7,2010-11-21 00:00:00,146.0,lamphilip@example.net
050389605697,Science,M,V2,7,2010-11-21 00:00:00,86.0,steven46@example.org
090659762708,Science,F,V2,7,2010-11-21 00:00:00,146.0,smithvanessa@example.org
021183112399,Science,M,V3,7,2010-11-21 00:00:00,136.0,xlopez@example.org
068170742120,Science,M,V1,7,2010-11-21 00:00:00,129.0,tsantos@example.net
017959415793,Science,F,V3,7,2010-11-21 00:00:00,98.0,rowedonna@example.net
091917649653,Science,M,V1,7,2010-11-21 00:00:00,95.0,mark57@example.org
071207010285,Science,M,V3,7,2010-11-21 00:00:00,120.0,hornrichard@example.org
095266821412,Science,F,V3,7,2010-11-21 00:00:00,137.0,frankmccarty@example.net
081404304708,Science,F,V2,7,2010-11-21 00:00:00,127.0,bushdavid@example.net
036766705684,Science,M,V2,7,2010-11-21 00:00:00,137.0,owillis@example.net
070021416814,Science,M,V3,7,2010-11-21 00:00:00,121.0,kellymcneil@example.net
029113312119,Science,F,V1,7,2010-11-21 00:00:00,132.0,nlopez@example.org
090454504368,Science,M,V3,7,2010-11-21 00:00:00,133.0,phillipsjay@example.org
036501335379,Science,F,V1,7,2010-11-21 00:00:00,128.0,daniel32@example.org
050440524003,Science,F,V3,7,2010-11-21 00:00:00,114.0,joseph93@example.com
085240470502,Science,M,V2,7,2010-11-21 00:00:00,129.0,stephaniemills@example.net
086231158429,Science,M,V2,7,2010-11-21 00:00:00,137.0,kathleen49@example.net
083292622565,Science,M,V3,7,2010-11-21 00:00:00,136.0,glenndavid@example.net
062831248106,Science,M,V2,7,2010-11-21 00:00:00,133.0,kathleen04@example.com
085413562205,Science,M,V1,7,2010-11-21 00:00:00,128.0,melvin35@example.com
078967835504,Science,F,V1,7,2010-11-21 00:00:00,82.0,armstrongnicole@example.net
019246623440,Science,F,V1,7,2010-11-21 00:00:00,129.0,xromero@example.net
072884588270,Science,F,V1,7,2010-11-21 00:00:00,87.0,contrerasamanda@example.net
089880359270,Science,F,V1,7,2010-11-21 00:00:00,144.0,shawnjohnson@example.net
060917633469,Science,F,V2,7,2010-11-21 00:00:00,145.0,jamie15@example.com
033530435011,Science,M,V2,7,2010-11-21 00:00:00,112.0,johnsoncarolyn@example.org
081564396926,Science,F,V2,7,2010-11-21 00:00:00,81.0,richardsnorma@example.net
056993245051,Science,F,V3,7,2010-11-21 00:00:00,140.0,craigdixon@example.org
030836282689,Science,F,V2,7,2010-11-21 00:00:00,140.0,michelle83@example.net
098351714510,Science,F,V1,7,2010-11-21 00:00:00,133.0,qthompson@example.net
013832083807,Science,M,V1,7,2010-11-21 00:00:00,122.0,markdelgado@example.org
047815436991,Science,F,V2,7,2010-11-21 00:00:00,82.0,jamesmurray@example.org
066792370578,Science,F,V2,7,2010-11-21 00:00:00,84.0,miranda89@example.com
039052682740,Science,M,V2,7,2010-11-21 00:00:00,134.0,marshallkimberly@example.org
044044469753,Science,M,V2,7,2010-11-21 00:00:00,143.0,jason95@example.org
052765036695,Science,M,V3,7,2010-11-21 00:00:00,142.0,riveradaniel@example.net
074599024885,Science,M,V2,7,2010-11-21 00:00:00,90.0,amanda28@example.com
073191908166,Science,M,V3,7,2010-11-21 00:00:00,140.0,roseerica@example.com
038796787968,Science,F,V1,7,2010-11-21 00:00:00,108.0,kristen65@example.org
021232669063,Science,F,V3,7,2010-11-21 00:00:00,134.0,dominguezangela@example.com
079249537500,Science,F,V3,7,2010-11-21 00:00:00,140.0,vmedina@example.org
035245236531,Science,F,V2,7,2010-11-21 00:00:00,126.0,marcusjohnson@example.org
076919461400,Science,F,V3,7,2010-11-21 00:00:00,141.0,vhawkins@example.net
032111861968,Science,F,V2,7,2010-11-21 00:00:00,132.0,alan91@example.org
036366986944,Science,M,V2,7,2010-11-21 00:00:00,85.0,mezadale@example.net
055513760012,Science,F,V1,7,2010-11-21 00:00:00,130.0,browncory@example.com
045385125789,Science,F,V2,7,2010-11-21 00:00:00,94.0,candace83@example.org
070609208930,Science,M,V3,7,2010-11-21 00:00:00,133.0,tiffanyhunt@example.com
054229774321,Science,M,V2,7,2010-11-21 00:00:00,138.0,rlee@example.net
098981438114,Science,F,V3,7,2010-11-21 00:00:00,83.0,stacyjohnson@example.com
025529927285,Science,F,V1,7,2010-11-21 00:00:00,148.0,kaitlyn81@example.com
015084591721,Science,F,V1,7,2010-11-21 00:00:00,131.0,qortiz@example.com
054209775731,Science,M,V1,7,2010-11-21 00:00:00,144.0,jennifer12@example.net
026654901025,Science,M,V2,7,2010-11-21 00:00:00,122.0,taylorkatherine@example.net
044272916667,Science,M,V2,7,2010-11-21 00:00:00,84.0,coopermark@example.com
040703841441,Science,F,V2,7,2010-11-21 00:00:00,121.0,bgreen@example.org
058734018255,Science,F,V1,7,2010-11-21 00:00:00,130.0,wyattvincent@example.org
080942796413,Science,M,V3,7,2010-11-21 00:00:00,149.0,mrichardson@example.org
062787526613,Science,M,V3,7,2010-11-21 00:00:00,137.0,ghorton@example.org
050660936515,Science,M,V2,7,2010-11-21 00:00:00,123.0,mary14@example.org
026177723857,Science,M,V3,7,2010-11-21 00:00:00,90.0,gillespiejohn@example.org
025617933178,Science,M,V3,7,2010-11-21 00:00:00,141.0,kleinjohnny@example.com
090840721495,Science,F,V1,7,2010-11-21 00:00:00,138.0,dbeard@example.net
088646878979,Science,M,V1,7,2010-11-21 00:00:00,113.0,joshua56@example.net
033833148889,Science,F,V3,7,2010-11-21 00:00:00,90.0,yvega@example.org
046203789013,Science,M,V1,7,2010-11-21 00:00:00,137.0,christopherfuller@example.net
041456452524,Science,F,V1,7,2010-11-21 00:00:00,137.0,wlee@example.com
042578944348,Science,M,V2,7,2010-11-21 00:00:00,145.0,andrewrobinson@example.net
080776882407,Science,F,V2,7,2010-11-21 00:00:00,136.0,michelefaulkner@example.com
013579147875,Science,F,V1,7,2010-11-21 00:00:00,134.0,andrew89@example.org
028250417129,Science,M,V1,7,2010-11-21 00:00:00,127.0,wendy20@example.net
044044469753,Science,F,V1,7,2010-11-21 00:00:00,135.0,alexisanderson@example.org
094711932835,Science,F,V2,7,2010-11-21 00:00:00,135.0,kgomez@example.net
044086820629,Science,M,V3,7,2010-11-21 00:00:00,132.0,richardkim@example.net
080642064817,Science,F,V1,7,2010-11-21 00:00:00,132.0,vmartinez@example.net
035741056728,Science,F,V3,7,2010-11-21 00:00:00,137.0,geraldramirez@example.com
047701124035,Science,M,V1,7,2010-11-21 00:00:00,130.0,hillsandra@example.net
075581213700,Science,M,V2,7,2010-11-21 00:00:00,129.0,michael14@example.com
013149998875,Science,F,V3,7,2010-11-21 00:00:00,88.0,glenda88@example.com
013244731197,Science,F,V3,7,2010-11-21 00:00:00,127.0,whitealexandria@example.com
070525068717,Science,F,V2,7,2010-11-21 00:00:00,139.0,xmason@example.net
082512692469,Science,M,V1,7,2010-11-21 00:00:00,144.0,ronald30@example.org
080708153309,Science,M,V2,7,2010-11-21 00:00:00,136.0,shannon26@example.com
032837003561,Science,F,V3,7,2010-11-21 00:00:00,126.0,amber79@example.net
034532741706,Science,F,V1,7,2010-11-21 00:00:00,131.0,stevenrose@example.org
012997966424,Science,M,V2,7,2010-11-21 00:00:00,82.0,rdixon@example.com
023369419671,Science,M,V2,7,2010-11-21 00:00:00,135.0,chungcarlos@example.org
052519686711,Science,M,V1,7,2010-11-21 00:00:00,137.0,qholland@example.org
032484841799,Science,X,V1,7,2010-11-21 00:00:00,94.0,timothyfernandez@example.org
063613416056,Science,M,V1,7,2010-11-21 00:00:00,133.0,tinaanthony@example.net
063624814348,Science,M,V1,7,2010-11-21 00:00:00,129.0,alicia41@example.com
044689857544,Science,M,V2,7,2010-11-21 00:00:00,83.0,bradley86@example.net
011117659538,Science,F,V3,7,2010-11-21 00:00:00,138.0,andrea19@example.net
064679097141,Science,F,V3,7,2010-11-21 00:00:00,85.0,theresathornton@example.org
044523818481,Science,F,V1,7,2010-11-21 00:00:00,135.0,calvin49@example.com
033269808639,Science,F,V2,7,2010-11-21 00:00:00,137.0,micheal13@example.com
052731452636,Science,F,V1,7,2010-11-21 00:00:00,136.0,stacy90@example.com
080174558594,Science,F,V1,7,2010-11-21 00:00:00,143.0,andrew16@example.com
030680010961,Science,M,V2,7,2010-11-21 00:00:00,118.0,heather80@example.org
085806998025,Science,F,V3,7,2010-11-21 00:00:00,78.0,kelseycaldwell@example.org
085060726201,Science,F,V1,7,2010-11-21 00:00:00,127.0,lhubbard@example.net
078017358534,Science,M,V2,7,2010-11-21 00:00:00,130.0,erika10@example.com
093962347153,Science,M,V3,7,2010-11-21 00:00:00,145.0,christine13@example.com
074350230900,Science,F,V2,7,2010-11-21 00:00:00,119.0,ycasey@example.net
070696089150,Science,M,V3,7,2010-11-21 00:00:00,135.0,james51@example.net
035304563909,Science,F,V2,7,2010-11-21 00:00:00,145.0,tristanbrown@example.org
068170742120,Science,M,V2,7,2010-11-21 00:00:00,122.0,taylorrobin@example.org
070380110428,Science,F,V1,7,2010-11-21 00:00:00,120.0,caseykrystal@example.org
086313676570,Science,M,V2,7,2010-11-21 00:00:00,85.0,jennifer33@example.net
094978891888,Science,F,V2,7,2010-11-21 00:00:00,114.0,ashleyrobinson@example.org
046844377724,Science,M,V3,7,2010-11-21 00:00:00,148.0,phamjacqueline@example.org
021367576184,Science,F,V2,7,2010-11-21 00:00:00,137.0,adkinskyle@example.org
064007397952,Science,M,V1,7,2010-11-21 00:00:00,142.0,rodriguezheather@example.net
083222927702,Science,F,V1,7,2010-11-21 00:00:00,131.0,jonathan22@example.com
031073569645,Science,F,V1,7,2010-11-21 00:00:00,141.0,ronald97@example.com
093189917335,Science,F,V2,7,2010-11-21 00:00:00,93.0,hernandezjohn@example.net
011560161815,Science,X,V1,7,2010-11-21 00:00:00,113.0,daniel51@example.com
026519791232,Science,M,V3,7,2010-11-21 00:00:00,128.0,kathystrickland@example.net
030705875963,Science,M,V2,7,2010-11-21 00:00:00,136.0,suzannelewis@example.net
054607657105,Science,M,V3,7,2010-11-21 00:00:00,139.0,katherine49@example.org
026335884142,Science,M,V3,7,2010-11-21 00:00:00,138.0,abernard@example.com
021535340818,Science,F,V2,7,2010-11-21 00:00:00,125.0,ashley15@example.org
019070602544,Science,M,V1,7,2010-11-21 00:00:00,123.0,feliciacameron@example.com
083493367836,Science,F,V3,7,2010-11-21 00:00:00,88.0,ortizdana@example.net
094611036853,Science,M,V3,7,2010-11-21 00:00:00,135.0,zavalaheather@example.org
088401767461,Science,M,V2,7,2010-11-21 00:00:00,80.0,cortiz@example.com
069540604947,Science,M,V2,7,2010-11-21 00:00:00,136.0,laurenpatrick@example.com
030910155875,Science,M,V1,7,2010-11-21 00:00:00,137.0,andrea30@example.com
047374992977,Science,M,V3,7,2010-11-21 00:00:00,95.0,nicholsselena@example.net
033352315826,Science,F,V1,7,2010-11-21 00:00:00,137.0,barberallison@example.net
071472379813,Science,M,V1,7,2010-11-21 00:00:00,133.0,andrea68@example.net
033561979816,Science,M,V2,7,2010-11-21 00:00:00,,josephduncan@example.org
043463359496,Science,M,V1,7,2010-11-21 00:00:00,146.0,gcook@example.org
081297426015,Science,F,V2,7,2010-11-21 00:00:00,132.0,singhjulia@example.com
029229229050,Science,F,V3,7,2010-11-21 00:00:00,132.0,mark07@example.com
086310006311,Science,M,V3,7,2010-11-21 00:00:00,,baldwinsean@example.org
039764836903,Science,M,V1,7,2010-11-21 00:00:00,145.0,allenjohn@example.net
052879092738,Science,M,V1,7,2010-11-21 00:00:00,80.0,hessjeff@example.org
054045219150,Science,F,V1,7,2010-11-21 00:00:00,122.0,stewarttodd@example.org
058428056502,Science,F,V1,7,2010-11-21 00:00:00,134.0,phillipserica@example.com
038939993813,Science,M,V3,7,2010-11-21 00:00:00,103.0,tina18@example.net
082901309321,Science,M,V2,7,2010-11-21 00:00:00,124.0,stephensonsean@example.net
027833431983,Science,F,V1,7,2010-11-21 00:00:00,131.0,johnsonjonathan@example.org
050270635494,Science,M,V2,7,2010-11-21 00:00:00,132.0,michael15@example.org
073928661001,Science,F,V1,7,2010-11-21 00:00:00,135.0,jlucas@example.org
032954244871,Science,F,V2,7,2010-11-21 00:00:00,137.0,scott51@example.net
062792709240,Science,F,V2,7,2010-11-21 00:00:00,135.0,darlene45@example.com
053798907030,Science,M,V2,7,2010-11-21 00:00:00,146.0,tony13@example.org
061074475520,Science,M,V3,7,2010-11-21 00:00:00,133.0,emanning@example.org
072213958414,Science,F,V1,7,2010-11-21 00:00:00,143.0,dpreston@example.net
039010552004,Science,M,V2,7,2010-11-21 00:00:00,116.0,nhall@example.net
016229300396,Science,F,V1,7,2010-11-21 00:00:00,132.0,rileyalyssa@example.com
089241514518,Science,M,V1,7,2010-11-21 00:00:00,138.0,whuerta@example.net
029579421626,Science,F,V2,7,2010-11-21 00:00:00,145.0,henry36@example.com
078300311222,Science,F,V2,7,2010-11-21 00:00:00,126.0,wellsjames@example.com
043865081697,Science,F,V3,7,2010-11-21 00:00:00,89.0,sunderwood@example.net
084810718778,Science,M,V2,7,2010-11-21 00:00:00,89.0,matthew14@example.net
029808636427,Science,F,V1,7,2010-11-21 00:00:00,88.0,wkennedy@example.net
020262824171,Science,M,V2,7,2010-11-21 00:00:00,122.0,cynthiaporter@example.org
080627786101,Science,M,V3,7,2010-11-21 00:00:00,133.0,badams@example.net
020465035955,Science,M,V1,7,2010-11-21 00:00:00,131.0,ymartin@example.com
059622780936,Science,M,V1,7,2010-11-21 00:00:00,76.0,reesechristopher@example.net
097873980089,Science,F,V2,7,2010-11-21 00:00:00,93.0,mwheeler@example.net
030665491417,Science,F,V2,7,2010-11-21 00:00:00,132.0,jevans@example.org
069538763343,Science,M,V3,7,2010-11-21 00:00:00,91.0,manuelherring@example.com
057334835434,Science,M,V3,7,2010-11-21 00:00:00,144.0,oguzman@example.org
098675933653,Science,M,V1,7,2010-11-21 00:00:00,94.0,lawsonalexander@example.org
056847891051,Science,M,V2,7,2010-11-21 00:00:00,81.0,katherinemiddleton@example.com
051266832565,Science,M,V1,7,2010-11-21 00:00:00,134.0,christopherwilson@example.org
088465711287,Science,M,V2,7,2010-11-21 00:00:00,91.0,kevinhiggins@example.org
045701640160,Science,M,V1,7,2010-11-21 00:00:00,124.0,thomas66@example.com
067603303245,Science,M,V2,7,2010-11-21 00:00:00,126.0,dsanchez@example.org
039806804244,Science,M,V1,7,2010-11-21 00:00:00,140.0,gregory71@example.net
045835307448,Science,F,V1,7,2010-11-21 00:00:00,130.0,wyattshea@example.org
096467260623,Science,M,V1,7,2010-11-21 00:00:00,144.0,griffithstuart@example.org
064174102904,Science,M,V1,7,2010-11-21 00:00:00,120.0,livingstondanielle@example.org
084707989570,Science,F,V2,7,2010-11-21 00:00:00,101.0,sarahlewis@example.org
082097416069,Science,M,V1,7,2010-11-21 00:00:00,81.0,katiejohnson@example.org
034857790163,Science,M,V2,7,2010-11-21 00:00:00,79.0,loweryjoshua@example.com
019622875544,Science,M,V1,7,2010-11-21 00:00:00,135.0,terrelldavid@example.net
039764836903,Science,F,V3,7,2010-11-21 00:00:00,137.0,usmith@example.org
040704964844,Science,M,V3,7,2010-11-21 00:00:00,137.0,steven41@example.org
066773869992,Science,F,V2,7,2010-11-21 00:00:00,99.0,icarpenter@example.com
038114222374,Science,M,V2,7,2010-11-21 00:00:00,131.0,martinthomas@example.net
098052080857,Science,M,V2,7,2010-11-21 00:00:00,142.0,hrodriguez@example.com
014252734671,Science,F,V1,7,2010-11-21 00:00:00,129.0,brendaduncan@example.com
070836502774,Science,M,V2,7,2010-11-21 00:00:00,138.0,stevenstephens@example.org
025815616699,Science,F,V2,7,2010-11-21 00:00:00,92.0,william30@example.org
061618670961,Science,X,V3,7,2010-11-21 00:00:00,137.0,john62@example.net
050405005912,Science,F,V2,7,2010-11-21 00:00:00,110.0,mary23@example.net
021849437280,Science,M,V3,7,2010-11-21 00:00:00,136.0,corey22@example.net
080871755109,Science,M,V2,7,2010-11-21 00:00:00,143.0,moralesjeffrey@example.net
040559428772,Science,F,V2,7,2010-11-21 00:00:00,140.0,allenhenry@example.net
089721200210,Science,F,V1,7,2010-11-21 00:00:00,128.0,brianburke@example.net
032884930805,Science,M,V2,7,2010-11-21 00:00:00,137.0,uandrade@example.com
035785937243,Science,M,V2,7,2010-11-21 00:00:00,143.0,aliciataylor@example.org
069809644248,Science,F,V3,7,2010-11-21 00:00:00,99.0,david44@example.org
079680515137,Science,F,V3,7,2010-11-21 00:00:00,,marymcintosh@example.com
013962785339,Science,F,V1,7,2010-11-21 00:00:00,144.0,tbaker@example.org
084202438761,Science,F,V3,7,2010-11-21 00:00:00,128.0,christine64@example.net
034982511248,Science,M,V2,7,2010-11-21 00:00:00,135.0,fergusonmichael@example.com
037428597530,Science,M,V3,7,2010-11-21 00:00:00,140.0,ronniemurray@example.com
037554877934,Science,F,V2,7,2010-11-21 00:00:00,87.0,ithornton@example.com
043934702778,Science,F,V1,7,2010-11-21 00:00:00,79.0,rebecca56@example.org
061950497007,Science,M,V1,7,2010-11-21 00:00:00,137.0,mandrews@example.net
072517567427,Science,M,V1,7,2010-11-21 00:00:00,148.0,nancy71@example.net
043767656070,Science,M,V1,7,2010-11-21 00:00:00,84.0,bpowers@example.org
030367264069,Science,M,V3,7,2010-11-21 00:00:00,132.0,cochranjoseph@example.org
089721200210,Science,F,V3,7,2010-11-21 00:00:00,124.0,moorejerry@example.net
097772922687,Science,M,V1,7,2010-11-21 00:00:00,87.0,zjames@example.org
049509339894,Science,M,V1,7,2010-11-21 00:00:00,91.0,burgesstiffany@example.net
011753221459,Science,M,V3,7,2010-11-21 00:00:00,127.0,monique62@example.org
071289277905,Science,M,V3,7,2010-11-21 00:00:00,93.0,bduarte@example.org
081317793434,Science,M,V2,7,2010-11-21 00:00:00,142.0,ntorres@example.com
090127194632,Science,M,V1,7,2010-11-21 00:00:00,128.0,caseywilcox@example.org
081564396926,Science,F,V3,7,2010-11-21 00:00:00,86.0,robertsonanne@example.net
054299822208,Science,F,V3,7,2010-11-21 00:00:00,147.0,austinknight@example.com
087572605624,Science,M,V3,7,2010-11-21 00:00:00,93.0,ericfuentes@example.com
057428123593,Science,F,V2,7,2010-11-21 00:00:00,139.0,youngrachel@example.net
090780680693,Science,M,V3,7,2010-11-21 00:00:00,140.0,ralphlove@example.com
067467489749,Science,M,V3,7,2010-11-21 00:00:00,97.0,lcrawford@example.net
069994021073,Science,M,V1,7,2010-11-21 00:00:00,130.0,michael71@example.org
039974983885,Science,F,V1,7,2010-11-21 00:00:00,105.0,dominique51@example.org
071263057353,Science,F,V2,7,2010-11-21 00:00:00,137.0,deannamason@example.com
072486318240,Science,M,V1,7,2010-11-21 00:00:00,138.0,douglasdana@example.net
011998104701,Science,M,V3,7,2010-11-21 00:00:00,118.0,obarker@example.com
019824575320,Science,F,V1,7,2010-11-21 00:00:00,126.0,sarah32@example.org
067236075052,Science,F,V3,7,2010-11-21 00:00:00,133.0,douglas91@example.net
081935659054,Science,F,V3,7,2010-11-21 00:00:00,95.0,craiggolden@example.org
010218957386,Science,F,V2,7,2010-11-21 00:00:00,146.0,andrewood@example.com
076651147824,Science,M,V2,7,2010-11-21 00:00:00,141.0,john17@example.org
088693085173,Science,F,V1,7,2010-11-21 00:00:00,96.0,jenniferlamb@example.net
045701640160,Science,F,V2,7,2010-11-21 00:00:00,121.0,timothy90@example.net
044098228441,Science,M,V3,7,2010-11-21 00:00:00,137.0,millermaria@example.net
073566484059,Science,M,V3,7,2010-11-21 00:00:00,135.0,efisher@example.com
075952206826,Science,M,V1,7,2010-11-21 00:00:00,134.0,matthewhernandez@example.com
036563555279,Science,F,V3,7,2010-11-21 00:00:00,92.0,hopkinsangela@example.org
010818203976,Science,M,V3,7,2010-11-21 00:00:00,135.0,denisegates@example.com
053231138512,Science,F,V3,7,2010-11-21 00:00:00,123.0,wjones@example.com
075219378325,Science,M,V2,7,2010-11-21 00:00:00,88.0,katherinemorris@example.net
038489889172,Science,F,V1,7,2010-11-21 00:00:00,98.0,bradlopez@example.net
080177985735,Science,F,V1,7,2010-11-21 00:00:00,87.0,fhoffman@example.com
037586378306,Science,F,V2,7,2010-11-21 00:00:00,143.0,alisonalvarez@example.com
047497493914,Science,F,V1,7,2010-11-21 00:00:00,93.0,mcohen@example.com
091842588331,Science,M,V2,7,2010-11-21 00:00:00,134.0,tallen@example.org
021905810782,Science,F,V2,7,2010-11-21 00:00:00,130.0,kberry@example.org
094674129136,Science,F,V2,7,2010-11-21 00:00:00,144.0,chloe11@example.net
072517567427,Science,M,V3,7,2010-11-21 00:00:00,140.0,williamwebster@example.com
014152185374,Science,X,V1,7,2010-11-21 00:00:00,127.0,lmurray@example.net
077960886288,Science,M,V1,7,2010-11-21 00:00:00,100.0,brendanmyers@example.org
033014173174,Science,F,V3,7,2010-11-21 00:00:00,118.0,alyssagarcia@example.net
012425825946,Science,M,V3,7,2010-11-21 00:00:00,132.0,masonmarisa@example.org
052406376545,Science,F,V3,7,2010-11-21 00:00:00,133.0,nielsencolleen@example.net
057052352390,Science,M,V3,7,2010-11-21 00:00:00,127.0,iansantiago@example.org
075170456893,Science,M,V2,7,2010-11-21 00:00:00,140.0,oscar55@example.org
010541327865,Science,M,V3,7,2010-11-21 00:00:00,128.0,jeffrey22@example.org
038306664381,Science,F,V3,7,2010-11-21 00:00:00,140.0,chad18@example.net
070369236713,Science,M,V3,7,2010-11-21 00:00:00,144.0,andersonmichele@example.net
028656107857,Science,F,V1,7,2010-11-21 00:00:00,83.0,patrick43@example.org
096438989997,Science,F,V2,7,2010-11-21 00:00:00,108.0,walshdaniel@example.com
087951102552,Science,F,V2,7,2010-11-21 00:00:00,134.0,cynthia93@example.org
080620306318,Science,M,V1,7,2010-11-21 00:00:00,120.0,richardmendoza@example.net
030760415964,Science,F,V3,7,2010-11-21 00:00:00,133.0,stanleykimberly@example.org
016725800768,Science,F,V1,7,2010-11-21 00:00:00,134.0,ccruz@example.org
098415927293,Science,M,V3,7,2010-11-21 00:00:00,84.0,andreahernandez@example.net
033045443717,Science,M,V2,7,2010-11-21 00:00:00,136.0,johnsonpatricia@example.com
060011554096,Science,M,V3,7,2010-11-21 00:00:00,125.0,javierhall@example.org
010756023635,Science,F,V1,7,2010-11-21 00:00:00,121.0,hoconnell@example.com
048093398761,Science,F,V1,7,2010-11-21 00:00:00,85.0,michaelarmstrong@example.com
077670707374,Science,M,V1,7,2010-11-21 00:00:00,90.0,williamcollins@example.com
015483560665,Science,M,V3,7,2010-11-21 00:00:00,140.0,david33@example.org
070708990963,Science,F,V3,7,2010-11-21 00:00:00,82.0,gillkaren@example.com
082635398535,Science,F,V3,7,2010-11-21 00:00:00,83.0,ygreen@example.com
053852560068,Science,F,V3,7,2010-11-21 00:00:00,140.0,moliver@example.com
032798166368,Science,F,V3,7,2010-11-21 00:00:00,137.0,xavierreyes@example.com
013150148282,Science,F,V2,7,2010-11-21 00:00:00,126.0,jasonjones@example.com
029900441702,Science,F,V1,7,2010-11-21 00:00:00,126.0,brandon71@example.com
061544004550,Science,M,V2,7,2010-11-21 00:00:00,127.0,victoria13@example.org
069809644248,Science,F,V3,7,2010-11-21 00:00:00,96.0,larsenjeffrey@example.org
090008157135,Science,F,V2,7,2010-11-21 00:00:00,123.0,salazarangela@example.com
088646878979,Science,F,V3,7,2010-11-21 00:00:00,112.0,owang@example.org
060592067157,Science,M,V1,7,2010-11-21 00:00:00,133.0,shawncampbell@example.org
063098024710,Science,F,V2,7,2010-11-21 00:00:00,128.0,lancegreene@example.org
098052080857,Science,F,V2,7,2010-11-21 00:00:00,144.0,ghenderson@example.net
015393912459,Science,M,V2,7,2010-11-21 00:00:00,85.0,anthony48@example.net
049995634377,Science,F,V3,7,2010-11-21 00:00:00,89.0,wvalenzuela@example.com
048148932100,Science,M,V3,7,2010-11-21 00:00:00,,jmarshall@example.net
061569890891,Science,F,V1,7,2010-11-21 00:00:00,100.0,wilsonjonathan@example.net
067374443312,Science,F,V1,7,2010-11-21 00:00:00,125.0,wisealbert@example.com
037298085717,Science,M,V1,7,2010-11-21 00:00:00,77.0,johnadams@example.net
071207026277,Science,F,V3,7,2010-11-21 00:00:00,126.0,hernandezjohn@example.com
045617047065,Science,F,V1,7,2010-11-21 00:00:00,135.0,jacquelinerandolph@example.org
072255477322,Science,M,V1,7,2010-11-21 00:00:00,139.0,thompsonkenneth@example.org
096423477271,Science,F,V2,7,2010-11-21 00:00:00,129.0,ryanbarton@example.com
096438989997,Science,F,V3,7,2010-11-21 00:00:00,106.0,lhicks@example.com
027831628469,Science,M,V3,7,2010-11-21 00:00:00,83.0,hillteresa@example.org
092919085164,Science,F,V2,7,2010-11-21 00:00:00,88.0,tburgess@example.com
050124280300,Science,M,V2,7,2010-11-21 00:00:00,113.0,iwood@example.com
087877143248,Science,F,V3,7,2010-11-21 00:00:00,81.0,marquezmichelle@example.net
043498834113,Science,F,V2,7,2010-11-21 00:00:00,134.0,gabriel20@example.org
088991285452,Science,F,V3,7,2010-11-21 00:00:00,89.0,nicholas68@example.net
092521609552,Science,F,V2,7,2010-11-21 00:00:00,138.0,ybryan@example.org
028656107857,Science,M,V3,7,2010-11-21 00:00:00,84.0,anneblackburn@example.org
061846214742,Science,M,V3,7,2010-11-21 00:00:00,133.0,irussell@example.net
068119989392,Science,F,V3,7,2010-11-21 00:00:00,97.0,andradeamy@example.net
091700081283,Science,F,V1,7,2010-11-21 00:00:00,126.0,kenneth34@example.net
057234057659,Science,X,V3,7,2010-11-21 00:00:00,142.0,jeffery37@example.com
073882977902,Science,F,V1,7,2010-11-21 00:00:00,84.0,fstone@example.com
032934041971,Science,M,V2,7,2010-11-21 00:00:00,133.0,david52@example.com
022828902778,Science,F,V1,7,2010-11-21 00:00:00,92.0,zlee@example.com
010805219304,Science,F,V1,7,2010-11-21 00:00:00,122.0,margaret42@example.org
039800235512,Science,M,V2,7,2010-11-21 00:00:00,133.0,michele46@example.net
059453130847,Science,F,V2,7,2010-11-21 00:00:00,138.0,rodriguezbrittany@example.net
091461586578,Science,F,V1,7,2010-11-21 00:00:00,99.0,bernard79@example.org
050674203613,Science,F,V1,7,2010-11-21 00:00:00,133.0,karen47@example.com
072786464805,Science,F,V2,7,2010-11-21 00:00:00,94.0,kyle56@example.org
063060610997,Science,M,V2,7,2010-11-21 00:00:00,137.0,gkaiser@example.com
015114280579,Science,M,V3,7,2010-11-21 00:00:00,135.0,paulamorris@example.net
055070441930,Science,F,V1,7,2010-11-21 00:00:00,129.0,lisalawrence@example.org
010265693975,Science,M,V1,7,2010-11-21 00:00:00,143.0,ramoschristopher@example.com
077670707374,Science,M,V1,7,2010-11-21 00:00:00,80.0,renee63@example.com
073017626722,Science,F,V3,7,2010-11-21 00:00:00,128.0,heidi11@example.org
029676186064,Science,F,V3,7,2010-11-21 00:00:00,91.0,timothymcdonald@example.net
044539705790,Science,M,V2,7,2010-11-21 00:00:00,146.0,rrodriguez@example.org
085091763340,Science,M,V3,7,2010-11-21 00:00:00,136.0,kathleenfox@example.org
069154823393,Science,F,V3,7,2010-11-21 00:00:00,140.0,michele18@example.com
042279174480,Science,F,V1,7,2010-11-21 00:00:00,133.0,hooverchloe@example.com
016235099036,Science,F,V1,7,2010-11-21 00:00:00,131.0,watersgregory@example.org
018978452471,Science,F,V3,7,2010-11-21 00:00:00,88.0,hernandezmary@example.org
081930817719,Science,F,V2,7,2010-11-21 00:00:00,81.0,helen07@example.com
011653214516,Science,M,V2,7,2010-11-21 00:00:00,128.0,xfisher@example.com
096145837952,Science,F,V3,7,2010-11-21 00:00:00,93.0,rnielsen@example.org
037123103564,Science,F,V3,7,2010-11-21 00:00:00,114.0,prattemily@example.org
011311393948,Science,M,V2,7,2010-11-21 00:00:00,125.0,melissasimpson@example.org
026906457870,Science,F,V3,7,2010-11-21 00:00:00,85.0,joseph68@example.net
048282764673,Science,M,V2,7,2010-11-21 00:00:00,135.0,dbuckley@example.org
077226342904,Science,M,V3,7,2010-11-21 00:00:00,133.0,twright@example.net
065978259111,Science,M,V3,7,2010-11-21 00:00:00,81.0,zgonzalez@example.org
038165645211,Science,F,V3,7,2010-11-21 00:00:00,129.0,alove@example.com
037126443162,Science,F,V2,7,2010-11-21 00:00:00,130.0,williamsclinton@example.org
037126443162,Science,M,V2,7,2010-11-21 00:00:00,132.0,holdengeorge@example.org
022802721985,Science,F,V3,7,2010-11-21 00:00:00,127.0,johnsonlisa@example.com
044746858722,Science,M,V2,7,2010-11-21 00:00:00,94.0,melanie66@example.com
054261370018,Science,M,V2,7,2010-11-21 00:00:00,129.0,kristaross@example.org
013463640652,Science,F,V3,7,2010-11-21 00:00:00,120.0,garciapatrick@example.com
021849437280,Science,M,V3,7,2010-11-21 00:00:00,131.0,gloria94@example.net
091112872560,Science,F,V1,7,2010-11-21 00:00:00,128.0,fmartinez@example.org
048593784843,Science,F,V1,7,2010-11-21 00:00:00,89.0,rwalker@example.org
078507644312,Science,M,V3,7,2010-11-21 00:00:00,136.0,qclark@example.org
051549105680,Science,M,V2,7,2010-11-21 00:00:00,137.0,joanwebster@example.org
080708153309,Science,X,V3,7,2010-11-21 00:00:00,133.0,tony39@example.com
037572819172,Science,F,V3,7,2010-11-21 00:00:00,137.0,awhitaker@example.com
028038369847,Science,F,V2,7,2010-11-21 00:00:00,98.0,michaelking@example.org
064949062388,Science,F,V1,7,2010-11-21 00:00:00,148.0,tiffanycline@example.net
079873996924,Science,M,V2,7,2010-11-21 00:00:00,103.0,johnmiller@example.org
088902486833,Science,F,V1,7,2010-11-21 00:00:00,93.0,laurawilliams@example.org
039866029135,Science,F,V3,7,2010-11-21 00:00:00,141.0,edward87@example.org
042856356845,Science,M,V1,7,2010-11-21 00:00:00,82.0,colemanlisa@example.net
088893192088,Science,F,V1,7,2010-11-21 00:00:00,94.0,floresmatthew@example.net
030324513138,Science,F,V3,7,2010-11-21 00:00:00,124.0,tperez@example.org
039111727412,Science,F,V2,7,2010-11-21 00:00:00,132.0,whamilton@example.org
057050863336,Science,F,V1,7,2010-11-21 00:00:00,138.0,wmoreno@example.com
023850557365,Science,F,V1,7,2010-11-21 00:00:00,137.0,jamesprince@example.org
097037844861,Science,X,V1,7,2010-11-21 00:00:00,90.0,daybrian@example.org
083493367836,Science,M,V2,7,2010-11-21 00:00:00,87.0,ybond@example.net
084810718778,Science,M,V3,7,2010-11-21 00:00:00,80.0,toddphillips@example.com
064744246229,Science,F,V1,7,2010-11-21 00:00:00,142.0,tgilbert@example.org
076931994493,Science,F,V1,7,2010-11-21 00:00:00,89.0,jonathangarcia@example.org
014501562336,Science,F,V1,7,2010-11-21 00:00:00,123.0,meganbrown@example.com
051148361166,Science,M,V1,7,2010-11-21 00:00:00,136.0,murraybrooke@example.net
073362473890,Science,F,V2,7,2010-11-21 00:00:00,137.0,teresaarnold@example.org
028462184001,Science,M,V3,7,2010-11-21 00:00:00,126.0,mclaughlincandace@example.com
047735352519,Science,F,V1,7,2010-11-21 00:00:00,144.0,richardball@example.net
035741056728,Science,M,V2,7,2010-11-21 00:00:00,130.0,kristin28@example.net
022889623800,Science,F,V2,7,2010-11-21 00:00:00,129.0,lewisamanda@example.com
043164613273,Science,M,V2,7,2010-11-21 00:00:00,123.0,justin80@example.net
029854278650,Science,M,V2,7,2010-11-21 00:00:00,86.0,sclark@example.org
049791939598,Science,F,V1,7,2010-11-21 00:00:00,104.0,susanblair@example.net
087253927739,Science,M,V3,7,2010-11-21 00:00:00,93.0,michellegonzales@example.org
048252797179,Science,M,V2,7,2010-11-21 00:00:00,87.0,christianblack@example.org
025529927285,Science,M,V2,7,2010-11-21 00:00:00,142.0,jillatkins@example.net
063932308623,Science,M,V2,7,2010-11-21 00:00:00,130.0,holmesvictoria@example.net
085244487749,Science,F,V3,7,2010-11-21 00:00:00,91.0,marktucker@example.com
066176699920,Science,F,V1,7,2010-11-21 00:00:00,98.0,zreyes@example.org
039197516894,Science,M,V3,7,2010-11-21 00:00:00,93.0,nsimon@example.org
087074885753,Science,M,V2,7,2010-11-21 00:00:00,90.0,deborahshelton@example.net
084563187753,Science,M,V2,7,2010-11-21 00:00:00,88.0,jennifer74@example.net
066341192950,Science,M,V3,7,2010-11-21 00:00:00,129.0,justin81@example.com
090661832932,Science,F,V3,7,2010-11-21 00:00:00,138.0,tclay@example.net
030555980348,Science,F,V2,7,2010-11-21 00:00:00,144.0,melissa09@example.org
051179103416,Science,M,V2,7,2010-11-21 00:00:00,131.0,russelltina@example.org
038320708506,Science,M,V3,7,2010-11-21 00:00:00,129.0,garyparsons@example.net
050696982806,Science,F,V1,7,2010-11-21 00:00:00,93.0,davidwilson@example.net
032329076044,Science,F,V2,7,2010-11-21 00:00:00,131.0,jamie15@example.com
088952692400,Science,M,V1,7,2010-11-21 00:00:00,140.0,gravesrenee@example.com
038114222374,Science,M,V1,7,2010-11-21 00:00:00,125.0,davidshelton@example.net
072213958414,Science,F,V1,7,2010-11-21 00:00:00,143.0,ashleyfarley@example.net
046183184411,Science,F,V1,7,2010-11-21 00:00:00,127.0,jonathan90@example.com
064519890797,Science,M,V1,7,2010-11-21 00:00:00,89.0,justinmayer@example.com
038982796299,Science,F,V3,7,2010-11-21 00:00:00,97.0,normanrick@example.net
041329001205,Science,F,V3,7,2010-11-21 00:00:00,110.0,ucollins@example.org
088401767461,Science,F,V1,7,2010-11-21 00:00:00,82.0,wgreen@example.org
081308514295,Science,M,V3,7,2010-11-21 00:00:00,133.0,kristi41@example.net
069834966244,Science,M,V1,7,2010-11-21 00:00:00,84.0,jenniferbrooks@example.com
076651147824,Science,F,V3,7,2010-11-21 00:00:00,136.0,fmedina@example.com
081700257597,Science,M,V2,7,2010-11-21 00:00:00,135.0,pnorris@example.net
083818188308,Science,F,V3,7,2010-11-21 00:00:00,78.0,acampbell@example.com
088984782727,Science,X,V3,7,2010-11-21 00:00:00,104.0,david59@example.com
071289277905,Science,F,V3,7,2010-11-21 00:00:00,86.0,luis62@example.net
089061573893,Science,F,V2,7,2010-11-21 00:00:00,89.0,elizabethmcdonald@example.com
076055406011,Science,F,V3,7,2010-11-21 00:00:00,123.0,rebecca93@example.net
015483560665,Science,M,V3,7,2010-11-21 00:00:00,142.0,carrollpeter@example.com
032891326778,Science,M,V2,7,2010-11-21 00:00:00,142.0,katiesanchez@example.net
053074475908,Science,M,V2,7,2010-11-21 00:00:00,139.0,alexander64@example.com
063932308623,Science,F,V3,7,2010-11-21 00:00:00,131.0,egallegos@example.net
062503077625,Science,M,V2,7,2010-11-21 00:00:00,140.0,guzmanjames@example.com
070763153241,Science,M,V2,7,2010-11-21 00:00:00,127.0,barbarascott@example.org
040332394228,Science,M,V2,7,2010-11-21 00:00:00,124.0,burtonelizabeth@example.com
018953113726,Science,F,V2,7,2010-11-21 00:00:00,141.0,richard13@example.org
050710512158,Science,F,V3,7,2010-11-21 00:00:00,124.0,jessicawhite@example.net
076744716689,Science,F,V3,7,2010-11-21 00:00:00,100.0,megan81@example.net
085416570330,Science,M,V2,7,2010-11-21 00:00:00,137.0,xdodson@example.org
010445371164,Science,M,V1,7,2010-11-21 00:00:00,123.0,wilsonlisa@example.net
054045219150,Science,F,V2,7,2010-11-21 00:00:00,127.0,ryanparker@example.com
023866305140,Science,F,V3,7,2010-11-21 00:00:00,129.0,masonjeanette@example.com
075144033914,Science,F,V3,7,2010-11-21 00:00:00,129.0,stewartpedro@example.net
065339097204,Science,F,V2,7,2010-11-21 00:00:00,135.0,barreragregory@example.org
017217880938,Science,F,V3,7,2010-11-21 00:00:00,87.0,xhatfield@example.net
024991855057,Science,F,V2,7,2010-11-21 00:00:00,147.0,anna38@example.org
076112061694,Science,M,V3,7,2010-11-21 00:00:00,130.0,kolson@example.org
028449745321,Science,M,V3,7,2010-11-21 00:00:00,137.0,qgriffith@example.net
053284245601,Science,M,V1,7,2010-11-21 00:00:00,132.0,qbird@example.com
025628726305,Science,X,V2,7,2010-11-21 00:00:00,136.0,edaniel@example.com
025025735719,Science,X,V3,7,2010-11-21 00:00:00,134.0,austin38@example.net
076385104908,Science,F,V3,7,2010-11-21 00:00:00,134.0,cassandra35@example.net
098127956768,Science,F,V1,7,2010-11-21 00:00:00,97.0,wcochran@example.net
082026200820,Science,M,V1,7,2010-11-21 00:00:00,122.0,kimgibbs@example.org
028138193916,Science,M,V3,7,2010-11-21 00:00:00,82.0,rosborn@example.com
089212253099,Science,M,V1,7,2010-11-21 00:00:00,136.0,masonchristopher@example.org
011753221459,Science,F,V2,7,2010-11-21 00:00:00,132.0,hjefferson@example.org
040763420874,Science,F,V2,7,2010-11-21 00:00:00,133.0,sarah78@example.com
047514080058,Science,F,V3,7,2010-11-21 00:00:00,130.0,ochoasamuel@example.net
068119989392,Science,M,V1,7,2010-11-21 00:00:00,94.0,davidcampbell@example.com
048148932100,Science,F,V2,7,2010-11-21 00:00:00,130.0,boydheather@example.net
070609208930,Science,M,V3,7,2010-11-21 00:00:00,133.0,agreen@example.org
034578554203,Science,M,V2,7,2010-11-21 00:00:00,133.0,beth22@example.org
044326479309,Science,F,V3,7,2010-11-21 00:00:00,140.0,cmack@example.net
031695470890,Science,F,V1,7,2010-11-21 00:00:00,139.0,vgeorge@example.org
087556076957,Science,F,V2,7,2010-11-21 00:00:00,87.0,johnmercado@example.com
077919483736,Science,F,V1,7,2010-11-21 00:00:00,87.0,sheilapreston@example.org
015537865299,Science,M,V3,7,2010-11-21 00:00:00,83.0,brownmonica@example.org
063314716444,Science,F,V1,7,2010-11-21 00:00:00,136.0,pamela91@example.com
061162732228,Science,M,V1,7,2010-11-21 00:00:00,128.0,manntyler@example.com
046950781578,Science,F,V3,7,2010-11-21 00:00:00,96.0,qcampbell@example.com
022394288076,Science,M,V2,7,2010-11-21 00:00:00,135.0,daviesjustin@example.com
088902486833,Science,X,V2,7,2010-11-21 00:00:00,87.0,pricekevin@example.com
029108518918,Science,M,V3,7,2010-11-21 00:00:00,131.0,gabrielclark@example.net
093658388976,Science,F,V1,7,2010-11-21 00:00:00,99.0,amyweber@example.net
023418073102,Science,F,V2,7,2010-11-21 00:00:00,119.0,sarahsmith@example.net
046183184411,Science,M,V1,7,2010-11-21 00:00:00,126.0,michelerussell@example.net
066442272452,Science,F,V2,7,2010-11-21 00:00:00,126.0,jonesthomas@example.net
031149771912,Science,M,V2,7,2010-11-21 00:00:00,137.0,chensara@example.net
059769629737,Science,F,V2,7,2010-11-21 00:00:00,97.0,walterchristine@example.org
023775653575,Science,M,V3,7,2010-11-21 00:00:00,85.0,morganvaldez@example.org
066408366952,Science,M,V2,7,2010-11-21 00:00:00,144.0,andersonjill@example.net
011924346025,Science,F,V3,7,2010-11-21 00:00:00,129.0,nicholasclarke@example.org
099375264074,Science,F,V2,7,2010-11-21 00:00:00,140.0,aprilowens@example.org
024137928457,Science,F,V1,7,2010-11-21 00:00:00,138.0,nathan51@example.org
035931414002,Science,M,V2,7,2010-11-21 00:00:00,121.0,fredjohnson@example.net
050256663435,Science,M,V1,7,2010-11-21 00:00:00,132.0,lisacampbell@example.com
047405426284,Science,F,V3,7,2010-11-21 00:00:00,138.0,moralesrandall@example.net
021884031456,Science,F,V2,7,2010-11-21 00:00:00,140.0,claudiafernandez@example.org
036187008357,Science,F,V3,7,2010-11-21 00:00:00,136.0,williamsjohn@example.org
032046904858,Science,F,V2,7,2010-11-21 00:00:00,142.0,philipfernandez@example.net
044890752966,Science,M,V1,7,2010-11-21 00:00:00,88.0,pthomas@example.com
069938093639,Science,M,V1,7,2010-11-21 00:00:00,97.0,johnfranklin@example.org
031792482645,Science,M,V2,7,2010-11-21 00:00:00,138.0,thomas46@example.org
095369258925,Science,F,V1,7,2010-11-21 00:00:00,88.0,qmartin@example.net
076141754841,Science,M,V2,7,2010-11-21 00:00:00,129.0,pcole@example.org
037265895234,Science,M,V3,7,2010-11-21 00:00:00,134.0,amanda07@example.org
097983610992,Science,F,V2,7,2010-11-21 00:00:00,85.0,vdougherty@example.com
036187008357,Science,M,V2,7,2010-11-21 00:00:00,138.0,sergio59@example.net
014687645459,Science,M,V2,7,2010-11-21 00:00:00,93.0,ricardo77@example.net
067356730942,Science,F,V1,7,2010-11-21 00:00:00,132.0,ibrennan@example.net
013033568006,Science,F,V3,7,2010-11-21 00:00:00,120.0,welchadrian@example.net
032383903140,Science,M,V1,7,2010-11-21 00:00:00,123.0,rachelcooper@example.net
011653214516,Science,F,V1,7,2010-11-21 00:00:00,123.0,patricia72@example.net
022839146058,Science,F,V1,7,2010-11-21 00:00:00,133.0,jennifersmith@example.com
047405426284,Science,F,V1,7,2010-11-21 00:00:00,140.0,umercer@example.org
019847371177,Science,F,V3,7,2010-11-21 00:00:00,90.0,thompsonolivia@example.net
038306664381,Science,F,V3,7,2010-11-21 00:00:00,139.0,johnsonalisha@example.net
034017578783,Science,F,V1,7,2010-11-21 00:00:00,138.0,aprilberger@example.net
097261748092,Science,M,V2,7,2010-11-21 00:00:00,88.0,kyletucker@example.org
091648816705,Science,F,V2,7,2010-11-21 00:00:00,80.0,burtonjustin@example.org
034578554203,Science,F,V1,7,2010-11-21 00:00:00,129.0,faustin@example.com
043250768763,Science,M,V2,7,2010-11-21 00:00:00,133.0,gvang@example.net
047514080058,Science,M,V1,7,2010-11-21 00:00:00,128.0,kbeasley@example.com
061019262887,Science,M,V3,7,2010-11-21 00:00:00,140.0,cmccarthy@example.org
011518691719,Science,M,V2,7,2010-11-21 00:00:00,140.0,osmith@example.net
030078865729,Science,F,V1,7,2010-11-21 00:00:00,78.0,vharvey@example.org
097551976576,Science,M,V3,7,2010-11-21 00:00:00,98.0,bowersthomas@example.com
080168028275,Science,F,V1,7,2010-11-21 00:00:00,129.0,elizabeth21@example.com
019344055589,Science,F,V1,7,2010-11-21 00:00:00,94.0,shelleyglenn@example.com
093679499115,Science,F,V1,7,2010-11-21 00:00:00,95.0,edward28@example.net
047187368437,Science,M,V3,7,2010-11-21 00:00:00,97.0,hernandezjasmine@example.net
032959043409,Science,F,V3,7,2010-11-21 00:00:00,134.0,thomasjackson@example.net
082721504740,Science,M,V3,7,2010-11-21 00:00:00,128.0,smithlinda@example.org
024211003974,Science,M,V3,7,2010-11-21 00:00:00,120.0,gutierrezcarrie@example.org
034714619115,Science,F,V3,7,2010-11-21 00:00:00,134.0,zhopkins@example.com
027570784241,Science,F,V1,7,2010-11-21 00:00:00,138.0,kmiller@example.com
050276887501,Science,M,V2,7,2010-11-21 00:00:00,131.0,leeheather@example.com
041585545011,Science,F,V1,7,2010-11-21 00:00:00,131.0,susan93@example.net
048526226984,Science,M,V3,7,2010-11-21 00:00:00,90.0,jaredclark@example.org
082559748325,Science,F,V2,7,2010-11-21 00:00:00,97.0,desiree44@example.com
041850360702,Science,F,V3,7,2010-11-21 00:00:00,126.0,maryvaughan@example.org
013089539381,Science,M,V2,7,2010-11-21 00:00:00,135.0,tbrown@example.net
089978035582,Science,M,V2,7,2010-11-21 00:00:00,99.0,wfowler@example.org
049325355612,Science,M,V2,7,2010-11-21 00:00:00,139.0,david25@example.org
091780464514,Science,F,V2,7,2010-11-21 00:00:00,142.0,zjohnson@example.com
031806763990,Science,M,V1,7,2010-11-21 00:00:00,137.0,wesleyboyd@example.net
089061573893,Science,F,V1,7,2010-11-21 00:00:00,88.0,michellerodriguez@example.com
072099959247,Science,F,V3,7,2010-11-21 00:00:00,96.0,hayesjason@example.org
038379480657,Science,F,V1,7,2010-11-21 00:00:00,94.0,cortezrose@example.com
023830861493,Science,F,V1,7,2010-11-21 00:00:00,135.0,castropaul@example.org
015247734797,Science,M,V2,7,2010-11-21 00:00:00,146.0,ejacobs@example.org
061877300502,Science,M,V3,7,2010-11-21 00:00:00,118.0,smcintosh@example.org
098675933653,Science,M,V2,7,2010-11-21 00:00:00,99.0,jamie75@example.com
013941687196,Science,F,V1,7,2010-11-21 00:00:00,144.0,hurleylinda@example.com
044647639218,Science,M,V1,7,2010-11-21 00:00:00,90.0,jorgesantos@example.com
034089208191,Science,F,V2,7,2010-11-21 00:00:00,124.0,melissa13@example.org
016725800768,Science,M,V1,7,2010-11-21 00:00:00,136.0,victortaylor@example.com
069196139703,Science,M,V1,7,2010-11-21 00:00:00,143.0,hpoole@example.com
018030008035,Science,F,V3,7,2010-11-21 00:00:00,114.0,ahayes@example.net
049465512979,Science,F,V1,7,2010-11-21 00:00:00,86.0,danny00@example.org
075743809136,Science,M,V1,7,2010-11-21 00:00:00,131.0,megan12@example.org
094837812916,Science,M,V2,7,2010-11-21 00:00:00,88.0,ramirezmichelle@example.com
063206197476,Science,M,V3,7,2010-11-21 00:00:00,136.0,sharon41@example.org
071148422025,Science,M,V3,7,2010-11-21 00:00:00,128.0,kimberly11@example.org
030413544194,Science,F,V1,7,2010-11-21 00:00:00,123.0,michaelramirez@example.org
063778807911,Science,F,V2,7,2010-11-21 00:00:00,146.0,maureen76@example.net
065589583251,Science,M,V2,7,2010-11-21 00:00:00,88.0,edwardwhite@example.com
098701669154,Science,M,V1,7,2010-11-21 00:00:00,140.0,richardsjohn@example.net
066235716396,Science,M,V2,7,2010-11-21 00:00:00,137.0,tuckerpaul@example.net
072112757355,Science,F,V3,7,2010-11-21 00:00:00,132.0,smullen@example.org
058848677273,Science,F,V1,7,2010-11-21 00:00:00,82.0,michael61@example.net
074949029932,Science,M,V3,7,2010-11-21 00:00:00,91.0,armstrongemma@example.org
076860272972,Science,F,V3,7,2010-11-21 00:00:00,140.0,jdickson@example.net
037360508133,Science,F,V1,7,2010-11-21 00:00:00,120.0,megan84@example.org
021804846530,Science,F,V2,7,2010-11-21 00:00:00,134.0,andrewmueller@example.net
022234629305,Science,F,V1,7,2010-11-21 00:00:00,126.0,emily22@example.org
076931994493,Science,M,V2,7,2010-11-21 00:00:00,96.0,kenneththompson@example.net
094931203437,Science,F,V3,7,2010-11-21 00:00:00,136.0,zdiaz@example.org
049217949663,Science,M,V1,7,2010-11-21 00:00:00,83.0,ihall@example.net
021779259440,Science,M,V3,7,2010-11-21 00:00:00,139.0,davidmann@example.net
099087302897,Science,F,V2,7,2010-11-21 00:00:00,98.0,amanda09@example.com
059092660488,Science,F,V3,7,2010-11-21 00:00:00,140.0,coxjoshua@example.com
047761469501,Science,M,V1,7,2010-11-21 00:00:00,139.0,wrightthomas@example.org
057497650521,Science,F,V3,7,2010-11-21 00:00:00,138.0,kathygrant@example.net
093669928610,Science,M,V3,7,2010-11-21 00:00:00,90.0,hpruitt@example.com
096802241687,Science,M,V3,7,2010-11-21 00:00:00,139.0,zcarter@example.org
088591206518,Science,M,V3,7,2010-11-21 00:00:00,136.0,victoria67@example.org
090826364902,Science,M,V1,7,2010-11-21 00:00:00,145.0,charlesharris@example.org
071849896170,Science,M,V2,7,2010-11-21 00:00:00,86.0,powelljonathon@example.org
064679097141,Science,M,V2,7,2010-11-21 00:00:00,83.0,mclaughlinsteven@example.net
018194492545,Science,F,V3,7,2010-11-21 00:00:00,141.0,smithaimee@example.com
053887976164,Science,F,V1,7,2010-11-21 00:00:00,87.0,kara05@example.net
053058294222,Science,F,V1,7,2010-11-21 00:00:00,126.0,chanapril@example.com
086077657619,Science,F,V2,7,2010-11-21 00:00:00,91.0,twilliams@example.com
086653054335,Science,F,V3,7,2010-11-21 00:00:00,134.0,christophercompton@example.net
083909687596,Science,F,V2,7,2010-11-21 00:00:00,107.0,tranadrian@example.org
065160914308,Science,M,V3,7,2010-11-21 00:00:00,134.0,ray84@example.org
044662312276,Science,F,V3,7,2010-11-21 00:00:00,132.0,tthomas@example.org
013377903240,Science,M,V3,7,2010-11-21 00:00:00,136.0,moonwendy@example.org
066341192950,Science,F,V1,7,2010-11-21 00:00:00,127.0,tammylewis@example.org
040928153835,Science,M,V1,7,2010-11-21 00:00:00,136.0,williamblevins@example.com
025551482987,Science,F,V1,7,2010-11-21 00:00:00,148.0,turnerangela@example.net
082547263618,Science,M,V1,7,2010-11-21 00:00:00,81.0,richardwilson@example.org
096528377161,Science,F,V2,7,2010-11-21 00:00:00,90.0,bonniegraves@example.net
047622873728,Science,M,V3,7,2010-11-21 00:00:00,84.0,dbrown@example.net
087870078095,Science,F,V2,7,2010-11-21 00:00:00,84.0,williamsterri@example.org
013312642784,Science,M,V3,7,2010-11-21 00:00:00,128.0,maria60@example.net
032757249191,Science,M,V2,7,2010-11-21 00:00:00,137.0,jillscott@example.org
035831854928,Science,M,V2,7,2010-11-21 00:00:00,142.0,mcgeedana@example.net
026654901025,Science,M,V2,7,2010-11-21 00:00:00,123.0,ozimmerman@example.org
072217070506,Science,M,V2,7,2010-11-21 00:00:00,127.0,shieldsryan@example.com
033344135150,Science,M,V2,7,2010-11-21 00:00:00,130.0,powersanthony@example.com
040488103244,Science,M,V3,7,2010-11-21 00:00:00,122.0,qgilmore@example.com
019944946973,Science,F,V1,7,2010-11-21 00:00:00,92.0,mercedes39@example.net
063187392095,Science,M,V2,7,2010-11-21 00:00:00,139.0,lynchronald@example.com
041600483955,Science,M,V3,7,2010-11-21 00:00:00,133.0,fwalker@example.org
038441972105,Science,M,V1,7,2010-11-21 00:00:00,136.0,santiagokristen@example.com
081962892530,Science,M,V3,7,2010-11-21 00:00:00,134.0,bsmith@example.com
016998062521,Science,F,V1,7,2010-11-21 00:00:00,132.0,kellyjohnson@example.org
024474647606,Science,M,V2,7,2010-11-21 00:00:00,137.0,qdyer@example.com
063802067918,Science,F,V2,7,2010-11-21 00:00:00,141.0,umendez@example.org
058811346381,Science,F,V3,7,2010-11-21 00:00:00,140.0,ybrown@example.net
010459838764,Science,M,V2,7,2010-11-21 00:00:00,139.0,wendyramirez@example.org
076656623737,Science,F,V2,7,2010-11-21 00:00:00,84.0,shawngomez@example.org
013886527095,Science,F,V2,7,2010-11-21 00:00:00,135.0,jamestaylor@example.com
028675666403,Science,M,V1,7,2010-11-21 00:00:00,93.0,carl65@example.com
070244623123,Science,M,V2,7,2010-11-21 00:00:00,124.0,johnsonmartha@example.org
053619480864,Science,F,V3,7,2010-11-21 00:00:00,82.0,amybaker@example.org
076931994493,Science,M,V2,7,2010-11-21 00:00:00,93.0,arobertson@example.org
087434007951,Science,F,V3,7,2010-11-21 00:00:00,135.0,cooktheresa@example.net
024780223641,Science,F,V2,7,2010-11-21 00:00:00,128.0,cooperbrandi@example.org
082901309321,Science,F,V3,7,2010-11-21 00:00:00,122.0,christina85@example.org
096140793652,Science,M,V1,7,2010-11-21 00:00:00,143.0,victoria61@example.com
020177802155,Science,M,V3,7,2010-11-21 00:00:00,117.0,isaiah91@example.com
014556869867,Science,M,V2,7,2010-11-21 00:00:00,98.0,zchavez@example.com
027090568300,Science,M,V1,7,2010-11-21 00:00:00,129.0,edward65@example.org
011924346025,Science,F,V1,7,2010-11-21 00:00:00,128.0,georgeavila@example.net
010189875294,Science,F,V2,7,2010-11-21 00:00:00,143.0,jessica75@example.net
057963280128,Science,M,V3,7,2010-11-21 00:00:00,134.0,kclark@example.net
031345022691,Science,M,V2,7,2010-11-21 00:00:00,117.0,xstafford@example.org
056453568093,Science,M,V2,7,2010-11-21 00:00:00,92.0,uclark@example.org
054633430883,Science,M,V3,7,2010-11-21 00:00:00,143.0,marybryant@example.org
033557552310,Science,M,V3,7,2010-11-21 00:00:00,125.0,igibson@example.com
082001894881,Science,F,V1,7,2010-11-21 00:00:00,129.0,qreyes@example.net
068604590987,Science,F,V2,7,2010-11-21 00:00:00,92.0,nunezkaren@example.org
030324513138,Science,M,V2,7,2010-11-21 00:00:00,121.0,katrina07@example.net
039886248031,Science,M,V2,7,2010-11-21 00:00:00,136.0,ogray@example.com
030807245060,Science,F,V1,7,2010-11-21 00:00:00,121.0,hillfrank@example.com
019192345976,Science,M,V3,7,2010-11-21 00:00:00,88.0,ztyler@example.net
081872282782,Science,M,V3,7,2010-11-21 00:00:00,139.0,teresa02@example.org
076385104908,Science,F,V1,7,2010-11-21 00:00:00,135.0,nnorris@example.org
056746321613,Science,F,V2,7,2010-11-21 00:00:00,123.0,obrown@example.com
038055820121,Science,M,V3,7,2010-11-21 00:00:00,115.0,nfuentes@example.net
076112061694,Science,M,V3,7,2010-11-21 00:00:00,129.0,katherine87@example.net
076268194260,Science,F,V3,7,2010-11-21 00:00:00,145.0,ryan28@example.net
071320022619,Science,M,V3,7,2010-11-21 00:00:00,122.0,cameron09@example.net
030760415964,Science,F,V1,7,2010-11-21 00:00:00,127.0,jacquelinenichols@example.com
015671378643,Science,F,V1,7,2010-11-21 00:00:00,134.0,webbdana@example.com
035958259646,Science,F,V3,7,2010-11-21 00:00:00,96.0,johnsellen@example.org
071164297522,Science,M,V1,7,2010-11-21 00:00:00,136.0,richardlewis@example.com
050760869345,Science,M,V1,7,2010-11-21 00:00:00,141.0,kellerveronica@example.org
082721504740,Science,M,V3,7,2010-11-21 00:00:00,125.0,amberrussell@example.net
053048518063,Science,M,V3,7,2010-11-21 00:00:00,129.0,esanders@example.com
014556869867,Science,F,V1,7,2010-11-21 00:00:00,93.0,timothyray@example.com
052519266919,Science,F,V2,7,2010-11-21 00:00:00,141.0,andrewkim@example.org
087371982446,Science,M,V1,7,2010-11-21 00:00:00,89.0,nicholas38@example.org
072213958414,Science,F,V1,7,2010-11-21 00:00:00,135.0,vrichardson@example.com
039043331205,Science,F,V2,7,2010-11-21 00:00:00,113.0,paulashields@example.net
053619480864,Science,F,V1,7,2010-11-21 00:00:00,90.0,skelley@example.com
098875619485,Science,F,V1,7,2010-11-21 00:00:00,103.0,wolfesusan@example.org
039720139165,Science,M,V3,7,2010-11-21 00:00:00,123.0,julie53@example.com
056631752458,Science,M,V3,7,2010-11-21 00:00:00,138.0,zavalajason@example.com
038654144786,Science,F,V1,7,2010-11-21 00:00:00,136.0,stevengonzales@example.com
097919766045,Science,F,V3,7,2010-11-21 00:00:00,88.0,catherinesanchez@example.com
088211012877,Science,M,V1,7,2010-11-21 00:00:00,138.0,walkerbryan@example.org
094465937501,Science,M,V2,7,2010-11-21 00:00:00,139.0,xhall@example.org
056533842476,Science,M,V3,7,2010-11-21 00:00:00,89.0,staceyrich@example.org
059683347965,Science,M,V2,7,2010-11-21 00:00:00,91.0,shawrichard@example.net
013343879404,Science,F,V2,7,2010-11-21 00:00:00,135.0,greenjessica@example.net
071472379813,Science,M,V1,7,2010-11-21 00:00:00,137.0,peterjones@example.com
033525309700,Science,M,V1,7,2010-11-21 00:00:00,134.0,brian74@example.org
096802241687,Science,M,V1,7,2010-11-21 00:00:00,143.0,ymartin@example.com
077007055186,Science,M,V1,7,2010-11-21 00:00:00,139.0,christopherfrank@example.net
083183040369,Science,F,V2,7,2010-11-21 00:00:00,141.0,nicole47@example.org
055644999554,Science,F,V2,7,2010-11-21 00:00:00,91.0,timothymendez@example.com
040559428772,Science,M,V1,7,2010-11-21 00:00:00,136.0,fsmith@example.org
054457949104,Science,F,V2,7,2010-11-21 00:00:00,131.0,sweeneymelissa@example.org
019538503085,Science,F,V2,7,2010-11-21 00:00:00,137.0,michaelkatherine@example.net
041850360702,Science,F,V2,7,2010-11-21 00:00:00,119.0,roberthoffman@example.org
024753135906,Science,F,V2,7,2010-11-21 00:00:00,139.0,zwoodward@example.org
015387356500,Science,F,V3,7,2010-11-21 00:00:00,134.0,jamie68@example.com
037298085717,Science,M,V3,7,2010-11-21 00:00:00,90.0,carterjoseph@example.net
091847125343,Science,M,V1,7,2010-11-21 00:00:00,131.0,allisonkelly@example.net
028138193916,Science,F,V2,7,2010-11-21 00:00:00,79.0,millertracey@example.com
090654985233,Science,F,V1,7,2010-11-21 00:00:00,81.0,ycameron@example.net
088893192088,Science,X,V2,7,2010-11-21 00:00:00,94.0,parsonsjoshua@example.org
041419658404,Science,F,V1,7,2010-11-21 00:00:00,130.0,benjamin97@example.net
019070602544,Science,F,V3,7,2010-11-21 00:00:00,124.0,larsonnicole@example.com
040742168231,Science,M,V3,7,2010-11-21 00:00:00,136.0,angela25@example.org
043728978642,Science,M,V2,7,2010-11-21 00:00:00,86.0,christopherhutchinson@example.com
061235838353,Science,F,V2,7,2010-11-21 00:00:00,130.0,john73@example.com
093189917335,Science,M,V3,7,2010-11-21 00:00:00,89.0,jonfloyd@example.org
097510247615,Science,F,V3,7,2010-11-21 00:00:00,141.0,talexander@example.net
088941136046,Science,F,V3,7,2010-11-21 00:00:00,138.0,brian25@example.net
019246623440,Science,F,V1,7,2010-11-21 00:00:00,131.0,jasmine24@example.net
047769243548,Science,F,V2,7,2010-11-21 00:00:00,88.0,taylorjonathan@example.org
074424371593,Science,F,V3,7,2010-11-21 00:00:00,146.0,fwilkins@example.org
063624814348,Science,M,V3,7,2010-11-21 00:00:00,134.0,maxjohnson@example.com
074790646844,Science,F,V1,7,2010-11-21 00:00:00,141.0,christopherlogan@example.net
080274228164,Science,M,V3,7,2010-11-21 00:00:00,126.0,riversjames@example.com
087691286385,Science,F,V3,7,2010-11-21 00:00:00,98.0,stewartjoseph@example.org
067275648131,Science,F,V1,7,2010-11-21 00:00:00,131.0,sparkscharles@example.org
045701289137,Science,F,V2,7,2010-11-21 00:00:00,139.0,clementstina@example.net
039869086818,Science,M,V3,7,2010-11-21 00:00:00,91.0,heathershelton@example.org
077159209386,Science,M,V2,7,2010-11-21 00:00:00,86.0,mossemma@example.org
066624460940,Science,F,V1,7,2010-11-21 00:00:00,133.0,alejandroparker@example.net
023369419671,Science,F,V1,7,2010-11-21 00:00:00,140.0,kathleenroy@example.com
096362241511,Science,M,V3,7,2010-11-21 00:00:00,125.0,castillomargaret@example.com
082349056411,Science,F,V1,7,2010-11-21 00:00:00,135.0,connieramirez@example.com
076721550798,Science,M,V1,7,2010-11-21 00:00:00,81.0,jonathon55@example.com
070609208930,Science,M,V3,7,2010-11-21 00:00:00,136.0,kaitlynlawson@example.org
077404473219,Science,M,V3,7,2010-11-21 00:00:00,136.0,jeanharper@example.org
069809644248,Science,F,V1,7,2010-11-21 00:00:00,90.0,allisoncarey@example.org
023765482706,Science,F,V1,7,2010-11-21 00:00:00,136.0,jeremy21@example.org
045823582629,Science,F,V1,7,2010-11-21 00:00:00,82.0,travismccoy@example.org
012507180474,Science,M,V3,7,2010-11-21 00:00:00,127.0,shannon63@example.net
057181622884,Science,M,V3,7,2010-11-21 00:00:00,89.0,twilson@example.net
021222023611,Science,M,V1,7,2010-11-21 00:00:00,114.0,samantha77@example.net
051699807665,Science,F,V2,7,2010-11-21 00:00:00,86.0,sandraespinoza@example.com
092916339380,Science,M,V3,7,2010-11-21 00:00:00,138.0,laura52@example.net
055575705485,Science,M,V2,7,2010-11-21 00:00:00,140.0,lori24@example.org
080846763153,Science,F,V3,7,2010-11-21 00:00:00,131.0,janet57@example.com
068604590987,Science,F,V2,7,2010-11-21 00:00:00,91.0,edwardsryan@example.org
031871930659,Science,M,V2,7,2010-11-21 00:00:00,87.0,amyhumphrey@example.com
034578554203,Science,M,V3,7,2010-11-21 00:00:00,134.0,joshuarodriguez@example.net
020728268326,Science,M,V2,7,2010-11-21 00:00:00,132.0,louis35@example.com
016921174454,Science,F,V1,7,2010-11-21 00:00:00,133.0,smithkatie@example.net
037339925271,Science,F,V3,7,2010-11-21 00:00:00,136.0,elewis@example.org
033174399327,Science,M,V3,7,2010-11-21 00:00:00,86.0,josephmorales@example.org
050478936093,Science,M,V3,7,2010-11-21 00:00:00,138.0,rprice@example.org
052879092738,Science,M,V3,7,2010-11-21 00:00:00,90.0,houstonkevin@example.net
038087378307,Science,M,V2,7,2010-11-21 00:00:00,150.0,frichardson@example.org
021779259440,Science,F,V3,7,2010-11-21 00:00:00,142.0,cathybooth@example.net
082446356145,Science,M,V1,7,2010-11-21 00:00:00,144.0,zgarcia@example.org
079873996924,Science,M,V1,7,2010-11-21 00:00:00,108.0,mcdonaldmegan@example.com
093832118469,Science,M,V1,7,2010-11-21 00:00:00,81.0,robertsisaiah@example.com
062559872375,Science,F,V2,7,2010-11-21 00:00:00,91.0,edward59@example.org
036965552574,Science,M,V1,7,2010-11-21 00:00:00,81.0,angela41@example.net
049608709927,Science,M,V2,7,2010-11-21 00:00:00,87.0,ograham@example.net
086754998735,Science,M,V1,7,2010-11-21 00:00:00,104.0,sheilajohnson@example.net
032512460931,Science,M,V1,7,2010-11-21 00:00:00,126.0,lepeter@example.org
096984933250,Science,M,V2,7,2010-11-21 00:00:00,140.0,wcollins@example.org
091173007037,Science,M,V1,7,2010-11-21 00:00:00,125.0,blozano@example.com
070766063695,Science,M,V3,7,2010-11-21 00:00:00,81.0,russelllisa@example.org
089854764259,Science,M,V2,7,2010-11-21 00:00:00,,guerrerobarbara@example.net
058512708743,Science,M,V1,7,2010-11-21 00:00:00,137.0,amanda81@example.org
020018407535,Science,M,V2,7,2010-11-21 00:00:00,121.0,manningroberto@example.com
045576637568,Science,F,V1,7,2010-11-21 00:00:00,83.0,lisa79@example.net
093214808732,Science,M,V2,7,2010-11-21 00:00:00,131.0,ocunningham@example.org
023977835800,Science,F,V1,7,2010-11-21 00:00:00,141.0,andrewshepard@example.com
023775653575,Science,M,V1,7,2010-11-21 00:00:00,88.0,echandler@example.com
058072930641,Science,F,V1,7,2010-11-21 00:00:00,130.0,ihayes@example.org
034272345132,Science,M,V2,7,2010-11-21 00:00:00,123.0,dana86@example.net
064154487965,Science,F,V3,7,2010-11-21 00:00:00,83.0,lopezjack@example.com
024826115753,Science,F,V1,7,2010-11-21 00:00:00,136.0,jonesrachel@example.org
033928077871,Science,F,V2,7,2010-11-21 00:00:00,141.0,michellegriffin@example.com
088454685609,Science,F,V1,7,2010-11-21 00:00:00,86.0,lyonscameron@example.net
062251259373,Science,M,V3,7,2010-11-21 00:00:00,125.0,jacqueline41@example.org
016177941429,Science,F,V1,7,2010-11-21 00:00:00,144.0,nicole20@example.org
014491992431,Science,M,V2,7,2010-11-21 00:00:00,136.0,robinsonangela@example.net
080335547570,Science,F,V2,7,2010-11-21 00:00:00,,danielbell@example.org
052022161439,Science,F,V2,7,2010-11-21 00:00:00,128.0,clarencemurphy@example.org
017307338077,Science,F,V3,7,2010-11-21 00:00:00,133.0,jeanwalker@example.net
092109718953,Science,M,V2,7,2010-11-21 00:00:00,136.0,brittanyadams@example.net
074589036477,Science,F,V3,7,2010-11-21 00:00:00,87.0,gillhector@example.com
086442341746,Science,F,V1,7,2010-11-21 00:00:00,140.0,troy13@example.com
057893665019,Science,M,V1,7,2010-11-21 00:00:00,90.0,julie50@example.org
063624814348,Science,F,V1,7,2010-11-21 00:00:00,129.0,dbonilla@example.com
046481887062,Science,F,V1,7,2010-11-21 00:00:00,141.0,hamiltondawn@example.net
098655620901,Science,M,V3,7,2010-11-21 00:00:00,137.0,kathleen56@example.com
026029529062,Science,F,V1,7,2010-11-21 00:00:00,133.0,mauricewilson@example.org
057223443562,Science,F,V1,7,2010-11-21 00:00:00,125.0,harrisdonna@example.org
093894613410,Science,M,V1,7,2010-11-21 00:00:00,133.0,ricardonorris@example.com
061237192515,Science,F,V3,7,2010-11-21 00:00:00,127.0,fmorse@example.org
022802721985,Science,M,V2,7,2010-11-21 00:00:00,129.0,joyce88@example.com
036033720995,Science,F,V1,7,2010-11-21 00:00:00,133.0,jason07@example.net
035785937243,Science,M,V2,7,2010-11-21 00:00:00,136.0,owheeler@example.net
069259094048,Science,F,V3,7,2010-11-21 00:00:00,135.0,stewartjustin@example.com
045487359953,Science,F,V2,7,2010-11-21 00:00:00,88.0,howardanthony@example.com
093812482367,Science,F,V1,7,2010-11-21 00:00:00,86.0,qyork@example.com
040710163836,Science,M,V2,7,2010-11-21 00:00:00,133.0,wilsonshawn@example.com
093732418187,Science,F,V3,7,2010-11-21 00:00:00,144.0,smay@example.com
089614655371,Science,F,V2,7,2010-11-21 00:00:00,84.0,gillespiescott@example.org
085091763340,Science,F,V2,7,2010-11-21 00:00:00,140.0,dhardy@example.org
093214808732,Science,F,V3,7,2010-11-21 00:00:00,133.0,wanda31@example.org
044763484478,Science,F,V3,7,2010-11-21 00:00:00,86.0,millercharlotte@example.org
019999320132,Science,F,V3,7,2010-11-21 00:00:00,138.0,uscott@example.net
029579421626,Science,F,V3,7,2010-11-21 00:00:00,137.0,timothycole@example.com
094344418266,Science,F,V1,7,2010-11-21 00:00:00,134.0,dunnjonathan@example.org
034620096616,Science,M,V2,7,2010-11-21 00:00:00,135.0,nmathews@example.org
062538585992,Science,M,V3,7,2010-11-21 00:00:00,87.0,edward73@example.net
053765576444,Science,F,V3,7,2010-11-21 00:00:00,135.0,cevans@example.org
045132514564,Science,M,V3,7,2010-11-21 00:00:00,129.0,hammondpreston@example.net
078555174865,Science,F,V3,7,2010-11-21 00:00:00,86.0,sarahroberts@example.org
093832118469,Science,F,V2,7,2010-11-21 00:00:00,84.0,aglenn@example.com
015660041742,Science,X,V3,7,2010-11-21 00:00:00,126.0,jennifer05@example.com
043917728009,Science,M,V2,7,2010-11-21 00:00:00,146.0,jason21@example.org
056903738033,Science,F,V2,7,2010-11-21 00:00:00,140.0,krichmond@example.com
054467820473,Science,F,V1,7,2010-11-21 00:00:00,150.0,amanda29@example.net
056631117882,Science,F,V3,7,2010-11-21 00:00:00,131.0,rachelwatson@example.com
098086705999,Science,M,V2,7,2010-11-21 00:00:00,105.0,marysantos@example.org
018194492545,Science,M,V3,7,2010-11-21 00:00:00,141.0,nancykhan@example.com
028192751593,Science,F,V1,7,2010-11-21 00:00:00,146.0,ramirezraymond@example.com
046713786852,Science,F,V2,7,2010-11-21 00:00:00,93.0,amanda64@example.org
035357147695,Science,F,V3,7,2010-11-21 00:00:00,83.0,brittanypierce@example.net
060007386333,Science,M,V1,7,2010-11-21 00:00:00,129.0,cody59@example.org
078629928168,Science,F,V2,7,2010-11-21 00:00:00,98.0,cheryl51@example.org
055718930382,Science,M,V1,7,2010-11-21 00:00:00,137.0,rachel43@example.net
048143527078,Science,F,V1,7,2010-11-21 00:00:00,146.0,stephen59@example.net
091501738825,Science,M,V1,7,2010-11-21 00:00:00,138.0,clawrence@example.com
053753023111,Science,F,V1,7,2010-11-21 00:00:00,115.0,haynessean@example.org
073135739596,Science,M,V2,7,2010-11-21 00:00:00,89.0,valerie92@example.com
086425529235,Science,F,V3,7,2010-11-21 00:00:00,137.0,evaughan@example.org
043257207861,Science,M,V2,7,2010-11-21 00:00:00,133.0,scottwood@example.com
098361500188,Science,F,V2,7,2010-11-21 00:00:00,140.0,heather61@example.org
070609208930,Science,M,V3,7,2010-11-21 00:00:00,135.0,jonathanthomas@example.net
067477760069,Science,M,V1,7,2010-11-21 00:00:00,89.0,christopherwaters@example.org
047523820531,Science,F,V3,7,2010-11-21 00:00:00,131.0,madelinerodriguez@example.com
080846763153,Science,M,V3,7,2010-11-21 00:00:00,131.0,jordandaniel@example.com
032891326778,Science,M,V2,7,2010-11-21 00:00:00,141.0,scottamy@example.org
071032099187,Science,M,V3,7,2010-11-21 00:00:00,143.0,garybrown@example.org
081322748761,Science,M,V2,7,2010-11-21 00:00:00,128.0,isaacsimpson@example.net
