Student ID,Test Name,Gender,Version,Level,Test Date,Standardised Score,Email
403059556835,English,F,V1,10,2011-02-15,139.0,abbottcarla@example.net
230628601447,English,F,V3,10,2011-02-15,134.0,taylorchang@example.net
729451827995,English,F,V3,10,2011-02-15,96.0,jerrymorris@example.net
842441620371,English,F,V2,10,2011-02-15,129.0,brandon82@example.com
868292842497,English,M,V3,10,2011-02-15,94.0,nixoneric@example.org
565998922207,English,M,V3,10,2011-02-15,91.0,eholmes@example.com
436121857624,English,F,V2,10,2011-02-15,136.0,michael06@example.org
257796260044,English,M,V3,10,2011-02-15,140.0,bowmanjulie@example.net
861763253804,English,M,V3,10,2011-02-15,140.0,morrisbrandon@example.net
612802864198,English,M,V1,10,2011-02-15,145.0,mark30@example.org
987369635315,English,M,V3,10,2011-02-15,94.0,qhuang@example.org
226331543996,English,F,V3,10,2011-02-15,142.0,stephen15@example.net
765645768274,English,M,V1,10,2011-02-15,96.0,vfreeman@example.org
783266684239,English,F,V3,10,2011-02-15,91.0,andersonjennifer@example.org
802760558601,English,M,V2,10,2011-02-15,134.0,patrickdiaz@example.net
754270013857,English,F,V1,10,2011-02-15,138.0,jenniferwang@example.org
484402915409,English,F,V2,10,2011-02-15,140.0,obailey@example.net
805623367090,English,M,V1,10,2011-02-15,135.0,michelle27@example.com
214743678983,English,X,V2,10,2011-02-15,93.0,snyderjared@example.org
176243538211,English,M,V3,10,2011-02-15,131.0,ghuffman@example.org
175740175988,English,F,V3,10,2011-02-15,88.0,wjacobs@example.net
916418563627,English,F,V1,10,2011-02-15,145.0,xking@example.net
629481816263,English,M,V3,10,2011-02-15,145.0,smithchristopher@example.org
518520191512,English,M,V2,10,2011-02-15,129.0,moniquemiller@example.com
106224117841,English,F,V2,10,2011-02-15,124.0,strongzachary@example.com
442857862095,English,F,V1,10,2011-02-15,85.0,kimberlyhorton@example.net
896976974275,English,F,V1,10,2011-02-15,110.0,charles22@example.com
376736726944,English,F,V3,10,2011-02-15,95.0,jeremygonzalez@example.com
491950144887,English,F,V3,10,2011-02-15,87.0,cassandra29@example.com
724173806680,English,M,V2,10,2011-02-15,138.0,tyler70@example.org
321132925355,English,F,V2,10,2011-02-15,130.0,pmiller@example.com
695760437553,English,M,V2,10,2011-02-15,85.0,sschroeder@example.net
596017625569,English,M,V2,10,2011-02-15,91.0,antoniosalazar@example.net
547856698199,English,M,V2,10,2011-02-15,108.0,michaelemily@example.net
191501243029,English,F,V3,10,2011-02-15,125.0,munozpaul@example.org
164307637997,English,M,V3,10,2011-02-15,90.0,hannah09@example.net
624875448890,English,F,V2,10,2011-02-15,93.0,thomas00@example.org
188231346108,English,F,V1,10,2011-02-15,132.0,dwillis@example.net
501809906924,English,M,V3,10,2011-02-15,143.0,dunnjohn@example.com
658653149895,English,F,V1,10,2011-02-15,95.0,englishkylie@example.com
476502164318,English,F,V3,10,2011-02-15,134.0,julia69@example.net
586311917581,English,F,V1,10,2011-02-15,146.0,jeffreyperkins@example.org
170707578888,English,F,V1,10,2011-02-15,97.0,sosborne@example.org
633076266559,English,M,V3,10,2011-02-15,145.0,rachelhess@example.net
268475649380,English,F,V2,10,2011-02-15,88.0,imccullough@example.com
759988316639,English,F,V3,10,2011-02-15,105.0,travissmith@example.net
291462221706,English,F,V3,10,2011-02-15,133.0,peter71@example.org
624582874675,English,M,V1,10,2011-02-15,90.0,williamforbes@example.com
226076184312,English,F,V3,10,2011-02-15,127.0,zflores@example.org
967086910690,English,M,V2,10,2011-02-15,88.0,bhamilton@example.com
238319681086,English,M,V2,10,2011-02-15,141.0,christiansullivan@example.net
559700111612,English,M,V3,10,2011-02-15,128.0,phillipsmichael@example.net
496817697270,English,M,V2,10,2011-02-15,97.0,brownkeith@example.org
719804718169,English,F,V2,10,2011-02-15,86.0,laurendeleon@example.com
119200404637,English,M,V3,10,2011-02-15,126.0,owashington@example.net
868292842497,English,M,V3,10,2011-02-15,98.0,nharris@example.com
743869929896,English,M,V1,10,2011-02-15,109.0,ngarrett@example.net
658371622759,English,M,V2,10,2011-02-15,89.0,briandaniels@example.net
264894271402,English,M,V1,10,2011-02-15,137.0,wilsonnancy@example.net
488393322792,English,F,V3,10,2011-02-15,88.0,michelle35@example.net
786728716246,English,M,V3,10,2011-02-15,90.0,ramirezdavid@example.net
242689784506,English,F,V3,10,2011-02-15,91.0,turnertimothy@example.net
834298341398,English,F,V3,10,2011-02-15,87.0,parsonsmichael@example.com
162586388810,English,F,V2,10,2011-02-15,145.0,james16@example.com
219359721412,English,F,V1,10,2011-02-15,135.0,kdiaz@example.com
848994667187,English,F,V2,10,2011-02-15,104.0,tracystewart@example.org
608726820137,English,M,V1,10,2011-02-15,141.0,anthony08@example.org
497902223043,English,F,V2,10,2011-02-15,132.0,crystal15@example.org
131360987372,English,M,V1,10,2011-02-15,139.0,gonzalezwilliam@example.org
168378305696,English,M,V3,10,2011-02-15,91.0,christopher21@example.net
218756212873,English,F,V3,10,2011-02-15,141.0,kjohnson@example.net
765112919356,English,M,V1,10,2011-02-15,141.0,cynthia20@example.org
671585872382,English,M,V2,10,2011-02-15,90.0,ericmeyer@example.net
629481816263,English,M,V3,10,2011-02-15,147.0,megan73@example.com
484402915409,English,F,V1,10,2011-02-15,140.0,chapmanchristopher@example.org
839705487017,English,F,V1,10,2011-02-15,145.0,eric07@example.net
181954286404,English,F,V3,10,2011-02-15,138.0,hgaines@example.org
629231617629,English,M,V3,10,2011-02-15,139.0,amychaney@example.net
942355276438,English,M,V2,10,2011-02-15,149.0,anthonygarcia@example.org
342998271342,English,F,V3,10,2011-02-15,140.0,andrewgraves@example.com
978790984112,English,F,V1,10,2011-02-15,93.0,berryjoshua@example.net
797454253168,English,F,V2,10,2011-02-15,87.0,robertconner@example.net
745511928328,English,F,V2,10,2011-02-15,142.0,kaiserjulie@example.net
880557040779,English,F,V1,10,2011-02-15,86.0,margaretchang@example.net
639516855728,English,M,V3,10,2011-02-15,93.0,lewisangela@example.net
304399060707,English,M,V2,10,2011-02-15,137.0,shawalexandra@example.net
612802864198,English,M,V1,10,2011-02-15,144.0,ftorres@example.org
963840012312,English,F,V2,10,2011-02-15,125.0,debrascott@example.com
265794781606,English,M,V1,10,2011-02-15,90.0,erinmata@example.net
758659237530,English,M,V2,10,2011-02-15,86.0,thompsondanielle@example.org
312688754696,English,M,V2,10,2011-02-15,90.0,nwilliams@example.com
244696354698,English,F,V3,10,2011-02-15,97.0,hernandezjose@example.com
981405211293,English,M,V2,10,2011-02-15,133.0,rwhite@example.net
904771766988,English,M,V2,10,2011-02-15,97.0,alicia14@example.com
154174412730,English,M,V1,10,2011-02-15,125.0,pfisher@example.org
640750815884,English,F,V1,10,2011-02-15,142.0,danielroach@example.com
510533602318,English,M,V1,10,2011-02-15,123.0,julie96@example.com
327436932058,English,F,V1,10,2011-02-15,137.0,jameslawrence@example.com
863984450108,English,M,V2,10,2011-02-15,142.0,alison02@example.org
122413712152,English,F,V3,10,2011-02-15,118.0,rmann@example.org
130424016741,English,M,V3,10,2011-02-15,123.0,ysteele@example.org
268674122984,English,M,V3,10,2011-02-15,148.0,robinparsons@example.net
300093755360,English,M,V2,10,2011-02-15,127.0,kevin06@example.net
632393815143,English,F,V1,10,2011-02-15,139.0,maryallen@example.net
433323257942,English,M,V3,10,2011-02-15,134.0,owu@example.net
697507838810,English,F,V1,10,2011-02-15,88.0,estafford@example.org
872593375352,English,F,V1,10,2011-02-15,145.0,rbautista@example.net
643271870581,English,F,V2,10,2011-02-15,139.0,mjones@example.com
694365994244,English,F,V2,10,2011-02-15,90.0,ortizbrandon@example.com
186507121897,English,F,V1,10,2011-02-15,143.0,micheal12@example.com
282849371251,English,M,V1,10,2011-02-15,140.0,justin98@example.net
219359721412,English,M,V3,10,2011-02-15,131.0,thompsontammie@example.net
492730759808,English,M,V1,10,2011-02-15,90.0,fcortez@example.org
512427483437,English,F,V3,10,2011-02-15,136.0,zimmermanlee@example.org
341699235376,English,F,V1,10,2011-02-15,145.0,watkinsjoseph@example.net
937119063262,English,F,V1,10,2011-02-15,135.0,vmyers@example.org
229851161758,English,F,V1,10,2011-02-15,142.0,simmonsbonnie@example.org
819940350959,English,F,V2,10,2011-02-15,92.0,samantha21@example.org
206378805305,English,M,V1,10,2011-02-15,137.0,zmendez@example.com
818692525213,English,M,V3,10,2011-02-15,139.0,avalencia@example.org
353328703099,English,M,V2,10,2011-02-15,143.0,lauriedavis@example.net
500877423442,English,F,V2,10,2011-02-15,133.0,melissaolson@example.org
687660739341,English,F,V3,10,2011-02-15,87.0,thorntonmichael@example.net
618011052755,English,M,V2,10,2011-02-15,132.0,paula92@example.com
640750815884,English,M,V3,10,2011-02-15,146.0,yorkkathleen@example.net
575880761651,English,F,V3,10,2011-02-15,146.0,jacquelineroberts@example.net
713581208236,English,F,V3,10,2011-02-15,137.0,jacksonmary@example.com
369903562322,English,F,V2,10,2011-02-15,141.0,kathrynbrewer@example.com
492730759808,English,M,V3,10,2011-02-15,92.0,heatherwalters@example.net
841257224914,English,M,V2,10,2011-02-15,137.0,tschneider@example.net
909987493419,English,F,V1,10,2011-02-15,100.0,williammendez@example.net
476152770557,English,F,V2,10,2011-02-15,147.0,williamschristopher@example.com
502001268869,English,F,V1,10,2011-02-15,136.0,jenniferwright@example.org
953398512917,English,M,V1,10,2011-02-15,87.0,whiterobert@example.net
355038125403,English,F,V2,10,2011-02-15,126.0,amywilliams@example.net
420716536246,English,F,V2,10,2011-02-15,135.0,mzhang@example.org
494868708391,English,F,V2,10,2011-02-15,95.0,ghull@example.org
907043998598,English,M,V2,10,2011-02-15,97.0,ruizjames@example.org
449147662623,English,F,V2,10,2011-02-15,140.0,zbaker@example.com
697416561556,English,M,V1,10,2011-02-15,90.0,amy43@example.com
764314877467,English,M,V1,10,2011-02-15,92.0,kholmes@example.net
781690026364,English,F,V2,10,2011-02-15,138.0,heather63@example.net
564247379873,English,M,V2,10,2011-02-15,90.0,fitzgeraldtammy@example.net
229887665738,English,M,V3,10,2011-02-15,100.0,mmccarty@example.net
531134626649,English,M,V1,10,2011-02-15,138.0,briantorres@example.org
332636861622,English,F,V3,10,2011-02-15,133.0,woodjames@example.net
868885695594,English,F,V3,10,2011-02-15,109.0,daviddunn@example.com
681906003766,English,X,V1,10,2011-02-15,140.0,hicksjanet@example.org
547777321083,English,M,V2,10,2011-02-15,142.0,rcasey@example.com
849835738430,English,F,V3,10,2011-02-15,93.0,john54@example.org
322063120149,English,F,V1,10,2011-02-15,118.0,jvang@example.com
386770657154,English,F,V2,10,2011-02-15,148.0,yperez@example.com
490969256073,English,F,V3,10,2011-02-15,91.0,rileylisa@example.com
622989752515,English,F,V2,10,2011-02-15,88.0,cramos@example.net
515398761568,English,M,V3,10,2011-02-15,90.0,floydanthony@example.com
222682416089,English,F,V2,10,2011-02-15,138.0,robert08@example.net
628880996144,English,F,V1,10,2011-02-15,95.0,hannahunderwood@example.org
806806506962,English,M,V3,10,2011-02-15,141.0,gary31@example.com
948378114832,English,M,V2,10,2011-02-15,146.0,brooke58@example.com
752242166227,English,F,V2,10,2011-02-15,136.0,diazbrittany@example.com
823634348846,English,F,V1,10,2011-02-15,149.0,icastro@example.net
805751185694,English,F,V2,10,2011-02-15,145.0,bwells@example.net
639619316033,English,F,V2,10,2011-02-15,140.0,bmartin@example.net
130168962002,English,M,V3,10,2011-02-15,125.0,nicholas49@example.net
148067309424,English,F,V1,10,2011-02-15,136.0,joelvelasquez@example.net
267184373161,English,F,V3,10,2011-02-15,140.0,vanessawagner@example.org
408969765989,English,F,V3,10,2011-02-15,108.0,morrisrobert@example.com
100894966917,English,M,V1,10,2011-02-15,88.0,herringmatthew@example.com
978529253498,English,M,V1,10,2011-02-15,97.0,andrewlowery@example.org
994954218539,English,F,V2,10,2011-02-15,97.0,claytonbriana@example.net
480107772629,English,F,V2,10,2011-02-15,141.0,brianluna@example.com
879176799220,English,M,V1,10,2011-02-15,95.0,jennifer18@example.org
836507586161,English,M,V2,10,2011-02-15,147.0,tjones@example.org
419904365124,English,F,V2,10,2011-02-15,137.0,rebecca42@example.org
589946925271,English,F,V3,10,2011-02-15,92.0,kelly64@example.org
514923791655,English,M,V1,10,2011-02-15,144.0,teresasmith@example.net
545160464536,English,M,V3,10,2011-02-15,138.0,calvinwarren@example.com
303785188279,English,M,V2,10,2011-02-15,88.0,newmansean@example.org
573358024988,English,M,V1,10,2011-02-15,93.0,christopherkelly@example.org
917007635071,English,F,V1,10,2011-02-15,133.0,johnmeyer@example.net
491413912935,English,M,V3,10,2011-02-15,139.0,csimpson@example.org
196973974460,English,M,V1,10,2011-02-15,92.0,nicholasramos@example.com
977000943921,English,F,V2,10,2011-02-15,139.0,edwardstristan@example.net
977000943921,English,F,V3,10,2011-02-15,139.0,smithvernon@example.net
728734123994,English,M,V2,10,2011-02-15,145.0,marystone@example.org
326177973312,English,M,V2,10,2011-02-15,140.0,ohuerta@example.net
521269261938,English,F,V2,10,2011-02-15,144.0,tranlaurie@example.org
328705093565,English,F,V3,10,2011-02-15,139.0,darrylmartinez@example.com
581229866278,English,M,V3,10,2011-02-15,91.0,ramseyashley@example.net
966538298713,English,F,V3,10,2011-02-15,98.0,george06@example.com
786728716246,English,M,V2,10,2011-02-15,95.0,fieldschloe@example.com
918973922788,English,M,V3,10,2011-02-15,99.0,stanleysara@example.org
503346894871,English,M,V3,10,2011-02-15,147.0,angela77@example.com
830707134370,English,F,V2,10,2011-02-15,131.0,patriciajohnson@example.org
646660934087,English,M,V3,10,2011-02-15,149.0,tboyd@example.org
201303218805,English,M,V3,10,2011-02-15,119.0,greid@example.com
978529253498,English,M,V3,10,2011-02-15,98.0,zscott@example.net
641195580049,English,F,V3,10,2011-02-15,139.0,annettepatton@example.com
721267440654,English,F,V2,10,2011-02-15,136.0,daniel60@example.org
649540508815,English,F,V2,10,2011-02-15,145.0,qcunningham@example.org
823671473069,English,F,V3,10,2011-02-15,146.0,greeneadam@example.com
532146357269,English,F,V1,10,2011-02-15,140.0,potterdiana@example.com
353078241877,English,F,V2,10,2011-02-15,144.0,jkelley@example.org
355038125403,English,M,V1,10,2011-02-15,128.0,vryan@example.org
795349627307,English,F,V1,10,2011-02-15,90.0,smithlauren@example.com
681177921379,English,F,V1,10,2011-02-15,92.0,jnorris@example.org
391380885782,English,M,V1,10,2011-02-15,,adampeterson@example.org
380310316111,English,F,V3,10,2011-02-15,119.0,ehenderson@example.net
482999017810,English,M,V1,10,2011-02-15,143.0,ualvarado@example.net
558125431887,English,F,V2,10,2011-02-15,145.0,stevendeleon@example.com
461225941668,English,F,V1,10,2011-02-15,145.0,rebeccawest@example.com
934443452170,English,M,V3,10,2011-02-15,136.0,vincentcollins@example.net
994313591085,English,M,V2,10,2011-02-15,146.0,kathryn82@example.com
476643538873,English,M,V1,10,2011-02-15,91.0,fernandezdenise@example.com
370221291154,English,F,V2,10,2011-02-15,123.0,amandamiller@example.com
532994409484,English,F,V3,10,2011-02-15,90.0,llove@example.net
856036312266,English,F,V1,10,2011-02-15,139.0,joshua72@example.org
969260677654,English,F,V3,10,2011-02-15,94.0,clarkandrew@example.org
291657647428,English,F,V1,10,2011-02-15,90.0,psanders@example.net
793540544976,English,M,V2,10,2011-02-15,91.0,humphreyjoshua@example.net
310692673388,English,M,V3,10,2011-02-15,142.0,blackburnruben@example.com
577247491743,English,F,V1,10,2011-02-15,85.0,vtaylor@example.com
799487600753,English,M,V1,10,2011-02-15,91.0,xwallace@example.com
555502100511,English,F,V2,10,2011-02-15,118.0,davidchambers@example.com
633590296302,English,M,V3,10,2011-02-15,135.0,jillfischer@example.net
966538298713,English,F,V2,10,2011-02-15,97.0,john23@example.net
401620304743,English,F,V3,10,2011-02-15,121.0,pennybooker@example.net
585538098977,English,F,V2,10,2011-02-15,99.0,ibrown@example.net
486910642813,English,F,V2,10,2011-02-15,143.0,moyerangela@example.com
271801262038,English,F,V1,10,2011-02-15,129.0,gonzalezjason@example.net
116242445715,English,F,V1,10,2011-02-15,130.0,beckerchristopher@example.com
691957017575,English,F,V2,10,2011-02-15,92.0,bmoore@example.net
345944210333,English,F,V2,10,2011-02-15,129.0,yangdawn@example.com
181427175834,English,M,V3,10,2011-02-15,136.0,robertmartinez@example.com
765095176005,English,M,V3,10,2011-02-15,139.0,sanchezalexander@example.org
814443192539,English,M,V3,10,2011-02-15,144.0,smithdiana@example.net
308818952198,English,F,V2,10,2011-02-15,87.0,ericksonscott@example.com
821290706692,English,F,V1,10,2011-02-15,137.0,bryan57@example.com
748478584636,English,M,V1,10,2011-02-15,98.0,clarenceblake@example.net
705808075013,English,M,V2,10,2011-02-15,134.0,michael09@example.net
786401318560,English,F,V2,10,2011-02-15,134.0,zsmith@example.com
504849691107,English,F,V1,10,2011-02-15,144.0,mark31@example.org
171989692702,English,F,V1,10,2011-02-15,87.0,nhall@example.org
216169046437,English,M,V1,10,2011-02-15,140.0,dkrause@example.org
693343303942,English,F,V2,10,2011-02-15,134.0,robert83@example.net
768307772825,English,F,V2,10,2011-02-15,91.0,bstanley@example.net
625803027457,English,F,V1,10,2011-02-15,140.0,amyarnold@example.org
452825885392,English,F,V2,10,2011-02-15,87.0,jefferypage@example.com
823379356069,English,F,V1,10,2011-02-15,90.0,ferrellcristina@example.com
434642699560,English,M,V1,10,2011-02-15,149.0,patrickhudson@example.com
855887509870,English,F,V3,10,2011-02-15,98.0,bross@example.net
910041940168,English,F,V2,10,2011-02-15,129.0,rodriguezmaria@example.net
247872798161,English,M,V3,10,2011-02-15,93.0,ofitzgerald@example.com
155212088560,English,F,V3,10,2011-02-15,134.0,christopher51@example.com
593962526605,English,F,V1,10,2011-02-15,145.0,kristine55@example.net
399190262814,English,M,V3,10,2011-02-15,144.0,smithbarbara@example.org
514669321030,English,M,V1,10,2011-02-15,131.0,robertsmith@example.org
650227097054,English,F,V1,10,2011-02-15,137.0,sarahcrawford@example.org
696849623403,English,F,V2,10,2011-02-15,88.0,yanderson@example.com
512727869440,English,F,V2,10,2011-02-15,143.0,johnburton@example.net
525476352416,English,M,V2,10,2011-02-15,137.0,thompsonsheena@example.org
476267639073,English,M,V2,10,2011-02-15,91.0,johningram@example.net
959635071202,English,M,V1,10,2011-02-15,135.0,michellestephens@example.com
656912414867,English,M,V2,10,2011-02-15,146.0,matthewgraves@example.org
552767276344,English,F,V2,10,2011-02-15,149.0,kimberlymoses@example.com
987369635315,English,F,V2,10,2011-02-15,93.0,adam77@example.org
435347930044,English,F,V1,10,2011-02-15,137.0,jillmeyer@example.org
352661872442,English,F,V3,10,2011-02-15,141.0,samantha33@example.org
469621735991,English,F,V1,10,2011-02-15,93.0,ronaldvega@example.com
587338312388,English,M,V1,10,2011-02-15,147.0,michael00@example.net
308993325209,English,M,V2,10,2011-02-15,144.0,eugene17@example.net
710510545829,English,M,V2,10,2011-02-15,135.0,david89@example.com
546602151774,English,M,V2,10,2011-02-15,136.0,kingbenjamin@example.net
200533962588,English,M,V1,10,2011-02-15,137.0,angelgray@example.net
109228538049,English,F,V3,10,2011-02-15,138.0,rothwilliam@example.org
519388502472,English,F,V3,10,2011-02-15,143.0,diazrachel@example.org
852233567231,English,M,V2,10,2011-02-15,137.0,sarahjacobs@example.com
369161976995,English,M,V1,10,2011-02-15,101.0,gloriaholland@example.org
818902894228,English,M,V2,10,2011-02-15,92.0,scottgarrison@example.com
109448422651,English,M,V1,10,2011-02-15,132.0,courtney75@example.net
659590424523,English,F,V1,10,2011-02-15,140.0,carlos25@example.net
852760727485,English,F,V2,10,2011-02-15,90.0,psmith@example.com
762818256559,English,M,V2,10,2011-02-15,92.0,brocktammy@example.com
540369979374,English,M,V1,10,2011-02-15,92.0,ayalachristopher@example.net
402267097665,English,X,V2,10,2011-02-15,141.0,todd52@example.org
930869226730,English,M,V3,10,2011-02-15,143.0,cruzshannon@example.com
840827066775,English,F,V3,10,2011-02-15,91.0,mcgeenicole@example.com
969407022431,English,F,V3,10,2011-02-15,132.0,weaverricky@example.org
688523568290,English,F,V3,10,2011-02-15,90.0,jessica24@example.com
719894504820,English,M,V3,10,2011-02-15,143.0,nthomas@example.com
579373005554,English,M,V1,10,2011-02-15,141.0,christopher82@example.com
797379167885,English,F,V1,10,2011-02-15,105.0,gspencer@example.net
533656831894,English,M,V1,10,2011-02-15,89.0,heidirobinson@example.com
104129269271,English,F,V1,10,2011-02-15,135.0,danielmathews@example.com
348763873904,English,M,V2,10,2011-02-15,90.0,kayla43@example.net
446513854035,English,F,V3,10,2011-02-15,136.0,amandafuentes@example.com
613429677406,English,F,V2,10,2011-02-15,145.0,rwilkerson@example.net
593962526605,English,F,V1,10,2011-02-15,145.0,martinkevin@example.net
172985607711,English,M,V2,10,2011-02-15,144.0,williamvelasquez@example.com
257028716249,English,M,V1,10,2011-02-15,139.0,smithnicole@example.net
413062248492,English,F,V3,10,2011-02-15,134.0,jasontaylor@example.com
355748288635,English,M,V1,10,2011-02-15,89.0,robinwilliams@example.org
491524338634,English,M,V1,10,2011-02-15,142.0,lli@example.net
600171685819,English,M,V3,10,2011-02-15,137.0,vthomas@example.net
653029751996,English,M,V1,10,2011-02-15,88.0,saragarner@example.net
735650192330,English,M,V1,10,2011-02-15,131.0,mullinsdavid@example.net
122458066637,English,F,V2,10,2011-02-15,141.0,walkersandra@example.com
795991294557,English,M,V2,10,2011-02-15,98.0,mmurphy@example.net
941479808418,English,M,V2,10,2011-02-15,90.0,parkersara@example.org
123972866893,English,M,V2,10,2011-02-15,89.0,dwilliams@example.org
501809906924,English,M,V3,10,2011-02-15,139.0,joseph29@example.org
462251446783,English,M,V1,10,2011-02-15,142.0,krista70@example.com
808082517774,English,F,V2,10,2011-02-15,144.0,jonathon50@example.com
232852325828,English,F,V3,10,2011-02-15,137.0,bobbycolon@example.org
583001179612,English,F,V1,10,2011-02-15,132.0,thomasjuan@example.org
330499922020,English,F,V1,10,2011-02-15,133.0,kathymiller@example.org
619536266239,English,F,V3,10,2011-02-15,147.0,qgomez@example.com
234211586494,English,M,V1,10,2011-02-15,134.0,helenjohnson@example.org
803407166065,English,M,V1,10,2011-02-15,131.0,jenniferjohnson@example.net
975647745762,English,F,V1,10,2011-02-15,99.0,pamelabrown@example.net
166073798707,English,X,V1,10,2011-02-15,86.0,owenmichelle@example.org
704824807015,English,F,V1,10,2011-02-15,135.0,victor10@example.net
679880537624,English,M,V1,10,2011-02-15,96.0,fishercharles@example.com
575095679175,English,F,V3,10,2011-02-15,92.0,kkline@example.org
203906798649,English,M,V1,10,2011-02-15,92.0,hernandeztoni@example.com
933372258990,English,F,V1,10,2011-02-15,86.0,davidrogers@example.com
168495965186,English,M,V1,10,2011-02-15,96.0,qking@example.net
774389206893,English,M,V3,10,2011-02-15,91.0,fpatton@example.org
495567197377,English,M,V1,10,2011-02-15,97.0,douglas95@example.org
265794781606,English,F,V3,10,2011-02-15,89.0,chloefigueroa@example.net
277353099347,English,F,V1,10,2011-02-15,147.0,njohnson@example.org
361415112296,English,F,V1,10,2011-02-15,130.0,patricia29@example.net
657589994964,English,M,V2,10,2011-02-15,106.0,dawn28@example.org
376736726944,English,M,V2,10,2011-02-15,95.0,maynardcathy@example.net
761133868215,English,M,V3,10,2011-02-15,136.0,williecohen@example.org
805052094150,English,M,V2,10,2011-02-15,125.0,huffmaneric@example.org
934939625078,English,F,V3,10,2011-02-15,93.0,daniellegibbs@example.net
972871187727,English,F,V3,10,2011-02-15,94.0,farrellhelen@example.org
116242445715,English,M,V3,10,2011-02-15,129.0,cgarcia@example.com
543492801263,English,F,V2,10,2011-02-15,137.0,craig48@example.org
659140260771,English,M,V3,10,2011-02-15,137.0,castrojessica@example.com
700869685194,English,X,V2,10,2011-02-15,90.0,daniel37@example.com
444714176321,English,F,V2,10,2011-02-15,132.0,kathy72@example.org
454667492832,English,M,V3,10,2011-02-15,91.0,joycecontreras@example.org
985186488398,English,M,V2,10,2011-02-15,105.0,alicia38@example.net
585538098977,English,F,V3,10,2011-02-15,103.0,austin64@example.org
970673334862,English,F,V1,10,2011-02-15,149.0,cassandra59@example.com
373374429882,English,M,V3,10,2011-02-15,88.0,phyllis56@example.org
265794781606,English,F,V3,10,2011-02-15,91.0,gonzalescourtney@example.org
391380885782,English,M,V3,10,2011-02-15,93.0,bwilkins@example.org
828026741550,English,M,V3,10,2011-02-15,138.0,nrodriguez@example.org
309378729117,English,M,V1,10,2011-02-15,148.0,rfigueroa@example.net
633076266559,English,M,V2,10,2011-02-15,144.0,hollandjesse@example.net
432625408218,English,M,V1,10,2011-02-15,135.0,westmichael@example.org
828556391760,English,F,V1,10,2011-02-15,90.0,taylor18@example.net
112089224058,English,F,V2,10,2011-02-15,129.0,crangel@example.com
591047695192,English,M,V3,10,2011-02-15,148.0,lisa24@example.com
700504656725,English,F,V3,10,2011-02-15,132.0,william42@example.com
531204280296,English,M,V2,10,2011-02-15,129.0,hernandezronald@example.net
905474024086,English,M,V1,10,2011-02-15,139.0,dillonacosta@example.org
554121837347,English,F,V3,10,2011-02-15,140.0,montgomerynicholas@example.org
571222011528,English,F,V1,10,2011-02-15,125.0,carolynjohnson@example.com
572499419168,English,M,V1,10,2011-02-15,93.0,rwillis@example.org
934117687964,English,F,V3,10,2011-02-15,91.0,heatherzimmerman@example.com
137315304587,English,F,V1,10,2011-02-15,136.0,debra23@example.org
193092100715,English,F,V3,10,2011-02-15,126.0,robert87@example.com
930869226730,English,M,V3,10,2011-02-15,145.0,caroline81@example.com
596017625569,English,M,V2,10,2011-02-15,89.0,suzanne72@example.org
773801513914,English,M,V1,10,2011-02-15,139.0,iblake@example.org
884368956343,English,F,V3,10,2011-02-15,95.0,benjaminvelasquez@example.org
485592220431,English,M,V2,10,2011-02-15,133.0,navarroandrea@example.net
942587383101,English,M,V1,10,2011-02-15,137.0,ycollins@example.org
828556391760,English,M,V1,10,2011-02-15,85.0,gunderwood@example.net
640102632370,English,M,V2,10,2011-02-15,125.0,qjohnson@example.net
629481816263,English,M,V2,10,2011-02-15,147.0,vargasanthony@example.com
781505846478,English,M,V1,10,2011-02-15,91.0,williamsjoseph@example.org
778193381104,English,M,V2,10,2011-02-15,137.0,millerjennifer@example.com
818967401964,English,F,V3,10,2011-02-15,90.0,rollinssamuel@example.org
699098933925,English,M,V1,10,2011-02-15,101.0,andradeedwin@example.net
346305060944,English,F,V2,10,2011-02-15,132.0,fosterbryan@example.org
338015750020,English,F,V3,10,2011-02-15,125.0,scox@example.com
959716941356,English,F,V3,10,2011-02-15,90.0,brian49@example.net
301660451707,English,M,V3,10,2011-02-15,129.0,lauren68@example.org
417341338815,English,F,V3,10,2011-02-15,135.0,onichols@example.org
227103869218,English,F,V3,10,2011-02-15,138.0,tgarcia@example.net
852238157077,English,M,V2,10,2011-02-15,142.0,chasebrian@example.net
943206281739,English,F,V1,10,2011-02-15,139.0,michaelnelson@example.net
312688754696,English,M,V1,10,2011-02-15,95.0,cynthiawilliams@example.org
135698876662,English,F,V3,10,2011-02-15,92.0,evanwilliams@example.com
253222700292,English,F,V2,10,2011-02-15,122.0,jbeasley@example.net
444148960455,English,M,V2,10,2011-02-15,143.0,holmescarolyn@example.com
293128258759,English,F,V1,10,2011-02-15,90.0,laurastanley@example.net
994787638095,English,F,V1,10,2011-02-15,101.0,mcguirepatrick@example.net
299679930730,English,F,V1,10,2011-02-15,94.0,jessicawells@example.org
587338312388,English,M,V3,10,2011-02-15,147.0,ctorres@example.org
532146357269,English,M,V1,10,2011-02-15,141.0,mbutler@example.org
974432563487,English,F,V2,10,2011-02-15,88.0,ryanwarren@example.net
416972370565,English,F,V1,10,2011-02-15,142.0,joneskathleen@example.net
915345819341,English,F,V2,10,2011-02-15,144.0,kelleralexander@example.com
693192585042,English,F,V2,10,2011-02-15,140.0,clarksandra@example.org
135670704907,English,M,V1,10,2011-02-15,137.0,amber37@example.net
327098206911,English,F,V3,10,2011-02-15,136.0,imunoz@example.com
879555596748,English,F,V3,10,2011-02-15,105.0,jimmyglass@example.net
910041940168,English,F,V1,10,2011-02-15,131.0,santosbrian@example.com
793775206735,English,F,V1,10,2011-02-15,92.0,joseph35@example.com
689368678336,English,F,V2,10,2011-02-15,101.0,willisjamie@example.net
146098748338,English,F,V2,10,2011-02-15,92.0,tina46@example.org
141293244236,English,F,V2,10,2011-02-15,132.0,sbrown@example.com
710765185429,English,M,V1,10,2011-02-15,141.0,brittany18@example.com
160809101741,English,M,V2,10,2011-02-15,125.0,garrettmartha@example.net
164079933214,English,F,V2,10,2011-02-15,137.0,jacobbarnett@example.com
797474081636,English,F,V2,10,2011-02-15,91.0,cochrankristin@example.org
850608974829,English,M,V3,10,2011-02-15,92.0,ericamoore@example.org
476495992317,English,F,V3,10,2011-02-15,97.0,ojohnson@example.com
723319206566,English,M,V2,10,2011-02-15,139.0,john35@example.com
880284243158,English,F,V1,10,2011-02-15,138.0,wilsonstacy@example.com
551219761552,English,F,V1,10,2011-02-15,136.0,dmorgan@example.com
638864624724,English,F,V1,10,2011-02-15,87.0,vhaynes@example.org
482999017810,English,M,V3,10,2011-02-15,144.0,fmorris@example.org
730244099307,English,F,V2,10,2011-02-15,137.0,rebeccastanley@example.com
320545018157,English,F,V3,10,2011-02-15,128.0,michelle46@example.net
617544925210,English,F,V2,10,2011-02-15,136.0,kingtimothy@example.com
974104516273,English,F,V1,10,2011-02-15,134.0,qhernandez@example.org
518520191512,English,M,V1,10,2011-02-15,130.0,xpetty@example.org
141319014081,English,M,V2,10,2011-02-15,121.0,gromero@example.net
440385669794,English,M,V3,10,2011-02-15,93.0,jamiegarrett@example.org
100959734715,English,M,V1,10,2011-02-15,136.0,kimberlybrown@example.org
793142451077,English,M,V3,10,2011-02-15,140.0,lallen@example.org
200046540902,English,F,V2,10,2011-02-15,117.0,cramirez@example.net
414402365394,English,F,V3,10,2011-02-15,132.0,jesse88@example.net
104129269271,English,M,V2,10,2011-02-15,130.0,amy41@example.org
256475460879,English,F,V3,10,2011-02-15,88.0,sharon25@example.net
882977016356,English,M,V2,10,2011-02-15,91.0,kmoore@example.org
127838559107,English,M,V3,10,2011-02-15,142.0,arellanonicholas@example.com
392606792353,English,M,V3,10,2011-02-15,142.0,robert70@example.net
778193381104,English,M,V2,10,2011-02-15,141.0,regina38@example.com
388842125199,English,F,V1,10,2011-02-15,88.0,sgill@example.org
818902894228,English,M,V2,10,2011-02-15,91.0,kevin53@example.com
519404791931,English,M,V1,10,2011-02-15,144.0,emilymurray@example.net
731517677765,English,F,V1,10,2011-02-15,88.0,rbaker@example.com
314573355753,English,X,V1,10,2011-02-15,139.0,myersdavid@example.org
396079556656,English,F,V1,10,2011-02-15,94.0,richard36@example.com
986754357401,English,F,V1,10,2011-02-15,147.0,arollins@example.com
710002796697,English,F,V2,10,2011-02-15,140.0,perrylaura@example.net
191966564012,English,F,V3,10,2011-02-15,138.0,hardingchristopher@example.org
226125741220,English,F,V2,10,2011-02-15,121.0,amandalin@example.com
191202785277,English,M,V2,10,2011-02-15,139.0,jamesfernandez@example.org
571220996103,English,M,V3,10,2011-02-15,135.0,davidburke@example.net
466248625011,English,M,V3,10,2011-02-15,130.0,timothywhite@example.com
442524557553,English,M,V2,10,2011-02-15,138.0,gfernandez@example.org
114486788941,English,M,V1,10,2011-02-15,89.0,ynavarro@example.net
497902223043,English,M,V1,10,2011-02-15,132.0,george52@example.net
958355738328,English,F,V1,10,2011-02-15,94.0,owyatt@example.org
251871320763,English,F,V1,10,2011-02-15,134.0,ytate@example.org
858385150270,English,F,V1,10,2011-02-15,139.0,samantha63@example.com
377785380894,English,F,V3,10,2011-02-15,95.0,nicholas34@example.org
973737144012,English,M,V2,10,2011-02-15,135.0,rosemark@example.com
407151941408,English,M,V2,10,2011-02-15,129.0,david37@example.net
363574387522,English,F,V1,10,2011-02-15,144.0,harperlisa@example.org
990864586241,English,F,V3,10,2011-02-15,87.0,gabrielbrown@example.net
449147662623,English,F,V3,10,2011-02-15,145.0,stephen69@example.org
977613316053,English,M,V2,10,2011-02-15,136.0,corywatts@example.net
841257224914,English,M,V1,10,2011-02-15,135.0,wandareynolds@example.org
331859753247,English,M,V3,10,2011-02-15,146.0,navarrodevin@example.net
103959538839,English,F,V2,10,2011-02-15,89.0,prattconnor@example.org
813549911635,English,F,V1,10,2011-02-15,140.0,stevenroberts@example.net
777408776569,English,M,V1,10,2011-02-15,103.0,danielleperez@example.net
423342742007,English,M,V3,10,2011-02-15,125.0,smithraymond@example.net
325290869419,English,F,V2,10,2011-02-15,146.0,danieljesse@example.org
452588241456,English,M,V3,10,2011-02-15,144.0,mitchelljack@example.com
200422501449,English,M,V2,10,2011-02-15,122.0,robert45@example.net
514923791655,English,F,V1,10,2011-02-15,145.0,stanleydeborah@example.com
817018364867,English,M,V1,10,2011-02-15,146.0,kristen77@example.net
586563901731,English,F,V1,10,2011-02-15,143.0,karenwilliams@example.org
539042403119,English,F,V1,10,2011-02-15,126.0,ericsanchez@example.org
777944444926,English,F,V3,10,2011-02-15,97.0,taylor27@example.net
349417593316,English,F,V2,10,2011-02-15,145.0,ajohnson@example.org
741634389651,English,M,V3,10,2011-02-15,145.0,karenlevine@example.org
385412045580,English,F,V3,10,2011-02-15,135.0,cynthia88@example.net
762997961741,English,M,V3,10,2011-02-15,95.0,timothy53@example.com
762613762026,English,M,V1,10,2011-02-15,135.0,kiara59@example.com
916637350595,English,F,V2,10,2011-02-15,148.0,smithjoshua@example.org
910681158767,English,M,V2,10,2011-02-15,144.0,amiller@example.org
534364188889,English,F,V3,10,2011-02-15,94.0,dennis02@example.org
416575823760,English,M,V3,10,2011-02-15,142.0,michael18@example.org
276153441169,English,M,V3,10,2011-02-15,138.0,bgraham@example.net
971270141144,English,M,V1,10,2011-02-15,131.0,nicole56@example.net
217696472643,English,M,V2,10,2011-02-15,143.0,smithsandra@example.com
307975563571,English,F,V1,10,2011-02-15,145.0,oramirez@example.com
213534419236,English,M,V3,10,2011-02-15,132.0,yanthony@example.org
594544625465,English,M,V2,10,2011-02-15,148.0,alvarezjackson@example.net
275091591663,English,M,V2,10,2011-02-15,144.0,oconnorstephen@example.com
832589696416,English,F,V1,10,2011-02-15,92.0,tspencer@example.net
167016832565,English,F,V1,10,2011-02-15,136.0,fbailey@example.net
425347981126,English,M,V3,10,2011-02-15,137.0,amyhood@example.net
601133214091,English,F,V1,10,2011-02-15,118.0,jasonsmith@example.com
430616511690,English,M,V1,10,2011-02-15,132.0,matthew40@example.com
396079556656,English,F,V3,10,2011-02-15,94.0,murphysamantha@example.com
793437510513,English,M,V3,10,2011-02-15,138.0,rmorrow@example.net
606843724900,English,F,V1,10,2011-02-15,135.0,williskristin@example.com
839294652883,English,M,V3,10,2011-02-15,92.0,rwilliams@example.com
407700229353,English,F,V3,10,2011-02-15,131.0,stephenstammy@example.com
411139230107,English,F,V2,10,2011-02-15,120.0,qestrada@example.net
474387776713,English,M,V1,10,2011-02-15,89.0,heathersanchez@example.net
108667426799,English,M,V1,10,2011-02-15,92.0,elizabethbarnes@example.com
782762502567,English,M,V1,10,2011-02-15,142.0,williamsrussell@example.com
841236719561,English,M,V3,10,2011-02-15,139.0,lstephens@example.com
218414448622,English,F,V1,10,2011-02-15,137.0,gregorydawson@example.net
739889855037,English,F,V1,10,2011-02-15,102.0,mjones@example.com
592607678934,English,F,V3,10,2011-02-15,92.0,gerickson@example.net
557151713968,English,M,V1,10,2011-02-15,148.0,dawn43@example.com
320474816951,English,F,V3,10,2011-02-15,135.0,thawkins@example.com
615291903736,English,F,V2,10,2011-02-15,137.0,alexanderduffy@example.com
372164584676,English,M,V2,10,2011-02-15,146.0,seth02@example.net
961784934798,English,M,V3,10,2011-02-15,103.0,williamsrebecca@example.com
389919787261,English,M,V1,10,2011-02-15,95.0,jesse84@example.org
839950912227,English,M,V3,10,2011-02-15,145.0,llee@example.com
643271870581,English,M,V1,10,2011-02-15,142.0,mcgeewayne@example.net
325290869419,English,F,V1,10,2011-02-15,143.0,deborah90@example.org
454667492832,English,F,V3,10,2011-02-15,85.0,qwashington@example.net
370221291154,English,F,V1,10,2011-02-15,123.0,garciasean@example.org
163084884142,English,M,V3,10,2011-02-15,135.0,sandramatthews@example.com
442857862095,English,M,V2,10,2011-02-15,90.0,wpatrick@example.net
422038389910,English,M,V1,10,2011-02-15,140.0,josephwilliams@example.com
171989692702,English,M,V2,10,2011-02-15,92.0,amywhitehead@example.org
879043148662,English,M,V2,10,2011-02-15,148.0,teresa41@example.com
392606792353,English,F,V3,10,2011-02-15,143.0,dthompson@example.com
632923836309,English,F,V1,10,2011-02-15,141.0,loriholland@example.org
968004570850,English,M,V1,10,2011-02-15,137.0,lpeters@example.com
958355738328,English,M,V1,10,2011-02-15,95.0,samuel39@example.org
684866984980,English,M,V2,10,2011-02-15,107.0,melanieunderwood@example.net
558204517083,English,M,V1,10,2011-02-15,136.0,whitegarrett@example.org
282849371251,English,M,V1,10,2011-02-15,137.0,timothy70@example.com
238140583912,English,M,V3,10,2011-02-15,136.0,bellbrandon@example.com
763648871532,English,M,V3,10,2011-02-15,88.0,laura05@example.org
956173917509,English,X,V1,10,2011-02-15,92.0,juanthompson@example.org
993927906847,English,M,V1,10,2011-02-15,101.0,nancy62@example.org
868820824958,English,F,V2,10,2011-02-15,99.0,vrodriguez@example.com
829950351515,English,F,V3,10,2011-02-15,141.0,natalie87@example.net
344189584767,English,F,V3,10,2011-02-15,94.0,lforbes@example.net
328705093565,English,F,V1,10,2011-02-15,139.0,sampsonjeanette@example.com
759988316639,English,F,V1,10,2011-02-15,104.0,pwright@example.org
476267639073,English,F,V3,10,2011-02-15,91.0,silvamatthew@example.org
253222700292,English,M,V3,10,2011-02-15,125.0,williamhale@example.com
581933667315,English,F,V1,10,2011-02-15,146.0,harriskurt@example.com
684574042824,English,M,V1,10,2011-02-15,145.0,tuckersean@example.com
604763737816,English,F,V1,10,2011-02-15,143.0,michaelwhite@example.org
418655103078,English,F,V1,10,2011-02-15,139.0,peter08@example.org
978682765676,English,M,V3,10,2011-02-15,103.0,jennifercarrillo@example.org
123318950436,English,M,V2,10,2011-02-15,131.0,wileybrian@example.net
834298341398,English,M,V2,10,2011-02-15,90.0,jasmineburch@example.com
852594613937,English,F,V1,10,2011-02-15,93.0,michaelweaver@example.net
639626738511,English,M,V2,10,2011-02-15,148.0,hallbianca@example.net
786440337359,English,M,V3,10,2011-02-15,144.0,dawn23@example.com
904559074643,English,F,V1,10,2011-02-15,144.0,yjones@example.net
292038230800,English,M,V1,10,2011-02-15,123.0,ojohnson@example.org
405098725715,English,F,V3,10,2011-02-15,138.0,ricardo97@example.org
154150963870,English,F,V3,10,2011-02-15,134.0,alexander50@example.net
507731739503,English,M,V3,10,2011-02-15,135.0,martinezjohn@example.org
515823840274,English,F,V2,10,2011-02-15,137.0,ncarson@example.net
289405993993,English,F,V2,10,2011-02-15,99.0,jonesalexander@example.net
208668636312,English,F,V3,10,2011-02-15,139.0,paul75@example.org
374180766222,English,M,V1,10,2011-02-15,139.0,monica37@example.org
491950144887,English,M,V2,10,2011-02-15,90.0,heather73@example.com
674842316304,English,M,V2,10,2011-02-15,139.0,dorothywoods@example.net
631474773129,English,F,V2,10,2011-02-15,141.0,ghouston@example.com
242689784506,English,M,V1,10,2011-02-15,86.0,newtontamara@example.net
829495589617,English,M,V3,10,2011-02-15,102.0,changkimberly@example.com
690328287571,English,M,V2,10,2011-02-15,148.0,sschneider@example.org
450277451643,English,F,V1,10,2011-02-15,139.0,carpenterjessica@example.com
669181162909,English,F,V1,10,2011-02-15,148.0,robertmunoz@example.org
433323257942,English,F,V3,10,2011-02-15,134.0,kleinrobin@example.net
739889855037,English,M,V2,10,2011-02-15,101.0,nicholas53@example.org
433458621188,English,M,V2,10,2011-02-15,138.0,brownashley@example.com
294787877747,English,M,V1,10,2011-02-15,102.0,craigjohnson@example.org
846508789269,English,M,V2,10,2011-02-15,,jennifergonzalez@example.org
235224609325,English,F,V2,10,2011-02-15,134.0,shirleyaguirre@example.net
321958361329,English,M,V1,10,2011-02-15,141.0,dmitchell@example.org
712119429810,English,F,V3,10,2011-02-15,132.0,hollyhoward@example.org
337520577554,English,M,V1,10,2011-02-15,143.0,ortizdavid@example.org
445101291634,English,F,V2,10,2011-02-15,131.0,scottsheila@example.org
370221291154,English,F,V3,10,2011-02-15,127.0,adrienne60@example.net
865424495934,English,F,V2,10,2011-02-15,91.0,alexanderlee@example.com
771445817057,English,M,V2,10,2011-02-15,141.0,kenneth36@example.org
576278034509,English,F,V2,10,2011-02-15,143.0,mackenzie51@example.org
759016112901,English,M,V3,10,2011-02-15,133.0,dneal@example.org
603460907846,English,F,V2,10,2011-02-15,138.0,johnortiz@example.org
793540544976,English,X,V3,10,2011-02-15,90.0,davidalbert@example.com
804770709648,English,M,V2,10,2011-02-15,85.0,nolancarrie@example.org
186191518707,English,M,V3,10,2011-02-15,139.0,ocollins@example.com
242797450759,English,F,V1,10,2011-02-15,88.0,osheppard@example.com
960692523684,English,M,V1,10,2011-02-15,85.0,zwelch@example.net
124878004143,English,F,V2,10,2011-02-15,128.0,garciarebecca@example.net
122089951840,English,F,V3,10,2011-02-15,135.0,don45@example.net
658371622759,English,F,V1,10,2011-02-15,,twelch@example.com
258101464898,English,F,V3,10,2011-02-15,145.0,smithwilliam@example.com
629170494222,English,F,V3,10,2011-02-15,138.0,clyons@example.org
156606550376,English,F,V2,10,2011-02-15,141.0,xwalker@example.net
142993034002,English,F,V3,10,2011-02-15,127.0,williamberry@example.org
576278034509,English,M,V1,10,2011-02-15,145.0,tingram@example.com
301660451707,English,X,V1,10,2011-02-15,128.0,wallacecaroline@example.com
395005428947,English,M,V2,10,2011-02-15,143.0,holly61@example.org
687949317347,English,M,V3,10,2011-02-15,95.0,rodriguezashley@example.net
849307039466,English,F,V2,10,2011-02-15,145.0,jimmy06@example.net
687225118310,English,F,V1,10,2011-02-15,129.0,tammykennedy@example.org
476385761075,English,X,V1,10,2011-02-15,146.0,reedgary@example.org
407195636223,English,M,V1,10,2011-02-15,134.0,mary36@example.net
429343534171,English,F,V3,10,2011-02-15,132.0,tylerdaniel@example.com
452297120175,English,F,V2,10,2011-02-15,132.0,michaelhansen@example.net
549464079080,English,M,V2,10,2011-02-15,143.0,egrant@example.net
203906798649,English,M,V2,10,2011-02-15,91.0,dflores@example.org
581364875282,English,M,V1,10,2011-02-15,146.0,adamsaunders@example.org
145539086273,English,M,V2,10,2011-02-15,142.0,shawnperez@example.net
786401318560,English,F,V2,10,2011-02-15,136.0,paulspencer@example.com
439167803383,English,M,V1,10,2011-02-15,140.0,coxmark@example.net
167016832565,English,M,V2,10,2011-02-15,135.0,pthomas@example.com
227620263469,English,M,V2,10,2011-02-15,135.0,patrickramirez@example.org
362040160365,English,F,V1,10,2011-02-15,125.0,paulpage@example.com
640102632370,English,F,V2,10,2011-02-15,125.0,qbenjamin@example.com
217858743117,English,F,V1,10,2011-02-15,143.0,daniel45@example.org
722843659605,English,M,V2,10,2011-02-15,148.0,xwarren@example.net
453464139712,English,M,V2,10,2011-02-15,138.0,robert16@example.org
310814945444,English,M,V1,10,2011-02-15,135.0,hsullivan@example.net
946169086396,English,M,V1,10,2011-02-15,98.0,evanskatrina@example.net
789697384189,English,F,V1,10,2011-02-15,110.0,james90@example.net
868470805052,English,M,V1,10,2011-02-15,138.0,peter55@example.org
591911686772,English,M,V2,10,2011-02-15,93.0,shawndavis@example.net
648283264924,English,M,V2,10,2011-02-15,145.0,victor49@example.net
333108816272,English,M,V3,10,2011-02-15,135.0,farleydustin@example.org
709471354076,English,M,V3,10,2011-02-15,140.0,benjamin74@example.com
675709899287,English,F,V3,10,2011-02-15,106.0,contrerasmike@example.org
653029751996,English,M,V3,10,2011-02-15,90.0,whiteamanda@example.com
396901188826,English,M,V3,10,2011-02-15,91.0,carolyn13@example.net
229851161758,English,F,V2,10,2011-02-15,145.0,alex73@example.org
486885647770,English,M,V1,10,2011-02-15,101.0,stephaniegonzalez@example.org
345460640893,English,F,V1,10,2011-02-15,141.0,courtneyvelasquez@example.net
623835240393,English,M,V2,10,2011-02-15,139.0,christophercalderon@example.com
848532036464,English,M,V3,10,2011-02-15,144.0,thomas72@example.org
938111337281,English,M,V1,10,2011-02-15,,adrian97@example.net
142140441748,English,M,V1,10,2011-02-15,126.0,atkinssusan@example.com
502374170763,English,M,V2,10,2011-02-15,132.0,khawkins@example.org
449921644035,English,M,V3,10,2011-02-15,139.0,arianabaldwin@example.org
489157753350,English,F,V3,10,2011-02-15,147.0,hilljames@example.com
101965199819,English,M,V3,10,2011-02-15,146.0,colleen97@example.org
897271757364,English,F,V2,10,2011-02-15,95.0,ucampbell@example.org
475219341126,English,M,V3,10,2011-02-15,132.0,zgarrett@example.com
669528830794,English,F,V3,10,2011-02-15,95.0,hyoung@example.org
159470584726,English,F,V2,10,2011-02-15,144.0,debra45@example.net
100959734715,English,M,V3,10,2011-02-15,137.0,justin44@example.org
570460613258,English,M,V2,10,2011-02-15,136.0,morgansteven@example.com
644535516785,English,M,V1,10,2011-02-15,148.0,amyelliott@example.org
880284243158,English,F,V3,10,2011-02-15,142.0,bishopjames@example.com
779796927748,English,M,V2,10,2011-02-15,109.0,hoodedward@example.org
476739839718,English,M,V2,10,2011-02-15,100.0,anthony36@example.net
899179031390,English,M,V3,10,2011-02-15,146.0,amandawalker@example.org
790325118535,English,M,V1,10,2011-02-15,136.0,justinrivera@example.com
929029985806,English,M,V3,10,2011-02-15,96.0,john56@example.com
984396786361,English,F,V2,10,2011-02-15,101.0,mario79@example.com
379320768688,English,M,V3,10,2011-02-15,92.0,cynthia64@example.com
476739839718,English,X,V2,10,2011-02-15,98.0,anthony09@example.net
414402365394,English,F,V3,10,2011-02-15,134.0,huffmichael@example.com
417906199419,English,X,V3,10,2011-02-15,90.0,millerjames@example.com
751868124486,English,M,V2,10,2011-02-15,90.0,williamscynthia@example.net
786401318560,English,F,V2,10,2011-02-15,139.0,arellanoelizabeth@example.com
181680842819,English,F,V3,10,2011-02-15,147.0,erobinson@example.com
995108728203,English,M,V1,10,2011-02-15,143.0,dlove@example.com
821290706692,English,M,V1,10,2011-02-15,140.0,erivera@example.net
247348293692,English,F,V1,10,2011-02-15,148.0,charles75@example.org
648283264924,English,F,V1,10,2011-02-15,144.0,kurt68@example.net
806580436524,English,F,V2,10,2011-02-15,142.0,medwards@example.org
156606550376,English,M,V3,10,2011-02-15,138.0,yford@example.org
541436623013,English,M,V1,10,2011-02-15,128.0,william50@example.net
391176787218,English,F,V2,10,2011-02-15,90.0,angeladrake@example.org
902399761372,English,F,V1,10,2011-02-15,145.0,sberry@example.org
308403967324,English,F,V2,10,2011-02-15,138.0,hamiltoneric@example.net
621225459686,English,M,V2,10,2011-02-15,142.0,aroberts@example.net
875573200710,English,F,V1,10,2011-02-15,135.0,whopkins@example.com
644277163382,English,F,V1,10,2011-02-15,139.0,campbellcaroline@example.com
478070730238,English,M,V3,10,2011-02-15,137.0,gsmith@example.net
472060848196,English,M,V3,10,2011-02-15,140.0,diana15@example.org
828026741550,English,X,V3,10,2011-02-15,136.0,williamsrachel@example.org
715178832308,English,M,V2,10,2011-02-15,142.0,cynthiarussell@example.org
744994953440,English,F,V1,10,2011-02-15,89.0,dominguezsteven@example.org
706600891293,English,F,V2,10,2011-02-15,138.0,sherri61@example.com
866690973944,English,M,V3,10,2011-02-15,101.0,christopherrobinson@example.net
359503730393,English,F,V3,10,2011-02-15,136.0,ramireznancy@example.org
227103869218,English,M,V1,10,2011-02-15,135.0,tmatthews@example.com
495049627440,English,F,V2,10,2011-02-15,140.0,mtaylor@example.net
474830749593,English,F,V2,10,2011-02-15,91.0,ashley37@example.com
844072980822,English,F,V3,10,2011-02-15,144.0,donnawright@example.org
890360972260,English,F,V2,10,2011-02-15,141.0,johnsoncourtney@example.com
656912414867,English,F,V2,10,2011-02-15,144.0,olsonjohn@example.org
608957302081,English,F,V1,10,2011-02-15,136.0,butlercassie@example.org
453464139712,English,M,V3,10,2011-02-15,138.0,uyang@example.net
866690973944,English,F,V2,10,2011-02-15,102.0,kathryn22@example.org
349417593316,English,M,V3,10,2011-02-15,144.0,andrew90@example.com
623892571618,English,F,V3,10,2011-02-15,146.0,wware@example.net
571220996103,English,F,V1,10,2011-02-15,134.0,chernandez@example.com
968867297997,English,M,V2,10,2011-02-15,118.0,dhurley@example.org
310244559278,English,F,V3,10,2011-02-15,138.0,emills@example.net
789326812824,English,M,V1,10,2011-02-15,87.0,morganelizabeth@example.net
865424495934,English,M,V1,10,2011-02-15,89.0,allenrodriguez@example.org
456266015875,English,F,V2,10,2011-02-15,142.0,barbara86@example.org
895109719935,English,F,V2,10,2011-02-15,94.0,durandavid@example.com
500877423442,English,F,V2,10,2011-02-15,137.0,kelly56@example.com
383355942241,English,F,V1,10,2011-02-15,138.0,valenciamary@example.com
208085978332,English,M,V2,10,2011-02-15,142.0,reillymorgan@example.net
506523127574,English,F,V1,10,2011-02-15,137.0,janderson@example.com
181427175834,English,M,V2,10,2011-02-15,138.0,james29@example.com
526824012593,English,F,V2,10,2011-02-15,135.0,snyderstacy@example.com
392105670595,English,F,V3,10,2011-02-15,142.0,joshua95@example.com
432625408218,English,M,V2,10,2011-02-15,134.0,dbrown@example.net
467259622633,English,M,V1,10,2011-02-15,146.0,michelle11@example.net
745387375164,English,F,V3,10,2011-02-15,85.0,bradleyjohnson@example.net
206942330529,English,M,V3,10,2011-02-15,131.0,phendricks@example.org
215324851409,English,M,V2,10,2011-02-15,132.0,wadesamantha@example.org
241719611302,English,F,V1,10,2011-02-15,123.0,jbaker@example.com
790267333165,English,F,V1,10,2011-02-15,141.0,qcampbell@example.net
213534419236,English,F,V2,10,2011-02-15,132.0,linda36@example.com
537638043616,English,M,V2,10,2011-02-15,142.0,timothyalexander@example.com
680963072521,English,F,V2,10,2011-02-15,138.0,joannadixon@example.org
987369635315,English,F,V2,10,2011-02-15,90.0,alexander44@example.net
909376344387,English,M,V1,10,2011-02-15,92.0,hancockjohn@example.org
699647369753,English,F,V2,10,2011-02-15,105.0,patty53@example.com
355549650533,English,F,V3,10,2011-02-15,138.0,cuevaserin@example.net
339623098403,English,M,V2,10,2011-02-15,137.0,nmcdaniel@example.net
744470751896,English,M,V1,10,2011-02-15,88.0,robertaguilar@example.org
332192678154,English,M,V3,10,2011-02-15,138.0,mvargas@example.org
386373410419,English,M,V1,10,2011-02-15,140.0,mcmillanthomas@example.org
591470608160,English,X,V1,10,2011-02-15,136.0,qgarrison@example.org
137776777180,English,F,V1,10,2011-02-15,86.0,garysoto@example.org
520592852882,English,M,V2,10,2011-02-15,142.0,kjones@example.net
778856287683,English,M,V3,10,2011-02-15,106.0,frankrobinson@example.com
782754897518,English,F,V2,10,2011-02-15,102.0,williamsamanda@example.org
145539086273,English,F,V3,10,2011-02-15,142.0,vrichard@example.com
465322379589,English,F,V3,10,2011-02-15,93.0,diazpatricia@example.org
306909562930,English,F,V2,10,2011-02-15,142.0,james29@example.com
879555596748,English,F,V3,10,2011-02-15,107.0,eclayton@example.net
393425846206,English,F,V3,10,2011-02-15,143.0,hartandrea@example.net
107052287510,English,F,V1,10,2011-02-15,127.0,matthewbrady@example.net
942399697371,English,M,V2,10,2011-02-15,100.0,irose@example.com
957387382582,English,M,V3,10,2011-02-15,92.0,jenniferkirby@example.org
956879299816,English,M,V1,10,2011-02-15,108.0,vthomas@example.net
584740695443,English,F,V2,10,2011-02-15,145.0,paullee@example.com
287009244437,English,F,V1,10,2011-02-15,138.0,bakermary@example.net
699208964566,English,M,V1,10,2011-02-15,101.0,robert08@example.org
515398761568,English,M,V3,10,2011-02-15,91.0,johnmcdaniel@example.net
596017625569,English,F,V2,10,2011-02-15,91.0,coxlori@example.net
916418563627,English,M,V2,10,2011-02-15,147.0,jimmy52@example.net
265794781606,English,M,V1,10,2011-02-15,86.0,tylerdonovan@example.org
820757934432,English,F,V1,10,2011-02-15,143.0,joe00@example.com
831864435167,English,F,V1,10,2011-02-15,147.0,ewest@example.com
526859504957,English,M,V2,10,2011-02-15,91.0,hrobinson@example.org
874286592515,English,M,V3,10,2011-02-15,90.0,laurencarson@example.org
244696354698,English,M,V2,10,2011-02-15,94.0,hle@example.com
430691452102,English,F,V2,10,2011-02-15,123.0,watkinsclaudia@example.net
559514391997,English,M,V3,10,2011-02-15,98.0,gallowayrenee@example.org
178876147675,English,M,V1,10,2011-02-15,,tsellers@example.net
753374909976,English,F,V2,10,2011-02-15,95.0,fordjesse@example.net
467259622633,English,F,V2,10,2011-02-15,141.0,carpenterdwayne@example.net
695201652555,English,F,V3,10,2011-02-15,137.0,michael69@example.com
856474060197,English,F,V3,10,2011-02-15,142.0,ashley09@example.net
726135394344,English,M,V1,10,2011-02-15,137.0,robertjones@example.org
327169963207,English,M,V1,10,2011-02-15,146.0,heidigonzales@example.com
495049627440,English,M,V3,10,2011-02-15,144.0,jyork@example.com
908562680524,English,M,V1,10,2011-02-15,143.0,kelly58@example.net
775197310781,English,F,V2,10,2011-02-15,141.0,michaeljames@example.net
641195580049,English,M,V3,10,2011-02-15,142.0,pachecolaura@example.net
809912310501,English,F,V1,10,2011-02-15,126.0,robertjarvis@example.org
778210559789,English,F,V2,10,2011-02-15,98.0,smorales@example.com
186507121897,English,M,V2,10,2011-02-15,144.0,philip53@example.org
293128258759,English,M,V3,10,2011-02-15,91.0,lacey94@example.org
594485251254,English,M,V3,10,2011-02-15,145.0,meganchase@example.net
656912414867,English,M,V1,10,2011-02-15,150.0,david85@example.com
847889816725,English,M,V2,10,2011-02-15,99.0,cfletcher@example.com
786401318560,English,M,V1,10,2011-02-15,139.0,hardingchristine@example.org
556812482722,English,F,V2,10,2011-02-15,141.0,fdavis@example.net
663303418349,English,F,V3,10,2011-02-15,137.0,rayalexis@example.net
502733005498,English,F,V1,10,2011-02-15,132.0,melissa90@example.org
495524738263,English,F,V1,10,2011-02-15,149.0,amberhernandez@example.org
908625565675,English,M,V1,10,2011-02-15,93.0,collinslori@example.org
698157146974,English,F,V1,10,2011-02-15,92.0,joseph93@example.net
480864643431,English,F,V2,10,2011-02-15,138.0,kevin73@example.net
933993872590,English,F,V3,10,2011-02-15,94.0,kenneth59@example.net
755102468368,English,M,V1,10,2011-02-15,142.0,russellalexander@example.net
908562680524,English,M,V2,10,2011-02-15,145.0,latashahill@example.com
879158052882,English,F,V2,10,2011-02-15,88.0,brandon07@example.com
242689784506,English,M,V1,10,2011-02-15,91.0,patrickfernandez@example.com
482060780834,English,F,V2,10,2011-02-15,136.0,bcohen@example.com
790325118535,English,M,V3,10,2011-02-15,140.0,wrodriguez@example.net
181492572221,English,F,V1,10,2011-02-15,133.0,larry13@example.net
394551371904,English,F,V2,10,2011-02-15,142.0,hallmelissa@example.net
203851250140,English,M,V2,10,2011-02-15,120.0,matthew71@example.net
358688985050,English,M,V1,10,2011-02-15,90.0,joshuamendez@example.com
238319681086,English,F,V1,10,2011-02-15,144.0,evansmichael@example.net
615387473403,English,F,V1,10,2011-02-15,,cjohnson@example.com
547777321083,English,M,V3,10,2011-02-15,141.0,ronaldmichael@example.org
621810042698,English,M,V1,10,2011-02-15,132.0,pbuchanan@example.net
165097538514,English,M,V3,10,2011-02-15,,fmontgomery@example.net
641911998958,English,F,V1,10,2011-02-15,101.0,andersenangie@example.org
435269736990,English,F,V1,10,2011-02-15,91.0,lauriehammond@example.net
101495482541,English,M,V1,10,2011-02-15,130.0,wardmichael@example.com
265674695942,English,F,V1,10,2011-02-15,96.0,nbautista@example.net
576690261131,English,M,V1,10,2011-02-15,137.0,jamesnelson@example.org
820427560632,English,M,V2,10,2011-02-15,132.0,kvillanueva@example.com
492508506167,English,F,V2,10,2011-02-15,138.0,collinskristen@example.net
223832166224,English,M,V2,10,2011-02-15,130.0,lopezandrew@example.net
322063120149,English,M,V3,10,2011-02-15,118.0,ajimenez@example.net
669181162909,English,F,V3,10,2011-02-15,146.0,mfisher@example.com
396079556656,English,F,V2,10,2011-02-15,94.0,jennifersmith@example.org
673010934474,English,F,V1,10,2011-02-15,137.0,glennwilliams@example.org
135698876662,English,F,V1,10,2011-02-15,92.0,sandersdustin@example.net
248800189008,English,F,V3,10,2011-02-15,137.0,julie14@example.com
548171248927,English,F,V2,10,2011-02-15,149.0,joshuawright@example.net
916466963279,English,M,V3,10,2011-02-15,96.0,pwall@example.com
771614645871,English,F,V1,10,2011-02-15,144.0,juliegonzales@example.org
778449051506,English,M,V3,10,2011-02-15,141.0,campbellamy@example.com
392606792353,English,F,V1,10,2011-02-15,145.0,greeneanthony@example.net
645395171234,English,F,V3,10,2011-02-15,138.0,wwarner@example.net
536255590422,English,M,V2,10,2011-02-15,135.0,nelsonthomas@example.net
713875474209,English,F,V3,10,2011-02-15,148.0,bryantravis@example.net
489293538395,English,F,V2,10,2011-02-15,94.0,natashagross@example.net
270659370998,English,F,V1,10,2011-02-15,95.0,david08@example.net
234701114439,English,F,V1,10,2011-02-15,126.0,kimarthur@example.org
989890235337,English,M,V2,10,2011-02-15,91.0,shawn93@example.com
163220871658,English,F,V2,10,2011-02-15,134.0,mclaughlintoni@example.com
314573355753,English,M,V1,10,2011-02-15,137.0,vanessagriffin@example.net
464752887625,English,M,V3,10,2011-02-15,92.0,chadnichols@example.com
968803263465,English,M,V3,10,2011-02-15,90.0,hbeck@example.net
667935206099,English,F,V2,10,2011-02-15,89.0,austinjones@example.net
639626738511,English,M,V2,10,2011-02-15,146.0,morganamanda@example.com
221836588735,English,M,V3,10,2011-02-15,146.0,bphillips@example.org
586311917581,English,M,V3,10,2011-02-15,144.0,audreyprice@example.org
301885565630,English,M,V1,10,2011-02-15,136.0,ffigueroa@example.org
694613039311,English,F,V2,10,2011-02-15,134.0,kevinmurphy@example.net
876487830748,English,M,V3,10,2011-02-15,98.0,pattonchristopher@example.com
418199702243,English,M,V1,10,2011-02-15,141.0,larrymitchell@example.com
473469762949,English,F,V1,10,2011-02-15,98.0,wphillips@example.net
446603787135,English,F,V2,10,2011-02-15,141.0,yangjames@example.net
619536266239,English,F,V2,10,2011-02-15,149.0,gary25@example.org
250937016553,English,F,V2,10,2011-02-15,133.0,katherinegonzalez@example.net
663364881592,English,M,V1,10,2011-02-15,88.0,blakeadams@example.net
409206599866,English,M,V2,10,2011-02-15,94.0,diane03@example.net
506340301016,English,F,V3,10,2011-02-15,120.0,carlos16@example.com
481220664237,English,F,V1,10,2011-02-15,134.0,zcastillo@example.com
464059520761,English,M,V2,10,2011-02-15,135.0,george58@example.org
758276657881,English,F,V3,10,2011-02-15,100.0,brooksmatthew@example.org
111195296291,English,M,V1,10,2011-02-15,134.0,jaguirre@example.com
963945116282,English,M,V2,10,2011-02-15,144.0,walkerstephanie@example.com
722467969656,English,F,V3,10,2011-02-15,98.0,shannondelgado@example.com
830707134370,English,F,V1,10,2011-02-15,133.0,wilsonchristine@example.com
975299791730,English,F,V2,10,2011-02-15,95.0,ashlee74@example.com
870178751588,English,M,V3,10,2011-02-15,90.0,benjaminwilliams@example.com
311449317271,English,F,V2,10,2011-02-15,133.0,tammyquinn@example.org
324119538110,English,F,V2,10,2011-02-15,126.0,jacobmayer@example.net
220287658458,English,M,V3,10,2011-02-15,146.0,keithrubio@example.org
707938999345,English,M,V2,10,2011-02-15,98.0,lisa88@example.net
863359703151,English,F,V1,10,2011-02-15,142.0,tyler13@example.org
248803342666,English,F,V2,10,2011-02-15,,dmills@example.net
665251148738,English,F,V1,10,2011-02-15,142.0,mccormickaaron@example.com
933126806092,English,M,V1,10,2011-02-15,134.0,rojassheila@example.com
254212019634,English,M,V3,10,2011-02-15,127.0,perezbrittney@example.com
232642356457,English,F,V1,10,2011-02-15,135.0,wyoder@example.net
977613316053,English,M,V1,10,2011-02-15,136.0,alicia28@example.com
462608622008,English,F,V2,10,2011-02-15,131.0,martinsanchez@example.net
585747396921,English,F,V3,10,2011-02-15,95.0,samantha70@example.org
208668636312,English,F,V3,10,2011-02-15,142.0,carrie45@example.org
111648293836,English,F,V1,10,2011-02-15,140.0,zbaker@example.net
806580436524,English,F,V2,10,2011-02-15,140.0,imarquez@example.net
924608281798,English,F,V3,10,2011-02-15,95.0,garciaangela@example.com
843664509681,English,M,V1,10,2011-02-15,91.0,vflores@example.org
370221291154,English,F,V2,10,2011-02-15,125.0,ruth98@example.org
985347883155,English,F,V3,10,2011-02-15,95.0,horegina@example.net
447376518980,English,F,V1,10,2011-02-15,89.0,tonya85@example.com
587905784384,English,M,V1,10,2011-02-15,95.0,gregorynelson@example.com
114840903408,English,F,V3,10,2011-02-15,128.0,icarter@example.net
509058310923,English,M,V3,10,2011-02-15,134.0,mclaughlinnathaniel@example.org
469236204563,English,M,V2,10,2011-02-15,141.0,adam36@example.org
559788416159,English,F,V2,10,2011-02-15,97.0,loriturner@example.org
858385150270,English,F,V1,10,2011-02-15,141.0,laurie52@example.com
129393905806,English,M,V1,10,2011-02-15,141.0,jonesjulie@example.com
597550888020,English,F,V3,10,2011-02-15,147.0,lowedavid@example.net
354276453926,English,M,V3,10,2011-02-15,147.0,debra82@example.com
627744090952,English,M,V2,10,2011-02-15,140.0,jorgejohnson@example.net
572626524139,English,F,V2,10,2011-02-15,140.0,ashley09@example.org
392539595915,English,F,V1,10,2011-02-15,90.0,westvickie@example.net
725473352130,English,M,V1,10,2011-02-15,127.0,sandersjonathan@example.org
506523127574,English,M,V3,10,2011-02-15,132.0,gregoryangela@example.net
778468971694,English,M,V3,10,2011-02-15,103.0,lydia18@example.com
419762292852,English,M,V2,10,2011-02-15,145.0,scottcody@example.com
798947311303,English,F,V2,10,2011-02-15,142.0,hayley17@example.org
199078602727,English,F,V2,10,2011-02-15,144.0,aberry@example.org
871742358062,English,F,V1,10,2011-02-15,141.0,natashagutierrez@example.net
658371622759,English,M,V1,10,2011-02-15,88.0,richardferguson@example.org
171479865366,English,X,V1,10,2011-02-15,88.0,pkramer@example.net
615291903736,English,M,V2,10,2011-02-15,142.0,traceyjohnson@example.net
162065023949,English,F,V1,10,2011-02-15,136.0,patricia05@example.com
989025299385,English,F,V3,10,2011-02-15,98.0,dblack@example.org
499657345435,English,F,V2,10,2011-02-15,94.0,chad54@example.net
781582311131,English,F,V2,10,2011-02-15,126.0,stephen07@example.net
129682372063,English,M,V3,10,2011-02-15,138.0,lucaskristen@example.net
204700571853,English,M,V3,10,2011-02-15,132.0,awilliams@example.net
829950351515,English,F,V2,10,2011-02-15,143.0,yorkkatrina@example.net
761133868215,English,F,V1,10,2011-02-15,139.0,ehoffman@example.net
673859605020,English,M,V2,10,2011-02-15,139.0,ovaughan@example.com
956173917509,English,M,V2,10,2011-02-15,90.0,jodi04@example.com
420508277261,English,M,V3,10,2011-02-15,133.0,carlagordon@example.net
654247035782,English,F,V2,10,2011-02-15,141.0,jensenkelly@example.com
629121395075,English,M,V3,10,2011-02-15,140.0,frankwilson@example.org
714621826018,English,M,V1,10,2011-02-15,137.0,wwilliams@example.com
502001268869,English,M,V1,10,2011-02-15,136.0,uyoung@example.org
177230648382,English,F,V3,10,2011-02-15,141.0,melanie88@example.net
892176330445,English,M,V1,10,2011-02-15,138.0,lmcdonald@example.net
511805674703,English,F,V1,10,2011-02-15,136.0,brianmoore@example.org
911206304956,English,M,V3,10,2011-02-15,131.0,vbriggs@example.net
832146540428,English,F,V3,10,2011-02-15,133.0,georgetyler@example.net
229780511432,English,M,V1,10,2011-02-15,129.0,derrickgriffith@example.com
768802001361,English,M,V3,10,2011-02-15,133.0,gary83@example.net
357615519923,English,F,V3,10,2011-02-15,145.0,kennethparker@example.com
745511928328,English,F,V1,10,2011-02-15,146.0,frederickpowell@example.net
489033942363,English,F,V3,10,2011-02-15,140.0,juliesalazar@example.org
193092100715,English,M,V3,10,2011-02-15,127.0,jhunter@example.org
383029859628,English,F,V2,10,2011-02-15,90.0,meyersandra@example.org
725270151924,English,M,V2,10,2011-02-15,135.0,regina86@example.org
238789966836,English,F,V2,10,2011-02-15,106.0,margaretscott@example.com
855887509870,English,M,V3,10,2011-02-15,99.0,linda91@example.com
446316795058,English,F,V2,10,2011-02-15,146.0,utaylor@example.org
165742355792,English,F,V3,10,2011-02-15,145.0,joy78@example.net
780351364682,English,F,V3,10,2011-02-15,142.0,rdalton@example.com
315374109487,English,F,V2,10,2011-02-15,139.0,diana69@example.com
374695892365,English,M,V1,10,2011-02-15,97.0,amanda66@example.com
257028716249,English,M,V1,10,2011-02-15,144.0,kristina27@example.com
839760965470,English,F,V2,10,2011-02-15,95.0,johnwu@example.org
807689589679,English,M,V1,10,2011-02-15,107.0,brownjill@example.org
875573200710,English,F,V1,10,2011-02-15,132.0,hessangela@example.net
389671681441,English,M,V2,10,2011-02-15,148.0,joe10@example.com
458595031857,English,M,V3,10,2011-02-15,,wilsonmichael@example.com
342998271342,English,F,V1,10,2011-02-15,140.0,sarahcordova@example.com
303564901873,English,F,V1,10,2011-02-15,140.0,aaron42@example.net
793142451077,English,X,V1,10,2011-02-15,138.0,chavezjoe@example.org
496470735259,English,M,V3,10,2011-02-15,86.0,slynn@example.net
427227213474,English,F,V1,10,2011-02-15,132.0,millerblake@example.net
299788629925,English,F,V2,10,2011-02-15,103.0,ljohnson@example.net
830485106366,English,M,V1,10,2011-02-15,138.0,dylan77@example.org
788573025718,English,X,V3,10,2011-02-15,89.0,mario29@example.net
523955594172,English,M,V1,10,2011-02-15,147.0,mcdonaldmichael@example.com
926168409777,English,F,V1,10,2011-02-15,95.0,susancollins@example.net
137315304587,English,M,V1,10,2011-02-15,138.0,jonesscott@example.org
592179865898,English,M,V3,10,2011-02-15,106.0,vlewis@example.com
129181262509,English,M,V1,10,2011-02-15,137.0,melissa12@example.net
756825266250,English,M,V3,10,2011-02-15,141.0,seth47@example.org
981741801463,English,F,V1,10,2011-02-15,138.0,jonathonjones@example.com
348892154002,English,M,V3,10,2011-02-15,134.0,ksnyder@example.net
175881928167,English,F,V1,10,2011-02-15,90.0,igarcia@example.org
426789565181,English,M,V2,10,2011-02-15,91.0,jonesshelly@example.com
942717698061,English,F,V2,10,2011-02-15,86.0,shawn06@example.com
686459573954,English,M,V3,10,2011-02-15,101.0,gstrickland@example.net
965620923022,English,M,V2,10,2011-02-15,134.0,nicolemiller@example.net
621603635119,English,F,V3,10,2011-02-15,128.0,freemanwilliam@example.com
344969318375,English,M,V1,10,2011-02-15,89.0,rodriguezrebecca@example.net
267961666793,English,X,V2,10,2011-02-15,94.0,ynelson@example.com
903561620565,English,M,V3,10,2011-02-15,134.0,philip00@example.org
550435154095,English,M,V2,10,2011-02-15,137.0,fcox@example.org
358352050776,English,F,V1,10,2011-02-15,137.0,carrollsharon@example.com
786748279507,English,F,V3,10,2011-02-15,99.0,nmitchell@example.org
578436223319,English,M,V2,10,2011-02-15,139.0,johnsonlaura@example.org
218482110503,English,M,V3,10,2011-02-15,121.0,hannahfarrell@example.com
344035526521,English,F,V1,10,2011-02-15,130.0,danderson@example.org
419789542868,English,M,V1,10,2011-02-15,102.0,fcontreras@example.com
931383435658,English,M,V2,10,2011-02-15,146.0,smithmarcus@example.org
866158625410,English,F,V3,10,2011-02-15,137.0,amylawrence@example.net
124878004143,English,F,V3,10,2011-02-15,133.0,justinortega@example.org
185803127076,English,F,V1,10,2011-02-15,133.0,patriciajackson@example.com
708332651097,English,M,V2,10,2011-02-15,137.0,williamsandrew@example.net
978246688054,English,M,V3,10,2011-02-15,98.0,mhouston@example.com
548254155136,English,F,V2,10,2011-02-15,139.0,jeremy82@example.net
171989692702,English,M,V2,10,2011-02-15,87.0,vpratt@example.net
230461680221,English,M,V2,10,2011-02-15,122.0,jamesamanda@example.org
414432442615,English,M,V1,10,2011-02-15,126.0,sandra94@example.com
472826159804,English,F,V3,10,2011-02-15,147.0,duncanbrandon@example.net
898545000506,English,M,V3,10,2011-02-15,137.0,petersthomas@example.org
203167676032,English,M,V3,10,2011-02-15,131.0,nicolefreeman@example.org
541192701883,English,M,V1,10,2011-02-15,134.0,lross@example.org
686459573954,English,F,V3,10,2011-02-15,102.0,jwilkins@example.org
231689279082,English,M,V2,10,2011-02-15,144.0,elizabeth38@example.net
588867904864,English,F,V1,10,2011-02-15,99.0,aguilarsteven@example.org
169122331925,English,F,V1,10,2011-02-15,132.0,michaelvaughan@example.net
620333661683,English,M,V1,10,2011-02-15,136.0,ryan80@example.net
374695892365,English,F,V1,10,2011-02-15,98.0,anitamartin@example.net
353270979463,English,M,V1,10,2011-02-15,146.0,dandrews@example.com
862943807559,English,F,V2,10,2011-02-15,92.0,xsullivan@example.com
114929986391,English,M,V3,10,2011-02-15,91.0,peggygray@example.org
393425846206,English,F,V2,10,2011-02-15,141.0,trantom@example.org
372492921175,English,F,V2,10,2011-02-15,138.0,justinwilliamson@example.org
525476352416,English,M,V2,10,2011-02-15,137.0,grahamchad@example.net
551076913699,English,M,V2,10,2011-02-15,87.0,raymondpatricia@example.org
723319206566,English,F,V1,10,2011-02-15,137.0,alyssacook@example.com
631843814451,English,F,V3,10,2011-02-15,133.0,barrcharles@example.org
547008393688,English,F,V3,10,2011-02-15,90.0,crystal12@example.com
502532647195,English,F,V1,10,2011-02-15,140.0,fieldscorey@example.com
