Student ID,Test Name,Gender,Version,Level,Test Date,Standardised Score,Name
342998271342,Overall,M,V2,11,2024-06-06,136.0,  Craig Howe
947288067983,Overall,M,V3,11,2024-06-06,92.0,  Benjamin Rojas
567302007488,Overall,M,V1,11,2024-06-06,134.0,Kristi Kennedy
711122289353,Overall,M,V2,11,2024-06-06,129.0,Troy Perez
825532790489,Overall,M,V1,11,2024-06-06,83.0,  Xavier Johnson
897200423437,Overall,F,V1,11,2024-06-06,132.0, Diana Mitchell
157483831518,Overall,F,V2,11,2024-06-06,136.0,Michael Mata
166909083819,Overall,F,V1,11,2024-06-06,83.0,  Adam Grant
847924451220,Overall,F,V3,11,2024-06-06,135.0,Christina Clark
353410475074,Overall,M,V1,11,2024-06-06,130.0,Lisa Spence
678265332241,Overall,F,V2,11,2024-06-06,135.0,  Lori Harrison
541192701883,Overall,M,V3,11,2024-06-06,130.0,  Terri Bean
338636195584,Overall,F,V3,11,2024-06-06,88.0, Arthur Nelson
171460048756,Overall,M,V1,11,2024-06-06,130.0, Dr. Omar Mason
360909333995,Overall,M,V1,11,2024-06-06,144.0,Jason Fritz
460398769949,Overall,M,V1,11,2024-06-06,97.0,  Devin Quinn
182196482037,Overall,M,V3,11,2024-06-06,137.0,  Hunter Sandoval
503734445133,Overall,F,V3,11,2024-06-06,129.0,Rebecca Walls
142140441748,Overall,M,V2,11,2024-06-06,125.0,  Eugene Wilson
407800818697,Overall,M,V1,11,2024-06-06,140.0, Brian Turner
914547089825,Overall,M,V3,11,2024-06-06,88.0,  Karen Garcia
663364881592,Overall,M,V3,11,2024-06-06,83.0, Brian Reed
165059479904,Overall,M,V2,11,2024-06-06,140.0,Carolyn Meyers
434642699560,Overall,M,V3,11,2024-06-06,143.0,Derrick Clay
942355276438,Overall,F,V3,11,2024-06-06,143.0,Rachel Espinoza
870233459248,Overall,F,V1,11,2024-06-06,141.0, Kylie Brooks
723030848936,Overall,M,V1,11,2024-06-06,135.0, Donald Johnson
267961666793,Overall,F,V2,11,2024-06-06,94.0, Ray Johnson
918660895294,Overall,M,V1,11,2024-06-06,88.0,Todd Braun
432312150760,Overall,F,V2,11,2024-06-06,115.0,  Linda Smith
639516855728,Overall,F,V1,11,2024-06-06,86.0, Richard Owens
920229032214,Overall,F,V1,11,2024-06-06,118.0,Jeff Edwards
641521827011,Overall,F,V2,11,2024-06-06,121.0,Jeffrey Carroll
538805808933,Overall,M,V1,11,2024-06-06,87.0,John Jensen
720196592746,Overall,M,V1,11,2024-06-06,141.0, Jonathan Morales
189984580693,Overall,M,V1,11,2024-06-06,92.0,  Robert Tate
663303418349,Overall,M,V1,11,2024-06-06,131.0,Richard Daniels
659590424523,Overall,M,V2,11,2024-06-06,135.0,  Stephen Flowers
216773508570,Overall,M,V1,11,2024-06-06,135.0, Brandi Morrison
709999196885,Overall,M,V1,11,2024-06-06,101.0,  Judy Phelps
472060848196,Overall,M,V3,11,2024-06-06,137.0,  Audrey Robles
751868124486,Overall,M,V1,11,2024-06-06,82.0,Mary Alvarez
153957698134,Overall,F,V3,11,2024-06-06,88.0,Nicholas West
113317440083,Overall,M,V1,11,2024-06-06,119.0,Jennifer Hunter
417906199419,Overall,F,V1,11,2024-06-06,84.0,  Kimberly Huber
622643409763,Overall,M,V2,11,2024-06-06,135.0,  Penny Tran
594544625465,Overall,M,V3,11,2024-06-06,141.0, Jason Alvarado
266175785016,Overall,F,V2,11,2024-06-06,137.0,Charles Long
758659237530,Overall,F,V2,11,2024-06-06,87.0,  Brandon Drake
538805808933,Overall,M,V2,11,2024-06-06,87.0,  Virginia Figueroa
710592707128,Overall,M,V3,11,2024-06-06,135.0, Joel Mueller
816889129220,Overall,M,V1,11,2024-06-06,140.0, Paula Garcia
609500173528,Overall,M,V3,11,2024-06-06,132.0,  Gina Martin
575621461391,Overall,M,V1,11,2024-06-06,135.0,  Keith Bradley
957629642147,Overall,F,V2,11,2024-06-06,85.0,Anne Simon
813549911635,Overall,M,V2,11,2024-06-06,138.0, Kelly Bird
765072906513,Overall,F,V2,11,2024-06-06,133.0, Nicholas Gallegos
966057007947,Overall,F,V2,11,2024-06-06,86.0,  Angela Ross
700067958232,Overall,M,V1,11,2024-06-06,130.0,Stephanie Silva
502733005498,Overall,F,V2,11,2024-06-06,130.0,  Julie Jones
132726142147,Overall,F,V1,11,2024-06-06,125.0,Kaitlyn Carter
519679805027,Overall,F,V2,11,2024-06-06,144.0, Carlos Rose
632903185170,Overall,F,V3,11,2024-06-06,129.0,Megan Holmes
720485075430,Overall,F,V2,11,2024-06-06,128.0,Jeffrey Leonard
571667317122,Overall,M,V2,11,2024-06-06,133.0,  Donna Roberson
897271757364,Overall,M,V3,11,2024-06-06,88.0,  Sarah Garrett
856298450907,Overall,M,V3,11,2024-06-06,86.0, Ronald Edwards
244696354698,Overall,M,V3,11,2024-06-06,88.0,  Paul Stewart
998525241655,Overall,F,V2,11,2024-06-06,86.0,Darren Turner
459589734772,Overall,F,V1,11,2024-06-06,95.0,Lisa Ellis
395733664917,Overall,M,V1,11,2024-06-06,85.0, Shelly Mullins
657673076296,Overall,F,V2,11,2024-06-06,85.0,Darryl Jones
968803263465,Overall,F,V3,11,2024-06-06,81.0,  Patricia Robinson
694874698440,Overall,M,V3,11,2024-06-06,95.0,Krista Clark
537088035877,Overall,F,V2,11,2024-06-06,83.0,Rachel Carter
562993772652,Overall,M,V3,11,2024-06-06,87.0,Anita Grant
925855213809,Overall,F,V3,11,2024-06-06,144.0, Jennifer Sparks
263050138263,Overall,F,V3,11,2024-06-06,124.0,  Pamela Moss
572125578493,Overall,M,V2,11,2024-06-06,141.0, Dennis Gibson
315374109487,Overall,M,V1,11,2024-06-06,134.0,Karen Vargas
993164065785,Overall,M,V1,11,2024-06-06,87.0,Justin Martin
143339634517,Overall,F,V3,11,2024-06-06,131.0,  Jesse Shaw
271034003880,Overall,F,V2,11,2024-06-06,117.0, Michael Schmitt
778468971694,Overall,F,V1,11,2024-06-06,99.0,  Rebecca Reynolds
828321419186,Overall,F,V1,11,2024-06-06,140.0,  Stacy Perez
880959964913,Overall,M,V2,11,2024-06-06,95.0, Jason Woods
849307039466,Overall,F,V1,11,2024-06-06,144.0,  Connie Travis
681655352839,Overall,F,V3,11,2024-06-06,86.0, Sarah Vargas
846972038821,Overall,M,V3,11,2024-06-06,141.0,  Karen Freeman
512727869440,Overall,M,V1,11,2024-06-06,138.0, Gary Peterson
573986791863,Overall,M,V2,11,2024-06-06,99.0,Melissa Werner
225978428804,Overall,M,V2,11,2024-06-06,142.0,William Jacobs
490969256073,Overall,M,V3,11,2024-06-06,82.0,Trevor Davidson
618591996958,Overall,F,V1,11,2024-06-06,97.0, Randall Wallace
613321062610,Overall,X,V2,11,2024-06-06,116.0,Tina Perry
813074643881,Overall,M,V2,11,2024-06-06,138.0,James Knight
896196563250,Overall,M,V3,11,2024-06-06,84.0,  Patricia Walker
442169960179,Overall,F,V2,11,2024-06-06,139.0, Rachel Acosta
959128771674,Overall,F,V3,11,2024-06-06,93.0,  Noah Nolan
852233567231,Overall,F,V1,11,2024-06-06,131.0,  Melanie Brown
544061953323,Overall,M,V2,11,2024-06-06,126.0, Michael Chan
887206584717,Overall,F,V1,11,2024-06-06,84.0,  Emily Sanford
868696036068,Overall,F,V3,11,2024-06-06,90.0, Maria Stewart
737897956938,Overall,M,V3,11,2024-06-06,104.0,  Mr. Eric Nelson
507731739503,Overall,M,V3,11,2024-06-06,137.0,  Latoya Ryan
175881928167,Overall,F,V3,11,2024-06-06,90.0,  Nathan Mendez
316069029311,Overall,F,V3,11,2024-06-06,122.0,  Samuel Wilson
459015459605,Overall,M,V1,11,2024-06-06,135.0,Savannah Fox
619066016125,Overall,M,V2,11,2024-06-06,129.0,Amy Frazier
671477921060,Overall,M,V1,11,2024-06-06,136.0,  Sarah Terry
183547805756,Overall,M,V3,11,2024-06-06,141.0,Anna Lane
705026853968,Overall,F,V1,11,2024-06-06,141.0,Kelly Wolfe
805751185694,Overall,M,V2,11,2024-06-06,146.0,  Kathryn Reed
645395171234,Overall,F,V1,11,2024-06-06,136.0, Karen Kline
444714176321,Overall,F,V1,11,2024-06-06,131.0, Justin Mcbride
113317440083,Overall,M,V1,11,2024-06-06,122.0,Victoria Diaz
366813782544,Overall,M,V2,11,2024-06-06,139.0,Nicole Carter
310717690144,Overall,F,V1,11,2024-06-06,127.0,  Patricia Williams
267547444476,Overall,M,V3,11,2024-06-06,87.0,Katherine Lowery
139380545474,Overall,M,V2,11,2024-06-06,138.0,Alexandra Berry
210698158320,Overall,M,V3,11,2024-06-06,127.0, Steven Moore
742912130132,Overall,M,V3,11,2024-06-06,122.0, Charles Peterson
558944114270,Overall,F,V2,11,2024-06-06,137.0, Jacob Santos
460261151616,Overall,F,V2,11,2024-06-06,124.0,Amanda Romero
598013602130,Overall,F,V1,11,2024-06-06,124.0,Thomas Stephenson
113317440083,Overall,F,V3,11,2024-06-06,118.0,  Matthew Mata
594512008220,Overall,M,V1,11,2024-06-06,125.0,Veronica Foster
287646284743,Overall,M,V1,11,2024-06-06,82.0,Melissa Taylor
536495554691,Overall,F,V3,11,2024-06-06,83.0,  Marie Maxwell
956196854103,Overall,F,V2,11,2024-06-06,138.0,Michelle Adams
558125431887,Overall,M,V2,11,2024-06-06,142.0,John Evans
520867828794,Overall,F,V2,11,2024-06-06,91.0, Melissa Becker
163084884142,Overall,F,V3,11,2024-06-06,133.0,Jacqueline Zuniga
988268402021,Overall,F,V3,11,2024-06-06,132.0,Marco Oconnell
364733235133,Overall,M,V3,11,2024-06-06,124.0, Ashley Ware
399590851090,Overall,M,V1,11,2024-06-06,141.0,  Stephen Cooper
807689589679,Overall,M,V2,11,2024-06-06,107.0,  Christina Adams
700013584844,Overall,F,V2,11,2024-06-06,131.0, Barbara Leon
130050944040,Overall,M,V3,11,2024-06-06,114.0,  Debra Williams
270790506001,Overall,M,V1,11,2024-06-06,124.0,Melissa Olson
549448647638,Overall,F,V1,11,2024-06-06,95.0, Kelly Brown
608726820137,Overall,F,V1,11,2024-06-06,135.0,  Joshua Garcia
929677042913,Overall,M,V1,11,2024-06-06,140.0,  Matthew Gibson
657589994964,Overall,M,V3,11,2024-06-06,102.0, Scott Evans
566814056481,Overall,F,V3,11,2024-06-06,138.0, David Leblanc
557243148740,Overall,M,V2,11,2024-06-06,131.0, Gregory Murray
807738757703,Overall,M,V2,11,2024-06-06,85.0,Angela Green
962479066833,Overall,M,V3,11,2024-06-06,84.0,  Mary Buchanan
191502542202,Overall,M,V2,11,2024-06-06,118.0,  Patrick Walker
728687797691,Overall,F,V2,11,2024-06-06,104.0,  Sharon Lane
372322856820,Overall,F,V1,11,2024-06-06,132.0, Kelsey Howell
169122331925,Overall,F,V3,11,2024-06-06,128.0,Emily Church
397607170842,Overall,F,V1,11,2024-06-06,,Hunter White
556812482722,Overall,M,V3,11,2024-06-06,134.0,  Trevor Ortiz
487407349067,Overall,M,V1,11,2024-06-06,146.0, Aaron Morales
246153905182,Overall,F,V3,11,2024-06-06,131.0,Tony Smith
879043148662,Overall,F,V2,11,2024-06-06,144.0,Roberto Fisher
571667317122,Overall,F,V1,11,2024-06-06,134.0,  Lindsey Guerrero
352661872442,Overall,M,V3,11,2024-06-06,137.0,  Michael Ellis
974432563487,Overall,M,V1,11,2024-06-06,84.0, Brian Fuller
123678240049,Overall,M,V2,11,2024-06-06,133.0,  Daniel Bruce
299769340350,Overall,M,V2,11,2024-06-06,142.0, Chelsea Santiago
615387473403,Overall,F,V3,11,2024-06-06,133.0,Latoya Hood
734031196264,Overall,F,V3,11,2024-06-06,130.0, Taylor Duke
234701114439,Overall,M,V3,11,2024-06-06,121.0,  Thomas Higgins
139850365849,Overall,M,V3,11,2024-06-06,84.0, Tiffany Morris
919656934430,Overall,F,V2,11,2024-06-06,145.0,  Christine Novak
264646223541,Overall,F,V1,11,2024-06-06,132.0,Joseph Schultz
293665852109,Overall,F,V2,11,2024-06-06,142.0,Joseph Austin
315374109487,Overall,F,V1,11,2024-06-06,137.0,  Laura Richardson
708382243155,Overall,F,V1,11,2024-06-06,130.0,Kelly Martin
988268402021,Overall,F,V2,11,2024-06-06,137.0, Jessica Hall
931045847131,Overall,M,V2,11,2024-06-06,133.0,Barbara Smith
658750255514,Overall,F,V2,11,2024-06-06,135.0,Joshua Pope
839760965470,Overall,X,V3,11,2024-06-06,86.0,Joshua Ingram
340687764236,Overall,M,V3,11,2024-06-06,137.0, Larry Wilkinson
426169162841,Overall,M,V3,11,2024-06-06,132.0,Michael Gamble
991703720225,Overall,F,V1,11,2024-06-06,131.0,  Juan Wade
696849623403,Overall,M,V2,11,2024-06-06,85.0,  John Reilly
549448647638,Overall,M,V3,11,2024-06-06,91.0,  Charlene Lawrence
775197310781,Overall,F,V1,11,2024-06-06,142.0,  Alexis Patterson
504849691107,Overall,M,V2,11,2024-06-06,140.0,Frank Newman
101495482541,Overall,M,V2,11,2024-06-06,125.0, Lee Fritz
105642026910,Overall,M,V3,11,2024-06-06,117.0,  Billy Suarez
415015787228,Overall,M,V2,11,2024-06-06,133.0, Mary Mendoza
941079739167,Overall,F,V1,11,2024-06-06,87.0, Bonnie Little
155343467584,Overall,M,V1,11,2024-06-06,137.0,Steven Davis
596017625569,Overall,F,V1,11,2024-06-06,83.0,  Curtis Mcdonald
453951290060,Overall,F,V3,11,2024-06-06,129.0,  Justin Braun
100894966917,Overall,F,V3,11,2024-06-06,87.0,  Jeremy Johnson
488024216066,Overall,F,V3,11,2024-06-06,130.0, Zachary Valentine
241719611302,Overall,F,V2,11,2024-06-06,123.0,  Justin Mason
812319226453,Overall,F,V2,11,2024-06-06,130.0,  Eric Burns
678312720837,Overall,M,V1,11,2024-06-06,135.0, Jason Wood
101437400016,Overall,F,V3,11,2024-06-06,108.0, Donna Burnett
888307815096,Overall,F,V2,11,2024-06-06,90.0, Julie Wilson
791307154428,Overall,M,V1,11,2024-06-06,136.0,Jessica Ochoa
575880761651,Overall,F,V3,11,2024-06-06,141.0,  Jordan Rich
805751185694,Overall,M,V1,11,2024-06-06,145.0,Andrew Kennedy
966020986342,Overall,F,V2,11,2024-06-06,141.0,  Kathryn Martin
419904365124,Overall,M,V3,11,2024-06-06,134.0,Timothy Bentley
738951004526,Overall,F,V3,11,2024-06-06,133.0, Colleen Greene MD
147166521162,Overall,F,V3,11,2024-06-06,124.0, Ann Harris
915783427192,Overall,M,V1,11,2024-06-06,144.0,  Mr. Matthew Anderson
571220996103,Overall,F,V1,11,2024-06-06,131.0,Gina Park
706600891293,Overall,F,V3,11,2024-06-06,134.0, Maureen White
319907958017,Overall,M,V3,11,2024-06-06,145.0, Gary Gray
105875274717,Overall,M,V1,11,2024-06-06,141.0,Terry Adams
880959964913,Overall,F,V2,11,2024-06-06,93.0,  Danielle Harper
267184373161,Overall,M,V3,11,2024-06-06,135.0,  James Mccarty
845358256823,Overall,F,V3,11,2024-06-06,143.0, Allen Gray
492730759808,Overall,M,V3,11,2024-06-06,85.0, Erin Smith
978246688054,Overall,F,V2,11,2024-06-06,92.0,Christopher Jacobs
126429770546,Overall,F,V3,11,2024-06-06,136.0,Pamela Smith
109861004581,Overall,M,V1,11,2024-06-06,130.0,  Jeremy Griffin
573986791863,Overall,M,V1,11,2024-06-06,93.0,Matthew Pearson
563461224718,Overall,F,V2,11,2024-06-06,132.0,  Timothy Leach
156454717081,Overall,M,V1,11,2024-06-06,133.0,James Mitchell
719894504820,Overall,M,V2,11,2024-06-06,140.0, Olivia Stephenson
294116057553,Overall,F,V2,11,2024-06-06,135.0, Megan Payne
648356435570,Overall,F,V3,11,2024-06-06,142.0,  Rachel Kim
673451259345,Overall,M,V3,11,2024-06-06,140.0, Matthew Scott
315374109487,Overall,M,V1,11,2024-06-06,136.0,  Karen Rios
446603787135,Overall,M,V1,11,2024-06-06,135.0, John Herman
451400546095,Overall,F,V3,11,2024-06-06,124.0,  Bradley Carter
482306816338,Overall,M,V2,11,2024-06-06,134.0,Jason Russell
222717812924,Overall,F,V2,11,2024-06-06,129.0,  Alexandra Thornton
481036424760,Overall,F,V3,11,2024-06-06,127.0, Julia Martin
962884614149,Overall,M,V2,11,2024-06-06,85.0,David Park
939111610687,Overall,M,V2,11,2024-06-06,133.0,Jesse Bass
879176799220,Overall,M,V1,11,2024-06-06,91.0,Jacob Hall
841236719561,Overall,F,V1,11,2024-06-06,137.0, Bradley Castro
530556225432,Overall,M,V1,11,2024-06-06,129.0,Jason Walker
445587065251,Overall,F,V2,11,2024-06-06,139.0,  Paul Johnson
959716941356,Overall,F,V3,11,2024-06-06,89.0,Damon Atkins
615291903736,Overall,M,V3,11,2024-06-06,136.0,Tracy Travis
862055703909,Overall,M,V1,11,2024-06-06,139.0,Erin Blackburn
296847455858,Overall,M,V3,11,2024-06-06,96.0,  Shawn Lynch
929833238366,Overall,M,V2,11,2024-06-06,88.0,Danielle Mitchell
175740175988,Overall,M,V2,11,2024-06-06,87.0, Jacob Townsend
633076266559,Overall,M,V1,11,2024-06-06,142.0, Caitlin Garcia
315376623541,Overall,F,V3,11,2024-06-06,131.0,Tina Daniels
156796944104,Overall,M,V3,11,2024-06-06,140.0,Tracy Smith
765072906513,Overall,F,V2,11,2024-06-06,134.0,Brittany Lee
695796450012,Overall,F,V3,11,2024-06-06,138.0,Keith Williams
292599772020,Overall,M,V1,11,2024-06-06,137.0, Holly Acevedo
490969256073,Overall,F,V1,11,2024-06-06,86.0,  Anita Adams MD
338015750020,Overall,M,V3,11,2024-06-06,121.0, Misty Gardner
436312699091,Overall,F,V3,11,2024-06-06,138.0,Maria Gray
956409348732,Overall,M,V3,11,2024-06-06,81.0, Steven Howard
360909333995,Overall,F,V1,11,2024-06-06,142.0, Daniel Wells
194810039473,Overall,M,V3,11,2024-06-06,134.0,  Vicki Kramer
539996072760,Overall,M,V3,11,2024-06-06,86.0,  Luis Owen MD
606078791466,Overall,M,V1,11,2024-06-06,82.0,Tristan Schmidt
222682416089,Overall,F,V1,11,2024-06-06,132.0,  Natalie Horne
524570763179,Overall,F,V3,11,2024-06-06,140.0,  Stephanie Diaz
135323811525,Overall,M,V2,11,2024-06-06,122.0,Thomas Nelson
771530234798,Overall,F,V1,11,2024-06-06,142.0, Kathy Elliott
759988316639,Overall,M,V1,11,2024-06-06,99.0, Natalie Thomas
784261940519,Overall,M,V3,11,2024-06-06,138.0,Jeanne Espinoza
409973140313,Overall,F,V2,11,2024-06-06,128.0,  Brian Kidd
935492823093,Overall,M,V3,11,2024-06-06,143.0, Elizabeth Moon
293665852109,Overall,F,V1,11,2024-06-06,139.0, Alicia Reese
176471146856,Overall,F,V1,11,2024-06-06,140.0,Shawn Arnold
156796944104,Overall,M,V2,11,2024-06-06,138.0, Cynthia Wilcox
904559074643,Overall,M,V2,11,2024-06-06,137.0,Evan Brown
301183595328,Overall,F,V3,11,2024-06-06,131.0, Jacqueline Webb
630422007970,Overall,F,V3,11,2024-06-06,124.0,  Theresa Smith
572499419168,Overall,M,V1,11,2024-06-06,87.0,  Denise Brown
608726820137,Overall,F,V2,11,2024-06-06,131.0,Daniel Chang
652692788262,Overall,F,V2,11,2024-06-06,90.0,Elizabeth Byrd
803262218962,Overall,M,V1,11,2024-06-06,133.0, Gary Campos
291462221706,Overall,M,V2,11,2024-06-06,125.0,  Tina Anderson
758045991101,Overall,M,V2,11,2024-06-06,135.0,Valerie Hill
805052094150,Overall,F,V3,11,2024-06-06,123.0,  Douglas Lee
649222526754,Overall,M,V2,11,2024-06-06,140.0,Jose Salazar
865107187799,Overall,M,V3,11,2024-06-06,89.0, Jack Zuniga
972869915092,Overall,M,V1,11,2024-06-06,92.0,  Kristen Lester
299679930730,Overall,F,V2,11,2024-06-06,86.0, Michael Carter PhD
322063120149,Overall,M,V2,11,2024-06-06,116.0,Travis Avery
363574387522,Overall,M,V3,11,2024-06-06,141.0,  Mr. Joshua Adams
995108728203,Overall,F,V3,11,2024-06-06,135.0,  Mr. Todd Johnson
556089855324,Overall,M,V1,11,2024-06-06,81.0,  Amanda Ellis
856036312266,Overall,F,V1,11,2024-06-06,134.0, Michael Payne
356632182452,Overall,M,V2,11,2024-06-06,133.0,Lauren Kim
492508506167,Overall,M,V3,11,2024-06-06,137.0,James Torres
807689589679,Overall,F,V3,11,2024-06-06,108.0, Angela Perez
624582874675,Overall,M,V2,11,2024-06-06,85.0,Yolanda Price
415089763946,Overall,F,V2,11,2024-06-06,88.0,  Tony Marshall
863478381742,Overall,F,V2,11,2024-06-06,82.0,  Samantha Martin
813628741075,Overall,M,V3,11,2024-06-06,134.0,  Kristin Compton
217867015644,Overall,M,V3,11,2024-06-06,135.0,Edwin Taylor
969407022431,Overall,F,V3,11,2024-06-06,130.0, Daniel Hunt
358688985050,Overall,M,V3,11,2024-06-06,89.0,  Mr. Timothy Foster DVM
525476352416,Overall,M,V1,11,2024-06-06,134.0,  Tammy Dunlap
687660739341,Overall,M,V2,11,2024-06-06,81.0,  Veronica Cooper
305859097026,Overall,F,V3,11,2024-06-06,136.0, Amber Long
331506296118,Overall,M,V3,11,2024-06-06,126.0, Sharon Gray
186191518707,Overall,M,V3,11,2024-06-06,137.0, Joshua Morales
291712466827,Overall,F,V1,11,2024-06-06,142.0,Matthew Thomas
698101569942,Overall,M,V3,11,2024-06-06,81.0, Mr. Douglas Jones
672390822088,Overall,F,V2,11,2024-06-06,141.0,  Kevin Frazier
945204030637,Overall,F,V3,11,2024-06-06,126.0, Mr. Michael Johnson
923341801658,Overall,F,V3,11,2024-06-06,135.0,Adam Hernandez
601133214091,Overall,F,V1,11,2024-06-06,118.0,  Alejandra Clark
967431013616,Overall,F,V2,11,2024-06-06,134.0,  Larry Brown
205551789009,Overall,F,V2,11,2024-06-06,133.0,Dr. Amanda Frank PhD
707503063146,Overall,M,V2,11,2024-06-06,123.0,  Tyler Alvarez
399590851090,Overall,F,V3,11,2024-06-06,142.0,Thomas Vega
967086910690,Overall,F,V2,11,2024-06-06,87.0,Stephanie Mcgrath
572125578493,Overall,M,V2,11,2024-06-06,145.0, Mary Vazquez
391380885782,Overall,M,V3,11,2024-06-06,89.0,David Rogers
870233459248,Overall,F,V2,11,2024-06-06,136.0,Lisa Mills
678162693766,Overall,F,V2,11,2024-06-06,89.0, David Cooper
271661409711,Overall,F,V2,11,2024-06-06,130.0,  Derrick Webb
731742533366,Overall,M,V1,11,2024-06-06,133.0,  Jordan Edwards
390891278609,Overall,M,V3,11,2024-06-06,89.0, Kathleen Ruiz
712699576952,Overall,F,V3,11,2024-06-06,92.0, Ian Horne
924505563105,Overall,M,V2,11,2024-06-06,132.0,  Brittney Smith
993628970445,Overall,F,V3,11,2024-06-06,93.0,  Shawn Paul
899648210835,Overall,M,V2,11,2024-06-06,85.0, Randy Holmes
923386207772,Overall,M,V1,11,2024-06-06,141.0,  Christine House
860083921785,Overall,F,V2,11,2024-06-06,138.0, Andrew Miller
564692711884,Overall,F,V2,11,2024-06-06,87.0,  Luke Casey
793059971221,Overall,M,V2,11,2024-06-06,138.0,  Joshua Parker
775890321205,Overall,M,V3,11,2024-06-06,132.0, Katelyn Sullivan DDS
418199702243,Overall,F,V3,11,2024-06-06,136.0,  John Huynh II
143798826731,Overall,F,V1,11,2024-06-06,146.0, Rachel Kennedy
624875448890,Overall,M,V3,11,2024-06-06,86.0,  Marie Ross
578285676400,Overall,M,V3,11,2024-06-06,142.0,  John Cummings
296847455858,Overall,F,V3,11,2024-06-06,97.0,Derrick Butler
687999044232,Overall,F,V1,11,2024-06-06,90.0, Jordan Brandt
256174156009,Overall,M,V1,11,2024-06-06,129.0,Carol Maddox
772417229238,Overall,M,V3,11,2024-06-06,139.0, Lisa Horton
314573355753,Overall,F,V2,11,2024-06-06,132.0,  Laura Orozco
971270141144,Overall,M,V2,11,2024-06-06,124.0, Matthew Washington
680894282397,Overall,F,V1,11,2024-06-06,93.0,Justin Rhodes
558125431887,Overall,M,V1,11,2024-06-06,138.0,  Michelle Cooper
419904365124,Overall,F,V1,11,2024-06-06,132.0, Rhonda Delgado MD
705808075013,Overall,M,V3,11,2024-06-06,128.0,  Timothy Hoover
556568484033,Overall,F,V2,11,2024-06-06,139.0, Nicole Lawrence
966057007947,Overall,F,V3,11,2024-06-06,83.0,  Jane Hill
715471561964,Overall,F,V2,11,2024-06-06,138.0,  Tommy Robinson
391816725515,Overall,M,V1,11,2024-06-06,135.0,Danny English
418655103078,Overall,M,V2,11,2024-06-06,129.0,  Christina Vaughan
373676233681,Overall,M,V3,11,2024-06-06,140.0,  Kimberly Webb
578758013209,Overall,M,V2,11,2024-06-06,139.0,Fernando Butler
373715747172,Overall,F,V3,11,2024-06-06,139.0,  Joel Garrett
839760965470,Overall,F,V1,11,2024-06-06,91.0, Jane Gonzalez
329913456966,Overall,F,V2,11,2024-06-06,84.0,Stephanie Andrews DVM
328527506112,Overall,M,V1,11,2024-06-06,124.0,  Lori Buchanan
496470735259,Overall,M,V3,11,2024-06-06,83.0,  Mrs. Laura Hill
852742374746,Overall,M,V1,11,2024-06-06,142.0,Janet Lozano
696541215525,Overall,F,V2,11,2024-06-06,134.0,  Nathan Mullen
606480038493,Overall,F,V2,11,2024-06-06,137.0,  Randall Walker
696849623403,Overall,M,V3,11,2024-06-06,83.0,  Ashley Abbott
451400546095,Overall,F,V1,11,2024-06-06,128.0,  Joe Mcclain
468456608959,Overall,X,V3,11,2024-06-06,96.0, Harold Horton III
724797932045,Overall,M,V3,11,2024-06-06,143.0,  James Nguyen
447136634075,Overall,F,V3,11,2024-06-06,134.0,Christina Baker
496817697270,Overall,M,V2,11,2024-06-06,93.0,Kenneth Liu
120394917243,Overall,M,V2,11,2024-06-06,131.0,Tyler Morales
972869915092,Overall,X,V2,11,2024-06-06,90.0, Fred Reed
719804718169,Overall,F,V3,11,2024-06-06,85.0,  Cheyenne Hensley
963847759697,Overall,F,V3,11,2024-06-06,102.0, Cynthia Taylor
483073901719,Overall,M,V3,11,2024-06-06,133.0,  Mindy Lewis
200422501449,Overall,M,V2,11,2024-06-06,114.0, Amanda Moody
215221583916,Overall,M,V2,11,2024-06-06,128.0,  Michelle Carlson
674857186966,Overall,F,V3,11,2024-06-06,95.0,  Nicholas Moyer
289586282255,Overall,M,V3,11,2024-06-06,89.0, Gerald Johnson
286924836985,Overall,M,V1,11,2024-06-06,97.0,  Sierra Williams
519725243412,Overall,F,V1,11,2024-06-06,130.0,Kiara Rush
705808075013,Overall,F,V1,11,2024-06-06,126.0, Mary Campbell
308993325209,Overall,F,V2,11,2024-06-06,140.0,  Andrew Guzman
622370061545,Overall,M,V3,11,2024-06-06,125.0, Julie Steele
228352468409,Overall,F,V3,11,2024-06-06,138.0,  Dorothy Stevens
641999522707,Overall,F,V1,11,2024-06-06,83.0,Caroline Moore
930333554819,Overall,F,V1,11,2024-06-06,136.0,Brandy Stevens
770595759746,Overall,F,V2,11,2024-06-06,93.0,Eric Henderson
594512008220,Overall,F,V3,11,2024-06-06,121.0,Anna Garner
549620324369,Overall,M,V1,11,2024-06-06,135.0,  Michael Wright
526274127383,Overall,M,V3,11,2024-06-06,131.0,  Sara Thompson
358483561603,Overall,M,V2,11,2024-06-06,138.0,Sara Yang
251427880358,Overall,F,V2,11,2024-06-06,139.0, Kaylee Paul
354276453926,Overall,F,V1,11,2024-06-06,140.0,Rebecca Taylor
652323705677,Overall,F,V1,11,2024-06-06,135.0,  Mr. Vincent Golden
713640855054,Overall,F,V2,11,2024-06-06,134.0, Jasmine Jones
473858240176,Overall,F,V2,11,2024-06-06,137.0,  Rachel Howard
723319206566,Overall,F,V3,11,2024-06-06,136.0,Mark Scott
758727736047,Overall,M,V3,11,2024-06-06,88.0,  Cynthia Dixon
969260677654,Overall,F,V1,11,2024-06-06,89.0,  Leslie Johnson
137500233233,Overall,F,V1,11,2024-06-06,118.0,  Monica Myers
131362136522,Overall,F,V3,11,2024-06-06,121.0, Justin Beasley
549464079080,Overall,M,V3,11,2024-06-06,137.0,Hannah Mills
805194037511,Overall,M,V2,11,2024-06-06,130.0,  Carol Hahn
483964278888,Overall,F,V3,11,2024-06-06,98.0,Lorraine Brown
978246688054,Overall,F,V1,11,2024-06-06,88.0,  Robert Walls
442524557553,Overall,F,V3,11,2024-06-06,136.0, Timothy Mueller
293770643331,Overall,F,V1,11,2024-06-06,131.0,Hannah Charles MD
160158948858,Overall,M,V1,11,2024-06-06,87.0, Latoya Johnson
594485251254,Overall,F,V2,11,2024-06-06,140.0,  Ryan King DDS
902557797380,Overall,M,V1,11,2024-06-06,86.0,Rebecca Miller
640415646686,Overall,M,V1,11,2024-06-06,141.0,Tonya Oconnell
699110453871,Overall,M,V2,11,2024-06-06,139.0, Carla Kirk
622370061545,Overall,F,V1,11,2024-06-06,125.0, Miss Jessica Hahn
800503116691,Overall,F,V2,11,2024-06-06,121.0,James Welch
186191518707,Overall,F,V2,11,2024-06-06,136.0, Christopher Mayer
575880761651,Overall,F,V1,11,2024-06-06,144.0,  Catherine Landry
906578106122,Overall,F,V1,11,2024-06-06,134.0, Andrea Carter
476152770557,Overall,F,V1,11,2024-06-06,143.0,  Kristin Delgado
552795228586,Overall,M,V1,11,2024-06-06,90.0, Craig Soto
396314601445,Overall,M,V3,11,2024-06-06,128.0, David Berg
230678670214,Overall,F,V2,11,2024-06-06,129.0, Morgan Brown
966057007947,Overall,F,V3,11,2024-06-06,83.0, Elizabeth Martinez
316853076279,Overall,F,V1,11,2024-06-06,141.0, Anna Gaines
590245406946,Overall,F,V3,11,2024-06-06,139.0, John Jimenez
984396786361,Overall,M,V3,11,2024-06-06,92.0,  Daniel Price
432363979138,Overall,M,V3,11,2024-06-06,145.0,Kathleen Farley
991706331130,Overall,M,V2,11,2024-06-06,129.0, Cynthia Blanchard
977108328429,Overall,X,V1,11,2024-06-06,82.0,  William Clark
150922610033,Overall,M,V1,11,2024-06-06,113.0,Jerry Hall
341683367594,Overall,F,V2,11,2024-06-06,145.0, Amy Ashley
398249208078,Overall,M,V1,11,2024-06-06,85.0, Zoe Davis
640500030633,Overall,F,V3,11,2024-06-06,113.0, Cynthia Moreno
798688057455,Overall,M,V1,11,2024-06-06,98.0,Robert Hawkins
359302413966,Overall,F,V2,11,2024-06-06,134.0,Veronica Jackson
685160246298,Overall,F,V2,11,2024-06-06,144.0,Melanie Williamson
911210646699,Overall,M,V1,11,2024-06-06,138.0,Lori Baxter
680853564389,Overall,M,V2,11,2024-06-06,90.0,  Kimberly King
996405769659,Overall,M,V3,11,2024-06-06,97.0,Bruce Randolph
889783791040,Overall,M,V3,11,2024-06-06,88.0,  Dawn Moore
968867297997,Overall,F,V3,11,2024-06-06,110.0,  Jasmine Ayala
837281512065,Overall,F,V1,11,2024-06-06,135.0, Robert Salas
440127837374,Overall,M,V2,11,2024-06-06,136.0, Jessica Warren
460890611833,Overall,F,V2,11,2024-06-06,133.0,Shannon Anthony
338636195584,Overall,F,V3,11,2024-06-06,85.0,Deborah Watkins
306864719262,Overall,F,V2,11,2024-06-06,138.0, Caroline Kennedy
208085978332,Overall,F,V2,11,2024-06-06,137.0, Barbara Pierce
444148960455,Overall,F,V1,11,2024-06-06,136.0,Christopher Hudson
740015008247,Overall,X,V2,11,2024-06-06,121.0,Jeffrey Wells
679678433239,Overall,M,V3,11,2024-06-06,93.0,Lisa Horn
857978113940,Overall,F,V2,11,2024-06-06,87.0, Tina Neal
475219341126,Overall,X,V2,11,2024-06-06,128.0, Theresa Williams
880284243158,Overall,F,V1,11,2024-06-06,139.0,Taylor Obrien
791426602125,Overall,F,V1,11,2024-06-06,126.0,  Mary Johnson
163276314540,Overall,F,V2,11,2024-06-06,128.0,  Michelle Jimenez
852760727485,Overall,M,V3,11,2024-06-06,86.0,  Rebecca Ellison
141524072969,Overall,F,V1,11,2024-06-06,137.0, Patricia Hines
472586725197,Overall,M,V1,11,2024-06-06,84.0,Shannon Suarez
411139230107,Overall,M,V2,11,2024-06-06,118.0,  Stacey Stephens
674857186966,Overall,F,V2,11,2024-06-06,98.0, Michael Massey
710592707128,Overall,M,V1,11,2024-06-06,130.0,  Karen Robinson
182909076345,Overall,F,V2,11,2024-06-06,139.0, Mary Palmer
725136921940,Overall,F,V3,11,2024-06-06,135.0, Melinda Tyler
839760965470,Overall,F,V2,11,2024-06-06,86.0,Casey Rodriguez
911210646699,Overall,M,V3,11,2024-06-06,138.0,  Jeremy Santiago
992568276384,Overall,M,V3,11,2024-06-06,95.0, Blake Cox
121806753158,Overall,M,V1,11,2024-06-06,130.0, Michael Taylor
229780511432,Overall,F,V3,11,2024-06-06,126.0,Jonathon Guerra
589718330897,Overall,F,V2,11,2024-06-06,90.0,  Corey Giles
810417942979,Overall,M,V2,11,2024-06-06,86.0, Steven Fleming
224903511338,Overall,M,V1,11,2024-06-06,123.0,  Brianna Smith
650227097054,Overall,M,V2,11,2024-06-06,131.0,Hannah Rodriguez
193464898507,Overall,M,V1,11,2024-06-06,87.0, Carolyn Bass
933993872590,Overall,M,V3,11,2024-06-06,91.0, Joshua Noble
765645768274,Overall,F,V2,11,2024-06-06,93.0,  Tiffany Ingram
914970459307,Overall,M,V2,11,2024-06-06,141.0,Yolanda Collins
697949223460,Overall,F,V1,11,2024-06-06,86.0,Anna Cox
101414148349,Overall,M,V1,11,2024-06-06,125.0,Kristy Greene
626794793082,Overall,M,V1,11,2024-06-06,85.0,Jeremy Chapman
513767816510,Overall,F,V3,11,2024-06-06,131.0,  Grace Fields
726329589283,Overall,M,V3,11,2024-06-06,86.0,Tricia Webb
513286011360,Overall,M,V2,11,2024-06-06,121.0,  Mr. Kevin Fernandez
229348718497,Overall,M,V3,11,2024-06-06,87.0,Antonio English
981405211293,Overall,F,V2,11,2024-06-06,126.0,Eddie Hunt
193464898507,Overall,M,V3,11,2024-06-06,86.0,  Shane Clark
659832616123,Overall,M,V3,11,2024-06-06,138.0,  Judy Blackburn
182787106446,Overall,F,V3,11,2024-06-06,137.0,James Little
227377609215,Overall,M,V1,11,2024-06-06,135.0,  Nicolas Frost
556089855324,Overall,M,V2,11,2024-06-06,85.0, Mckenzie Turner
707938999345,Overall,M,V2,11,2024-06-06,94.0, Denise Davidson
226125741220,Overall,F,V3,11,2024-06-06,117.0, Cameron Lynch
579373005554,Overall,F,V3,11,2024-06-06,137.0,Amy Tanner
861741844064,Overall,M,V2,11,2024-06-06,135.0,  Michele Rodriguez
956409348732,Overall,M,V1,11,2024-06-06,83.0,Kevin Cohen
145528793447,Overall,M,V2,11,2024-06-06,144.0, Paula Diaz
697507838810,Overall,F,V1,11,2024-06-06,85.0,  Manuel Mann
488551331349,Overall,M,V2,11,2024-06-06,141.0,  Alyssa Moore
897434217905,Overall,F,V1,11,2024-06-06,144.0,Michelle Vazquez
317303869203,Overall,F,V2,11,2024-06-06,131.0, Nicole Crawford
998587590933,Overall,F,V2,11,2024-06-06,100.0,  Karina Brown
489157753350,Overall,F,V2,11,2024-06-06,140.0, Mary Nelson
696683795409,Overall,M,V1,11,2024-06-06,96.0,John Ortiz
216354277194,Overall,M,V2,11,2024-06-06,138.0, Dr. Larry Bradford
586636271864,Overall,M,V3,11,2024-06-06,89.0,  Edward Reese
339982468726,Overall,M,V1,11,2024-06-06,92.0,Jacob Roberts
973746641615,Overall,M,V1,11,2024-06-06,142.0,  Travis Garner
702518462179,Overall,M,V2,11,2024-06-06,135.0,  Kimberly Hunt
644311144831,Overall,M,V2,11,2024-06-06,124.0, Crystal Perez
658371622759,Overall,M,V3,11,2024-06-06,84.0, Patrick Maldonado
148067309424,Overall,F,V1,11,2024-06-06,135.0,  Shirley Gonzalez
444148960455,Overall,M,V3,11,2024-06-06,139.0,  Mark Price
127352164506,Overall,M,V1,11,2024-06-06,129.0,Ryan Reynolds
307975563571,Overall,M,V1,11,2024-06-06,143.0, Renee Patterson DDS
674842316304,Overall,M,V2,11,2024-06-06,132.0,  Cody Jones
597333966955,Overall,M,V2,11,2024-06-06,91.0, Terry Ayers
141524072969,Overall,F,V1,11,2024-06-06,,Paula Hughes
394100061003,Overall,M,V1,11,2024-06-06,109.0,Olivia Fox
770577052746,Overall,F,V3,11,2024-06-06,140.0,Michael Alexander
974597474090,Overall,M,V3,11,2024-06-06,90.0, Alexander Duncan
271801262038,Overall,M,V2,11,2024-06-06,126.0, Mrs. Patricia Carr
982047459121,Overall,F,V2,11,2024-06-06,137.0,  Gregory Rowe
525844768918,Overall,M,V3,11,2024-06-06,89.0,Carmen Murray
432363979138,Overall,M,V1,11,2024-06-06,139.0,  Anna Cook
429620246656,Overall,F,V2,11,2024-06-06,134.0, Daniel Fischer
454667492832,Overall,M,V1,11,2024-06-06,85.0,Jeffery English
538805808933,Overall,F,V3,11,2024-06-06,82.0,Samuel Flores
729025715150,Overall,M,V3,11,2024-06-06,125.0,Ebony Friedman
150644139134,Overall,F,V3,11,2024-06-06,127.0,Amanda Bentley
627744090952,Overall,F,V3,11,2024-06-06,142.0,  Amanda Mcgrath
854971660477,Overall,M,V1,11,2024-06-06,88.0,Ronald Jackson
602251519596,Overall,M,V3,11,2024-06-06,134.0, Timothy Davis
571222011528,Overall,M,V1,11,2024-06-06,121.0,Dr. Richard Jones
545639316149,Overall,M,V2,11,2024-06-06,141.0, Gregory Gutierrez
200533962588,Overall,M,V2,11,2024-06-06,134.0,Derrick Johnson
945512600489,Overall,F,V3,11,2024-06-06,138.0,  Amanda Haas
299364839588,Overall,M,V2,11,2024-06-06,99.0, James Alvarado
645239307199,Overall,M,V1,11,2024-06-06,142.0, Francisco Roman
689368678336,Overall,M,V1,11,2024-06-06,95.0,Judy Pennington
681655352839,Overall,F,V3,11,2024-06-06,82.0,Nicholas Cook
181077903911,Overall,F,V2,11,2024-06-06,128.0,  Eric Le
982413961857,Overall,M,V2,11,2024-06-06,90.0,  Stephen Delacruz
192532752173,Overall,M,V3,11,2024-06-06,134.0,  Gary Gregory
780173448402,Overall,F,V1,11,2024-06-06,135.0, Adrian Clark
844083486800,Overall,F,V3,11,2024-06-06,137.0, Cindy Daugherty
672390822088,Overall,M,V1,11,2024-06-06,141.0, Shannon Thomas
591047695192,Overall,F,V1,11,2024-06-06,142.0, Frederick Oneill
323318974858,Overall,F,V2,11,2024-06-06,87.0, Charles Lynn
981541339143,Overall,F,V2,11,2024-06-06,133.0,Megan Miller
781331182560,Overall,M,V3,11,2024-06-06,,  Nathan Thornton
630168278331,Overall,F,V3,11,2024-06-06,131.0,  Aaron Wagner
774618110843,Overall,M,V1,11,2024-06-06,131.0,  Jeremy Long
480107772629,Overall,F,V3,11,2024-06-06,134.0, Evelyn Stanley
646325004071,Overall,F,V1,11,2024-06-06,120.0,  John Romero II
975647745762,Overall,F,V3,11,2024-06-06,90.0, Andrew Douglas
695760437553,Overall,M,V1,11,2024-06-06,87.0,Angela Barry
499769489382,Overall,F,V3,11,2024-06-06,105.0,  Erik Davis
444714176321,Overall,M,V3,11,2024-06-06,126.0, David Mays
573358024988,Overall,F,V1,11,2024-06-06,85.0,William Daniel
552824743752,Overall,F,V2,11,2024-06-06,137.0, Shawn Burnett
109785228185,Overall,M,V3,11,2024-06-06,137.0,  Jessica Brooks
480864643431,Overall,F,V3,11,2024-06-06,138.0,  Laura Bush
690333796727,Overall,F,V3,11,2024-06-06,89.0,  Margaret Benson
453464139712,Overall,M,V1,11,2024-06-06,130.0,Karen Osborne
100894966917,Overall,F,V3,11,2024-06-06,86.0,  Douglas Parrish
537830488369,Overall,F,V2,11,2024-06-06,87.0,Emily Hall
642258587889,Overall,F,V3,11,2024-06-06,94.0,  Amy Rogers
319907958017,Overall,M,V1,11,2024-06-06,145.0,  Vincent Farmer
583801720887,Overall,M,V1,11,2024-06-06,142.0,Kelly Fleming
728110674055,Overall,F,V1,11,2024-06-06,133.0, Andrew Huber
350844327514,Overall,M,V2,11,2024-06-06,129.0, Kathleen Brown
483964278888,Overall,M,V1,11,2024-06-06,101.0, Amanda Mejia
400711660995,Overall,M,V3,11,2024-06-06,131.0,  Anne Campbell
977012338984,Overall,M,V2,11,2024-06-06,84.0, Daniel Wright
617544925210,Overall,M,V1,11,2024-06-06,132.0,  Toni English
633212803662,Overall,X,V2,11,2024-06-06,129.0,  Cindy Price
623892571618,Overall,M,V1,11,2024-06-06,144.0,Alvin Ramirez
476495992317,Overall,M,V2,11,2024-06-06,87.0, Christopher Gillespie
760234047551,Overall,M,V1,11,2024-06-06,129.0, John Browning
189984580693,Overall,M,V1,11,2024-06-06,94.0,Patrick Shah
565390758756,Overall,F,V3,11,2024-06-06,90.0,Ricky Nelson
599640737965,Overall,M,V1,11,2024-06-06,91.0,Joshua Jackson
970673334862,Overall,X,V3,11,2024-06-06,139.0,  Kathleen Callahan
960692523684,Overall,F,V3,11,2024-06-06,84.0, Natalie Mitchell
293650429123,Overall,M,V3,11,2024-06-06,131.0,Mr. Nicholas Acosta
734063661141,Overall,F,V1,11,2024-06-06,128.0, Hector Anderson
437096078864,Overall,M,V3,11,2024-06-06,83.0,  Dr. Susan Carlson
786748279507,Overall,M,V1,11,2024-06-06,93.0,  Alexander Pope
480774195372,Overall,F,V3,11,2024-06-06,140.0,  Grace Stark
611060210238,Overall,M,V1,11,2024-06-06,112.0, Tanya Robinson
203851250140,Overall,F,V1,11,2024-06-06,115.0,  Claudia Martinez
622643409763,Overall,F,V2,11,2024-06-06,133.0,  Katherine Jenkins
229216657897,Overall,F,V1,11,2024-06-06,90.0,  Taylor Oliver
512727869440,Overall,F,V3,11,2024-06-06,141.0,  Mr. John Wallace
330109548967,Overall,F,V2,11,2024-06-06,140.0, Jeremy Turner
903947735893,Overall,F,V3,11,2024-06-06,88.0, Mike Madden
731742533366,Overall,F,V1,11,2024-06-06,133.0,  Ariel Morales
720196592746,Overall,M,V2,11,2024-06-06,140.0,Gary White
390079376120,Overall,F,V3,11,2024-06-06,131.0, Michelle Tanner
899179031390,Overall,M,V2,11,2024-06-06,144.0,  William Lane
776115706875,Overall,M,V2,11,2024-06-06,84.0,Ryan Parrish
956409348732,Overall,F,V1,11,2024-06-06,86.0,  Michelle Young
888307815096,Overall,F,V3,11,2024-06-06,89.0, Alicia Green
807738757703,Overall,M,V1,11,2024-06-06,89.0,Richard Rogers
436667440883,Overall,F,V3,11,2024-06-06,145.0,John Henderson
406765620507,Overall,M,V3,11,2024-06-06,134.0,Ronnie Dunn
583881038242,Overall,M,V2,11,2024-06-06,133.0,  Autumn Lewis
752202103964,Overall,F,V3,11,2024-06-06,125.0,  Troy Wells
696950333334,Overall,M,V2,11,2024-06-06,137.0, Chelsea Smith
696849623403,Overall,M,V2,11,2024-06-06,81.0,  Allison Henderson
618192402758,Overall,F,V3,11,2024-06-06,136.0, Erik Hall
499769489382,Overall,M,V1,11,2024-06-06,103.0, John Cunningham
584724922670,Overall,M,V3,11,2024-06-06,142.0,Jonathan Knight
914970459307,Overall,F,V1,11,2024-06-06,140.0,Tracy Black
153957698134,Overall,M,V1,11,2024-06-06,88.0, Daniel Perry
346305060944,Overall,M,V1,11,2024-06-06,129.0,  Michael Ayala
236174321314,Overall,F,V3,11,2024-06-06,123.0,Kenneth Martin
462920150936,Overall,F,V1,11,2024-06-06,130.0,  Thomas Valenzuela
338015750020,Overall,F,V3,11,2024-06-06,118.0,Christina Hernandez MD
942771793810,Overall,M,V1,11,2024-06-06,139.0, Nicole Whitehead
775890321205,Overall,F,V3,11,2024-06-06,133.0,Timothy Guerra
268475649380,Overall,F,V3,11,2024-06-06,89.0, Elizabeth Diaz
153830531168,Overall,F,V2,11,2024-06-06,126.0,  Judy Osborne
321132925355,Overall,M,V2,11,2024-06-06,124.0, Anthony Baker
476495992317,Overall,M,V2,11,2024-06-06,89.0,  Tina Taylor
671057831851,Overall,M,V3,11,2024-06-06,139.0, Crystal Smith
214653618524,Overall,M,V2,11,2024-06-06,129.0,Rachel Lin
762613762026,Overall,F,V2,11,2024-06-06,133.0,  Luis Moreno
205800348311,Overall,F,V2,11,2024-06-06,116.0,Brianna Miller
841257224914,Overall,M,V3,11,2024-06-06,130.0,  Sean Williams
784330262782,Overall,F,V1,11,2024-06-06,139.0,Kathryn Hernandez
831466685944,Overall,M,V1,11,2024-06-06,86.0,Mary Scott
706600891293,Overall,F,V2,11,2024-06-06,138.0,Joseph Bullock
556089855324,Overall,M,V1,11,2024-06-06,82.0, Ronald Thomas
319907958017,Overall,F,V1,11,2024-06-06,144.0,  Brooke Montgomery
805483344386,Overall,M,V2,11,2024-06-06,140.0,Jennifer Jordan DDS
308850943365,Overall,F,V3,11,2024-06-06,135.0,Alexander Bird
184647021665,Overall,F,V3,11,2024-06-06,135.0,  Jeffrey Miller
991320920576,Overall,F,V2,11,2024-06-06,134.0, Gabriel Carter
514942282596,Overall,M,V3,11,2024-06-06,144.0, Heather Hayes
984396786361,Overall,F,V2,11,2024-06-06,91.0,  Stephanie Franklin
720196592746,Overall,M,V2,11,2024-06-06,144.0,  Samantha Smith
267421711396,Overall,M,V2,11,2024-06-06,135.0,  Regina Clark
475219341126,Overall,F,V3,11,2024-06-06,130.0,Gina Guerrero
743886650062,Overall,M,V1,11,2024-06-06,138.0,  Audrey Alvarez
691598023754,Overall,M,V3,11,2024-06-06,146.0,Dana Lyons
461940808459,Overall,M,V3,11,2024-06-06,139.0, Henry Kemp
316069029311,Overall,M,V2,11,2024-06-06,126.0,Stacey Curry
713581208236,Overall,F,V3,11,2024-06-06,129.0,Allison Mullins
524174283794,Overall,M,V3,11,2024-06-06,142.0, Daniel Stephenson
111648293836,Overall,F,V3,11,2024-06-06,134.0, Kelly Anderson
156606550376,Overall,F,V2,11,2024-06-06,135.0, Colin Peck
511805674703,Overall,M,V1,11,2024-06-06,132.0,  Kristen Scott
733191630973,Overall,M,V1,11,2024-06-06,136.0, Mr. Randall Smith
649222526754,Overall,M,V3,11,2024-06-06,140.0,  Lisa Gordon
699671519263,Overall,M,V1,11,2024-06-06,88.0,Ashley Fernandez
647797932143,Overall,M,V2,11,2024-06-06,83.0,  Andre Garner
856036312266,Overall,M,V1,11,2024-06-06,133.0,Taylor Brooks
372492921175,Overall,M,V1,11,2024-06-06,133.0,Karen Trujillo
719818530175,Overall,F,V1,11,2024-06-06,141.0,  Rachel Baker
933126806092,Overall,M,V1,11,2024-06-06,132.0,Vanessa Porter
794962166964,Overall,M,V2,11,2024-06-06,90.0, Kevin Wagner
915910635373,Overall,F,V2,11,2024-06-06,139.0,  Denise Fry
994122193140,Overall,F,V3,11,2024-06-06,128.0,Karen Cervantes
179749227614,Overall,M,V3,11,2024-06-06,145.0, April Jackson
186020869621,Overall,F,V3,11,2024-06-06,130.0,  Dennis Carroll
366891686349,Overall,M,V1,11,2024-06-06,93.0,Heather Murphy
635343519954,Overall,M,V2,11,2024-06-06,141.0,  John Ramirez
572125578493,Overall,M,V3,11,2024-06-06,139.0,Martha Cruz
309915033883,Overall,M,V3,11,2024-06-06,136.0,Luis Casey
302849076056,Overall,M,V2,11,2024-06-06,137.0, Adam Wells
658653149895,Overall,M,V3,11,2024-06-06,93.0, April Young
509058310923,Overall,M,V2,11,2024-06-06,127.0, Bethany Hoffman
927590996157,Overall,F,V3,11,2024-06-06,95.0, Melissa Bridges
449806074954,Overall,M,V1,11,2024-06-06,81.0,  Katie Steele
270949361252,Overall,F,V3,11,2024-06-06,137.0, Gina Clay
578758013209,Overall,M,V1,11,2024-06-06,138.0,Francis Griffin
725473352130,Overall,M,V2,11,2024-06-06,124.0,  William Floyd
449566019201,Overall,F,V2,11,2024-06-06,129.0, Jennifer Clark
396901188826,Overall,F,V2,11,2024-06-06,85.0,  Sean Velez
327169963207,Overall,F,V2,11,2024-06-06,138.0,Kimberly Fitzgerald
310692673388,Overall,F,V2,11,2024-06-06,143.0,Holly Manning
988268402021,Overall,M,V2,11,2024-06-06,132.0,Rhonda Morris
743886650062,Overall,F,V2,11,2024-06-06,138.0, Mr. Timothy Martinez
981741801463,Overall,M,V2,11,2024-06-06,136.0,Amy Mcknight
501145572566,Overall,F,V1,11,2024-06-06,129.0,Lee Shah
765499681045,Overall,M,V1,11,2024-06-06,88.0,  Tyler Wagner
559788416159,Overall,F,V3,11,2024-06-06,90.0,Michael Crawford
644901613608,Overall,F,V3,11,2024-06-06,133.0,  Erica Romero
142580468965,Overall,M,V2,11,2024-06-06,145.0, Victoria Payne MD
330499922020,Overall,F,V1,11,2024-06-06,126.0,  David Roth
425668236031,Overall,F,V1,11,2024-06-06,130.0,  Matthew Brown
797690596772,Overall,F,V3,11,2024-06-06,95.0, Erica Wong
516311914155,Overall,M,V2,11,2024-06-06,126.0,  Loretta Smith
386770657154,Overall,M,V3,11,2024-06-06,146.0,  Kyle Hernandez
542086039076,Overall,M,V2,11,2024-06-06,134.0,Ivan Preston
758727736047,Overall,F,V3,11,2024-06-06,86.0,  Kelly Hicks
556660126019,Overall,M,V1,11,2024-06-06,130.0,Olivia Tran
257796260044,Overall,M,V2,11,2024-06-06,133.0,Andrew Torres
869308648352,Overall,F,V3,11,2024-06-06,85.0,Scott Norris
115190866884,Overall,M,V3,11,2024-06-06,141.0, Stephen Sullivan
103959538839,Overall,F,V1,11,2024-06-06,86.0, Kyle Miller
758659237530,Overall,M,V3,11,2024-06-06,81.0,Corey Robinson
696950333334,Overall,F,V2,11,2024-06-06,135.0,  Erik Fisher
293665852109,Overall,F,V2,11,2024-06-06,143.0, Stephanie Acevedo
234769282383,Overall,F,V2,11,2024-06-06,144.0,Joseph Potts
513767816510,Overall,F,V2,11,2024-06-06,136.0,Mr. Joseph Estrada
261103866054,Overall,F,V2,11,2024-06-06,126.0, Chad Crawford
628473257096,Overall,M,V1,11,2024-06-06,146.0,  Sarah Quinn
307395559841,Overall,F,V1,11,2024-06-06,143.0,Sarah Hernandez
305355141372,Overall,M,V1,11,2024-06-06,125.0,  Michelle Carpenter
389671681441,Overall,F,V2,11,2024-06-06,141.0,  Tracey Ross
165931190166,Overall,F,V2,11,2024-06-06,133.0,Suzanne Reed
603334175093,Overall,F,V1,11,2024-06-06,128.0, Brittany Obrien
613959036758,Overall,M,V3,11,2024-06-06,88.0,Sarah Moore
572626524139,Overall,M,V1,11,2024-06-06,134.0,  Megan Maldonado
556568484033,Overall,F,V3,11,2024-06-06,141.0,Jacob Reid
520544083192,Overall,F,V1,11,2024-06-06,126.0, Mr. Matthew Walker PhD
584494682392,Overall,F,V3,11,2024-06-06,85.0,  Omar Larsen
250151389809,Overall,M,V2,11,2024-06-06,133.0, Catherine Henry
121982628478,Overall,M,V2,11,2024-06-06,143.0,  Kristine Johnson
368454334556,Overall,M,V2,11,2024-06-06,140.0,  Kyle Sanchez
175881928167,Overall,M,V2,11,2024-06-06,84.0,Justin Miller
329888762090,Overall,M,V3,11,2024-06-06,85.0, Mark Chung
327169963207,Overall,M,V3,11,2024-06-06,139.0,Seth Hess
778098554963,Overall,M,V1,11,2024-06-06,96.0,  Stephen Fields
725731567713,Overall,F,V1,11,2024-06-06,137.0, Aaron Clark
880073386472,Overall,M,V3,11,2024-06-06,141.0,  Laura Vang
352382642835,Overall,M,V2,11,2024-06-06,135.0,  Zoe Shaw
307395559841,Overall,M,V2,11,2024-06-06,140.0, Kimberly Kelly
453431797082,Overall,M,V1,11,2024-06-06,136.0, Michael Carter
853150638687,Overall,F,V3,11,2024-06-06,85.0,  Misty Mendoza
644277163382,Overall,M,V2,11,2024-06-06,136.0,Mark Ramsey
616303151865,Overall,M,V2,11,2024-06-06,130.0,  Sarah Meza
541210570903,Overall,F,V3,11,2024-06-06,123.0,Michael Steele
147025679066,Overall,F,V2,11,2024-06-06,138.0,Andrew Perry
163898386783,Overall,F,V3,11,2024-06-06,92.0,  Mikayla Wade
190729301984,Overall,M,V2,11,2024-06-06,134.0, Jesse Spears
690328287571,Overall,F,V2,11,2024-06-06,145.0,  Wendy Martin
437974738508,Overall,M,V2,11,2024-06-06,89.0,Mark Giles
492354657627,Overall,F,V2,11,2024-06-06,81.0, Matthew Kennedy
576575173519,Overall,M,V3,11,2024-06-06,87.0,Brian Harris
914970459307,Overall,F,V1,11,2024-06-06,141.0, Brandi Weber
842701856600,Overall,M,V2,11,2024-06-06,131.0, Riley Fox
130168962002,Overall,F,V2,11,2024-06-06,123.0,  Helen Hebert
939182376649,Overall,F,V2,11,2024-06-06,91.0, Mrs. Ashley Rogers
879555596748,Overall,F,V3,11,2024-06-06,104.0,Ricardo Wright
285676675537,Overall,F,V1,11,2024-06-06,94.0, Sue Henry
914547089825,Overall,F,V1,11,2024-06-06,86.0,Raymond Washington
368378715412,Overall,M,V2,11,2024-06-06,139.0,Joshua Bowman
648775834513,Overall,M,V2,11,2024-06-06,85.0,Wendy Chavez
914547089825,Overall,F,V3,11,2024-06-06,87.0,Miguel Freeman
751277080230,Overall,M,V1,11,2024-06-06,129.0,Melissa Hicks
620444467670,Overall,F,V2,11,2024-06-06,132.0,Connie Myers
331223323520,Overall,M,V3,11,2024-06-06,112.0, Robert Alexander
720335183048,Overall,F,V1,11,2024-06-06,127.0, Justin Hicks
670484381951,Overall,F,V3,11,2024-06-06,138.0, Patricia Watson
492354657627,Overall,M,V1,11,2024-06-06,87.0, Linda Mckay PhD
422038389910,Overall,M,V3,11,2024-06-06,130.0,  Tina Webb
623428591219,Overall,F,V2,11,2024-06-06,134.0,  Eric Shaw
771530234798,Overall,F,V3,11,2024-06-06,138.0,Kaitlin Barnes
847028396775,Overall,M,V3,11,2024-06-06,89.0, Gerald Harris
716465732603,Overall,F,V2,11,2024-06-06,134.0,Jasmine Norris
614805992152,Overall,M,V1,11,2024-06-06,133.0, Jessica Dean
191501243029,Overall,F,V3,11,2024-06-06,122.0,Jose Harris
756825266250,Overall,M,V3,11,2024-06-06,135.0,  Patricia Kelley
502733005498,Overall,M,V1,11,2024-06-06,130.0, Larry Thompson
280202569884,Overall,M,V2,11,2024-06-06,135.0, David Sutton
394616064111,Overall,F,V2,11,2024-06-06,126.0,  Michelle Hunter
262653221237,Overall,X,V3,11,2024-06-06,126.0,Charles Murphy
105642026910,Overall,M,V3,11,2024-06-06,120.0,  Lori Kim
705026853968,Overall,F,V1,11,2024-06-06,146.0,Jason Phillips
165742355792,Overall,F,V1,11,2024-06-06,137.0, Hunter Brown
398249208078,Overall,F,V2,11,2024-06-06,84.0,  Ryan Adkins
956173917509,Overall,F,V2,11,2024-06-06,88.0, Jennifer Carey
737333829232,Overall,M,V2,11,2024-06-06,137.0,  Courtney Wolfe
615247422374,Overall,M,V2,11,2024-06-06,129.0,Stephanie Wilkinson
148067309424,Overall,X,V3,11,2024-06-06,134.0,  Shawn Wagner
293665852109,Overall,F,V3,11,2024-06-06,138.0,Andrea Hernandez
369161976995,Overall,M,V1,11,2024-06-06,95.0,George Contreras
408969765989,Overall,M,V3,11,2024-06-06,106.0, Angela Davis
868256888474,Overall,M,V3,11,2024-06-06,98.0,  Karen Allen
421618059304,Overall,M,V2,11,2024-06-06,124.0,  Russell Campbell
915345819341,Overall,M,V1,11,2024-06-06,138.0,Donna Ward
268121942375,Overall,F,V1,11,2024-06-06,135.0, Christina Sloan
751868124486,Overall,F,V1,11,2024-06-06,81.0,Robert Hardy
724166833583,Overall,M,V3,11,2024-06-06,140.0,Emily Watson
699505210147,Overall,M,V2,11,2024-06-06,135.0, Victoria Hogan
618192402758,Overall,F,V3,11,2024-06-06,136.0, Lisa Jackson
396654477289,Overall,M,V2,11,2024-06-06,95.0, Denise Aguilar
585824442104,Overall,M,V2,11,2024-06-06,131.0,Susan Stewart
395733664917,Overall,M,V3,11,2024-06-06,88.0,Leslie Brown
558944114270,Overall,M,V3,11,2024-06-06,131.0, Joshua Aguilar
477792154519,Overall,F,V3,11,2024-06-06,83.0,Alexandra Wilson
241719611302,Overall,F,V3,11,2024-06-06,123.0,  Kara Knight
452297120175,Overall,F,V1,11,2024-06-06,130.0, Steve Collins
417171895466,Overall,F,V2,11,2024-06-06,146.0, Erin Carter
229187342471,Overall,M,V1,11,2024-06-06,137.0,Victor Conway
476385761075,Overall,F,V2,11,2024-06-06,145.0, Kim Anderson
938698373604,Overall,M,V1,11,2024-06-06,92.0, Erik Gray
830485106366,Overall,F,V1,11,2024-06-06,134.0,  Albert Contreras
845358256823,Overall,M,V2,11,2024-06-06,144.0,  Becky Mora
489157753350,Overall,F,V1,11,2024-06-06,138.0,  Alejandro Franco
193868718205,Overall,F,V1,11,2024-06-06,139.0,Austin Simpson
214743678983,Overall,M,V1,11,2024-06-06,85.0,Megan Lawson
993927906847,Overall,F,V1,11,2024-06-06,100.0, Caroline Hernandez MD
868820824958,Overall,M,V1,11,2024-06-06,91.0,Paul Escobar
426265339453,Overall,F,V2,11,2024-06-06,137.0,  Brooke Ramos
658934716181,Overall,M,V3,11,2024-06-06,142.0,  Holly Dean
857978113940,Overall,F,V2,11,2024-06-06,84.0, Kathryn Brown
249817691995,Overall,F,V1,11,2024-06-06,91.0, Brittany Collier
337520577554,Overall,M,V2,11,2024-06-06,134.0,Emily Richardson
460890611833,Overall,M,V3,11,2024-06-06,135.0,  John Barker
779796927748,Overall,M,V3,11,2024-06-06,109.0,John Foster
720196592746,Overall,F,V2,11,2024-06-06,142.0, Denise Gibson
786017500750,Overall,M,V2,11,2024-06-06,133.0, Travis Webb
345438274257,Overall,F,V1,11,2024-06-06,138.0,  Nancy Barr
724797932045,Overall,F,V1,11,2024-06-06,144.0,  Eric Hernandez
191501243029,Overall,M,V3,11,2024-06-06,119.0,  Christina Hatfield
870233459248,Overall,F,V2,11,2024-06-06,140.0, Rachel Cunningham
910296008499,Overall,M,V3,11,2024-06-06,140.0, Stephen Vargas
292580930215,Overall,F,V1,11,2024-06-06,128.0,  Gina Roberts
995453055897,Overall,M,V3,11,2024-06-06,96.0,  Gregory Roberts
494868708391,Overall,M,V3,11,2024-06-06,90.0,  Todd Barry
637989431230,Overall,M,V2,11,2024-06-06,142.0,  Ryan Bailey
957962319487,Overall,M,V2,11,2024-06-06,93.0,Keith Schneider
490837558814,Overall,F,V1,11,2024-06-06,86.0, Linda Walker
878988533645,Overall,F,V1,11,2024-06-06,95.0,Marisa Bell
855647202822,Overall,F,V3,11,2024-06-06,136.0,Christina Mcclain
112223137915,Overall,F,V3,11,2024-06-06,124.0, Daniel Brown
210135564633,Overall,F,V1,11,2024-06-06,123.0, Clifford Mccoy
521269261938,Overall,F,V2,11,2024-06-06,140.0, Brooke Torres
509058310923,Overall,F,V2,11,2024-06-06,131.0,William Mitchell
795414601517,Overall,M,V1,11,2024-06-06,132.0, Mrs. Courtney Jones
850226609827,Overall,F,V3,11,2024-06-06,137.0,Dana Reyes
289586282255,Overall,F,V3,11,2024-06-06,85.0,  Eric Gill
109228538049,Overall,F,V2,11,2024-06-06,135.0,Rose Palmer
193464898507,Overall,F,V1,11,2024-06-06,88.0,  Shannon Hatfield
993927906847,Overall,F,V1,11,2024-06-06,99.0,Cynthia Gibson
617544925210,Overall,M,V3,11,2024-06-06,130.0,April Holmes
356582743790,Overall,M,V2,11,2024-06-06,142.0,  Gerald Brown
330846940390,Overall,F,V1,11,2024-06-06,136.0,  James Harper
536255590422,Overall,F,V2,11,2024-06-06,129.0,George Martinez DDS
531204280296,Overall,F,V2,11,2024-06-06,128.0,Thomas Taylor
199078602727,Overall,F,V3,11,2024-06-06,143.0,Christopher Dennis
502100739917,Overall,F,V2,11,2024-06-06,131.0, Jason Hill
753666802983,Overall,F,V3,11,2024-06-06,89.0,Brenda Thompson
470326551509,Overall,F,V3,11,2024-06-06,130.0, Amy Coleman
267926224892,Overall,M,V1,11,2024-06-06,145.0,  Julie Chang
100624077882,Overall,M,V3,11,2024-06-06,130.0,  Samuel Perry
300526514885,Overall,M,V2,11,2024-06-06,128.0,Janet Medina
994313591085,Overall,F,V1,11,2024-06-06,141.0,  Patricia Nguyen
427571991301,Overall,M,V1,11,2024-06-06,134.0,Mark Duncan
756825266250,Overall,M,V2,11,2024-06-06,138.0,Dr. Melissa Boyd
308818952198,Overall,M,V2,11,2024-06-06,89.0,Alyssa Rowland
310397706869,Overall,M,V1,11,2024-06-06,145.0,  Scott Villa
986754357401,Overall,M,V2,11,2024-06-06,146.0,  Amanda Acosta
933126806092,Overall,M,V2,11,2024-06-06,131.0,Valerie Evans
935930762590,Overall,F,V3,11,2024-06-06,142.0, Anthony Schultz
722467969656,Overall,M,V3,11,2024-06-06,91.0,  Bryan Barton
288852951692,Overall,F,V2,11,2024-06-06,92.0,James Webb
570334883821,Overall,M,V1,11,2024-06-06,138.0, Samantha Holmes
808309114372,Overall,M,V2,11,2024-06-06,128.0,  Brooke Kelly
818692525213,Overall,M,V3,11,2024-06-06,138.0,  Joseph Trevino
516422333533,Overall,M,V1,11,2024-06-06,123.0,Tyler Middleton
426789565181,Overall,F,V3,11,2024-06-06,89.0,James Warner
648283264924,Overall,M,V3,11,2024-06-06,140.0,Thomas Sawyer
814894524671,Overall,M,V3,11,2024-06-06,140.0,Henry Gray
207417674151,Overall,F,V3,11,2024-06-06,129.0,  Christopher Sloan
765810703705,Overall,F,V1,11,2024-06-06,132.0,Alex Mack
400074883726,Overall,M,V1,11,2024-06-06,136.0,  Todd Mills
942771793810,Overall,M,V2,11,2024-06-06,140.0,  Luke Phillips
581364875282,Overall,F,V2,11,2024-06-06,143.0,Cody Gonzalez
671585872382,Overall,F,V1,11,2024-06-06,85.0,Michael Burke
426789565181,Overall,M,V1,11,2024-06-06,89.0, Caitlin Mullins
403473452417,Overall,M,V1,11,2024-06-06,130.0,  Ricardo Johnson
917042574459,Overall,M,V2,11,2024-06-06,138.0,  Erica Villegas
165182110771,Overall,M,V2,11,2024-06-06,125.0,  Heidi Ruiz
332636861622,Overall,M,V2,11,2024-06-06,135.0,Brianna Cox
623428591219,Overall,M,V2,11,2024-06-06,136.0,Susan Blevins
946735278068,Overall,F,V1,11,2024-06-06,92.0,Rachel Brown
463569574650,Overall,F,V2,11,2024-06-06,85.0, Joshua Clark
394616064111,Overall,F,V3,11,2024-06-06,127.0, Alexander Murphy
911206304956,Overall,M,V3,11,2024-06-06,133.0,  Ian Roberts
934443452170,Overall,F,V1,11,2024-06-06,129.0,  William Berry
418938041183,Overall,M,V2,11,2024-06-06,132.0,Ryan Knight
829626880834,Overall,F,V3,11,2024-06-06,91.0,Jose Strickland
353270979463,Overall,M,V3,11,2024-06-06,143.0,  Leslie Martinez
784577802338,Overall,F,V1,11,2024-06-06,86.0,Selena Thornton
126440355199,Overall,M,V2,11,2024-06-06,130.0,  Robyn Diaz
339544476897,Overall,F,V3,11,2024-06-06,93.0, John Mercer
337055752950,Overall,M,V3,11,2024-06-06,133.0,  Christopher Taylor
292038230800,Overall,M,V2,11,2024-06-06,122.0,  Matthew Graves
741634389651,Overall,M,V1,11,2024-06-06,138.0,Tiffany Richardson
289586282255,Overall,F,V2,11,2024-06-06,86.0,Jonathan Perry
991706331130,Overall,F,V2,11,2024-06-06,130.0,Amanda King
611060210238,Overall,F,V1,11,2024-06-06,112.0,Christina Andrews
872388553449,Overall,F,V3,11,2024-06-06,87.0,Isaiah Duarte
581364875282,Overall,M,V2,11,2024-06-06,140.0,Kristy Martin
592179865898,Overall,M,V1,11,2024-06-06,102.0,  John Bennett
701724961236,Overall,M,V2,11,2024-06-06,130.0,Kristina Owens
603189658768,Overall,F,V3,11,2024-06-06,88.0, Jamie Lyons
817018364867,Overall,F,V3,11,2024-06-06,144.0,Mrs. Brenda Santiago
375651902413,Overall,F,V3,11,2024-06-06,133.0, Robert Irwin
491524338634,Overall,M,V3,11,2024-06-06,136.0,Kyle Garcia
109861004581,Overall,F,V1,11,2024-06-06,127.0,  Ann Moore
350075145202,Overall,F,V1,11,2024-06-06,120.0,  Jodi Richmond
675709899287,Overall,M,V1,11,2024-06-06,98.0, George Mercer
242797450759,Overall,M,V1,11,2024-06-06,85.0, Carl Johnson
317391422638,Overall,F,V3,11,2024-06-06,134.0,  Brandon Powers
518349824444,Overall,M,V2,11,2024-06-06,143.0,Wayne Maxwell
645454799405,Overall,F,V2,11,2024-06-06,86.0,  Steven Rodriguez
218834699503,Overall,F,V3,11,2024-06-06,143.0,  Laura Anderson
941479808418,Overall,M,V2,11,2024-06-06,90.0,  Sean Hill
996181839679,Overall,M,V2,11,2024-06-06,102.0, Andrea Johnson
159268790499,Overall,F,V1,11,2024-06-06,94.0,  Brandon Guerrero
995453055897,Overall,M,V2,11,2024-06-06,93.0, Jessica Baldwin
395005428947,Overall,X,V1,11,2024-06-06,139.0,Joshua Johnson
189984580693,Overall,F,V3,11,2024-06-06,91.0,  Cheryl Martin
409206599866,Overall,F,V3,11,2024-06-06,89.0, Amy Mullen
844907885643,Overall,M,V2,11,2024-06-06,,Danielle Wright
953174302094,Overall,F,V1,11,2024-06-06,129.0, David Rios
904692128853,Overall,F,V1,11,2024-06-06,139.0,Derek Bailey
777986394145,Overall,F,V1,11,2024-06-06,94.0,  Julie Greer
552627890578,Overall,M,V1,11,2024-06-06,91.0,Anthony Pacheco
527963425630,Overall,M,V2,11,2024-06-06,138.0, Julie Bruce
623428591219,Overall,M,V1,11,2024-06-06,137.0,Todd Ward
482446202923,Overall,M,V1,11,2024-06-06,132.0,  Kimberly Rollins
265794781606,Overall,M,V3,11,2024-06-06,86.0,Paul Martinez
797690596772,Overall,F,V1,11,2024-06-06,100.0,  Todd Mcbride
951292293020,Overall,F,V1,11,2024-06-06,130.0, Tyler Baker
550349423186,Overall,F,V1,11,2024-06-06,131.0, Laura Haynes
936270224143,Overall,M,V1,11,2024-06-06,126.0,  Mikayla Guerra
708666568806,Overall,F,V2,11,2024-06-06,93.0,Natalie Morris
684531288413,Overall,F,V1,11,2024-06-06,135.0, Jennifer Powell
151918859491,Overall,M,V2,11,2024-06-06,87.0,  Richard Knight
363574387522,Overall,F,V2,11,2024-06-06,141.0,  Dustin Krueger
687999044232,Overall,M,V2,11,2024-06-06,89.0, Laura Schultz
335742855224,Overall,F,V1,11,2024-06-06,133.0, Travis Hill
314808483572,Overall,M,V3,11,2024-06-06,139.0,  Michael Palmer
755302413466,Overall,M,V1,11,2024-06-06,129.0,  Donald Gonzalez
361995200240,Overall,F,V2,11,2024-06-06,124.0,  Tammy Burgess
133606674441,Overall,F,V2,11,2024-06-06,130.0,Michael Hancock
628473257096,Overall,F,V1,11,2024-06-06,143.0,Lisa Velasquez
682283335296,Overall,M,V1,11,2024-06-06,138.0, David Russell
783247711500,Overall,X,V1,11,2024-06-06,130.0,  Jodi Chapman
218834699503,Overall,F,V2,11,2024-06-06,145.0, Sherry Diaz
352661872442,Overall,F,V2,11,2024-06-06,137.0,Hannah Clark
868700738759,Overall,F,V1,11,2024-06-06,92.0, Diana Ross
640500030633,Overall,F,V2,11,2024-06-06,115.0,Dr. Jeffery Rose Jr.
884264606338,Overall,F,V1,11,2024-06-06,145.0,  Brenda Gonzalez
106224117841,Overall,F,V3,11,2024-06-06,118.0,  Chase Robinson
286924836985,Overall,F,V2,11,2024-06-06,91.0,  Laurie Fitzgerald
201174896123,Overall,M,V3,11,2024-06-06,127.0, Craig Nelson
671057831851,Overall,M,V2,11,2024-06-06,139.0, Laura Diaz
823379356069,Overall,M,V1,11,2024-06-06,87.0,  Thomas Black
748478584636,Overall,M,V3,11,2024-06-06,95.0,Charles Townsend
884399132689,Overall,M,V2,11,2024-06-06,94.0,Mary Martinez
927920418958,Overall,M,V1,11,2024-06-06,89.0,Heather Hill
540804216354,Overall,M,V3,11,2024-06-06,127.0,Karen Rivera
190729301984,Overall,F,V3,11,2024-06-06,134.0, Sharon Diaz
781582311131,Overall,M,V1,11,2024-06-06,123.0,Stephen Long
618591996958,Overall,M,V2,11,2024-06-06,101.0, Mark Campbell
350075145202,Overall,F,V1,11,2024-06-06,118.0, Stephanie Hoffman
843664509681,Overall,M,V3,11,2024-06-06,84.0, Jeremy Harvey
155343467584,Overall,X,V2,11,2024-06-06,140.0,Tiffany Garrett
628880996144,Overall,M,V2,11,2024-06-06,91.0, Kayla Dominguez
324700821631,Overall,F,V2,11,2024-06-06,123.0,Matthew Guerrero
834358125448,Overall,M,V2,11,2024-06-06,136.0,  George Lee
970080564356,Overall,M,V3,11,2024-06-06,138.0, Heather Gardner
928621731627,Overall,F,V1,11,2024-06-06,139.0,  Tammy Woods
624350089006,Overall,M,V2,11,2024-06-06,127.0,Brianna Joseph
154862003304,Overall,M,V3,11,2024-06-06,121.0, Kristina Mack
377632899646,Overall,M,V2,11,2024-06-06,93.0,Spencer Lyons
834358125448,Overall,M,V2,11,2024-06-06,140.0,  Kathryn Williams
969775787803,Overall,M,V3,11,2024-06-06,100.0,  Christine Anderson
739889855037,Overall,M,V3,11,2024-06-06,96.0, Zachary Butler
635951750222,Overall,F,V2,11,2024-06-06,132.0,Peter Gonzalez
916466963279,Overall,M,V3,11,2024-06-06,93.0,  Lori Conway
700504656725,Overall,M,V1,11,2024-06-06,133.0, Edward Nelson
860839998247,Overall,X,V1,11,2024-06-06,98.0,  Sheila Rivera
400539454234,Overall,M,V1,11,2024-06-06,126.0,  Stephen Park
897379938715,Overall,M,V2,11,2024-06-06,97.0,  Mary Ramsey
866690973944,Overall,X,V2,11,2024-06-06,96.0, Paul Perez
144262744798,Overall,M,V1,11,2024-06-06,145.0,Felicia Arroyo
393602290358,Overall,M,V2,11,2024-06-06,137.0, Randy Wood
177879954799,Overall,F,V2,11,2024-06-06,103.0,  Michael Rios
635343519954,Overall,F,V2,11,2024-06-06,144.0, Andrew Robbins
138066529479,Overall,M,V3,11,2024-06-06,84.0,  Jenna Logan
459102679722,Overall,X,V3,11,2024-06-06,136.0, Gail Ramirez
621583813301,Overall,F,V1,11,2024-06-06,127.0, John Turner
110720297889,Overall,M,V1,11,2024-06-06,141.0, Victor Bartlett
335615631532,Overall,F,V2,11,2024-06-06,130.0,Jacob Watson
645239307199,Overall,F,V3,11,2024-06-06,145.0,Sandra Rosario
132164157425,Overall,M,V2,11,2024-06-06,128.0,  John Newman
983660710290,Overall,F,V2,11,2024-06-06,133.0,  Sylvia Rosales
663031256039,Overall,F,V3,11,2024-06-06,130.0,Veronica Crawford
604534382651,Overall,M,V3,11,2024-06-06,130.0, Jennifer Dean
563466976152,Overall,F,V1,11,2024-06-06,87.0,Zachary Marsh
602679256389,Overall,F,V1,11,2024-06-06,88.0,Dana Allen
349710229571,Overall,F,V1,11,2024-06-06,131.0,  William Owens
135323811525,Overall,F,V1,11,2024-06-06,124.0, Robert Richmond
173085655062,Overall,M,V1,11,2024-06-06,129.0, Stephanie Myers
323318974858,Overall,F,V3,11,2024-06-06,88.0, Daniel Wade
581933667315,Overall,M,V3,11,2024-06-06,140.0,  Jesse Warren
778468971694,Overall,F,V1,11,2024-06-06,99.0,Mike Griffin
243662240558,Overall,M,V1,11,2024-06-06,130.0,  Anna Warren
847924451220,Overall,F,V3,11,2024-06-06,131.0,Anthony Zhang
846508789269,Overall,M,V2,11,2024-06-06,97.0,Catherine Moore
181680842819,Overall,F,V1,11,2024-06-06,138.0,  Kevin Peters
