Student ID,test name,gender,version,level,test date,Standardised Score,Name
798739969248,Overall,M,V2,5,2020-08-03 00:00:00,108.0,Claire Hendrix
774644562927,Overall,F,V1,5,2020-08-03 00:00:00,87.0,Edward Stevens
784243118192,Overall,F,V1,5,2020-08-03 00:00:00,132.0,Tiffany Gomez
563537496369,Overall,F,V2,5,2020-08-03 00:00:00,87.0, Jessica Sanders
179816899360,Overall,M,V2,5,2020-08-03 00:00:00,92.0,Jennifer Valdez
152885565756,Overall,M,V2,5,2020-08-03 00:00:00,84.0,  Cameron Reeves
850742556344,Overall,F,V3,5,2020-08-03 00:00:00,135.0,  Maria Lin
908407214959,Overall,F,V3,5,2020-08-03 00:00:00,144.0,  Aaron Thomas
466010768216,Overall,M,V2,5,2020-08-03 00:00:00,129.0, Miss Brittany Mills
398660291351,Overall,F,V1,5,2020-08-03 00:00:00,134.0,Ryan Trevino
147180203824,Overall,F,V1,5,2020-08-03 00:00:00,125.0,Samuel White
382575101470,Overall,M,V1,5,2020-08-03 00:00:00,126.0,  Travis Mitchell
576176191685,Overall,M,V3,5,2020-08-03 00:00:00,89.0,  Samantha Mcdowell
703801104285,Overall,F,V1,5,2020-08-03 00:00:00,123.0, Cindy Hull
871547409580,Overall,F,V1,5,2020-08-03 00:00:00,140.0,Stanley Ross
503975948420,Overall,M,V1,5,2020-08-03 00:00:00,143.0, Lisa Spencer
876651292140,Overall,M,V3,5,2020-08-03 00:00:00,135.0,  Willie Russell
717408916062,Overall,M,V3,5,2020-08-03 00:00:00,136.0,Christopher Elliott
922855107267,Overall,F,V1,5,2020-08-03 00:00:00,141.0,  Theresa Lopez
921534252104,Overall,F,V1,5,2020-08-03 00:00:00,120.0,Debra Alvarado
525619793400,Overall,F,V1,5,2020-08-03 00:00:00,132.0,  Rebecca Allen
799401479614,Overall,F,V1,5,2020-08-03 00:00:00,84.0,Joseph Cantrell Jr.
419711119705,Overall,F,V2,5,2020-08-03 00:00:00,128.0,  Ian Moore II
307546268556,Overall,F,V2,5,2020-08-03 00:00:00,140.0, George Thompson
738599237300,Overall,M,V1,5,2020-08-03 00:00:00,143.0,  Matthew Thornton
306615000086,Overall,F,V2,5,2020-08-03 00:00:00,118.0, Megan Becker
243769105274,Overall,M,V2,5,2020-08-03 00:00:00,131.0,  William Lopez
602437568728,Overall,F,V3,5,2020-08-03 00:00:00,141.0,  Elizabeth Carpenter
782337493596,Overall,F,V1,5,2020-08-03 00:00:00,93.0, Tiffany Young
941457050026,Overall,M,V2,5,2020-08-03 00:00:00,130.0,  Jeffrey Adams
351911972188,Overall,F,V1,5,2020-08-03 00:00:00,138.0, Adrian Brooks
738398812647,Overall,F,V1,5,2020-08-03 00:00:00,89.0,Amy Mason
155378652994,Overall,M,V3,5,2020-08-03 00:00:00,87.0,  Teresa Fischer
966042984688,Overall,F,V1,5,2020-08-03 00:00:00,, Shane Turner
833907095661,Overall,M,V3,5,2020-08-03 00:00:00,143.0, Brian Frost
549478812828,Overall,F,V2,5,2020-08-03 00:00:00,91.0,Kendra Jackson
986448442872,Overall,M,V2,5,2020-08-03 00:00:00,87.0,Kevin Schmitt
381081421774,Overall,F,V3,5,2020-08-03 00:00:00,129.0,  Sarah Brown
711914488037,Overall,F,V1,5,2020-08-03 00:00:00,138.0,Douglas Blankenship
411356859846,Overall,M,V2,5,2020-08-03 00:00:00,87.0,Stephen Costa
102647790615,Overall,M,V3,5,2020-08-03 00:00:00,133.0,Mario Pena
545568491620,Overall,F,V1,5,2020-08-03 00:00:00,141.0, Gregory Fischer
884546856094,Overall,F,V1,5,2020-08-03 00:00:00,93.0,Mason Morrison
135539038845,Overall,F,V1,5,2020-08-03 00:00:00,137.0, Martin Brown
470316866734,Overall,M,V3,5,2020-08-03 00:00:00,138.0, Kirk Thompson
922567678832,Overall,F,V1,5,2020-08-03 00:00:00,89.0,Brian Oliver
311006742255,Overall,M,V1,5,2020-08-03 00:00:00,121.0, Gregory Sanders
774644562927,Overall,M,V1,5,2020-08-03 00:00:00,84.0, Stephanie Hurst
801745585940,Overall,F,V2,5,2020-08-03 00:00:00,137.0,  Brittany Johnson
748603223565,Overall,M,V2,5,2020-08-03 00:00:00,138.0,  Dr. Karina Wagner
427733063130,Overall,F,V3,5,2020-08-03 00:00:00,126.0,Warren Erickson
907815399136,Overall,F,V2,5,2020-08-03 00:00:00,88.0,Troy Phillips
936699286105,Overall,F,V1,5,2020-08-03 00:00:00,85.0,Stephanie Brown
305671045126,Overall,F,V3,5,2020-08-03 00:00:00,126.0,  Christina Flores
155003885450,Overall,F,V1,5,2020-08-03 00:00:00,125.0, Gregory Clark
390600399641,Overall,F,V2,5,2020-08-03 00:00:00,132.0, Christian Weber
381081421774,Overall,M,V2,5,2020-08-03 00:00:00,131.0, Zachary Watson
791810764567,Overall,M,V2,5,2020-08-03 00:00:00,88.0,  Justin King
254384806321,Overall,M,V1,5,2020-08-03 00:00:00,132.0, Sergio Campbell
938321184699,Overall,M,V2,5,2020-08-03 00:00:00,89.0,Dwayne Warner
348577901638,Overall,F,V2,5,2020-08-03 00:00:00,82.0,  Kendra White
195416871132,Overall,M,V2,5,2020-08-03 00:00:00,133.0,Kelsey Cooley
855392112487,Overall,F,V3,5,2020-08-03 00:00:00,138.0,  Michael Porter
385836790394,Overall,F,V2,5,2020-08-03 00:00:00,92.0,Robert Graham
551000756428,Overall,F,V3,5,2020-08-03 00:00:00,129.0,Joseph Madden
133708045417,Overall,F,V1,5,2020-08-03 00:00:00,128.0,  Thomas Walton
807644165376,Overall,M,V2,5,2020-08-03 00:00:00,139.0,Anthony Smith
345327417065,Overall,F,V2,5,2020-08-03 00:00:00,130.0,Michael Eaton
673567309422,Overall,F,V3,5,2020-08-03 00:00:00,138.0,Amber Lewis
640073979521,Overall,M,V2,5,2020-08-03 00:00:00,135.0, Thomas Potter
779356778188,Overall,M,V3,5,2020-08-03 00:00:00,101.0,Mr. Carl Smith
461163668571,Overall,M,V1,5,2020-08-03 00:00:00,139.0,  Gary Lowe
937324181876,Overall,M,V2,5,2020-08-03 00:00:00,145.0, Vanessa King
624398669898,Overall,F,V3,5,2020-08-03 00:00:00,101.0,James Spencer
461971530366,Overall,M,V3,5,2020-08-03 00:00:00,136.0, Natalie Silva
720541164238,Overall,F,V2,5,2020-08-03 00:00:00,128.0,  Chris Gomez
336763649817,Overall,M,V2,5,2020-08-03 00:00:00,88.0, Joanne Dalton
879683022253,Overall,F,V3,5,2020-08-03 00:00:00,136.0, Kristie Lin
776006828979,Overall,F,V2,5,2020-08-03 00:00:00,93.0,  Stephen Trevino
882223254882,Overall,M,V1,5,2020-08-03 00:00:00,140.0,  Kimberly Thompson
764174103958,Overall,M,V1,5,2020-08-03 00:00:00,137.0,  Dr. Nicole Webb
480377303795,Overall,M,V2,5,2020-08-03 00:00:00,139.0,Austin Stewart
261490311366,Overall,F,V3,5,2020-08-03 00:00:00,127.0,  Claudia Hernandez
588784027032,Overall,M,V3,5,2020-08-03 00:00:00,139.0,Gregory Jones
455907234663,Overall,M,V2,5,2020-08-03 00:00:00,136.0,Vincent Baxter
864462646781,Overall,F,V3,5,2020-08-03 00:00:00,84.0,Kevin Marquez
508148358756,Overall,F,V2,5,2020-08-03 00:00:00,86.0, Johnny Greene
437676560709,Overall,F,V1,5,2020-08-03 00:00:00,85.0,  Donald Diaz
602437568728,Overall,F,V1,5,2020-08-03 00:00:00,145.0, Tammy Campbell
538525600687,Overall,F,V1,5,2020-08-03 00:00:00,142.0,  James Cowan
346523009829,Overall,M,V3,5,2020-08-03 00:00:00,137.0,  Amber Sanders
640493736275,Overall,M,V1,5,2020-08-03 00:00:00,138.0,  James Rogers
512668325659,Overall,F,V1,5,2020-08-03 00:00:00,142.0,  Adam Mcintosh
397402926574,Overall,F,V3,5,2020-08-03 00:00:00,144.0,Courtney Daniels
211397236218,Overall,M,V1,5,2020-08-03 00:00:00,128.0, Megan Serrano
587340182551,Overall,M,V3,5,2020-08-03 00:00:00,131.0, Jacqueline Davidson
567072142078,Overall,F,V2,5,2020-08-03 00:00:00,130.0, Chad Smith
961458379522,Overall,F,V1,5,2020-08-03 00:00:00,83.0, Michael Harris
407421682318,Overall,M,V1,5,2020-08-03 00:00:00,129.0, Laura Paul
146448706872,Overall,X,V2,5,2020-08-03 00:00:00,141.0,David Carr
511230936281,Overall,F,V2,5,2020-08-03 00:00:00,128.0,  Charles Gonzalez
732927871928,Overall,M,V3,5,2020-08-03 00:00:00,89.0, Jason Jones
322611455898,Overall,M,V3,5,2020-08-03 00:00:00,139.0,Timothy Murphy
679393088562,Overall,F,V3,5,2020-08-03 00:00:00,89.0,  Nancy Parsons
477353525196,Overall,F,V2,5,2020-08-03 00:00:00,143.0,  Emily Quinn
328123981982,Overall,M,V1,5,2020-08-03 00:00:00,139.0, Jeffrey York
939292359243,Overall,F,V2,5,2020-08-03 00:00:00,84.0,Elizabeth Cowan
321890783323,Overall,M,V3,5,2020-08-03 00:00:00,134.0,Erik Meyer
959316551152,Overall,F,V1,5,2020-08-03 00:00:00,134.0,  Jack Jackson
666244609407,Overall,F,V2,5,2020-08-03 00:00:00,136.0,Eugene Nash Jr.
155003885450,Overall,M,V1,5,2020-08-03 00:00:00,131.0,Jessica Perez
673567309422,Overall,M,V1,5,2020-08-03 00:00:00,140.0,  Cody Hopkins
430170396208,Overall,F,V2,5,2020-08-03 00:00:00,126.0,Albert Williams
673662594548,Overall,F,V1,5,2020-08-03 00:00:00,87.0, Melinda Hall
585853234470,Overall,F,V2,5,2020-08-03 00:00:00,135.0,Luke Nguyen
431274405728,Overall,F,V2,5,2020-08-03 00:00:00,129.0, Daniel Montgomery
618462147420,Overall,F,V1,5,2020-08-03 00:00:00,127.0,  Kimberly Marshall
665196426197,Overall,F,V3,5,2020-08-03 00:00:00,83.0, Cheryl Everett
322739471887,Overall,M,V1,5,2020-08-03 00:00:00,82.0,Brianna Snyder
385027486888,Overall,F,V2,5,2020-08-03 00:00:00,88.0,  Stephanie White
966826149413,Overall,F,V2,5,2020-08-03 00:00:00,141.0,  Mr. Daniel Diaz
171516214484,Overall,F,V2,5,2020-08-03 00:00:00,127.0, Michael Morales
299706000823,Overall,F,V1,5,2020-08-03 00:00:00,128.0, Kevin Pacheco
167258007681,Overall,F,V1,5,2020-08-03 00:00:00,135.0,  Austin Clark
541881658793,Overall,F,V2,5,2020-08-03 00:00:00,91.0,Jacqueline Clay
261777238579,Overall,F,V2,5,2020-08-03 00:00:00,87.0, Timothy Roman
403323942286,Overall,F,V2,5,2020-08-03 00:00:00,131.0,Chase Long
890950827223,Overall,M,V2,5,2020-08-03 00:00:00,140.0,  Victoria Morales
269607551364,Overall,M,V2,5,2020-08-03 00:00:00,136.0, Ashley Green
965640348608,Overall,F,V1,5,2020-08-03 00:00:00,145.0, Trevor Patterson
831800442490,Overall,M,V2,5,2020-08-03 00:00:00,125.0,Michael Miller
458353074481,Overall,M,V2,5,2020-08-03 00:00:00,136.0,  Alison Ho
380558201210,Overall,X,V2,5,2020-08-03 00:00:00,117.0,  Elizabeth Jones
414564525249,Overall,M,V3,5,2020-08-03 00:00:00,132.0, Matthew Vaughn
173653863599,Overall,M,V2,5,2020-08-03 00:00:00,89.0,  Tonya Cochran
337335793892,Overall,F,V1,5,2020-08-03 00:00:00,89.0,  Margaret Lozano
673662594548,Overall,M,V2,5,2020-08-03 00:00:00,86.0,Steven Moore
306654914171,Overall,M,V1,5,2020-08-03 00:00:00,132.0,  Heather Mclaughlin
196228755441,Overall,F,V2,5,2020-08-03 00:00:00,,  Scott Schwartz
398068042442,Overall,F,V1,5,2020-08-03 00:00:00,132.0,  Jeremy Allen
905393862496,Overall,F,V1,5,2020-08-03 00:00:00,87.0, Melanie Martin
820018948814,Overall,M,V2,5,2020-08-03 00:00:00,139.0, James Ford
977729226871,Overall,F,V1,5,2020-08-03 00:00:00,88.0, Robert Gonzalez
291779474869,Overall,M,V3,5,2020-08-03 00:00:00,96.0,  Michael Hill
824463561458,Overall,F,V2,5,2020-08-03 00:00:00,139.0,  Maria Koch
167707917606,Overall,M,V3,5,2020-08-03 00:00:00,144.0,  Valerie Evans
273323050176,Overall,M,V3,5,2020-08-03 00:00:00,125.0,Roger Martin DVM
139424792209,Overall,F,V2,5,2020-08-03 00:00:00,136.0,  Sarah Edwards
875869082778,Overall,F,V3,5,2020-08-03 00:00:00,101.0,  Fred Scott
263046620430,Overall,M,V1,5,2020-08-03 00:00:00,120.0,William Baker
921616729582,Overall,F,V1,5,2020-08-03 00:00:00,144.0, Elizabeth Haley
661766999208,Overall,F,V2,5,2020-08-03 00:00:00,93.0, William Rose
354706373774,Overall,M,V1,5,2020-08-03 00:00:00,139.0,  Terry Clements
305671045126,Overall,M,V2,5,2020-08-03 00:00:00,125.0, Lauren Cook
308362826890,Overall,M,V1,5,2020-08-03 00:00:00,142.0, Victoria Cook
914615865787,Overall,F,V3,5,2020-08-03 00:00:00,, Aaron Davis
973121117977,Overall,M,V3,5,2020-08-03 00:00:00,140.0,Wanda Mccoy
777939502137,Overall,M,V3,5,2020-08-03 00:00:00,82.0,Bridget Curry
884930424452,Overall,M,V3,5,2020-08-03 00:00:00,138.0, James Barton
856199549328,Overall,F,V1,5,2020-08-03 00:00:00,95.0,  Curtis Duran
124703115959,Overall,F,V2,5,2020-08-03 00:00:00,133.0,Michael Peters
984783471201,Overall,X,V3,5,2020-08-03 00:00:00,140.0,Lauren Alvarado
300788657296,Overall,M,V3,5,2020-08-03 00:00:00,85.0,Nicholas Cox
195138074095,Overall,F,V1,5,2020-08-03 00:00:00,136.0,Diana Mitchell
365013353796,Overall,M,V2,5,2020-08-03 00:00:00,137.0, Jill Frey
142527346714,Overall,M,V1,5,2020-08-03 00:00:00,129.0, Teresa Kim
439006862308,Overall,F,V2,5,2020-08-03 00:00:00,134.0,Lindsay Moore
195406992999,Overall,F,V3,5,2020-08-03 00:00:00,97.0,Teresa Rodriguez
754080381240,Overall,F,V1,5,2020-08-03 00:00:00,126.0,Gary Nichols
278334319830,Overall,F,V2,5,2020-08-03 00:00:00,135.0, Mr. Jeremy Johnson
439753498270,Overall,M,V2,5,2020-08-03 00:00:00,88.0,Jenna Parker
567305799877,Overall,F,V1,5,2020-08-03 00:00:00,98.0, Logan Lynch
885874300582,Overall,F,V1,5,2020-08-03 00:00:00,144.0,  Randall Pearson
168105894272,Overall,F,V1,5,2020-08-03 00:00:00,134.0, Mckenzie Zavala
504966385390,Overall,F,V2,5,2020-08-03 00:00:00,143.0,  David Romero
371862082492,Overall,F,V1,5,2020-08-03 00:00:00,138.0,David Weaver
811410203259,Overall,F,V1,5,2020-08-03 00:00:00,117.0,  Thomas May
260724213002,Overall,M,V1,5,2020-08-03 00:00:00,110.0,Autumn Pena
795844996063,Overall,F,V1,5,2020-08-03 00:00:00,92.0,  Shannon Smith
339657483697,Overall,M,V2,5,2020-08-03 00:00:00,97.0,  Matthew Rodriguez
390361546218,Overall,M,V1,5,2020-08-03 00:00:00,129.0, Cathy Rodriguez
206290180672,Overall,M,V1,5,2020-08-03 00:00:00,130.0, Alexis Williams
763484530418,Overall,F,V1,5,2020-08-03 00:00:00,137.0,  Joseph James
444187134573,Overall,M,V2,5,2020-08-03 00:00:00,137.0,Angel Walsh
727864648057,Overall,M,V3,5,2020-08-03 00:00:00,87.0, Matthew Burton
234583776868,Overall,F,V3,5,2020-08-03 00:00:00,89.0, Angel Alvarez
200983011886,Overall,M,V3,5,2020-08-03 00:00:00,132.0,Andrew Mcguire
781484869536,Overall,F,V3,5,2020-08-03 00:00:00,90.0,  Sara Sandoval
750918812548,Overall,M,V1,5,2020-08-03 00:00:00,139.0, Jonathon Robertson
345785542032,Overall,F,V3,5,2020-08-03 00:00:00,131.0, Christine Roberts
999701122017,Overall,M,V2,5,2020-08-03 00:00:00,134.0, Mary Giles
549478812828,Overall,M,V2,5,2020-08-03 00:00:00,93.0,Matthew Hawkins
844371997945,Overall,F,V2,5,2020-08-03 00:00:00,92.0, Dr. John Williams
254384806321,Overall,F,V1,5,2020-08-03 00:00:00,133.0,Kyle Hoffman
570576008481,Overall,M,V2,5,2020-08-03 00:00:00,134.0, John Warren
385722722170,Overall,M,V3,5,2020-08-03 00:00:00,129.0,Luis Larson
786369841143,Overall,F,V3,5,2020-08-03 00:00:00,83.0,Amy Smith
543701586039,Overall,F,V1,5,2020-08-03 00:00:00,136.0,Ashley Sutton
757377033024,Overall,M,V1,5,2020-08-03 00:00:00,130.0, Victoria Stephens
119769112033,Overall,M,V2,5,2020-08-03 00:00:00,128.0,  Benjamin Robinson
727827922356,Overall,F,V3,5,2020-08-03 00:00:00,84.0,  Dr. Beverly Thompson
228391460581,Overall,F,V1,5,2020-08-03 00:00:00,130.0, Anthony Garrison
391975168948,Overall,X,V3,5,2020-08-03 00:00:00,97.0,Benjamin Bruce
499313864412,Overall,M,V1,5,2020-08-03 00:00:00,141.0, David Nelson
175386009233,Overall,F,V3,5,2020-08-03 00:00:00,132.0,  Michael Norris
673582172140,Overall,F,V2,5,2020-08-03 00:00:00,132.0, Paul Bowers
561983385364,Overall,F,V1,5,2020-08-03 00:00:00,82.0,  Kathy Jackson
824302594053,Overall,F,V2,5,2020-08-03 00:00:00,131.0,Mrs. Morgan Salas
776697306663,Overall,M,V2,5,2020-08-03 00:00:00,88.0,Cory Terry
869466371812,Overall,M,V3,5,2020-08-03 00:00:00,86.0,Chelsea Mitchell
970614522597,Overall,F,V2,5,2020-08-03 00:00:00,143.0,Robert Black
976112614085,Overall,M,V2,5,2020-08-03 00:00:00,133.0,  William Hubbard DDS
258374244697,Overall,F,V3,5,2020-08-03 00:00:00,88.0, Troy Bradley
509901447319,Overall,M,V3,5,2020-08-03 00:00:00,133.0,Megan Smith
230926398844,Overall,M,V1,5,2020-08-03 00:00:00,141.0, Brittney Long
802388855678,Overall,M,V3,5,2020-08-03 00:00:00,93.0,Tammy Owens
778494499922,Overall,M,V2,5,2020-08-03 00:00:00,97.0,  Lauren Thomas
966200028089,Overall,F,V3,5,2020-08-03 00:00:00,133.0,David Conley
833581669743,Overall,M,V1,5,2020-08-03 00:00:00,89.0,  Emily Wolfe
902997366317,Overall,M,V3,5,2020-08-03 00:00:00,85.0,Michelle Hall
139828230487,Overall,F,V1,5,2020-08-03 00:00:00,141.0,  Joshua Dominguez
509901447319,Overall,F,V2,5,2020-08-03 00:00:00,138.0,  Margaret Horne
199008581751,Overall,X,V3,5,2020-08-03 00:00:00,139.0, Christopher Powers
411356859846,Overall,F,V1,5,2020-08-03 00:00:00,81.0,Brianna Suarez
294410739172,Overall,M,V1,5,2020-08-03 00:00:00,136.0,Dakota Allen
290667183250,Overall,M,V2,5,2020-08-03 00:00:00,134.0, Courtney Mckenzie
203185376417,Overall,M,V3,5,2020-08-03 00:00:00,129.0, Elizabeth Lawson
400588156197,Overall,F,V3,5,2020-08-03 00:00:00,141.0,  Marie Abbott
700214168142,Overall,F,V2,5,2020-08-03 00:00:00,121.0,  Carla Rollins
924709431421,Overall,F,V1,5,2020-08-03 00:00:00,131.0, Lisa Lowery
762425412125,Overall,M,V3,5,2020-08-03 00:00:00,125.0,  Patrick Rodriguez
199720842682,Overall,M,V3,5,2020-08-03 00:00:00,142.0,  Dana Jensen
386541447861,Overall,M,V2,5,2020-08-03 00:00:00,141.0, Caroline Ellis
636552690235,Overall,M,V3,5,2020-08-03 00:00:00,137.0, Madeline Leonard
461971530366,Overall,M,V3,5,2020-08-03 00:00:00,, Ashley Ochoa
611627322286,Overall,M,V3,5,2020-08-03 00:00:00,130.0,  Brenda Chan
222023795705,Overall,F,V1,5,2020-08-03 00:00:00,128.0,  Kristen Burke
849947765433,Overall,F,V2,5,2020-08-03 00:00:00,94.0, Warren Reed
456907414550,Overall,M,V2,5,2020-08-03 00:00:00,136.0,  Scott Taylor
207080448952,Overall,M,V2,5,2020-08-03 00:00:00,134.0,Matthew Shaw
608605030846,Overall,F,V2,5,2020-08-03 00:00:00,127.0,  Heidi Burke
807082439924,Overall,F,V3,5,2020-08-03 00:00:00,143.0,Tyler Powell
511230936281,Overall,F,V1,5,2020-08-03 00:00:00,126.0,  Jordan Cox
799887294911,Overall,F,V1,5,2020-08-03 00:00:00,95.0,  Tyler Mccann
605920671572,Overall,M,V3,5,2020-08-03 00:00:00,131.0,Charles Garrett
757119526770,Overall,F,V3,5,2020-08-03 00:00:00,139.0, Tammy Abbott
306615000086,Overall,F,V2,5,2020-08-03 00:00:00,116.0, Richard Smith
906549852337,Overall,M,V2,5,2020-08-03 00:00:00,84.0,  Robert Evans
847079895708,Overall,M,V2,5,2020-08-03 00:00:00,94.0,  Katie Gomez
170208025721,Overall,X,V1,5,2020-08-03 00:00:00,116.0, Jason Lin
393341029244,Overall,M,V1,5,2020-08-03 00:00:00,,  Melissa Greene
709809247853,Overall,M,V3,5,2020-08-03 00:00:00,87.0,Justin Rodriguez
938538727132,Overall,F,V3,5,2020-08-03 00:00:00,144.0,  Heather Wilson
564705212236,Overall,F,V1,5,2020-08-03 00:00:00,127.0,Kaylee Barrett
780579132693,Overall,F,V1,5,2020-08-03 00:00:00,81.0, Theodore Cook
983615001885,Overall,M,V2,5,2020-08-03 00:00:00,139.0, Samantha Smith
914368329983,Overall,M,V2,5,2020-08-03 00:00:00,86.0,  Reginald Arnold MD
660395029635,Overall,F,V1,5,2020-08-03 00:00:00,141.0, Anthony Byrd
193353746714,Overall,M,V2,5,2020-08-03 00:00:00,137.0,  Bryan Good
776006828979,Overall,F,V1,5,2020-08-03 00:00:00,93.0, Ryan Fleming
886763998040,Overall,M,V3,5,2020-08-03 00:00:00,93.0,  David Thomas
218048465306,Overall,M,V3,5,2020-08-03 00:00:00,129.0, Kenneth Goodwin
135539038845,Overall,F,V2,5,2020-08-03 00:00:00,140.0, Tara Meyer
987363517569,Overall,F,V1,5,2020-08-03 00:00:00,95.0, Robert Lowery
595351406372,Overall,M,V1,5,2020-08-03 00:00:00,131.0,  Miss Katrina Johnson
425789443480,Overall,F,V2,5,2020-08-03 00:00:00,142.0,Joseph Nicholson
321890783323,Overall,F,V2,5,2020-08-03 00:00:00,130.0,Sara Sanders
602725427671,Overall,M,V2,5,2020-08-03 00:00:00,134.0,Cody Fields
547654278759,Overall,F,V1,5,2020-08-03 00:00:00,94.0, David Schneider
133126427843,Overall,M,V1,5,2020-08-03 00:00:00,126.0, John Daniel
901867522076,Overall,F,V3,5,2020-08-03 00:00:00,134.0,Jennifer Perez
506172776928,Overall,F,V1,5,2020-08-03 00:00:00,85.0, Mary Brewer
391084375927,Overall,M,V1,5,2020-08-03 00:00:00,142.0,  Dr. Amy Bullock
206290180672,Overall,M,V3,5,2020-08-03 00:00:00,129.0,  James Buchanan
309562390010,Overall,M,V3,5,2020-08-03 00:00:00,124.0, Lori Williams
458235826299,Overall,F,V2,5,2020-08-03 00:00:00,88.0,Michelle Cuevas
688860789824,Overall,M,V1,5,2020-08-03 00:00:00,100.0, Robert Skinner
466258519200,Overall,F,V3,5,2020-08-03 00:00:00,134.0,  Sarah Owens
843443337828,Overall,M,V1,5,2020-08-03 00:00:00,142.0,  Sara Johnston
354501828537,Overall,M,V2,5,2020-08-03 00:00:00,132.0,Joseph Cunningham
753454805272,Overall,M,V2,5,2020-08-03 00:00:00,137.0,  Nicole Tucker
711484220257,Overall,M,V1,5,2020-08-03 00:00:00,129.0,Joshua Torres
907815399136,Overall,F,V2,5,2020-08-03 00:00:00,84.0,  Heather Thomas
961407936525,Overall,F,V3,5,2020-08-03 00:00:00,144.0, Karen Allen
735664840592,Overall,M,V2,5,2020-08-03 00:00:00,145.0, Joan Henson
865760675832,Overall,M,V1,5,2020-08-03 00:00:00,88.0,  Michelle Rodriguez
476124712882,Overall,F,V2,5,2020-08-03 00:00:00,135.0,  Amy Vasquez
306961705976,Overall,F,V1,5,2020-08-03 00:00:00,141.0,  Jordan Cole
410367316630,Overall,M,V3,5,2020-08-03 00:00:00,124.0, Nicole King
468443777243,Overall,F,V3,5,2020-08-03 00:00:00,,Kiara Boyle
860427884522,Overall,F,V2,5,2020-08-03 00:00:00,139.0,  Heidi Sherman
636134160565,Overall,F,V2,5,2020-08-03 00:00:00,131.0,  Diane Crawford
766511478243,Overall,F,V2,5,2020-08-03 00:00:00,138.0, Heidi Monroe
255943672742,Overall,F,V3,5,2020-08-03 00:00:00,139.0, Brian Stanley
908608550893,Overall,F,V1,5,2020-08-03 00:00:00,86.0,  Autumn Griffin
407651819280,Overall,M,V1,5,2020-08-03 00:00:00,134.0,Melinda Lewis
536396367586,Overall,M,V2,5,2020-08-03 00:00:00,91.0, David Hill
931899173353,Overall,M,V2,5,2020-08-03 00:00:00,82.0,  Jennifer Ruiz
284621840018,Overall,M,V3,5,2020-08-03 00:00:00,126.0,Mark Dawson
634387860747,Overall,M,V2,5,2020-08-03 00:00:00,85.0, David Nixon
391117274128,Overall,F,V1,5,2020-08-03 00:00:00,128.0,  Nicholas Ryan
255139358288,Overall,M,V1,5,2020-08-03 00:00:00,146.0,Matthew Madden
809427964135,Overall,F,V3,5,2020-08-03 00:00:00,140.0, Ronald Kerr
291064314692,Overall,M,V2,5,2020-08-03 00:00:00,130.0,Kenneth Salazar
652600421127,Overall,F,V3,5,2020-08-03 00:00:00,122.0, Megan Murphy
596227809363,Overall,M,V2,5,2020-08-03 00:00:00,81.0, Jo Richards
407107898713,Overall,F,V3,5,2020-08-03 00:00:00,141.0, David Morgan
736008888048,Overall,M,V1,5,2020-08-03 00:00:00,82.0, Kevin Wilson
743381527365,Overall,F,V3,5,2020-08-03 00:00:00,139.0,Anthony Sanchez
955548471957,Overall,F,V2,5,2020-08-03 00:00:00,90.0, Jennifer Patrick
858020558417,Overall,F,V3,5,2020-08-03 00:00:00,139.0, Cynthia Johnson
639626851263,Overall,M,V2,5,2020-08-03 00:00:00,144.0,  Donna Smith
960243131409,Overall,M,V1,5,2020-08-03 00:00:00,127.0, David Mcdowell
757438091360,Overall,F,V1,5,2020-08-03 00:00:00,134.0,Dana Weaver
538879761640,Overall,M,V1,5,2020-08-03 00:00:00,85.0,Megan Hughes
462005386966,Overall,M,V3,5,2020-08-03 00:00:00,, Holly Hines
709170959349,Overall,F,V3,5,2020-08-03 00:00:00,88.0, Amy Arnold
213562124032,Overall,M,V1,5,2020-08-03 00:00:00,112.0, Kelsey Smith
497797858963,Overall,F,V1,5,2020-08-03 00:00:00,103.0, David Taylor
723384672363,Overall,M,V2,5,2020-08-03 00:00:00,140.0,  Jeanette Bennett
481922448030,Overall,F,V3,5,2020-08-03 00:00:00,131.0,  Whitney Little
892122530994,Overall,M,V3,5,2020-08-03 00:00:00,138.0,  Jennifer Holland
164777273620,Overall,F,V2,5,2020-08-03 00:00:00,139.0,  John Casey
176739905808,Overall,M,V1,5,2020-08-03 00:00:00,84.0,Sandra Palmer
119243460257,Overall,M,V3,5,2020-08-03 00:00:00,128.0,Ronald Robinson
382575101470,Overall,F,V2,5,2020-08-03 00:00:00,126.0,Jennifer Blake
948505624646,Overall,F,V3,5,2020-08-03 00:00:00,143.0,  Gina Walton
620636297146,Overall,M,V2,5,2020-08-03 00:00:00,135.0, Kevin Jackson
233694196717,Overall,M,V1,5,2020-08-03 00:00:00,144.0, Thomas Simon
251257573744,Overall,M,V3,5,2020-08-03 00:00:00,136.0,  Joseph Hodges
502706354940,Overall,M,V1,5,2020-08-03 00:00:00,127.0,  Brian Alvarado
880919916645,Overall,M,V1,5,2020-08-03 00:00:00,88.0,  Stacey Taylor
986759336536,Overall,M,V1,5,2020-08-03 00:00:00,95.0,Aaron Ayers
257985326435,Overall,M,V3,5,2020-08-03 00:00:00,141.0,Jennifer King
271980422187,Overall,M,V2,5,2020-08-03 00:00:00,134.0, Steven Banks
102647790615,Overall,F,V2,5,2020-08-03 00:00:00,132.0, Angela Lewis
629047028135,Overall,F,V1,5,2020-08-03 00:00:00,130.0, Jessica Lee
172178809386,Overall,F,V3,5,2020-08-03 00:00:00,87.0, Jonathan Fernandez
766019818917,Overall,M,V3,5,2020-08-03 00:00:00,85.0,  Carol Simon
587088601935,Overall,M,V3,5,2020-08-03 00:00:00,87.0,  Margaret Hill
440982284414,Overall,M,V1,5,2020-08-03 00:00:00,134.0,Alexis Huffman
783998801641,Overall,F,V3,5,2020-08-03 00:00:00,88.0,Valerie Williams
672756481313,Overall,F,V2,5,2020-08-03 00:00:00,140.0,Lauren Hernandez
422562444433,Overall,M,V2,5,2020-08-03 00:00:00,125.0,  Paige Williams
755383853893,Overall,F,V2,5,2020-08-03 00:00:00,94.0,  Heather Martin
875869082778,Overall,M,V3,5,2020-08-03 00:00:00,97.0,Mark Cook
877791558440,Overall,F,V3,5,2020-08-03 00:00:00,90.0, Maria Henderson
590926604882,Overall,M,V1,5,2020-08-03 00:00:00,141.0,Victoria Potter
825597483258,Overall,F,V3,5,2020-08-03 00:00:00,87.0, Amy Williams
592995189939,Overall,X,V2,5,2020-08-03 00:00:00,103.0, David Warren
325677467259,Overall,F,V2,5,2020-08-03 00:00:00,90.0,Jose Juarez
541358001367,Overall,F,V2,5,2020-08-03 00:00:00,124.0,  David Solis
412803722953,Overall,F,V3,5,2020-08-03 00:00:00,132.0,  Morgan Ford
699334548879,Overall,F,V2,5,2020-08-03 00:00:00,100.0,  Terry Knox
551382521346,Overall,M,V1,5,2020-08-03 00:00:00,131.0,Cory Kramer
685006751897,Overall,F,V2,5,2020-08-03 00:00:00,89.0,  Raymond Miranda
250351075528,Overall,F,V1,5,2020-08-03 00:00:00,130.0, Steven Avila
608804317773,Overall,F,V1,5,2020-08-03 00:00:00,141.0,  Sandra Prince
547654278759,Overall,M,V1,5,2020-08-03 00:00:00,93.0,  Diana Riley
833581669743,Overall,M,V3,5,2020-08-03 00:00:00,89.0,  Kyle House
129979664242,Overall,F,V3,5,2020-08-03 00:00:00,88.0,  William Caldwell
198473711776,Overall,F,V3,5,2020-08-03 00:00:00,86.0, Tracy Arroyo
673662594548,Overall,F,V3,5,2020-08-03 00:00:00,88.0,  Laura Manning
937324181876,Overall,F,V1,5,2020-08-03 00:00:00,142.0,  Shirley Sanchez
570576008481,Overall,M,V1,5,2020-08-03 00:00:00,138.0,  Cheryl Phillips
299183866421,Overall,M,V3,5,2020-08-03 00:00:00,146.0,  Amy Johnson
491960747817,Overall,M,V1,5,2020-08-03 00:00:00,87.0,Maria Caldwell
307546268556,Overall,M,V2,5,2020-08-03 00:00:00,140.0, William Cox
940769749643,Overall,X,V2,5,2020-08-03 00:00:00,89.0,Justin Rowland
161779414295,Overall,M,V3,5,2020-08-03 00:00:00,139.0,Mary Brown
551965428535,Overall,F,V2,5,2020-08-03 00:00:00,144.0, Stephanie Trujillo
725175674275,Overall,F,V1,5,2020-08-03 00:00:00,140.0, William Duncan
173653863599,Overall,M,V2,5,2020-08-03 00:00:00,86.0,  Nicole Harris
263678203352,Overall,F,V2,5,2020-08-03 00:00:00,134.0,  Jessica Jenkins
150952890588,Overall,M,V3,5,2020-08-03 00:00:00,85.0,  Ronald Bailey
437549687576,Overall,M,V2,5,2020-08-03 00:00:00,96.0,Anthony Richards
206966966619,Overall,F,V1,5,2020-08-03 00:00:00,92.0,Erin Roberts
264887163971,Overall,F,V3,5,2020-08-03 00:00:00,89.0,  Brittany Kelly
128497156216,Overall,M,V3,5,2020-08-03 00:00:00,137.0,Melissa Glover
847794245022,Overall,M,V2,5,2020-08-03 00:00:00,140.0,  Mr. Tyler Phelps
925216095528,Overall,M,V3,5,2020-08-03 00:00:00,137.0,  Michael Collins
999341820272,Overall,F,V1,5,2020-08-03 00:00:00,143.0, Ashley Armstrong DVM
976112614085,Overall,F,V3,5,2020-08-03 00:00:00,132.0,Amanda Arnold
418890627997,Overall,M,V2,5,2020-08-03 00:00:00,91.0,Gary Young
240848899109,Overall,M,V3,5,2020-08-03 00:00:00,86.0,  Robert Brock
469145522081,Overall,M,V3,5,2020-08-03 00:00:00,133.0,Brian Vance
788079066652,Overall,M,V1,5,2020-08-03 00:00:00,86.0,Shane Adams
893111305577,Overall,M,V1,5,2020-08-03 00:00:00,133.0,Juan Perez
800017615127,Overall,F,V3,5,2020-08-03 00:00:00,119.0,Ashley Gonzalez
682465431528,Overall,M,V1,5,2020-08-03 00:00:00,138.0,Joy Cooper
442729166676,Overall,M,V2,5,2020-08-03 00:00:00,82.0,David Rodriguez
835068421020,Overall,M,V2,5,2020-08-03 00:00:00,120.0, David Peterson
987687302981,Overall,F,V1,5,2020-08-03 00:00:00,90.0, David Johnson
698191348371,Overall,F,V2,5,2020-08-03 00:00:00,83.0,Randy Bates
498527807618,Overall,F,V3,5,2020-08-03 00:00:00,87.0,  Kristopher Ramos
786369841143,Overall,M,V3,5,2020-08-03 00:00:00,82.0, Daniel Estes
536073415524,Overall,M,V3,5,2020-08-03 00:00:00,132.0,Megan Mason
878700780951,Overall,F,V2,5,2020-08-03 00:00:00,84.0,  Sean Thomas
615096127056,Overall,M,V2,5,2020-08-03 00:00:00,133.0,  Erika Rogers
614540220736,Overall,F,V2,5,2020-08-03 00:00:00,127.0,Vicki Reed
862541085784,Overall,F,V1,5,2020-08-03 00:00:00,144.0,  Kevin Green
486077060968,Overall,F,V3,5,2020-08-03 00:00:00,84.0, Christina Long
527314526367,Overall,M,V3,5,2020-08-03 00:00:00,134.0,  Scott Parker
213562124032,Overall,F,V2,5,2020-08-03 00:00:00,112.0,  Laurie Jackson
774199835846,Overall,M,V2,5,2020-08-03 00:00:00,95.0,Loretta Robles
416165952366,Overall,F,V3,5,2020-08-03 00:00:00,139.0, Matthew Palmer
820974160699,Overall,F,V2,5,2020-08-03 00:00:00,87.0,Tiffany Francis
251010329044,Overall,M,V2,5,2020-08-03 00:00:00,115.0,Patricia Barnes
304793032991,Overall,F,V2,5,2020-08-03 00:00:00,136.0,Benjamin Gutierrez
210353038522,Overall,M,V1,5,2020-08-03 00:00:00,115.0,William Allison
142919433604,Overall,M,V3,5,2020-08-03 00:00:00,131.0,  Karen Humphrey
886763998040,Overall,F,V3,5,2020-08-03 00:00:00,90.0,Brian Perry
252259210934,Overall,M,V2,5,2020-08-03 00:00:00,130.0,  Summer Bowen
892652225351,Overall,M,V3,5,2020-08-03 00:00:00,134.0,Amy Miller
472122775854,Overall,M,V2,5,2020-08-03 00:00:00,138.0,  Zachary Stone
265106627750,Overall,F,V2,5,2020-08-03 00:00:00,132.0,Janet Bell
641741029043,Overall,X,V3,5,2020-08-03 00:00:00,124.0, Stephanie Franklin
750079118798,Overall,M,V1,5,2020-08-03 00:00:00,85.0,  Elizabeth Franco
279599375321,Overall,M,V1,5,2020-08-03 00:00:00,89.0,Jennifer Tate
950903976212,Overall,F,V1,5,2020-08-03 00:00:00,135.0,  Leslie Henry
665744366345,Overall,M,V2,5,2020-08-03 00:00:00,145.0, Theresa Castro
954604144816,Overall,F,V2,5,2020-08-03 00:00:00,138.0,  Molly Smith
907815399136,Overall,F,V2,5,2020-08-03 00:00:00,87.0, Kevin Roberts
725147062355,Overall,F,V2,5,2020-08-03 00:00:00,131.0,  Mark Romero
803355475701,Overall,X,V3,5,2020-08-03 00:00:00,129.0, Larry Snyder
805142052201,Overall,M,V1,5,2020-08-03 00:00:00,115.0, Mrs. Valerie Weeks
980867059994,Overall,F,V2,5,2020-08-03 00:00:00,98.0, Brian Walker
115186917195,Overall,F,V3,5,2020-08-03 00:00:00,138.0,  Debra Avila
821838925814,Overall,F,V1,5,2020-08-03 00:00:00,144.0,  Laura Brown
234583776868,Overall,F,V3,5,2020-08-03 00:00:00,94.0,  Sherry Gardner
409375661661,Overall,F,V2,5,2020-08-03 00:00:00,137.0,Daniel Jones
647442462294,Overall,F,V2,5,2020-08-03 00:00:00,141.0, Kelsey Johnson
596197291817,Overall,M,V3,5,2020-08-03 00:00:00,86.0, Brian Morris
430170396208,Overall,M,V2,5,2020-08-03 00:00:00,124.0,  William Morales
411048169146,Overall,M,V1,5,2020-08-03 00:00:00,130.0,  Charles Webb
783835579958,Overall,F,V1,5,2020-08-03 00:00:00,101.0, Aaron Clarke
113347906732,Overall,F,V2,5,2020-08-03 00:00:00,128.0, Tabitha Nelson
189670996123,Overall,M,V2,5,2020-08-03 00:00:00,86.0,  Sydney Sanders
635057963042,Overall,M,V1,5,2020-08-03 00:00:00,131.0,Kim Friedman
545568491620,Overall,F,V2,5,2020-08-03 00:00:00,142.0,Billy Valentine
407038414413,Overall,F,V1,5,2020-08-03 00:00:00,124.0,Jason Marks
709809247853,Overall,M,V3,5,2020-08-03 00:00:00,89.0,Amber Lee
734635462689,Overall,F,V1,5,2020-08-03 00:00:00,87.0, Roger Compton
328370035616,Overall,F,V2,5,2020-08-03 00:00:00,130.0, Wayne Schneider
269064578709,Overall,F,V3,5,2020-08-03 00:00:00,86.0,Karen Greene
234704451784,Overall,F,V2,5,2020-08-03 00:00:00,130.0,Robert Castro
985264795469,Overall,F,V3,5,2020-08-03 00:00:00,97.0, Deborah Foster
525192669190,Overall,F,V3,5,2020-08-03 00:00:00,136.0, Michael Huang
478603547665,Overall,F,V1,5,2020-08-03 00:00:00,85.0,  Renee Gilbert
139424792209,Overall,M,V2,5,2020-08-03 00:00:00,138.0,  Melissa Wood
897691417566,Overall,F,V3,5,2020-08-03 00:00:00,94.0,Antonio Perez
406716821249,Overall,M,V1,5,2020-08-03 00:00:00,134.0, Caitlin Mendoza
456170470651,Overall,M,V2,5,2020-08-03 00:00:00,127.0, Randy Pitts
426236734990,Overall,F,V2,5,2020-08-03 00:00:00,137.0,  Dana Lee
889847827276,Overall,M,V2,5,2020-08-03 00:00:00,102.0,  Linda Walker
255943672742,Overall,F,V3,5,2020-08-03 00:00:00,142.0,  Nathaniel Moon
783835579958,Overall,F,V3,5,2020-08-03 00:00:00,103.0, Andrew Rodriguez
604042944603,Overall,M,V3,5,2020-08-03 00:00:00,126.0,  Robert Olson
956996163711,Overall,M,V2,5,2020-08-03 00:00:00,87.0,Debra Valdez
113182466298,Overall,M,V2,5,2020-08-03 00:00:00,136.0,Heather Gutierrez
276623343690,Overall,F,V2,5,2020-08-03 00:00:00,138.0,Mathew Richards
344005941719,Overall,F,V2,5,2020-08-03 00:00:00,134.0,Sean Horton
649490623880,Overall,M,V2,5,2020-08-03 00:00:00,143.0, Michael Nichols
769319944936,Overall,M,V1,5,2020-08-03 00:00:00,91.0, Sherry Ramos
509447146819,Overall,M,V2,5,2020-08-03 00:00:00,140.0,  Brian Turner
875807259097,Overall,M,V3,5,2020-08-03 00:00:00,88.0, Mitchell Doyle
674674897493,Overall,F,V2,5,2020-08-03 00:00:00,96.0,Gloria Wilson
483649475484,Overall,M,V2,5,2020-08-03 00:00:00,88.0,  Nichole Schroeder
210353038522,Overall,M,V3,5,2020-08-03 00:00:00,120.0,  Paul Chan
176259240370,Overall,M,V1,5,2020-08-03 00:00:00,127.0,Lisa Wells
992771766298,Overall,F,V2,5,2020-08-03 00:00:00,100.0, Scott Houston
928458224129,Overall,M,V2,5,2020-08-03 00:00:00,139.0,  James Suarez
198919025236,Overall,M,V3,5,2020-08-03 00:00:00,142.0,  Alexandria Small
557124120137,Overall,M,V3,5,2020-08-03 00:00:00,120.0, Dylan Gray
323839031400,Overall,F,V3,5,2020-08-03 00:00:00,121.0, Ann Bradley
744386937643,Overall,M,V1,5,2020-08-03 00:00:00,85.0,Andrew Jones
395575867875,Overall,F,V1,5,2020-08-03 00:00:00,101.0, Janet Green
561195439228,Overall,M,V3,5,2020-08-03 00:00:00,136.0, Christine Jones
722139584149,Overall,M,V1,5,2020-08-03 00:00:00,140.0,  David Brown
367271156342,Overall,M,V3,5,2020-08-03 00:00:00,128.0, Daniel Wagner
391117274128,Overall,F,V3,5,2020-08-03 00:00:00,127.0, Phillip Haynes
352509987023,Overall,F,V1,5,2020-08-03 00:00:00,134.0,Charles Smith
691908322633,Overall,F,V3,5,2020-08-03 00:00:00,138.0, Sarah Bishop
324084157708,Overall,F,V1,5,2020-08-03 00:00:00,134.0,  Sherri Simpson
925216095528,Overall,M,V3,5,2020-08-03 00:00:00,141.0,  Mark Keller
868132579962,Overall,M,V3,5,2020-08-03 00:00:00,92.0,Isaac Benson
609414485574,Overall,F,V1,5,2020-08-03 00:00:00,139.0,  Brian Simpson
522673577418,Overall,M,V2,5,2020-08-03 00:00:00,142.0, Corey Shelton
946106058953,Overall,M,V1,5,2020-08-03 00:00:00,140.0,Tyler King
273323050176,Overall,M,V2,5,2020-08-03 00:00:00,126.0,John Morris
578862588300,Overall,F,V3,5,2020-08-03 00:00:00,85.0, Carol Smith
145015623361,Overall,X,V3,5,2020-08-03 00:00:00,122.0,  James Richardson
747115969028,Overall,M,V2,5,2020-08-03 00:00:00,142.0, David Davis
594760713736,Overall,F,V3,5,2020-08-03 00:00:00,145.0,  Brandon Gregory
973156474567,Overall,M,V1,5,2020-08-03 00:00:00,91.0,  Amanda Kline
643391392351,Overall,F,V1,5,2020-08-03 00:00:00,133.0,Emily Stewart
305559803484,Overall,M,V1,5,2020-08-03 00:00:00,140.0,Christy Harrington
486077060968,Overall,F,V2,5,2020-08-03 00:00:00,86.0,Megan Hunter
341518783206,Overall,F,V1,5,2020-08-03 00:00:00,134.0,  Melissa Gonzalez
619504970076,Overall,F,V1,5,2020-08-03 00:00:00,135.0, Micheal Harris
565564492405,Overall,M,V1,5,2020-08-03 00:00:00,139.0,Ivan Garrison
787100053006,Overall,M,V2,5,2020-08-03 00:00:00,120.0,  Daniel Roberts
892551338730,Overall,F,V3,5,2020-08-03 00:00:00,137.0, Eric Rogers
503130438059,Overall,F,V3,5,2020-08-03 00:00:00,125.0,Alexander Lopez
313450226910,Overall,M,V3,5,2020-08-03 00:00:00,122.0,  Richard Higgins
255880496857,Overall,F,V2,5,2020-08-03 00:00:00,, Gabriella Flores
338612232919,Overall,M,V1,5,2020-08-03 00:00:00,134.0,  Erika Hoffman
855392112487,Overall,M,V1,5,2020-08-03 00:00:00,141.0,Aaron Bird
412534655423,Overall,M,V1,5,2020-08-03 00:00:00,128.0,  Jeffrey Kim
622482593045,Overall,F,V2,5,2020-08-03 00:00:00,131.0, Randy Ortiz
741502550695,Overall,M,V1,5,2020-08-03 00:00:00,130.0,  Leah Alexander
909241185319,Overall,F,V3,5,2020-08-03 00:00:00,139.0, John Wright
102656939754,Overall,M,V3,5,2020-08-03 00:00:00,142.0, Brandy Patel
758477898768,Overall,F,V3,5,2020-08-03 00:00:00,110.0,Jesus Reynolds
712892779058,Overall,F,V1,5,2020-08-03 00:00:00,91.0,  Michael Potter
219832635259,Overall,F,V2,5,2020-08-03 00:00:00,137.0,  Jason Murphy
745226267236,Overall,M,V2,5,2020-08-03 00:00:00,135.0,Eduardo Hubbard
960703167679,Overall,M,V1,5,2020-08-03 00:00:00,88.0,  Tonya Alexander
722329841980,Overall,F,V3,5,2020-08-03 00:00:00,141.0,  Anthony Stewart
223218555212,Overall,M,V2,5,2020-08-03 00:00:00,121.0, Melissa Meyers
529240116735,Overall,M,V3,5,2020-08-03 00:00:00,126.0, Bradley Buck
372980857173,Overall,M,V2,5,2020-08-03 00:00:00,84.0,  Jessica Armstrong
339162339764,Overall,F,V1,5,2020-08-03 00:00:00,137.0, Mary West
315599461426,Overall,M,V3,5,2020-08-03 00:00:00,140.0, Evan Nielsen
327572491911,Overall,F,V2,5,2020-08-03 00:00:00,134.0,  Terri Jones
148915237440,Overall,M,V2,5,2020-08-03 00:00:00,130.0,  Jennifer Sharp
338381184594,Overall,M,V2,5,2020-08-03 00:00:00,138.0, Michael Moreno
878298293288,Overall,M,V2,5,2020-08-03 00:00:00,99.0, Don Parker
896645937055,Overall,M,V3,5,2020-08-03 00:00:00,93.0,Stephen Mack
284392979278,Overall,M,V1,5,2020-08-03 00:00:00,93.0, Jacqueline Miller
535738469066,Overall,M,V2,5,2020-08-03 00:00:00,86.0,  Manuel Garcia
933060387658,Overall,M,V3,5,2020-08-03 00:00:00,140.0,Walter Cooper
486077060968,Overall,M,V2,5,2020-08-03 00:00:00,87.0,  Christopher Powell
734217310590,Overall,M,V2,5,2020-08-03 00:00:00,129.0, Brian Malone
789678355041,Overall,F,V3,5,2020-08-03 00:00:00,84.0,Charles Rogers
674514443272,Overall,M,V3,5,2020-08-03 00:00:00,, Stephanie Clark
343787794306,Overall,F,V3,5,2020-08-03 00:00:00,84.0, Daniel Washington
101236928552,Overall,M,V2,5,2020-08-03 00:00:00,129.0,  Rachel Costa
480933987614,Overall,F,V2,5,2020-08-03 00:00:00,88.0,Crystal Jackson
377167732665,Overall,M,V1,5,2020-08-03 00:00:00,84.0,Raymond Andrews
907806806930,Overall,F,V1,5,2020-08-03 00:00:00,143.0,  Emily Vaughan
897365815192,Overall,M,V2,5,2020-08-03 00:00:00,85.0,  Alexander Le
381656452114,Overall,M,V2,5,2020-08-03 00:00:00,133.0,  Jeremiah Williams
107739944506,Overall,M,V3,5,2020-08-03 00:00:00,136.0,Anna Goodwin
759535498290,Overall,F,V1,5,2020-08-03 00:00:00,93.0,Brooke Casey
345342619961,Overall,F,V3,5,2020-08-03 00:00:00,136.0, Ryan Huff
128497156216,Overall,F,V3,5,2020-08-03 00:00:00,138.0,Gabriel Taylor
174679156136,Overall,F,V2,5,2020-08-03 00:00:00,139.0,Dr. Carrie Miller
153873565004,Overall,F,V1,5,2020-08-03 00:00:00,132.0,  Mercedes Waters
353571476956,Overall,F,V1,5,2020-08-03 00:00:00,88.0,Haley Jenkins
395977578681,Overall,M,V3,5,2020-08-03 00:00:00,100.0, Kristina Powell
307507254476,Overall,M,V3,5,2020-08-03 00:00:00,134.0, Calvin Garcia
726747560508,Overall,M,V1,5,2020-08-03 00:00:00,143.0,  William Davis
813227487612,Overall,F,V2,5,2020-08-03 00:00:00,138.0, Lauren Gaines
776697306663,Overall,F,V3,5,2020-08-03 00:00:00,88.0, Michael Joyce
733341412280,Overall,M,V1,5,2020-08-03 00:00:00,123.0, Brianna Grant
121148759032,Overall,M,V3,5,2020-08-03 00:00:00,130.0,  Christina Brown
284497453218,Overall,F,V3,5,2020-08-03 00:00:00,139.0,  David Booth
255514829871,Overall,F,V2,5,2020-08-03 00:00:00,142.0,Tanya Richard
401276554380,Overall,M,V1,5,2020-08-03 00:00:00,132.0, Catherine Williams
508148358756,Overall,M,V1,5,2020-08-03 00:00:00,85.0, Amy Anderson
677573121898,Overall,F,V3,5,2020-08-03 00:00:00,86.0, Randy Williams
785076443129,Overall,M,V1,5,2020-08-03 00:00:00,139.0,Charles Hale
981313119452,Overall,M,V2,5,2020-08-03 00:00:00,128.0, Ronald Henderson
445706265103,Overall,M,V1,5,2020-08-03 00:00:00,128.0,Tina Bernard
502768875015,Overall,F,V3,5,2020-08-03 00:00:00,135.0,Jennifer Ortega
362835646255,Overall,F,V3,5,2020-08-03 00:00:00,137.0, Erika Jackson
455324936231,Overall,M,V2,5,2020-08-03 00:00:00,132.0,Hannah Anderson
530671432508,Overall,M,V2,5,2020-08-03 00:00:00,128.0,Brad Watson
703039681488,Overall,F,V3,5,2020-08-03 00:00:00,139.0,  Joel Miranda
493353658678,Overall,M,V2,5,2020-08-03 00:00:00,94.0,Kara Wiley
383207085067,Overall,F,V3,5,2020-08-03 00:00:00,136.0, Todd Sanchez
460999153933,Overall,F,V3,5,2020-08-03 00:00:00,87.0, Miranda Brennan
299647960205,Overall,F,V1,5,2020-08-03 00:00:00,146.0,  Robert Caldwell
446898575440,Overall,M,V3,5,2020-08-03 00:00:00,89.0,  Randall Lloyd
524063765453,Overall,M,V3,5,2020-08-03 00:00:00,132.0,Melissa Martinez
291085189182,Overall,F,V2,5,2020-08-03 00:00:00,138.0, Judy Good
390361546218,Overall,F,V2,5,2020-08-03 00:00:00,131.0,Jonathan Fleming
819356590549,Overall,F,V2,5,2020-08-03 00:00:00,87.0,Brenda Cisneros
503975948420,Overall,F,V1,5,2020-08-03 00:00:00,143.0, Thomas Barton
876609933812,Overall,F,V3,5,2020-08-03 00:00:00,86.0,  James Patton
532311385128,Overall,F,V2,5,2020-08-03 00:00:00,123.0,  Shaun Adams
442470924061,Overall,F,V1,5,2020-08-03 00:00:00,128.0, Christopher Hardin
559667126937,Overall,F,V1,5,2020-08-03 00:00:00,90.0,Kevin Scott
268876571221,Overall,M,V2,5,2020-08-03 00:00:00,139.0,Crystal Duncan
199008581751,Overall,F,V1,5,2020-08-03 00:00:00,135.0,Brandi Potts
381656452114,Overall,F,V1,5,2020-08-03 00:00:00,127.0,  Jackson Torres
712523343688,Overall,F,V3,5,2020-08-03 00:00:00,135.0,  Brian Randall
492136525293,Overall,M,V1,5,2020-08-03 00:00:00,134.0,  Jennifer Frederick
530744759084,Overall,F,V1,5,2020-08-03 00:00:00,139.0,  Emily Garcia
159652878539,Overall,F,V2,5,2020-08-03 00:00:00,92.0, Paula Cole
936135739271,Overall,M,V1,5,2020-08-03 00:00:00,137.0,  Brenda Edwards
415855450118,Overall,F,V2,5,2020-08-03 00:00:00,133.0,Jeremy Pham
315599461426,Overall,F,V1,5,2020-08-03 00:00:00,141.0,Isaac Sherman
858020558417,Overall,M,V2,5,2020-08-03 00:00:00,139.0,Christopher Kerr
832229277020,Overall,M,V1,5,2020-08-03 00:00:00,128.0,  Alicia Gardner
952668214128,Overall,M,V3,5,2020-08-03 00:00:00,135.0,Steven Hernandez
258773861652,Overall,F,V2,5,2020-08-03 00:00:00,82.0, Shelly Mitchell
682536179054,Overall,F,V1,5,2020-08-03 00:00:00,137.0,  Timothy Eaton
374285975305,Overall,M,V3,5,2020-08-03 00:00:00,, Nicholas Vazquez
966200028089,Overall,M,V1,5,2020-08-03 00:00:00,135.0,  Jennifer Boyd
259314109737,Overall,M,V1,5,2020-08-03 00:00:00,137.0,Wanda Gray
159652878539,Overall,M,V2,5,2020-08-03 00:00:00,92.0, Shannon Moreno
335575523100,Overall,M,V1,5,2020-08-03 00:00:00,122.0, Chloe Johnson
691908322633,Overall,M,V2,5,2020-08-03 00:00:00,137.0, Wyatt Schwartz
682076323146,Overall,F,V3,5,2020-08-03 00:00:00,129.0,Kristin Kim
975886230389,Overall,F,V3,5,2020-08-03 00:00:00,90.0,  Brent Hayes MD
419886210283,Overall,M,V1,5,2020-08-03 00:00:00,135.0,  Linda Jones MD
269064578709,Overall,M,V2,5,2020-08-03 00:00:00,90.0,  Mrs. Maria Turner
908540924194,Overall,F,V2,5,2020-08-03 00:00:00,137.0,  Tanya Anderson
886763998040,Overall,F,V3,5,2020-08-03 00:00:00,93.0, Gina Campbell
308787095090,Overall,F,V3,5,2020-08-03 00:00:00,141.0,  Rose Torres
213675761843,Overall,M,V3,5,2020-08-03 00:00:00,135.0,  Cheryl Shepherd
818220754698,Overall,M,V2,5,2020-08-03 00:00:00,85.0,  Gina Howe
929190851648,Overall,M,V3,5,2020-08-03 00:00:00,89.0, Amy Ruiz
711642975223,Overall,M,V1,5,2020-08-03 00:00:00,133.0, Sarah Hill
422954471269,Overall,M,V1,5,2020-08-03 00:00:00,137.0,Jennifer Medina
784636743273,Overall,F,V3,5,2020-08-03 00:00:00,86.0,  Stephanie Kelly
273848044950,Overall,F,V3,5,2020-08-03 00:00:00,141.0, Darlene Young
502448534046,Overall,M,V2,5,2020-08-03 00:00:00,127.0,  Stacey Woodward
657740576276,Overall,F,V3,5,2020-08-03 00:00:00,88.0,  Samantha Brown
621402132618,Overall,M,V1,5,2020-08-03 00:00:00,117.0,  Katelyn Johnston
175386009233,Overall,F,V3,5,2020-08-03 00:00:00,132.0,  Matthew Lewis
922567678832,Overall,F,V2,5,2020-08-03 00:00:00,91.0,  Kristin Perry
766019818917,Overall,M,V1,5,2020-08-03 00:00:00,87.0, Robert Baker
990299309590,Overall,M,V1,5,2020-08-03 00:00:00,88.0,Mrs. Erin Hoffman
711188519836,Overall,F,V1,5,2020-08-03 00:00:00,144.0,  Heather Lucas
565564492405,Overall,M,V2,5,2020-08-03 00:00:00,138.0,Mark Leon
565542804397,Overall,M,V1,5,2020-08-03 00:00:00,139.0,  Andrew Hancock
681177057135,Overall,M,V3,5,2020-08-03 00:00:00,135.0,Joshua Hampton
328370035616,Overall,M,V3,5,2020-08-03 00:00:00,125.0,Tamara Proctor
319777282488,Overall,F,V2,5,2020-08-03 00:00:00,89.0, Tom Johnson
537449314824,Overall,F,V1,5,2020-08-03 00:00:00,139.0,Mark King
976940840680,Overall,M,V2,5,2020-08-03 00:00:00,86.0,Amy Gallagher
437549687576,Overall,F,V1,5,2020-08-03 00:00:00,96.0, Joseph Coffey
180300080350,Overall,F,V2,5,2020-08-03 00:00:00,109.0, Ryan Pena
159304162991,Overall,F,V1,5,2020-08-03 00:00:00,131.0, Ronald Williams
917000812830,Overall,F,V2,5,2020-08-03 00:00:00,124.0,  Darren Bryant
854713451014,Overall,M,V3,5,2020-08-03 00:00:00,128.0, Jennifer Johnston
363669869442,Overall,F,V1,5,2020-08-03 00:00:00,93.0, Nicole Moreno
867378662269,Overall,M,V3,5,2020-08-03 00:00:00,91.0,Janet Jordan
692590940480,Overall,F,V3,5,2020-08-03 00:00:00,141.0,  Monica Shaffer
954604144816,Overall,F,V2,5,2020-08-03 00:00:00,133.0,Brandon Jones
338381184594,Overall,F,V2,5,2020-08-03 00:00:00,140.0, Douglas Davila PhD
507677323659,Overall,F,V3,5,2020-08-03 00:00:00,81.0, Andrew Spencer
466258519200,Overall,F,V2,5,2020-08-03 00:00:00,134.0, Michael Hartman
510548219065,Overall,F,V2,5,2020-08-03 00:00:00,129.0,  Brian White
427733063130,Overall,F,V2,5,2020-08-03 00:00:00,121.0,Anthony Stone
632343320837,Overall,F,V3,5,2020-08-03 00:00:00,127.0,  Emily Brewer
980297479561,Overall,F,V1,5,2020-08-03 00:00:00,93.0,  Peter Francis
903337233208,Overall,F,V2,5,2020-08-03 00:00:00,126.0, Terry Briggs
213562124032,Overall,M,V2,5,2020-08-03 00:00:00,113.0,  Paige Russell
322611455898,Overall,M,V1,5,2020-08-03 00:00:00,139.0,Kevin Wood
307546268556,Overall,F,V3,5,2020-08-03 00:00:00,141.0,  Alexandria Morales
251257573744,Overall,F,V3,5,2020-08-03 00:00:00,139.0,Jennifer Massey
943581965110,Overall,M,V3,5,2020-08-03 00:00:00,139.0,  Carla Wade
793242424717,Overall,F,V3,5,2020-08-03 00:00:00,139.0,  Timothy Lane
333518494724,Overall,M,V1,5,2020-08-03 00:00:00,140.0,Lisa Bowen
908905240693,Overall,M,V1,5,2020-08-03 00:00:00,137.0,  Erin Harrison
307507254476,Overall,F,V1,5,2020-08-03 00:00:00,135.0,  Robin Ortiz
296761860646,Overall,F,V1,5,2020-08-03 00:00:00,83.0, Victor Pierce
929190851648,Overall,M,V2,5,2020-08-03 00:00:00,85.0,Heather Walters
507105121581,Overall,F,V1,5,2020-08-03 00:00:00,123.0,Christopher Myers
596197291817,Overall,F,V1,5,2020-08-03 00:00:00,92.0,  James Booth
309831737513,Overall,M,V1,5,2020-08-03 00:00:00,136.0,  Eric Rodriguez
222346293053,Overall,M,V3,5,2020-08-03 00:00:00,124.0,Karen Moore
880919916645,Overall,M,V2,5,2020-08-03 00:00:00,89.0, Amy Haney
459835559946,Overall,F,V2,5,2020-08-03 00:00:00,95.0,  Jody Taylor
862145291067,Overall,M,V1,5,2020-08-03 00:00:00,137.0, Bryce Atkins
314544232499,Overall,F,V1,5,2020-08-03 00:00:00,135.0,  Denise Russell
167667873480,Overall,M,V1,5,2020-08-03 00:00:00,85.0,Donald Price
748637509094,Overall,F,V1,5,2020-08-03 00:00:00,89.0,Bailey Fuller
319777282488,Overall,F,V1,5,2020-08-03 00:00:00,91.0,  Dustin Watts
610296236418,Overall,F,V3,5,2020-08-03 00:00:00,134.0,  Mr. John Ray
315599461426,Overall,M,V3,5,2020-08-03 00:00:00,141.0,Victoria Baxter
335353884322,Overall,F,V3,5,2020-08-03 00:00:00,135.0,Tina Anderson
953604797457,Overall,M,V3,5,2020-08-03 00:00:00,93.0, Matthew Hale DDS
889411360466,Overall,M,V1,5,2020-08-03 00:00:00,141.0,Laura Lane
643229477313,Overall,M,V1,5,2020-08-03 00:00:00,135.0,Deborah Holder
209167901308,Overall,M,V1,5,2020-08-03 00:00:00,131.0,Roberto Norton
555478915397,Overall,M,V2,5,2020-08-03 00:00:00,92.0, Curtis Jones
306961705976,Overall,M,V1,5,2020-08-03 00:00:00,146.0,  Allison Romero
704171314377,Overall,M,V1,5,2020-08-03 00:00:00,127.0,  Susan Jackson
454873599532,Overall,M,V3,5,2020-08-03 00:00:00,87.0, Reginald Bell
691548233936,Overall,M,V1,5,2020-08-03 00:00:00,140.0, Ashley Odonnell
859515055989,Overall,F,V1,5,2020-08-03 00:00:00,91.0,Maureen Perkins
788253423313,Overall,M,V3,5,2020-08-03 00:00:00,130.0,Nancy Jenkins
780035363554,Overall,F,V3,5,2020-08-03 00:00:00,136.0,Daniel Stevens
874142943157,Overall,F,V3,5,2020-08-03 00:00:00,142.0,  Vicki Johnson
847969577704,Overall,F,V1,5,2020-08-03 00:00:00,100.0,  Phillip Case
576728058252,Overall,M,V3,5,2020-08-03 00:00:00,138.0,  Samuel Castro
485262269846,Overall,F,V2,5,2020-08-03 00:00:00,88.0,Carol Goodman
290781792061,Overall,M,V1,5,2020-08-03 00:00:00,134.0,  Michael Gomez
856182001421,Overall,M,V2,5,2020-08-03 00:00:00,125.0, Randall Kelly
628614510430,Overall,F,V1,5,2020-08-03 00:00:00,124.0, Frank Townsend
764750491478,Overall,F,V2,5,2020-08-03 00:00:00,88.0, Connie Silva
482797834299,Overall,M,V3,5,2020-08-03 00:00:00,93.0, Peter Martin
509921780462,Overall,F,V1,5,2020-08-03 00:00:00,135.0, Cassandra Wright
686952765903,Overall,M,V2,5,2020-08-03 00:00:00,91.0,Becky Brown
395575867875,Overall,F,V2,5,2020-08-03 00:00:00,98.0,  Jessica Weaver MD
270905683007,Overall,M,V2,5,2020-08-03 00:00:00,128.0,  John Miller
973121117977,Overall,M,V2,5,2020-08-03 00:00:00,140.0,  Kimberly Ryan
749253440396,Overall,F,V3,5,2020-08-03 00:00:00,143.0,Hannah Hernandez
952733631455,Overall,F,V2,5,2020-08-03 00:00:00,139.0,  Robert Cox
284478732008,Overall,M,V1,5,2020-08-03 00:00:00,137.0,Amanda Wang
584621426881,Overall,M,V1,5,2020-08-03 00:00:00,141.0, Christina Perry
149439675770,Overall,M,V2,5,2020-08-03 00:00:00,84.0,Lindsey Jones
854523785284,Overall,F,V3,5,2020-08-03 00:00:00,82.0, Cynthia Lang
521932046808,Overall,F,V3,5,2020-08-03 00:00:00,132.0,  Mr. Jon Bennett DDS
249310833886,Overall,F,V1,5,2020-08-03 00:00:00,138.0,  Jonathan Miller
938860322117,Overall,M,V3,5,2020-08-03 00:00:00,137.0, John Norris MD
630980247109,Overall,F,V2,5,2020-08-03 00:00:00,131.0, David Rivera
201778021550,Overall,M,V3,5,2020-08-03 00:00:00,125.0, Alicia Mercado
656941378492,Overall,M,V1,5,2020-08-03 00:00:00,87.0,  Bonnie Randolph
155003885450,Overall,F,V2,5,2020-08-03 00:00:00,126.0,  Jerry Hughes
316330191704,Overall,F,V2,5,2020-08-03 00:00:00,120.0, Jennifer Cox
731357395964,Overall,M,V2,5,2020-08-03 00:00:00,89.0, Dylan Ellis
641573370933,Overall,F,V1,5,2020-08-03 00:00:00,133.0, Mark Smith
880448764183,Overall,F,V2,5,2020-08-03 00:00:00,83.0,Madison Owen
516921490408,Overall,M,V3,5,2020-08-03 00:00:00,135.0, Tabitha Pena
846045250849,Overall,M,V1,5,2020-08-03 00:00:00,141.0, Thomas Brooks
291133121198,Overall,M,V3,5,2020-08-03 00:00:00,123.0,Erica Bates
570576008481,Overall,F,V3,5,2020-08-03 00:00:00,132.0, Mike Delgado
928397143727,Overall,M,V3,5,2020-08-03 00:00:00,86.0,  Katherine Castaneda
443541164980,Overall,M,V1,5,2020-08-03 00:00:00,131.0, Gabriel Burnett
911730070373,Overall,M,V3,5,2020-08-03 00:00:00,123.0,Becky Acosta
967300723227,Overall,F,V2,5,2020-08-03 00:00:00,130.0, Rebecca Lewis
199008581751,Overall,M,V1,5,2020-08-03 00:00:00,140.0, Benjamin Long
886948359858,Overall,F,V1,5,2020-08-03 00:00:00,107.0,  Kyle Padilla
940278776111,Overall,F,V1,5,2020-08-03 00:00:00,140.0,  Emma Palmer
402370531068,Overall,F,V2,5,2020-08-03 00:00:00,124.0,  Ronald Stevenson
395575867875,Overall,F,V2,5,2020-08-03 00:00:00,100.0,Dr. Jesse Cline DDS
328849308050,Overall,F,V2,5,2020-08-03 00:00:00,135.0,  Paula Miller
461971530366,Overall,M,V3,5,2020-08-03 00:00:00,132.0,Robert Richardson
922226918963,Overall,F,V1,5,2020-08-03 00:00:00,141.0,Joseph Pierce
544678204739,Overall,F,V1,5,2020-08-03 00:00:00,141.0, Kelly Reynolds
404568342794,Overall,M,V3,5,2020-08-03 00:00:00,140.0,  Tristan Becker
767215507983,Overall,F,V2,5,2020-08-03 00:00:00,81.0, Victor Phillips
382575101470,Overall,M,V3,5,2020-08-03 00:00:00,125.0,Angela Barker
155378652994,Overall,M,V3,5,2020-08-03 00:00:00,86.0,  George Bell
309555202514,Overall,F,V2,5,2020-08-03 00:00:00,128.0,Rhonda Miller
412534655423,Overall,F,V1,5,2020-08-03 00:00:00,127.0,  Bryan Sanchez
144919924315,Overall,M,V2,5,2020-08-03 00:00:00,135.0,  Nicole Williams
504677029364,Overall,X,V1,5,2020-08-03 00:00:00,139.0, Dawn Brown
146973437530,Overall,F,V1,5,2020-08-03 00:00:00,137.0,  Michael Valentine
876227187218,Overall,F,V1,5,2020-08-03 00:00:00,144.0,  Matthew Johnson
675631911681,Overall,F,V3,5,2020-08-03 00:00:00,138.0,  Alexander Fowler
408559379826,Overall,F,V3,5,2020-08-03 00:00:00,87.0, Ashley Lawrence
622512593733,Overall,F,V3,5,2020-08-03 00:00:00,131.0, Alexander Marshall
611815081514,Overall,M,V3,5,2020-08-03 00:00:00,128.0, Michael Velez
304793032991,Overall,F,V3,5,2020-08-03 00:00:00,133.0,  Ariana Hoover
588113463813,Overall,F,V2,5,2020-08-03 00:00:00,,  Anthony Mccoy
514869132666,Overall,F,V1,5,2020-08-03 00:00:00,139.0, Jennifer Hinton
783998801641,Overall,M,V1,5,2020-08-03 00:00:00,85.0, Gabrielle White
457016401609,Overall,F,V3,5,2020-08-03 00:00:00,128.0,  Wendy Clark
206290180672,Overall,F,V2,5,2020-08-03 00:00:00,130.0,  Kelly Pierce
857243289762,Overall,M,V1,5,2020-08-03 00:00:00,85.0,Shawn Cook
504789360932,Overall,F,V3,5,2020-08-03 00:00:00,141.0,  Samuel Barton
966200028089,Overall,M,V1,5,2020-08-03 00:00:00,131.0, Robert Shea
722329841980,Overall,F,V3,5,2020-08-03 00:00:00,140.0, John Hamilton
942032797800,Overall,F,V2,5,2020-08-03 00:00:00,137.0, Russell Mathews
795692074351,Overall,F,V3,5,2020-08-03 00:00:00,139.0,  Nicolas Stone
579524457076,Overall,F,V2,5,2020-08-03 00:00:00,84.0,  Amanda Rasmussen
472480336684,Overall,M,V3,5,2020-08-03 00:00:00,138.0,Heather Reynolds
164777273620,Overall,F,V1,5,2020-08-03 00:00:00,137.0,Hannah Lopez
669015631450,Overall,F,V1,5,2020-08-03 00:00:00,130.0, William Rodriguez
874057911144,Overall,M,V1,5,2020-08-03 00:00:00,138.0,Sean Riddle
551000756428,Overall,F,V3,5,2020-08-03 00:00:00,125.0, Kathy Martinez
572891644036,Overall,M,V1,5,2020-08-03 00:00:00,139.0,Joel Browning
271864361219,Overall,F,V2,5,2020-08-03 00:00:00,132.0,Tracy Henson
948407576549,Overall,M,V1,5,2020-08-03 00:00:00,95.0,  Matthew Greene
477353525196,Overall,F,V3,5,2020-08-03 00:00:00,139.0,John Hill
831818657234,Overall,M,V3,5,2020-08-03 00:00:00,141.0,Scott Fisher
189784524716,Overall,F,V2,5,2020-08-03 00:00:00,85.0,  Claudia Walsh
218494372801,Overall,M,V1,5,2020-08-03 00:00:00,132.0, Patrick Johnson
878298293288,Overall,F,V2,5,2020-08-03 00:00:00,101.0,  Joshua Henderson
660936194051,Overall,F,V3,5,2020-08-03 00:00:00,134.0,Sharon Harris PhD
959316551152,Overall,M,V2,5,2020-08-03 00:00:00,139.0, Vanessa Rivas
146304234099,Overall,M,V1,5,2020-08-03 00:00:00,132.0,Cheryl Martinez
590432206643,Overall,M,V1,5,2020-08-03 00:00:00,129.0,  Sara Spears
108211186515,Overall,M,V2,5,2020-08-03 00:00:00,120.0,Corey Joseph
544678204739,Overall,F,V1,5,2020-08-03 00:00:00,141.0,Brian Jones
712892779058,Overall,M,V1,5,2020-08-03 00:00:00,91.0,  Christopher Gutierrez
391117274128,Overall,M,V3,5,2020-08-03 00:00:00,, Tracy Romero
367271156342,Overall,M,V2,5,2020-08-03 00:00:00,130.0,Matthew Sanchez
134080688821,Overall,M,V3,5,2020-08-03 00:00:00,136.0, Brian Burnett
719143988343,Overall,M,V3,5,2020-08-03 00:00:00,87.0, Samuel Strong
779194837362,Overall,F,V3,5,2020-08-03 00:00:00,91.0,  Rebecca Pruitt MD
553128167130,Overall,F,V3,5,2020-08-03 00:00:00,125.0,Jeffery Weber
576176191685,Overall,M,V2,5,2020-08-03 00:00:00,86.0,  Audrey Martinez
234180731026,Overall,F,V3,5,2020-08-03 00:00:00,124.0, Thomas Gibson
409375661661,Overall,F,V1,5,2020-08-03 00:00:00,140.0,  Lauren Berry
499160513381,Overall,M,V3,5,2020-08-03 00:00:00,135.0,  Megan Barker
890615738935,Overall,F,V1,5,2020-08-03 00:00:00,91.0, Terrance Williams
202866652751,Overall,M,V3,5,2020-08-03 00:00:00,132.0,  Anthony White
851965018721,Overall,F,V3,5,2020-08-03 00:00:00,134.0,  Dylan Johnson
797283413672,Overall,F,V2,5,2020-08-03 00:00:00,145.0, Brandon Harris
658206872114,Overall,M,V3,5,2020-08-03 00:00:00,136.0, Daniel Smith
981864149412,Overall,F,V2,5,2020-08-03 00:00:00,140.0,  Stacy English
261490311366,Overall,M,V2,5,2020-08-03 00:00:00,127.0, Paul Nelson
933943295180,Overall,M,V2,5,2020-08-03 00:00:00,137.0,Justin Calhoun
301000645283,Overall,F,V1,5,2020-08-03 00:00:00,116.0,  Rodney Craig
619975314017,Overall,F,V3,5,2020-08-03 00:00:00,134.0,  Patrick Kim
171170226973,Overall,M,V1,5,2020-08-03 00:00:00,129.0,Brian West
248348676305,Overall,F,V1,5,2020-08-03 00:00:00,143.0, William Henry
984159272939,Overall,M,V2,5,2020-08-03 00:00:00,90.0, Deborah James
734293198892,Overall,F,V2,5,2020-08-03 00:00:00,90.0,Jeffrey Fields
584621426881,Overall,X,V1,5,2020-08-03 00:00:00,136.0,  Jennifer Hammond
143717205423,Overall,M,V2,5,2020-08-03 00:00:00,124.0,  Robert Montgomery
133438794040,Overall,F,V3,5,2020-08-03 00:00:00,128.0,Jasmine Hancock
934927664553,Overall,M,V3,5,2020-08-03 00:00:00,90.0,Christina Roberson
252890340314,Overall,M,V2,5,2020-08-03 00:00:00,128.0,Benjamin Mccormick
687924668267,Overall,F,V1,5,2020-08-03 00:00:00,96.0, Morgan Collins
480377303795,Overall,M,V1,5,2020-08-03 00:00:00,137.0,  David Carney
497919395983,Overall,F,V2,5,2020-08-03 00:00:00,101.0, Matthew Nguyen
255139358288,Overall,M,V3,5,2020-08-03 00:00:00,142.0, Megan Pace
155003885450,Overall,F,V2,5,2020-08-03 00:00:00,129.0,  Joshua Howell
658206872114,Overall,M,V2,5,2020-08-03 00:00:00,134.0, Randy Olson
409375661661,Overall,M,V3,5,2020-08-03 00:00:00,139.0, Kelly Villanueva
803721641980,Overall,F,V3,5,2020-08-03 00:00:00,130.0,  Amy Moore
876651292140,Overall,F,V2,5,2020-08-03 00:00:00,135.0,  Donald Ingram
146796454985,Overall,M,V2,5,2020-08-03 00:00:00,91.0,  Ashley Herrera
637656566555,Overall,M,V1,5,2020-08-03 00:00:00,90.0,Shannon Anderson
336877886920,Overall,F,V1,5,2020-08-03 00:00:00,88.0,Daniel Archer
313985451107,Overall,F,V3,5,2020-08-03 00:00:00,131.0,Andre Pierce
629047028135,Overall,M,V2,5,2020-08-03 00:00:00,132.0,Philip Bullock
879097061377,Overall,F,V1,5,2020-08-03 00:00:00,85.0, Luis Bradley
561983385364,Overall,M,V3,5,2020-08-03 00:00:00,85.0,  David King
496784328858,Overall,F,V1,5,2020-08-03 00:00:00,94.0, Brenda Welch
368456525402,Overall,M,V2,5,2020-08-03 00:00:00,137.0, John Lee
851965018721,Overall,F,V2,5,2020-08-03 00:00:00,137.0,  Tyler Jones
265197912320,Overall,M,V2,5,2020-08-03 00:00:00,131.0, Connor Smith
673567309422,Overall,F,V1,5,2020-08-03 00:00:00,137.0,  Philip Johnson
732754659476,Overall,F,V1,5,2020-08-03 00:00:00,90.0,Angie Hall
572234435620,Overall,M,V1,5,2020-08-03 00:00:00,125.0,John Moody
925216095528,Overall,F,V2,5,2020-08-03 00:00:00,135.0, Gregory Cooper
534260808303,Overall,F,V1,5,2020-08-03 00:00:00,125.0, Sarah Mccormick
886948359858,Overall,F,V2,5,2020-08-03 00:00:00,103.0,  Monica Porter
225794684785,Overall,M,V3,5,2020-08-03 00:00:00,89.0,Angela Torres
850254434111,Overall,M,V1,5,2020-08-03 00:00:00,121.0,Jacqueline Simmons
212021814743,Overall,F,V3,5,2020-08-03 00:00:00,116.0,  Mark Logan
186228824287,Overall,M,V3,5,2020-08-03 00:00:00,139.0, Cynthia Padilla DVM
783003112229,Overall,F,V2,5,2020-08-03 00:00:00,123.0,  Francisco Morales
995575603158,Overall,M,V3,5,2020-08-03 00:00:00,89.0,James Morris
405594287725,Overall,F,V2,5,2020-08-03 00:00:00,140.0, Samantha Washington
721127573552,Overall,F,V2,5,2020-08-03 00:00:00,133.0,  Toni Compton
581980640216,Overall,F,V2,5,2020-08-03 00:00:00,134.0,  Ray Price
255943672742,Overall,F,V2,5,2020-08-03 00:00:00,143.0,  Ryan Norris
874142943157,Overall,F,V1,5,2020-08-03 00:00:00,142.0,  Scott Tucker
108052193041,Overall,M,V2,5,2020-08-03 00:00:00,121.0,Amy Martin
530744759084,Overall,M,V2,5,2020-08-03 00:00:00,140.0,  Matthew Wall
399749838854,Overall,F,V2,5,2020-08-03 00:00:00,98.0,  Andrew Donaldson
522163100473,Overall,F,V2,5,2020-08-03 00:00:00,121.0, Sydney Baxter
929023484506,Overall,F,V1,5,2020-08-03 00:00:00,134.0, Theresa Blake
340899168312,Overall,M,V2,5,2020-08-03 00:00:00,140.0, Kelly Patton
798739681107,Overall,F,V3,5,2020-08-03 00:00:00,93.0,  Julia Anderson
670043211688,Overall,F,V2,5,2020-08-03 00:00:00,128.0, Shawn Hansen
888268556672,Overall,M,V2,5,2020-08-03 00:00:00,96.0, Marcus Hill
520918541303,Overall,M,V1,5,2020-08-03 00:00:00,123.0,  Brenda Johnson
530485180630,Overall,M,V2,5,2020-08-03 00:00:00,127.0,Christie Wise
731855329923,Overall,F,V2,5,2020-08-03 00:00:00,141.0,Justin Morgan
100367813335,Overall,M,V2,5,2020-08-03 00:00:00,123.0,Katelyn Moore
673582172140,Overall,M,V3,5,2020-08-03 00:00:00,128.0,  Stephanie Baird
462517850404,Overall,F,V3,5,2020-08-03 00:00:00,129.0,Richard Robinson
895912801769,Overall,F,V1,5,2020-08-03 00:00:00,87.0,  Joseph Tran
616066046036,Overall,M,V3,5,2020-08-03 00:00:00,130.0,  Lauren Davis
295794216263,Overall,F,V1,5,2020-08-03 00:00:00,143.0,Erin Davis
120312516223,Overall,M,V1,5,2020-08-03 00:00:00,111.0, Julie Ferguson
702446231239,Overall,M,V3,5,2020-08-03 00:00:00,130.0,  Miss Kayla Lawrence DVM
439469528020,Overall,M,V1,5,2020-08-03 00:00:00,138.0, Karen Reed
856182001421,Overall,M,V1,5,2020-08-03 00:00:00,123.0,  Tamara Myers
849947765433,Overall,M,V2,5,2020-08-03 00:00:00,95.0,  Erik Wright
865760675832,Overall,M,V1,5,2020-08-03 00:00:00,89.0, Sherry Huerta
539463530061,Overall,F,V3,5,2020-08-03 00:00:00,130.0,  Travis Rasmussen
438650816973,Overall,M,V1,5,2020-08-03 00:00:00,84.0,Brady Thomas
180755717371,Overall,F,V1,5,2020-08-03 00:00:00,136.0,  Heather Garcia
948378129164,Overall,F,V3,5,2020-08-03 00:00:00,85.0,  Aaron Young
367667056841,Overall,M,V2,5,2020-08-03 00:00:00,146.0,Thomas Bennett
102647790615,Overall,F,V3,5,2020-08-03 00:00:00,133.0,  Tyler Lambert
605243510052,Overall,F,V2,5,2020-08-03 00:00:00,114.0, Justin Zamora
527428552389,Overall,F,V2,5,2020-08-03 00:00:00,82.0,  Samantha Pruitt
990795818291,Overall,M,V2,5,2020-08-03 00:00:00,90.0,  Teresa Ross
707660636956,Overall,M,V1,5,2020-08-03 00:00:00,87.0,Bailey Santiago
530744759084,Overall,M,V2,5,2020-08-03 00:00:00,143.0,Christina Cardenas
336404663903,Overall,F,V2,5,2020-08-03 00:00:00,130.0, Amber Mcconnell
855392112487,Overall,M,V2,5,2020-08-03 00:00:00,141.0,  Marie Delgado
981074076952,Overall,F,V3,5,2020-08-03 00:00:00,143.0,  Robin Munoz
472122775854,Overall,M,V3,5,2020-08-03 00:00:00,138.0,Tyler Grant
937324181876,Overall,F,V2,5,2020-08-03 00:00:00,145.0,  Gabriella Williamson
405594287725,Overall,M,V2,5,2020-08-03 00:00:00,139.0, Brandon Gay
271383274773,Overall,F,V2,5,2020-08-03 00:00:00,, Stacey Wilson
375912764775,Overall,X,V3,5,2020-08-03 00:00:00,88.0,  Kristina Moore
812974260154,Overall,F,V1,5,2020-08-03 00:00:00,133.0,  Gabriel Bridges
343787794306,Overall,F,V2,5,2020-08-03 00:00:00,82.0, Jeffery Cherry
489150739642,Overall,M,V1,5,2020-08-03 00:00:00,143.0, Shawn Mullen
697529076902,Overall,M,V1,5,2020-08-03 00:00:00,87.0, David Wheeler
371862082492,Overall,M,V2,5,2020-08-03 00:00:00,136.0,  Clayton Price
692335872476,Overall,M,V1,5,2020-08-03 00:00:00,83.0, Emily Young
858020558417,Overall,F,V2,5,2020-08-03 00:00:00,138.0,Jeffery Calderon
839058475889,Overall,M,V2,5,2020-08-03 00:00:00,100.0,Kimberly Garza
784274894158,Overall,F,V1,5,2020-08-03 00:00:00,92.0, Thomas Graham
351324798755,Overall,F,V3,5,2020-08-03 00:00:00,145.0, Maxwell Rojas
632662184892,Overall,F,V2,5,2020-08-03 00:00:00,143.0,  William Tran
368456525402,Overall,F,V2,5,2020-08-03 00:00:00,131.0, Todd Bradshaw
253229490020,Overall,M,V2,5,2020-08-03 00:00:00,122.0,  Toni Sherman
106856533557,Overall,F,V3,5,2020-08-03 00:00:00,139.0,  Patrick Ortiz
860427884522,Overall,F,V3,5,2020-08-03 00:00:00,137.0,Fred Johnson
784243118192,Overall,F,V3,5,2020-08-03 00:00:00,137.0, Laura Lewis
617327443335,Overall,M,V3,5,2020-08-03 00:00:00,134.0,Phillip Thomas
847907320716,Overall,M,V1,5,2020-08-03 00:00:00,141.0, Andre Schaefer
805713251002,Overall,M,V1,5,2020-08-03 00:00:00,117.0,  Teresa Bell
960703167679,Overall,F,V3,5,2020-08-03 00:00:00,85.0, Dawn Juarez
607702199557,Overall,M,V3,5,2020-08-03 00:00:00,143.0,  Daniel Scott
537989070306,Overall,F,V3,5,2020-08-03 00:00:00,139.0,Zachary Gallegos
786369841143,Overall,M,V1,5,2020-08-03 00:00:00,85.0, Paul Schultz
961828832930,Overall,M,V1,5,2020-08-03 00:00:00,140.0,Angela Shah
736172396020,Overall,M,V1,5,2020-08-03 00:00:00,132.0,  Bruce Wells
868132579962,Overall,X,V3,5,2020-08-03 00:00:00,92.0,  Rhonda Wong
199720842682,Overall,F,V3,5,2020-08-03 00:00:00,141.0,  Ruben Duffy
167575144900,Overall,F,V2,5,2020-08-03 00:00:00,136.0,  Melissa Riddle
335575523100,Overall,M,V2,5,2020-08-03 00:00:00,125.0,Cindy Larsen
565739783347,Overall,M,V1,5,2020-08-03 00:00:00,90.0,  Dan Hanna
600115540963,Overall,M,V1,5,2020-08-03 00:00:00,123.0,Charles Orozco
451516465645,Overall,M,V3,5,2020-08-03 00:00:00,136.0, Sarah Hudson
959316551152,Overall,F,V1,5,2020-08-03 00:00:00,,Melinda Espinoza
407634208748,Overall,M,V2,5,2020-08-03 00:00:00,135.0,Carl White
452594001543,Overall,F,V3,5,2020-08-03 00:00:00,128.0,  Scott Juarez
521932046808,Overall,M,V3,5,2020-08-03 00:00:00,135.0,Nicholas Coleman
848107187784,Overall,F,V1,5,2020-08-03 00:00:00,88.0, Robert Anderson
646581131379,Overall,F,V3,5,2020-08-03 00:00:00,137.0, Kimberly Green
387868290580,Overall,F,V1,5,2020-08-03 00:00:00,89.0, John Branch
298431551953,Overall,F,V2,5,2020-08-03 00:00:00,140.0,  David Lynch
699940210730,Overall,M,V3,5,2020-08-03 00:00:00,135.0,Michael Mann
666557595207,Overall,F,V1,5,2020-08-03 00:00:00,88.0,Tonya Farmer
722797826066,Overall,F,V1,5,2020-08-03 00:00:00,87.0, Shawn Ferrell
807768824070,Overall,M,V1,5,2020-08-03 00:00:00,144.0,Marc Smith
496087099278,Overall,F,V2,5,2020-08-03 00:00:00,96.0, Jordan Miller
135235090373,Overall,F,V3,5,2020-08-03 00:00:00,128.0,Miranda Brooks
329340419716,Overall,M,V3,5,2020-08-03 00:00:00,135.0, Jimmy Burns
884613410995,Overall,M,V1,5,2020-08-03 00:00:00,141.0,  Frederick Kirby
963795160168,Overall,F,V3,5,2020-08-03 00:00:00,84.0, Lisa Baldwin
145568698673,Overall,M,V3,5,2020-08-03 00:00:00,89.0, Aaron Hutchinson
597232056661,Overall,M,V1,5,2020-08-03 00:00:00,135.0,Eric Kim
415855450118,Overall,F,V2,5,2020-08-03 00:00:00,132.0, Anthony Hines
951468915745,Overall,F,V3,5,2020-08-03 00:00:00,87.0,Taylor Holland
884930424452,Overall,F,V1,5,2020-08-03 00:00:00,136.0,  Danielle Schroeder
867291563610,Overall,F,V2,5,2020-08-03 00:00:00,141.0,Heather Ferguson
321890783323,Overall,F,V2,5,2020-08-03 00:00:00,135.0, Adrian Reed
252890340314,Overall,F,V1,5,2020-08-03 00:00:00,124.0,  Wendy Haas
769319944936,Overall,F,V2,5,2020-08-03 00:00:00,93.0, Sean Smith
868812882944,Overall,M,V3,5,2020-08-03 00:00:00,91.0, Jason Hill
473501559549,Overall,F,V1,5,2020-08-03 00:00:00,142.0,  Cheryl Cline
347624397929,Overall,F,V2,5,2020-08-03 00:00:00,86.0, Frederick Reeves
959316551152,Overall,F,V3,5,2020-08-03 00:00:00,134.0, Cory Jones
682465431528,Overall,F,V1,5,2020-08-03 00:00:00,138.0,Sharon Zamora
851408214617,Overall,F,V2,5,2020-08-03 00:00:00,129.0,Matthew Sharp
284497453218,Overall,M,V3,5,2020-08-03 00:00:00,140.0, Linda Snyder
682725938448,Overall,M,V3,5,2020-08-03 00:00:00,89.0, Jeffrey Garcia
933412534557,Overall,M,V2,5,2020-08-03 00:00:00,133.0,Lisa Myers
340892081911,Overall,F,V1,5,2020-08-03 00:00:00,131.0, Noah Rodriguez
123988146217,Overall,F,V1,5,2020-08-03 00:00:00,139.0,  Matthew Williams MD
758832097838,Overall,M,V3,5,2020-08-03 00:00:00,89.0,  Donald Love
146216477983,Overall,M,V1,5,2020-08-03 00:00:00,143.0,  Steven Hudson
390433312053,Overall,X,V1,5,2020-08-03 00:00:00,117.0,  Chelsea Smith
857926647631,Overall,F,V3,5,2020-08-03 00:00:00,89.0,  Jenna Gomez
564535680938,Overall,M,V3,5,2020-08-03 00:00:00,83.0,Diane Wheeler
604859581178,Overall,M,V3,5,2020-08-03 00:00:00,85.0,Brenda King
167575144900,Overall,F,V2,5,2020-08-03 00:00:00,136.0,  Brandon Gallegos
751039642671,Overall,F,V2,5,2020-08-03 00:00:00,137.0, Deborah Livingston
970614522597,Overall,M,V1,5,2020-08-03 00:00:00,139.0,Christopher Reed
509447146819,Overall,M,V2,5,2020-08-03 00:00:00,144.0,  Brandon Murray
424262348117,Overall,M,V2,5,2020-08-03 00:00:00,129.0,Allison Jones
169584502911,Overall,F,V2,5,2020-08-03 00:00:00,,  Ryan Jacobs
792074587114,Overall,F,V2,5,2020-08-03 00:00:00,139.0,Bryce Lowery
757620194397,Overall,F,V1,5,2020-08-03 00:00:00,84.0,  William Black
866216012696,Overall,M,V3,5,2020-08-03 00:00:00,140.0,Dale Rivera
813177934349,Overall,M,V1,5,2020-08-03 00:00:00,140.0,  Angela Morris
641816967681,Overall,F,V2,5,2020-08-03 00:00:00,86.0,Kaitlyn Romero
261777238579,Overall,F,V3,5,2020-08-03 00:00:00,90.0,  Cassie Garrett
299004417023,Overall,M,V1,5,2020-08-03 00:00:00,125.0,  Lisa Knight MD
908608550893,Overall,M,V2,5,2020-08-03 00:00:00,87.0, Stephen Dyer
289045207288,Overall,X,V2,5,2020-08-03 00:00:00,140.0, Nancy Harris
215685532703,Overall,F,V1,5,2020-08-03 00:00:00,134.0,  Christopher Lyons
666244609407,Overall,F,V2,5,2020-08-03 00:00:00,140.0,Joshua Sanchez PhD
699238295579,Overall,M,V1,5,2020-08-03 00:00:00,98.0,  James Hahn
563192586745,Overall,M,V1,5,2020-08-03 00:00:00,87.0, Kelly Moore
672139263733,Overall,F,V1,5,2020-08-03 00:00:00,136.0, Kenneth Warren
270905683007,Overall,M,V2,5,2020-08-03 00:00:00,134.0,  Brittany Walker
847907320716,Overall,F,V3,5,2020-08-03 00:00:00,136.0,Brian Huang
133779032408,Overall,M,V2,5,2020-08-03 00:00:00,130.0, Nicholas Ballard
761640667044,Overall,F,V1,5,2020-08-03 00:00:00,138.0, Theresa Miller
335304350113,Overall,M,V1,5,2020-08-03 00:00:00,116.0,  Jason Johns
543718766981,Overall,F,V2,5,2020-08-03 00:00:00,89.0,  Jeffery Allen
407420515346,Overall,M,V3,5,2020-08-03 00:00:00,122.0,Nancy Cortez
826353985358,Overall,F,V1,5,2020-08-03 00:00:00,86.0,Mr. Reginald Andrade
660936194051,Overall,F,V1,5,2020-08-03 00:00:00,133.0, Nancy Mcmahon
937396862765,Overall,M,V1,5,2020-08-03 00:00:00,98.0,Matthew Ward
633002667758,Overall,F,V3,5,2020-08-03 00:00:00,137.0,  Ryan Medina
257817821721,Overall,F,V3,5,2020-08-03 00:00:00,136.0,Mr. Daniel Gregory
662642068410,Overall,M,V2,5,2020-08-03 00:00:00,128.0,Natalie Perez
