Student ID,test name,gender,version,level,test date,Standardised Score,Email
077155129292,Science,F,V2,5,2013-04-26,135.0,greenesonia@example.org
012849715621,Science,M,V1,5,2013-04-26,137.0,blutz@example.net
035741056728,Science,F,V2,5,2013-04-26,138.0,anagarcia@example.net
038572272217,Science,F,V1,5,2013-04-26,129.0,kevin33@example.net
053387285163,Science,M,V1,5,2013-04-26,141.0,ckidd@example.com
078079215486,Science,F,V3,5,2013-04-26,147.0,sydney51@example.org
047761469501,Science,F,V3,5,2013-04-26,140.0,jamesblack@example.org
078427489415,Science,M,V2,5,2013-04-26,91.0,michelemeyer@example.com
032192247530,Science,M,V3,5,2013-04-26,131.0,rebecca35@example.com
098086705999,Science,F,V3,5,2013-04-26,95.0,lboyd@example.org
022828902778,Science,F,V2,5,2013-04-26,94.0,caldwellvicki@example.com
020259757243,Science,M,V2,5,2013-04-26,135.0,pricecatherine@example.org
056986882351,Science,F,V2,5,2013-04-26,96.0,douglassherry@example.org
093214808732,Science,F,V2,5,2013-04-26,131.0,garrett53@example.net
085564060041,Science,F,V1,5,2013-04-26,128.0,weberpamela@example.org
092902348450,Science,F,V1,5,2013-04-26,139.0,oanderson@example.net
094329558132,Science,M,V3,5,2013-04-26,144.0,hannahdickerson@example.net
096327780944,Science,M,V1,5,2013-04-26,83.0,fchang@example.net
082026200820,Science,M,V3,5,2013-04-26,128.0,ypadilla@example.org
056649577144,Science,M,V3,5,2013-04-26,90.0,thompsonomar@example.com
087660993381,Science,M,V2,5,2013-04-26,83.0,poperyan@example.net
044570626510,Science,M,V2,5,2013-04-26,130.0,kyoder@example.com
030078865729,Science,M,V1,5,2013-04-26,87.0,dana40@example.org
068792466826,Science,M,V1,5,2013-04-26,93.0,michael95@example.org
052765036695,Science,F,V1,5,2013-04-26,141.0,brandonadkins@example.net
067028275820,Science,M,V1,5,2013-04-26,137.0,michael55@example.net
082097416069,Science,F,V3,5,2013-04-26,92.0,donnagreen@example.net
083262354237,Science,F,V3,5,2013-04-26,134.0,mroman@example.net
019622875544,Science,F,V1,5,2013-04-26,135.0,anamorris@example.net
031285415746,Science,F,V1,5,2013-04-26,138.0,emilyfreeman@example.org
091234002751,Science,M,V3,5,2013-04-26,127.0,cgarcia@example.com
031408011861,Science,M,V2,5,2013-04-26,125.0,jamesnelson@example.org
083667831515,Science,M,V2,5,2013-04-26,147.0,rowlandapril@example.com
099371426400,Science,M,V1,5,2013-04-26,140.0,erinrogers@example.org
085802055841,Science,F,V3,5,2013-04-26,129.0,holmesjames@example.com
066264206841,Science,F,V3,5,2013-04-26,123.0,hmatthews@example.org
059160843368,Science,M,V1,5,2013-04-26,84.0,kjuarez@example.org
021314001404,Science,M,V3,5,2013-04-26,99.0,daycynthia@example.org
067091218923,Science,F,V3,5,2013-04-26,133.0,joseph87@example.com
070417131437,Science,F,V1,5,2013-04-26,130.0,alvaradoethan@example.org
066408366952,Science,M,V3,5,2013-04-26,140.0,thomas35@example.net
016235099036,Science,M,V1,5,2013-04-26,128.0,mackstephen@example.org
048143527078,Science,M,V2,5,2013-04-26,142.0,lopezlaurie@example.org
061566582718,Science,F,V2,5,2013-04-26,139.0,sylviaryan@example.org
049391605830,Science,M,V3,5,2013-04-26,134.0,qchang@example.com
033415071513,Science,F,V2,5,2013-04-26,110.0,patricia99@example.org
029854278650,Science,M,V2,5,2013-04-26,89.0,hgarcia@example.com
018534419121,Science,M,V3,5,2013-04-26,132.0,owensrichard@example.net
013653727125,Science,F,V1,5,2013-04-26,124.0,debbie08@example.com
040742168231,Science,M,V1,5,2013-04-26,,yhenderson@example.net
035175235439,Science,M,V1,5,2013-04-26,141.0,moorejohn@example.com
081534051243,Science,M,V1,5,2013-04-26,126.0,megandougherty@example.net
089241514518,Science,M,V3,5,2013-04-26,139.0,amanda58@example.net
038108142177,Science,M,V3,5,2013-04-26,129.0,allisonlowe@example.net
096802241687,Science,M,V3,5,2013-04-26,140.0,justinorr@example.net
051729017873,Science,F,V1,5,2013-04-26,127.0,ashleylynn@example.org
086881288294,Science,F,V1,5,2013-04-26,95.0,clam@example.com
081322748761,Science,M,V1,5,2013-04-26,138.0,shelleybenjamin@example.org
032111861968,Science,F,V2,5,2013-04-26,140.0,tlewis@example.com
017538600923,Science,F,V1,5,2013-04-26,133.0,ashley44@example.org
028447873200,Science,F,V2,5,2013-04-26,140.0,tfields@example.com
028794587821,Science,F,V1,5,2013-04-26,80.0,sergio79@example.org
053800749093,Science,F,V1,5,2013-04-26,135.0,kenneththomas@example.org
020018407535,Science,F,V1,5,2013-04-26,124.0,daniel04@example.org
062337725180,Science,M,V2,5,2013-04-26,132.0,elizabethowens@example.net
013523509037,Science,M,V2,5,2013-04-26,125.0,stephenrodriguez@example.com
073185532992,Science,F,V3,5,2013-04-26,141.0,marc08@example.org
053753023111,Science,F,V2,5,2013-04-26,120.0,bentonjoe@example.org
013886527095,Science,M,V2,5,2013-04-26,140.0,madisonpeterson@example.com
079940147961,Science,F,V3,5,2013-04-26,82.0,victoriasmith@example.org
010037664645,Science,F,V1,5,2013-04-26,125.0,garzamatthew@example.net
080084043027,Science,M,V3,5,2013-04-26,116.0,nicholas23@example.net
022223922088,Science,F,V2,5,2013-04-26,127.0,garydonovan@example.com
013384769136,Science,M,V2,5,2013-04-26,134.0,batesthomas@example.org
014510021091,Science,F,V1,5,2013-04-26,112.0,pblackwell@example.com
079754791231,Science,F,V3,5,2013-04-26,83.0,imaxwell@example.com
083292622565,Science,M,V1,5,2013-04-26,139.0,charles75@example.com
047176156924,Science,F,V1,5,2013-04-26,136.0,kellyyu@example.net
010773994450,Science,F,V1,5,2013-04-26,144.0,eingram@example.org
031345022691,Science,M,V3,5,2013-04-26,119.0,jose01@example.net
046183184411,Science,M,V3,5,2013-04-26,129.0,denise25@example.net
036388376414,Science,M,V3,5,2013-04-26,139.0,knoxnancy@example.com
040476194190,Science,F,V1,5,2013-04-26,139.0,hoadam@example.com
087931882851,Science,F,V1,5,2013-04-26,91.0,clarkmary@example.com
075843297688,Science,M,V1,5,2013-04-26,94.0,troberts@example.net
064336809535,Science,F,V3,5,2013-04-26,131.0,uhenry@example.com
095322672154,Science,F,V3,5,2013-04-26,134.0,brewerjoseph@example.net
037689196074,Science,F,V1,5,2013-04-26,88.0,gregorywright@example.com
037586378306,Science,X,V1,5,2013-04-26,139.0,hdean@example.net
016847445171,Science,M,V3,5,2013-04-26,139.0,juan19@example.org
058733802617,Science,F,V3,5,2013-04-26,143.0,vhudson@example.net
036283564625,Science,F,V2,5,2013-04-26,136.0,isampson@example.org
017625924037,Science,F,V3,5,2013-04-26,133.0,charles33@example.net
062060456687,Science,M,V1,5,2013-04-26,135.0,schultzmallory@example.net
056703451903,Science,M,V2,5,2013-04-26,125.0,sharon58@example.net
036893606120,Science,F,V1,5,2013-04-26,137.0,bscott@example.com
090780680693,Science,M,V1,5,2013-04-26,147.0,xlane@example.com
027186436121,Science,M,V3,5,2013-04-26,127.0,yrobinson@example.com
026886095878,Science,M,V3,5,2013-04-26,92.0,cjennings@example.net
090416951093,Science,M,V3,5,2013-04-26,134.0,nicholas69@example.org
035402837925,Science,F,V2,5,2013-04-26,135.0,escobaranna@example.net
097315647456,Science,M,V3,5,2013-04-26,87.0,dklein@example.org
010100288664,Science,F,V1,5,2013-04-26,125.0,michael86@example.org
098361500188,Science,M,V3,5,2013-04-26,138.0,oweeks@example.org
045468984460,Science,M,V1,5,2013-04-26,92.0,vanessa21@example.com
066264206841,Science,F,V1,5,2013-04-26,136.0,carlos43@example.net
055859508339,Science,M,V3,5,2013-04-26,96.0,melissa56@example.org
055070441930,Science,F,V2,5,2013-04-26,125.0,gblack@example.org
043463359496,Science,M,V2,5,2013-04-26,141.0,xjohnson@example.org
016854439161,Science,M,V1,5,2013-04-26,133.0,penningtonmichael@example.net
092285510726,Science,F,V3,5,2013-04-26,132.0,jbecker@example.net
038639893931,Science,F,V2,5,2013-04-26,82.0,reneemccoy@example.com
075895093204,Science,F,V1,5,2013-04-26,147.0,fullerjennifer@example.net
093853872713,Science,F,V2,5,2013-04-26,148.0,urivera@example.com
081317793434,Science,F,V1,5,2013-04-26,146.0,matthew66@example.com
020624007895,Science,F,V3,5,2013-04-26,134.0,amber19@example.org
078508453678,Science,M,V2,5,2013-04-26,93.0,zmyers@example.com
056993245051,Science,F,V1,5,2013-04-26,138.0,gary42@example.org
014621647798,Science,M,V1,5,2013-04-26,139.0,sarah16@example.com
029002602735,Science,M,V1,5,2013-04-26,121.0,davidmurphy@example.com
030079655287,Science,F,V3,5,2013-04-26,142.0,juliawilson@example.com
091187425799,Science,F,V1,5,2013-04-26,91.0,tjuarez@example.net
085802055841,Science,M,V1,5,2013-04-26,132.0,xhansen@example.org
080571325100,Science,M,V2,5,2013-04-26,123.0,manuel67@example.net
067467489749,Science,M,V3,5,2013-04-26,93.0,harrisonstephanie@example.com
039043331205,Science,M,V1,5,2013-04-26,112.0,colewayne@example.net
034401240493,Science,M,V2,5,2013-04-26,120.0,evansheidi@example.net
061509612705,Science,M,V1,5,2013-04-26,125.0,tracey14@example.net
017151621448,Science,F,V2,5,2013-04-26,126.0,ystevens@example.com
039060039964,Science,F,V2,5,2013-04-26,134.0,robert92@example.net
093175755267,Science,F,V1,5,2013-04-26,146.0,colemanchristy@example.com
083667831515,Science,M,V2,5,2013-04-26,141.0,owarren@example.net
089265222535,Science,F,V3,5,2013-04-26,130.0,tricia07@example.org
076788422799,Science,M,V1,5,2013-04-26,95.0,morankimberly@example.org
027833431983,Science,M,V3,5,2013-04-26,134.0,karenjackson@example.net
048364947548,Science,F,V1,5,2013-04-26,91.0,keith78@example.org
097396627260,Science,M,V3,5,2013-04-26,,jacobrandall@example.com
044523818481,Science,F,V3,5,2013-04-26,134.0,sabrinaneal@example.net
086517381950,Science,F,V2,5,2013-04-26,143.0,ashleybarrera@example.net
090839588470,Science,M,V1,5,2013-04-26,102.0,reyesmartin@example.org
011596239577,Science,M,V1,5,2013-04-26,139.0,sancheztiffany@example.net
030324513138,Science,F,V1,5,2013-04-26,123.0,qparrish@example.net
056470521223,Science,F,V1,5,2013-04-26,129.0,seanterry@example.org
073421731059,Science,F,V1,5,2013-04-26,132.0,johnsonchristopher@example.net
083265222484,Science,F,V1,5,2013-04-26,130.0,georgegriffin@example.com
065978259111,Science,M,V3,5,2013-04-26,91.0,aaron77@example.org
024975650912,Science,F,V3,5,2013-04-26,139.0,amandaherring@example.net
011782751215,Science,F,V1,5,2013-04-26,129.0,amandareed@example.net
077600682897,Science,M,V2,5,2013-04-26,92.0,elizabethbarnes@example.com
081297426015,Science,F,V1,5,2013-04-26,,john01@example.org
035869060438,Science,M,V1,5,2013-04-26,149.0,keith39@example.org
028192751593,Science,M,V2,5,2013-04-26,139.0,websterbenjamin@example.com
071936767077,Science,M,V1,5,2013-04-26,94.0,tsullivan@example.org
030807245060,Science,F,V2,5,2013-04-26,125.0,wendy93@example.net
087933104536,Science,F,V2,5,2013-04-26,132.0,arodriguez@example.com
099557560315,Science,M,V1,5,2013-04-26,87.0,bsanchez@example.org
037833284775,Science,M,V2,5,2013-04-26,135.0,sandersgina@example.com
088465711287,Science,F,V1,5,2013-04-26,90.0,samuelbridges@example.org
044121128362,Science,M,V3,5,2013-04-26,120.0,nelsonlance@example.org
045984176979,Science,F,V1,5,2013-04-26,87.0,joshuacarr@example.org
039869086818,Science,F,V1,5,2013-04-26,87.0,matthewfernandez@example.org
069734680142,Science,M,V3,5,2013-04-26,130.0,sawyerkara@example.net
076327486544,Science,M,V1,5,2013-04-26,139.0,joe71@example.net
013343879404,Science,M,V1,5,2013-04-26,132.0,johnathan90@example.net
099551011671,Science,M,V3,5,2013-04-26,140.0,lduncan@example.org
048364947548,Science,F,V1,5,2013-04-26,87.0,lcummings@example.net
078938066679,Science,M,V2,5,2013-04-26,99.0,alexisjohnson@example.net
093168211023,Science,M,V3,5,2013-04-26,132.0,martinking@example.org
021884031456,Science,F,V2,5,2013-04-26,136.0,millerdanielle@example.org
074350230900,Science,X,V3,5,2013-04-26,126.0,coryhunt@example.com
037591276477,Science,M,V3,5,2013-04-26,82.0,gomezsamuel@example.org
083940202355,Science,F,V3,5,2013-04-26,130.0,christopherrodriguez@example.org
046826212090,Science,X,V1,5,2013-04-26,126.0,barberalexander@example.org
016339307257,Science,F,V2,5,2013-04-26,139.0,htaylor@example.net
042114800800,Science,F,V1,5,2013-04-26,113.0,sharperica@example.com
081256322365,Science,F,V2,5,2013-04-26,127.0,nicole55@example.com
041117211737,Science,M,V3,5,2013-04-26,129.0,hilljennifer@example.net
019891902523,Science,F,V2,5,2013-04-26,145.0,michaelmedina@example.org
040280726267,Science,F,V1,5,2013-04-26,136.0,mlawson@example.com
062787526613,Science,M,V3,5,2013-04-26,139.0,natalie31@example.org
033687788692,Science,F,V3,5,2013-04-26,94.0,ianwilliams@example.com
013351550493,Science,M,V3,5,2013-04-26,127.0,jessica86@example.net
043127440572,Science,M,V2,5,2013-04-26,135.0,caseyabigail@example.net
012470311595,Science,F,V1,5,2013-04-26,133.0,johnsonsarah@example.net
066341192950,Science,F,V2,5,2013-04-26,124.0,tammy72@example.com
073800119046,Science,F,V3,5,2013-04-26,124.0,justinchandler@example.net
047031686673,Science,M,V3,5,2013-04-26,140.0,michaelharding@example.net
022394288076,Science,M,V3,5,2013-04-26,131.0,adamsjoel@example.com
012729432336,Science,M,V2,5,2013-04-26,131.0,larrysmith@example.net
051699807665,Science,F,V1,5,2013-04-26,89.0,rwhite@example.com
019361343805,Science,M,V3,5,2013-04-26,130.0,rodriguezmonica@example.org
090956140218,Science,M,V2,5,2013-04-26,135.0,wheelerzachary@example.org
031355962659,Science,F,V2,5,2013-04-26,134.0,huynhmarcus@example.org
081578537551,Science,M,V3,5,2013-04-26,140.0,jose95@example.net
033640466390,Science,F,V3,5,2013-04-26,131.0,stacy74@example.com
081962892530,Science,F,V2,5,2013-04-26,132.0,greenstephanie@example.com
027933361128,Science,F,V2,5,2013-04-26,138.0,kellydavid@example.net
042578944348,Science,F,V2,5,2013-04-26,141.0,qwebster@example.org
026054837321,Science,M,V2,5,2013-04-26,124.0,dshannon@example.com
096379516016,Science,M,V2,5,2013-04-26,85.0,taylormurphy@example.org
079076371843,Science,M,V3,5,2013-04-26,81.0,bobby73@example.com
080627786101,Science,M,V2,5,2013-04-26,144.0,brandon31@example.com
098761836701,Science,M,V3,5,2013-04-26,139.0,frank31@example.net
078438976466,Science,M,V3,5,2013-04-26,88.0,jessica53@example.com
081683150128,Science,F,V2,5,2013-04-26,141.0,shari58@example.com
076721550798,Science,M,V1,5,2013-04-26,78.0,kconrad@example.org
066561816923,Science,M,V2,5,2013-04-26,89.0,qmcgee@example.org
083131439572,Science,F,V3,5,2013-04-26,125.0,richard56@example.net
053067143250,Science,F,V1,5,2013-04-26,127.0,umalone@example.net
087779155844,Science,M,V2,5,2013-04-26,84.0,fryeryan@example.net
020177802155,Science,F,V2,5,2013-04-26,127.0,ckramer@example.net
071207026277,Science,M,V3,5,2013-04-26,132.0,nbarber@example.net
021041721857,Science,F,V3,5,2013-04-26,126.0,zmoody@example.net
048106670858,Science,F,V3,5,2013-04-26,85.0,shanestone@example.net
029970600082,Science,F,V3,5,2013-04-26,127.0,floyddavid@example.net
016229300396,Science,F,V3,5,2013-04-26,132.0,michael09@example.net
086247219014,Science,M,V2,5,2013-04-26,129.0,kellymeyer@example.net
084437199794,Science,F,V2,5,2013-04-26,97.0,joan00@example.org
024753135906,Science,F,V3,5,2013-04-26,141.0,lanespencer@example.com
082889964992,Science,F,V1,5,2013-04-26,108.0,ryanhuff@example.net
045617047065,Science,F,V2,5,2013-04-26,133.0,bsandoval@example.org
019689225324,Science,F,V2,5,2013-04-26,140.0,wmartinez@example.com
045835307448,Science,F,V3,5,2013-04-26,136.0,espinozadouglas@example.org
094714897622,Science,M,V1,5,2013-04-26,88.0,joshua71@example.com
072112757355,Science,F,V3,5,2013-04-26,133.0,jessicarichardson@example.org
051699807665,Science,M,V1,5,2013-04-26,85.0,joan05@example.org
019622875544,Science,M,V1,5,2013-04-26,137.0,ihopkins@example.com
055112646906,Science,M,V2,5,2013-04-26,132.0,christina22@example.org
096682614941,Science,M,V1,5,2013-04-26,144.0,robert99@example.com
066519642619,Science,F,V1,5,2013-04-26,88.0,kristenballard@example.org
012031251622,Science,F,V3,5,2013-04-26,113.0,cassandrasantos@example.com
059274824374,Science,M,V2,5,2013-04-26,79.0,roberthernandez@example.com
074424371593,Science,F,V1,5,2013-04-26,142.0,qkennedy@example.org
068695276590,Science,M,V3,5,2013-04-26,90.0,brandon95@example.com
019965612242,Science,M,V2,5,2013-04-26,131.0,robinsondustin@example.com
054947881282,Science,M,V3,5,2013-04-26,84.0,scott84@example.net
072348668798,Science,M,V1,5,2013-04-26,97.0,erinpalmer@example.org
075026889532,Science,F,V1,5,2013-04-26,85.0,taylorwendy@example.com
073600888804,Science,F,V3,5,2013-04-26,80.0,tammybarron@example.com
079361112847,Science,F,V3,5,2013-04-26,135.0,lindsey99@example.net
063300266775,Science,F,V3,5,2013-04-26,140.0,nicole80@example.net
030750725447,Science,F,V2,5,2013-04-26,135.0,joseph08@example.net
048250143982,Science,F,V1,5,2013-04-26,130.0,omar41@example.net
085618200142,Science,M,V1,5,2013-04-26,120.0,derrickdunlap@example.com
049417698852,Science,M,V2,5,2013-04-26,94.0,dennisdean@example.com
073566484059,Science,M,V3,5,2013-04-26,142.0,irogers@example.org
092916339380,Science,F,V1,5,2013-04-26,145.0,anita80@example.org
052079484153,Science,F,V3,5,2013-04-26,132.0,anna90@example.org
022801562450,Science,M,V1,5,2013-04-26,123.0,vicki22@example.com
060129725542,Science,M,V2,5,2013-04-26,138.0,ocarney@example.com
075895093204,Science,F,V2,5,2013-04-26,148.0,julie38@example.com
092161672958,Science,F,V3,5,2013-04-26,141.0,lisa33@example.com
096206446650,Science,F,V1,5,2013-04-26,126.0,nathan10@example.org
073599034076,Science,F,V3,5,2013-04-26,140.0,ikidd@example.org
081141020325,Science,F,V1,5,2013-04-26,114.0,markslaura@example.com
054314828076,Science,F,V1,5,2013-04-26,136.0,alexanderjohnson@example.org
064972809684,Science,M,V1,5,2013-04-26,103.0,njenkins@example.com
075345480527,Science,M,V2,5,2013-04-26,132.0,adrienne50@example.com
064154487965,Science,F,V1,5,2013-04-26,83.0,robinmcknight@example.com
097887585527,Science,F,V2,5,2013-04-26,92.0,maysjohn@example.net
060524351005,Science,F,V2,5,2013-04-26,115.0,travis86@example.net
050856780063,Science,M,V2,5,2013-04-26,136.0,walterchristopher@example.org
074284964930,Science,M,V1,5,2013-04-26,80.0,thomastravis@example.org
089255133873,Science,F,V2,5,2013-04-26,140.0,gmccormick@example.com
026149031136,Science,F,V2,5,2013-04-26,129.0,jordanrose@example.org
034159393581,Science,F,V1,5,2013-04-26,143.0,lisa24@example.com
060698306287,Science,F,V2,5,2013-04-26,93.0,udavis@example.com
033485208102,Science,M,V3,5,2013-04-26,124.0,cole94@example.com
096327780944,Science,M,V2,5,2013-04-26,83.0,burnettmaria@example.org
020624007895,Science,M,V3,5,2013-04-26,125.0,walterslaura@example.org
025852436488,Science,M,V3,5,2013-04-26,83.0,smithcrystal@example.net
077007055186,Science,F,V3,5,2013-04-26,128.0,matthew58@example.org
090890524069,Science,X,V2,5,2013-04-26,144.0,gramos@example.com
017956349503,Science,M,V3,5,2013-04-26,83.0,flemingjason@example.com
039806804244,Science,F,V1,5,2013-04-26,129.0,palmertony@example.org
097261748092,Science,F,V1,5,2013-04-26,81.0,justin79@example.org
071840246818,Science,M,V3,5,2013-04-26,131.0,mackenziegarner@example.org
021017464956,Science,M,V1,5,2013-04-26,123.0,gavinmoyer@example.net
039595675716,Science,F,V3,5,2013-04-26,87.0,ashleycollier@example.net
050736868568,Science,M,V3,5,2013-04-26,94.0,xvazquez@example.com
054765427875,Science,F,V1,5,2013-04-26,96.0,floydrobert@example.com
096626638962,Science,F,V1,5,2013-04-26,93.0,justindavis@example.net
088164090914,Science,M,V1,5,2013-04-26,136.0,jeremymartinez@example.org
021088403915,Science,F,V2,5,2013-04-26,130.0,josephmonroe@example.net
089095082722,Science,M,V2,5,2013-04-26,139.0,jonathanhenry@example.com
056648997115,Science,M,V3,5,2013-04-26,88.0,jeremy64@example.com
092682015479,Science,M,V1,5,2013-04-26,139.0,bjones@example.net
055513760012,Science,M,V1,5,2013-04-26,124.0,bryanjames@example.com
086946637181,Science,M,V1,5,2013-04-26,79.0,angela90@example.net
048412466222,Science,M,V3,5,2013-04-26,130.0,cruzlauren@example.org
022836802124,Science,M,V1,5,2013-04-26,129.0,madisonwoods@example.org
080571325100,Science,F,V1,5,2013-04-26,111.0,amywilliams@example.com
050617277692,Science,F,V1,5,2013-04-26,90.0,rodrigueznicole@example.com
052074560969,Science,M,V1,5,2013-04-26,91.0,dawsontroy@example.net
046481887062,Science,F,V2,5,2013-04-26,145.0,michaeljones@example.org
099934182027,Science,M,V2,5,2013-04-26,143.0,joshuaclayton@example.net
089678337280,Science,M,V3,5,2013-04-26,91.0,olivia32@example.net
033485208102,Science,F,V3,5,2013-04-26,129.0,david69@example.org
053426080830,Science,X,V3,5,2013-04-26,130.0,christopher44@example.net
088893192088,Science,M,V1,5,2013-04-26,94.0,dylan06@example.com
021553729374,Science,M,V1,5,2013-04-26,132.0,gsmith@example.com
039886248031,Science,F,V3,5,2013-04-26,140.0,sherribrown@example.com
016712819211,Science,M,V2,5,2013-04-26,125.0,ushaw@example.org
014392903443,Science,F,V2,5,2013-04-26,132.0,margaretallen@example.org
086540685038,Science,M,V1,5,2013-04-26,142.0,vgibson@example.com
045420984779,Science,M,V3,5,2013-04-26,81.0,jrush@example.org
025077520725,Science,F,V2,5,2013-04-26,141.0,jane78@example.org
012470311595,Science,M,V3,5,2013-04-26,129.0,cpalmer@example.net
077155129292,Science,M,V1,5,2013-04-26,131.0,robert92@example.com
036501335379,Science,M,V2,5,2013-04-26,134.0,nicholas94@example.net
022202379570,Science,F,V3,5,2013-04-26,128.0,smithbrian@example.net
087951102552,Science,F,V3,5,2013-04-26,132.0,burnettlaurie@example.org
021314001404,Science,F,V1,5,2013-04-26,105.0,karenthomas@example.com
069659653494,Science,M,V2,5,2013-04-26,91.0,bradley95@example.net
090840721495,Science,M,V2,5,2013-04-26,139.0,danielsimpson@example.net
042505773435,Science,M,V3,5,2013-04-26,136.0,timothy04@example.com
060162067382,Science,M,V1,5,2013-04-26,126.0,johnoliver@example.org
041912159832,Science,M,V3,5,2013-04-26,128.0,hallphillip@example.net
084559855016,Science,M,V3,5,2013-04-26,146.0,cruzshannon@example.org
096604298468,Science,F,V1,5,2013-04-26,92.0,huntermorgan@example.org
097873980089,Science,F,V3,5,2013-04-26,95.0,jose48@example.com
047403561708,Science,M,V2,5,2013-04-26,136.0,jenniferjoseph@example.org
097551976576,Science,M,V2,5,2013-04-26,98.0,khampton@example.com
089095082722,Science,M,V2,5,2013-04-26,146.0,davidallen@example.org
061732744333,Science,F,V3,5,2013-04-26,125.0,lstein@example.org
032383903140,Science,M,V1,5,2013-04-26,,boonedouglas@example.org
096682614941,Science,M,V2,5,2013-04-26,146.0,zmorgan@example.com
071302708781,Science,F,V2,5,2013-04-26,127.0,jennifer70@example.org
099087302897,Science,F,V2,5,2013-04-26,90.0,monicahowell@example.net
031530560453,Science,M,V1,5,2013-04-26,124.0,melissajones@example.org
086576067583,Science,M,V1,5,2013-04-26,89.0,alisha31@example.org
032567746725,Science,F,V2,5,2013-04-26,81.0,jaredgonzalez@example.org
010036781333,Science,F,V1,5,2013-04-26,119.0,justinlong@example.com
029579421626,Science,F,V1,5,2013-04-26,141.0,collierjames@example.org
013244731197,Science,M,V3,5,2013-04-26,134.0,montgomerymegan@example.com
019099182888,Science,F,V2,5,2013-04-26,100.0,shawn33@example.com
060592067157,Science,M,V3,5,2013-04-26,128.0,brendagilbert@example.net
039366891020,Science,F,V1,5,2013-04-26,142.0,annarodriguez@example.com
058585323447,Science,M,V3,5,2013-04-26,144.0,eddieduke@example.org
083493367836,Science,M,V2,5,2013-04-26,80.0,george85@example.com
066424795327,Science,M,V1,5,2013-04-26,,brittany49@example.net
087029434653,Science,M,V1,5,2013-04-26,80.0,michelle08@example.org
097855833609,Science,F,V3,5,2013-04-26,,sarajones@example.org
071055943231,Science,F,V3,5,2013-04-26,132.0,martha07@example.net
038406904648,Science,M,V1,5,2013-04-26,84.0,imorgan@example.org
014697343753,Science,M,V3,5,2013-04-26,136.0,david50@example.org
027261878570,Science,F,V1,5,2013-04-26,86.0,rhonda69@example.com
036765516638,Science,M,V2,5,2013-04-26,86.0,katherineshaw@example.org
051549105680,Science,M,V3,5,2013-04-26,138.0,angela61@example.com
064972809684,Science,F,V2,5,2013-04-26,99.0,ubrooks@example.org
020701785546,Science,M,V1,5,2013-04-26,130.0,ecollins@example.org
069579393531,Science,F,V2,5,2013-04-26,87.0,gregorywatson@example.net
020262824171,Science,F,V2,5,2013-04-26,120.0,rebeccaknapp@example.org
066519642619,Science,F,V3,5,2013-04-26,84.0,ellisjonathan@example.com
064286568369,Science,F,V3,5,2013-04-26,85.0,woodgeorge@example.org
024902524720,Science,F,V2,5,2013-04-26,,paul50@example.com
080372164198,Science,M,V1,5,2013-04-26,127.0,matthewford@example.com
041704397332,Science,M,V3,5,2013-04-26,131.0,dawnsparks@example.net
025594367274,Science,M,V3,5,2013-04-26,139.0,astewart@example.com
013942479220,Science,M,V2,5,2013-04-26,128.0,zsutton@example.net
099738183782,Science,M,V3,5,2013-04-26,93.0,gwatson@example.org
069130396003,Science,F,V3,5,2013-04-26,124.0,rfoster@example.org
020218381963,Science,F,V1,5,2013-04-26,133.0,ktaylor@example.org
049852780761,Science,M,V2,5,2013-04-26,85.0,mmendoza@example.net
035357147695,Science,F,V3,5,2013-04-26,81.0,wscott@example.com
026294102455,Science,F,V2,5,2013-04-26,123.0,garciakristie@example.net
050660936515,Science,F,V1,5,2013-04-26,131.0,kelly36@example.org
063601020215,Science,M,V1,5,2013-04-26,103.0,shawcrystal@example.net
070525068717,Science,F,V3,5,2013-04-26,131.0,jacqueline77@example.org
084599249922,Science,M,V3,5,2013-04-26,97.0,andersonbrian@example.org
070895619831,Science,M,V2,5,2013-04-26,83.0,rachelcampbell@example.com
080274228164,Science,M,V3,5,2013-04-26,131.0,veronicagreen@example.net
010378646995,Science,F,V3,5,2013-04-26,146.0,wbenson@example.com
061606604603,Science,F,V2,5,2013-04-26,134.0,courtneyjames@example.org
094021820391,Science,F,V3,5,2013-04-26,117.0,samantharuiz@example.com
094931203437,Science,X,V1,5,2013-04-26,141.0,ymcdonald@example.org
068246543152,Science,F,V2,5,2013-04-26,145.0,danielbolton@example.net
042722905373,Science,M,V1,5,2013-04-26,124.0,bradleyjackie@example.com
037724207197,Science,M,V2,5,2013-04-26,144.0,smithdonna@example.net
078352656355,Science,F,V1,5,2013-04-26,144.0,nathanielbarnes@example.com
042765504598,Science,M,V1,5,2013-04-26,143.0,florescrystal@example.org
046247266037,Science,M,V1,5,2013-04-26,146.0,rclark@example.com
086425529235,Science,M,V1,5,2013-04-26,136.0,stephencannon@example.com
047635175584,Science,F,V3,5,2013-04-26,138.0,powellmercedes@example.net
030760415964,Science,M,V2,5,2013-04-26,130.0,michellecortez@example.net
037123103564,Science,F,V1,5,2013-04-26,118.0,robert10@example.com
067489105563,Science,F,V2,5,2013-04-26,84.0,oheath@example.com
078383557995,Science,M,V2,5,2013-04-26,100.0,gregorymata@example.net
021892220065,Science,M,V1,5,2013-04-26,130.0,havila@example.org
071849896170,Science,F,V3,5,2013-04-26,89.0,cberry@example.org
081921357838,Science,F,V2,5,2013-04-26,80.0,natalietownsend@example.net
061606604603,Science,F,V3,5,2013-04-26,127.0,mcdonaldchristopher@example.net
083965326058,Science,M,V3,5,2013-04-26,141.0,nevans@example.com
033525309700,Science,F,V2,5,2013-04-26,131.0,matthewthomas@example.net
010200887552,Science,F,V2,5,2013-04-26,125.0,kelly44@example.com
040742051534,Science,F,V2,5,2013-04-26,126.0,breid@example.net
092213411097,Science,F,V2,5,2013-04-26,123.0,amber22@example.com
038654144786,Science,F,V1,5,2013-04-26,135.0,robinsonscott@example.com
061732744333,Science,M,V3,5,2013-04-26,137.0,rcarney@example.org
041104816914,Science,F,V3,5,2013-04-26,131.0,kelleymercedes@example.org
091205169474,Science,M,V1,5,2013-04-26,135.0,nvazquez@example.net
049791939598,Science,M,V3,5,2013-04-26,102.0,rodriguezmark@example.com
071380522818,Science,F,V1,5,2013-04-26,145.0,maryhowe@example.net
097237271634,Science,F,V3,5,2013-04-26,144.0,dsexton@example.org
058820597274,Science,M,V1,5,2013-04-26,140.0,rebeccawright@example.com
015058931807,Science,F,V3,5,2013-04-26,138.0,rodonnell@example.net
030079655287,Science,M,V3,5,2013-04-26,144.0,scott86@example.com
054135800136,Science,M,V2,5,2013-04-26,121.0,pamela38@example.net
083667831515,Science,F,V3,5,2013-04-26,141.0,pcarter@example.org
019538503085,Science,F,V1,5,2013-04-26,130.0,shortteresa@example.org
022377224307,Science,F,V1,5,2013-04-26,131.0,jacobspaige@example.org
097237271634,Science,F,V3,5,2013-04-26,147.0,cfisher@example.net
065774057627,Science,F,V1,5,2013-04-26,83.0,norriskatelyn@example.org
061397022667,Science,M,V1,5,2013-04-26,148.0,awilson@example.com
033733579389,Science,F,V3,5,2013-04-26,82.0,scott73@example.org
079008058254,Science,F,V1,5,2013-04-26,135.0,rkeller@example.com
064181696768,Science,F,V2,5,2013-04-26,81.0,william99@example.org
080299571059,Science,M,V3,5,2013-04-26,84.0,joshua52@example.com
041021005164,Science,F,V3,5,2013-04-26,111.0,kellylane@example.net
092134645466,Science,F,V3,5,2013-04-26,133.0,laurenjackson@example.net
056730579987,Science,M,V2,5,2013-04-26,95.0,montgomerysamantha@example.com
077007055186,Science,M,V2,5,2013-04-26,129.0,ilynch@example.net
071740891606,Science,M,V1,5,2013-04-26,136.0,jonathangonzalez@example.com
082183892581,Science,M,V1,5,2013-04-26,147.0,uschroeder@example.net
054626993839,Science,F,V1,5,2013-04-26,92.0,saundersryan@example.org
016477727362,Science,F,V1,5,2013-04-26,135.0,michellejacobs@example.org
037360508133,Science,F,V2,5,2013-04-26,133.0,quinnwilliam@example.org
052267357741,Science,F,V1,5,2013-04-26,144.0,psosa@example.net
097873980089,Science,F,V2,5,2013-04-26,98.0,lfisher@example.net
053074475908,Science,F,V2,5,2013-04-26,137.0,kevinboone@example.org
073353285322,Science,M,V2,5,2013-04-26,132.0,kent91@example.net
033640466390,Science,M,V1,5,2013-04-26,130.0,rware@example.com
090659762708,Science,F,V3,5,2013-04-26,135.0,smithanne@example.com
027208067856,Science,F,V1,5,2013-04-26,139.0,jsmith@example.org
083633847571,Science,M,V2,5,2013-04-26,86.0,mhenderson@example.com
079873996924,Science,F,V1,5,2013-04-26,98.0,stephen01@example.com
022969345101,Science,M,V2,5,2013-04-26,128.0,marissarubio@example.net
078559620382,Science,X,V2,5,2013-04-26,83.0,joshua67@example.net
022965796873,Science,M,V2,5,2013-04-26,92.0,hinesrebecca@example.net
061877300502,Science,F,V1,5,2013-04-26,118.0,cmeyer@example.net
025628726305,Science,F,V1,5,2013-04-26,134.0,carla81@example.com
026367820335,Science,F,V3,5,2013-04-26,137.0,carloshenderson@example.org
038406904648,Science,M,V1,5,2013-04-26,84.0,hailey70@example.org
036188122897,Science,M,V3,5,2013-04-26,141.0,lmurray@example.net
032954244871,Science,F,V2,5,2013-04-26,128.0,utownsend@example.net
054075143335,Science,M,V2,5,2013-04-26,130.0,lisavalentine@example.net
044314339348,Science,M,V3,5,2013-04-26,140.0,gwendolyn79@example.com
030324513138,Science,M,V1,5,2013-04-26,117.0,jacksonjennifer@example.net
058428056502,Science,F,V3,5,2013-04-26,138.0,wnelson@example.com
082125397121,Science,M,V1,5,2013-04-26,128.0,valeriesolomon@example.net
040336763085,Science,M,V2,5,2013-04-26,138.0,nmills@example.org
082001894881,Science,F,V3,5,2013-04-26,143.0,andreafreeman@example.com
087692703274,Science,M,V2,5,2013-04-26,142.0,meyerkevin@example.net
039952492353,Science,M,V1,5,2013-04-26,141.0,lauren04@example.net
090840721495,Science,F,V3,5,2013-04-26,141.0,johnparker@example.com
058972869843,Science,F,V1,5,2013-04-26,86.0,debra04@example.org
038639893931,Science,F,V3,5,2013-04-26,87.0,jesse08@example.net
069933454887,Science,F,V1,5,2013-04-26,101.0,xray@example.net
064339139235,Science,M,V2,5,2013-04-26,134.0,hebertamber@example.com
015441511974,Science,F,V1,5,2013-04-26,129.0,christopher52@example.org
099079581829,Science,M,V3,5,2013-04-26,95.0,alananderson@example.net
029623924336,Science,M,V1,5,2013-04-26,134.0,xshaw@example.org
085244487749,Science,F,V2,5,2013-04-26,92.0,garrisonbryan@example.net
032959043409,Science,F,V2,5,2013-04-26,139.0,heather57@example.org
087371982446,Science,F,V1,5,2013-04-26,84.0,jamesdavis@example.com
020259757243,Science,M,V3,5,2013-04-26,123.0,cruzalbert@example.com
013463640652,Science,F,V1,5,2013-04-26,129.0,staceyatkinson@example.net
011117659538,Science,F,V2,5,2013-04-26,139.0,samantha96@example.com
013701045563,Science,F,V2,5,2013-04-26,133.0,blarsen@example.com
077992179653,Science,F,V1,5,2013-04-26,93.0,chungrussell@example.org
068066720978,Science,F,V2,5,2013-04-26,93.0,rodriguezjody@example.org
098608453600,Science,F,V1,5,2013-04-26,134.0,jgregory@example.org
038077509774,Science,M,V2,5,2013-04-26,80.0,kburgess@example.org
025588049685,Science,M,V1,5,2013-04-26,90.0,tammy86@example.org
038583679039,Science,M,V2,5,2013-04-26,89.0,smithryan@example.net
038715008371,Science,M,V1,5,2013-04-26,131.0,mmcfarland@example.org
019192345976,Science,F,V2,5,2013-04-26,90.0,timothy72@example.com
043975349827,Science,M,V1,5,2013-04-26,86.0,emily22@example.com
060749092399,Science,M,V1,5,2013-04-26,87.0,bharper@example.net
053048518063,Science,F,V1,5,2013-04-26,130.0,nchristensen@example.com
013201870167,Science,M,V3,5,2013-04-26,130.0,evanjones@example.org
097873980089,Science,F,V1,5,2013-04-26,99.0,ronaldmartinez@example.org
021356212403,Science,M,V1,5,2013-04-26,115.0,clarkstacy@example.com
016311149575,Science,M,V2,5,2013-04-26,129.0,diazgloria@example.com
014943967577,Science,F,V3,5,2013-04-26,89.0,bward@example.org
058015014471,Science,M,V2,5,2013-04-26,132.0,ronalddrake@example.net
019513807409,Science,M,V1,5,2013-04-26,131.0,isherman@example.org
078710005300,Science,F,V3,5,2013-04-26,117.0,ohale@example.com
083265475663,Science,M,V2,5,2013-04-26,84.0,gomezcurtis@example.net
047882266580,Science,F,V2,5,2013-04-26,145.0,johnstonjenny@example.com
046278224086,Science,F,V2,5,2013-04-26,137.0,andersonandre@example.net
036043609385,Science,M,V2,5,2013-04-26,132.0,jordanmitchell@example.com
022536495504,Science,M,V2,5,2013-04-26,128.0,jordangina@example.com
069190832263,Science,M,V3,5,2013-04-26,137.0,brian39@example.com
034402283798,Science,M,V2,5,2013-04-26,145.0,gkane@example.com
065694137849,Science,M,V2,5,2013-04-26,90.0,ronniehowell@example.com
010773994450,Science,F,V2,5,2013-04-26,135.0,pacenicole@example.org
055508657306,Science,M,V3,5,2013-04-26,146.0,sjones@example.com
042773306313,Science,F,V3,5,2013-04-26,124.0,michaelnguyen@example.com
014644870687,Science,M,V3,5,2013-04-26,144.0,michaeljohnson@example.net
026022198623,Science,F,V3,5,2013-04-26,120.0,davidchan@example.org
046572679613,Science,M,V3,5,2013-04-26,147.0,bboyd@example.net
041810544633,Science,M,V1,5,2013-04-26,121.0,pwarner@example.org
012849715621,Science,F,V1,5,2013-04-26,133.0,zbeard@example.com
032483504647,Science,M,V3,5,2013-04-26,136.0,xyoung@example.com
036147775337,Science,M,V2,5,2013-04-26,143.0,harringtonwanda@example.com
063318867981,Science,F,V2,5,2013-04-26,92.0,douglasmiles@example.com
039673943654,Science,M,V1,5,2013-04-26,89.0,lambertabigail@example.net
063962685126,Science,F,V1,5,2013-04-26,141.0,harmonanthony@example.org
087135469988,Science,M,V1,5,2013-04-26,97.0,katie90@example.org
032418449429,Science,F,V1,5,2013-04-26,128.0,tylershea@example.org
015965287853,Science,F,V2,5,2013-04-26,95.0,fergusondylan@example.net
084005722565,Science,F,V2,5,2013-04-26,140.0,logandalton@example.net
057620766327,Science,F,V1,5,2013-04-26,133.0,caleb81@example.com
042580816242,Science,M,V3,5,2013-04-26,130.0,smithrebekah@example.org
062060456687,Science,M,V2,5,2013-04-26,137.0,jameszhang@example.com
080906167980,Science,M,V2,5,2013-04-26,142.0,jenkinsstephen@example.net
072674756050,Science,F,V1,5,2013-04-26,136.0,christineewing@example.com
026906457870,Science,M,V2,5,2013-04-26,91.0,tanya08@example.com
057050863336,Science,M,V2,5,2013-04-26,128.0,walkerpeter@example.net
091558351860,Science,M,V3,5,2013-04-26,147.0,roseaaron@example.com
046713786852,Science,X,V3,5,2013-04-26,85.0,ronaldfisher@example.net
090434213717,Science,F,V1,5,2013-04-26,134.0,ssanchez@example.net
047665164771,Science,F,V3,5,2013-04-26,88.0,karenkelly@example.net
066534781472,Science,M,V2,5,2013-04-26,82.0,wattsedward@example.net
030680010961,Science,F,V3,5,2013-04-26,118.0,kgray@example.org
097312111797,Science,M,V1,5,2013-04-26,138.0,ericgriffin@example.net
032315041364,Science,F,V2,5,2013-04-26,110.0,mberger@example.com
069691417550,Science,F,V3,5,2013-04-26,138.0,pamela04@example.com
028675666403,Science,M,V2,5,2013-04-26,92.0,chambersnicholas@example.com
041160877635,Science,F,V2,5,2013-04-26,134.0,danielpeterson@example.org
063778807911,Science,M,V1,5,2013-04-26,139.0,jenniferferguson@example.com
053573846906,Science,F,V1,5,2013-04-26,81.0,hbrewer@example.com
012849715621,Science,F,V2,5,2013-04-26,141.0,lawsonerik@example.org
033174399327,Science,M,V3,5,2013-04-26,79.0,murphybrittany@example.net
098655620901,Science,M,V1,5,2013-04-26,138.0,jack17@example.org
080213266337,Science,F,V1,5,2013-04-26,131.0,jonathan42@example.org
035470637377,Science,F,V1,5,2013-04-26,136.0,courtney57@example.net
094201926303,Science,F,V2,5,2013-04-26,125.0,paulphillips@example.com
057394168563,Science,F,V1,5,2013-04-26,137.0,tammy39@example.net
052279058899,Science,M,V1,5,2013-04-26,,bmiller@example.org
053050757431,Science,M,V1,5,2013-04-26,137.0,sandersbrandi@example.net
044570626510,Science,M,V3,5,2013-04-26,125.0,lorijordan@example.org
074589036477,Science,F,V2,5,2013-04-26,95.0,kimberlywallace@example.org
075743809136,Science,M,V3,5,2013-04-26,138.0,bbowman@example.org
062831248106,Science,F,V2,5,2013-04-26,129.0,parksjames@example.org
021455657148,Science,M,V3,5,2013-04-26,140.0,rodriguezjohnny@example.com
084793888593,Science,M,V2,5,2013-04-26,101.0,alicia03@example.com
083506842102,Science,M,V1,5,2013-04-26,128.0,debrapayne@example.net
094690477236,Science,M,V2,5,2013-04-26,84.0,danielbrown@example.com
010100288664,Science,M,V1,5,2013-04-26,115.0,laura82@example.net
025289435376,Science,F,V2,5,2013-04-26,85.0,alexisjohnson@example.net
020218381963,Science,F,V1,5,2013-04-26,136.0,lauren15@example.net
069259094048,Science,F,V3,5,2013-04-26,137.0,margaretrodriguez@example.net
037082448955,Science,M,V2,5,2013-04-26,88.0,noah09@example.com
075026889532,Science,M,V3,5,2013-04-26,94.0,yangclinton@example.net
030261213866,Science,F,V2,5,2013-04-26,129.0,marysmith@example.net
071472379813,Science,F,V2,5,2013-04-26,142.0,odomtyler@example.com
033833148889,Science,F,V3,5,2013-04-26,82.0,kristen06@example.org
045896825840,Science,M,V2,5,2013-04-26,87.0,kbaker@example.com
063962173092,Science,M,V1,5,2013-04-26,132.0,wsmith@example.net
083292622565,Science,F,V1,5,2013-04-26,144.0,hroberts@example.net
075843297688,Science,M,V1,5,2013-04-26,95.0,matthewbaker@example.com
015537865299,Science,F,V2,5,2013-04-26,88.0,tmorgan@example.net
085724328976,Science,F,V3,5,2013-04-26,88.0,efrost@example.org
068762201850,Science,F,V3,5,2013-04-26,133.0,jeremywade@example.net
034652300982,Science,F,V2,5,2013-04-26,137.0,davidgoodwin@example.com
077203650003,Science,F,V2,5,2013-04-26,119.0,julie16@example.net
094027877611,Science,F,V3,5,2013-04-26,137.0,ortizkenneth@example.org
037724207197,Science,F,V2,5,2013-04-26,141.0,bwhite@example.net
068528339061,Science,F,V2,5,2013-04-26,140.0,angelicagray@example.org
029808636427,Science,M,V3,5,2013-04-26,81.0,daniel35@example.net
044354116498,Science,M,V3,5,2013-04-26,138.0,mcoleman@example.com
084819935604,Science,F,V2,5,2013-04-26,139.0,dixonana@example.com
029229229050,Science,M,V1,5,2013-04-26,132.0,jose19@example.org
035831854928,Science,M,V1,5,2013-04-26,139.0,desireelee@example.org
026144745954,Science,M,V1,5,2013-04-26,138.0,nsmith@example.net
025731377168,Science,F,V3,5,2013-04-26,136.0,ethan34@example.com
011334790673,Science,F,V2,5,2013-04-26,130.0,eric71@example.net
095766753356,Science,F,V3,5,2013-04-26,87.0,deckernicole@example.net
075349106294,Science,M,V1,5,2013-04-26,143.0,michaelreeves@example.com
073022507705,Science,M,V2,5,2013-04-26,130.0,brittanyevans@example.org
071164297522,Science,M,V3,5,2013-04-26,138.0,harveytracey@example.org
065968276282,Science,F,V2,5,2013-04-26,90.0,vross@example.org
046329956587,Science,F,V1,5,2013-04-26,95.0,jodi79@example.net
077493202091,Science,F,V1,5,2013-04-26,131.0,kerrsara@example.com
057181622884,Science,M,V3,5,2013-04-26,85.0,gabrielle84@example.org
063300266775,Science,M,V1,5,2013-04-26,144.0,lisa01@example.net
043975349827,Science,F,V2,5,2013-04-26,85.0,mileskevin@example.com
013287321232,Science,M,V2,5,2013-04-26,120.0,rhondasmith@example.org
026857149023,Science,F,V2,5,2013-04-26,135.0,ldavis@example.com
086425529235,Science,M,V3,5,2013-04-26,139.0,olsonstacey@example.org
030760415964,Science,M,V1,5,2013-04-26,135.0,ecook@example.net
086568576344,Science,F,V1,5,2013-04-26,91.0,brianna43@example.org
091493344330,Science,F,V3,5,2013-04-26,125.0,amartin@example.net
051486913266,Science,F,V3,5,2013-04-26,137.0,leepatricia@example.org
075939930078,Science,F,V1,5,2013-04-26,82.0,jeffreyhancock@example.net
089693256623,Science,F,V3,5,2013-04-26,81.0,swansonsteven@example.com
039952492353,Science,F,V1,5,2013-04-26,133.0,christinekline@example.org
048205924137,Science,F,V2,5,2013-04-26,126.0,youngeric@example.net
016757514490,Science,M,V1,5,2013-04-26,129.0,charles91@example.com
073492820726,Science,F,V1,5,2013-04-26,141.0,evansgregory@example.com
051724386460,Science,F,V2,5,2013-04-26,136.0,hilljonathan@example.net
075592934479,Science,M,V1,5,2013-04-26,92.0,lynn88@example.net
066778231617,Science,M,V3,5,2013-04-26,86.0,steven44@example.org
095372090769,Science,F,V3,5,2013-04-26,149.0,steven11@example.net
029808636427,Science,M,V1,5,2013-04-26,83.0,brandonphillips@example.net
053426080830,Science,F,V1,5,2013-04-26,126.0,scottrandolph@example.net
069579393531,Science,F,V3,5,2013-04-26,81.0,elizabethsheppard@example.com
021994894154,Science,F,V1,5,2013-04-26,90.0,scott36@example.net
029216172297,Science,M,V1,5,2013-04-26,140.0,kimjason@example.net
021905810782,Science,F,V2,5,2013-04-26,129.0,ashley11@example.net
053946353006,Science,F,V3,5,2013-04-26,130.0,erin87@example.net
016846233710,Science,M,V3,5,2013-04-26,133.0,jordangibson@example.net
057922859240,Science,F,V1,5,2013-04-26,84.0,robersonrobert@example.net
023458377686,Science,F,V1,5,2013-04-26,95.0,edawson@example.org
054299822208,Science,M,V3,5,2013-04-26,137.0,johnharris@example.net
044523818481,Science,F,V1,5,2013-04-26,125.0,davisdavid@example.com
031003658454,Science,F,V2,5,2013-04-26,125.0,annalopez@example.net
089721200210,Science,F,V1,5,2013-04-26,130.0,omoore@example.com
061237192515,Science,M,V2,5,2013-04-26,133.0,grahamkelly@example.net
091863172347,Science,F,V3,5,2013-04-26,129.0,webbkathryn@example.com
025289034031,Science,F,V2,5,2013-04-26,127.0,fpatterson@example.org
053231138512,Science,F,V2,5,2013-04-26,128.0,rita38@example.net
095253362336,Science,F,V2,5,2013-04-26,137.0,jjennings@example.org
053465363739,Science,F,V2,5,2013-04-26,81.0,claytonkemp@example.net
065774057627,Science,F,V1,5,2013-04-26,86.0,catherine50@example.net
023830861493,Science,F,V1,5,2013-04-26,138.0,kim77@example.net
074841480529,Science,M,V3,5,2013-04-26,140.0,sara77@example.com
069233587247,Science,F,V2,5,2013-04-26,87.0,perezholly@example.org
014687645459,Science,M,V1,5,2013-04-26,89.0,ballen@example.org
025289034031,Science,F,V3,5,2013-04-26,124.0,kristen13@example.org
032983617743,Science,M,V2,5,2013-04-26,90.0,lori17@example.net
092256767883,Science,F,V3,5,2013-04-26,92.0,alisonharris@example.com
014491992431,Science,M,V2,5,2013-04-26,139.0,kimberlycasey@example.com
013933356311,Science,M,V2,5,2013-04-26,127.0,trujillojuan@example.org
036530675890,Science,M,V1,5,2013-04-26,145.0,danielwelch@example.org
010189875294,Science,F,V3,5,2013-04-26,148.0,nicolewhite@example.com
093679499115,Science,F,V3,5,2013-04-26,99.0,jeffrey02@example.net
076721550798,Science,F,V1,5,2013-04-26,90.0,combseric@example.net
058734018255,Science,M,V2,5,2013-04-26,133.0,nicole75@example.org
054707897999,Science,M,V2,5,2013-04-26,97.0,yreeves@example.com
052676974438,Science,M,V2,5,2013-04-26,84.0,michellewilson@example.org
052079484153,Science,M,V3,5,2013-04-26,131.0,zarmstrong@example.org
060359563824,Science,M,V3,5,2013-04-26,139.0,gregoryprice@example.com
063060610997,Science,M,V1,5,2013-04-26,139.0,christopher01@example.org
043754968757,Science,F,V3,5,2013-04-26,97.0,nelsondaniel@example.net
096570994463,Science,M,V2,5,2013-04-26,96.0,rowens@example.com
067939308856,Science,M,V3,5,2013-04-26,91.0,robertrose@example.com
017959343050,Science,F,V1,5,2013-04-26,143.0,john27@example.org
025594367274,Science,M,V3,5,2013-04-26,136.0,claudia23@example.com
043767656070,Science,F,V1,5,2013-04-26,79.0,benitezjessica@example.com
010360120603,Science,F,V2,5,2013-04-26,104.0,angela79@example.com
080906167980,Science,M,V3,5,2013-04-26,145.0,greenemonica@example.org
055547891539,Science,M,V3,5,2013-04-26,93.0,tammy33@example.com
085091763340,Science,M,V3,5,2013-04-26,135.0,ashleymays@example.net
083265475663,Science,M,V1,5,2013-04-26,91.0,brenda50@example.org
077793950213,Science,F,V2,5,2013-04-26,80.0,youngcasey@example.org
034532741706,Science,M,V3,5,2013-04-26,136.0,prichardson@example.net
035311711418,Science,F,V2,5,2013-04-26,123.0,cherylwagner@example.net
018650084086,Science,F,V3,5,2013-04-26,142.0,mfischer@example.org
019622875544,Science,M,V2,5,2013-04-26,137.0,mccoyvictoria@example.org
096984933250,Science,F,V3,5,2013-04-26,144.0,martinezerin@example.net
057952445707,Science,M,V1,5,2013-04-26,90.0,babbott@example.org
060011554096,Science,M,V2,5,2013-04-26,124.0,santosannette@example.net
055138252134,Science,M,V2,5,2013-04-26,128.0,davidpeck@example.net
098761836701,Science,M,V1,5,2013-04-26,143.0,thomas82@example.net
060011554096,Science,M,V1,5,2013-04-26,120.0,brennanrobert@example.org
073566484059,Science,M,V1,5,2013-04-26,139.0,smithtaylor@example.net
087877143248,Science,F,V3,5,2013-04-26,80.0,twood@example.net
098040467902,Science,F,V1,5,2013-04-26,133.0,brandonsmith@example.net
091173007037,Science,F,V2,5,2013-04-26,125.0,susandawson@example.com
044833713913,Science,F,V3,5,2013-04-26,135.0,tamara14@example.org
086042788452,Science,F,V1,5,2013-04-26,140.0,nmiller@example.net
047622873728,Science,F,V3,5,2013-04-26,88.0,carlsonhailey@example.org
093431359966,Science,M,V2,5,2013-04-26,146.0,beltrandebra@example.org
044963081966,Science,M,V2,5,2013-04-26,93.0,williamssally@example.com
049995634377,Science,M,V3,5,2013-04-26,92.0,jonathan53@example.com
067563191168,Science,M,V3,5,2013-04-26,141.0,harmonrussell@example.com
041431201974,Science,F,V2,5,2013-04-26,127.0,christopher75@example.net
038786829058,Science,F,V1,5,2013-04-26,90.0,james01@example.com
094329558132,Science,M,V1,5,2013-04-26,149.0,jason89@example.net
081179198349,Science,F,V2,5,2013-04-26,87.0,kparks@example.com
066987699682,Science,M,V1,5,2013-04-26,104.0,debbiewebb@example.net
035450182853,Science,F,V1,5,2013-04-26,131.0,mjensen@example.org
056080780718,Science,F,V2,5,2013-04-26,132.0,thomas29@example.net
096878621929,Science,F,V1,5,2013-04-26,107.0,shanewilkins@example.org
033687788692,Science,F,V3,5,2013-04-26,,johnsontravis@example.org
018732355446,Science,F,V1,5,2013-04-26,134.0,madison38@example.net
026027069074,Science,M,V3,5,2013-04-26,122.0,lopezronald@example.org
082547263618,Science,M,V2,5,2013-04-26,86.0,wwiley@example.org
044735487912,Science,F,V2,5,2013-04-26,148.0,hunterbarry@example.org
017057634329,Science,F,V3,5,2013-04-26,131.0,butlerelizabeth@example.com
081933141065,Science,M,V2,5,2013-04-26,134.0,pshelton@example.com
084779424502,Science,F,V1,5,2013-04-26,138.0,trujillosamantha@example.org
058608072349,Science,F,V3,5,2013-04-26,133.0,darrell93@example.org
056847891051,Science,F,V2,5,2013-04-26,86.0,anichols@example.com
087167449925,Science,F,V1,5,2013-04-26,92.0,wallacelinda@example.org
073800119046,Science,M,V1,5,2013-04-26,129.0,sandrahernandez@example.org
013798362323,Science,F,V1,5,2013-04-26,127.0,hkline@example.net
049196074781,Science,F,V3,5,2013-04-26,88.0,sbarnes@example.net
046197153036,Science,M,V3,5,2013-04-26,134.0,meganstout@example.com
037428597530,Science,M,V2,5,2013-04-26,140.0,alex89@example.com
076788422799,Science,F,V3,5,2013-04-26,96.0,cookdavid@example.com
030955520251,Science,M,V1,5,2013-04-26,128.0,bethanynelson@example.org
066442272452,Science,M,V1,5,2013-04-26,123.0,ygreene@example.com
093832118469,Science,F,V1,5,2013-04-26,86.0,jwest@example.org
091559451734,Science,F,V1,5,2013-04-26,143.0,obrown@example.com
069938093639,Science,M,V2,5,2013-04-26,98.0,garrettlauren@example.com
017913666663,Science,M,V2,5,2013-04-26,140.0,jessica94@example.org
080414013286,Science,M,V2,5,2013-04-26,119.0,matthewobrien@example.net
090307058926,Science,M,V3,5,2013-04-26,140.0,joseph35@example.org
049213652529,Science,F,V3,5,2013-04-26,133.0,juliesalazar@example.org
060524351005,Science,F,V3,5,2013-04-26,113.0,ilane@example.com
079274235608,Science,F,V2,5,2013-04-26,83.0,changstephanie@example.net
039192462229,Science,M,V1,5,2013-04-26,136.0,rphillips@example.net
092898228982,Science,F,V3,5,2013-04-26,96.0,dayangel@example.org
085060726201,Science,M,V3,5,2013-04-26,126.0,edwardswilliam@example.net
043127440572,Science,M,V1,5,2013-04-26,132.0,samuelsingleton@example.org
073362473890,Science,F,V2,5,2013-04-26,129.0,tiffany73@example.org
024112732169,Science,M,V3,5,2013-04-26,120.0,kthomas@example.net
027138327477,Science,M,V1,5,2013-04-26,142.0,savannahlopez@example.net
011334790673,Science,M,V2,5,2013-04-26,125.0,uwolf@example.com
084759977063,Science,M,V3,5,2013-04-26,93.0,christopher16@example.org
040445751350,Science,F,V3,5,2013-04-26,126.0,joseclark@example.com
060012245532,Science,M,V2,5,2013-04-26,116.0,whitakercaitlin@example.org
098144106161,Science,M,V2,5,2013-04-26,132.0,jessicabaker@example.org
037123103564,Science,M,V1,5,2013-04-26,120.0,mendozamiguel@example.net
057621816097,Science,M,V1,5,2013-04-26,141.0,brentferguson@example.net
076744716689,Science,F,V2,5,2013-04-26,99.0,veronicahernandez@example.com
047403561708,Science,M,V1,5,2013-04-26,135.0,phopkins@example.org
025529927285,Science,M,V2,5,2013-04-26,142.0,patricia77@example.com
019622875544,Science,F,V1,5,2013-04-26,140.0,coxmary@example.net
023775653575,Science,M,V3,5,2013-04-26,88.0,allison06@example.net
030754881755,Science,F,V3,5,2013-04-26,86.0,peterrivera@example.com
043498834113,Science,F,V1,5,2013-04-26,140.0,kevinhopkins@example.net
017538600923,Science,M,V2,5,2013-04-26,136.0,christopher84@example.com
041563856940,Science,F,V3,5,2013-04-26,136.0,jose42@example.com
023977835800,Science,F,V1,5,2013-04-26,144.0,gailjohnston@example.org
056776289706,Science,M,V3,5,2013-04-26,89.0,kylesawyer@example.org
030605012650,Science,F,V2,5,2013-04-26,119.0,jeffreynavarro@example.org
047374992977,Science,M,V2,5,2013-04-26,103.0,omar18@example.org
019344055589,Science,M,V3,5,2013-04-26,90.0,zmcmillan@example.org
045701640160,Science,F,V1,5,2013-04-26,133.0,wrightebony@example.org
066341192950,Science,M,V3,5,2013-04-26,135.0,acrawford@example.com
059058668688,Science,M,V1,5,2013-04-26,89.0,bentleyvictoria@example.org
026519791232,Science,M,V2,5,2013-04-26,131.0,brad92@example.net
059804071929,Science,M,V3,5,2013-04-26,85.0,justinbaldwin@example.net
074925344039,Science,F,V1,5,2013-04-26,143.0,kimberlyflores@example.net
075711952677,Science,M,V2,5,2013-04-26,142.0,paul54@example.net
075056538472,Science,F,V2,5,2013-04-26,143.0,wramirez@example.net
053058294222,Science,M,V3,5,2013-04-26,126.0,debbie02@example.net
016958450291,Science,M,V3,5,2013-04-26,131.0,wnorton@example.org
025440696463,Science,M,V2,5,2013-04-26,136.0,melissa49@example.com
091700081283,Science,F,V2,5,2013-04-26,120.0,eestes@example.org
048915073964,Science,M,V3,5,2013-04-26,142.0,kevinowens@example.net
017941950486,Science,M,V1,5,2013-04-26,80.0,opeters@example.net
038379480657,Science,F,V1,5,2013-04-26,93.0,jeremythompson@example.com
081872282782,Science,M,V1,5,2013-04-26,136.0,qflores@example.org
095554847195,Science,F,V1,5,2013-04-26,96.0,lcabrera@example.net
060598706878,Science,M,V1,5,2013-04-26,84.0,zlong@example.net
088694835985,Science,F,V1,5,2013-04-26,106.0,dedwards@example.com
030046459586,Science,M,V2,5,2013-04-26,136.0,christinamarsh@example.com
030516745649,Science,M,V1,5,2013-04-26,138.0,rrodriguez@example.net
047939384621,Science,F,V3,5,2013-04-26,80.0,tlee@example.com
081935659054,Science,M,V2,5,2013-04-26,89.0,rholmes@example.com
081179198349,Science,M,V3,5,2013-04-26,93.0,haley89@example.com
086336674386,Science,M,V1,5,2013-04-26,88.0,thomascastro@example.com
081087819756,Science,F,V1,5,2013-04-26,93.0,brandonguzman@example.net
094277783750,Science,F,V2,5,2013-04-26,84.0,gina09@example.net
024991855057,Science,M,V2,5,2013-04-26,145.0,catherinemaldonado@example.org
063421177729,Science,M,V1,5,2013-04-26,131.0,tiffanymoran@example.com
044662312276,Science,F,V1,5,2013-04-26,124.0,leslie55@example.net
041597171308,Science,M,V1,5,2013-04-26,135.0,aliciadavid@example.com
035302083769,Science,F,V2,5,2013-04-26,141.0,nathaniel58@example.com
031998229295,Science,F,V2,5,2013-04-26,91.0,jenniferwhite@example.net
051729017873,Science,M,V3,5,2013-04-26,130.0,awells@example.com
088044876418,Science,X,V1,5,2013-04-26,89.0,chenalicia@example.org
061791571223,Science,F,V1,5,2013-04-26,126.0,roberto53@example.net
010821118651,Science,M,V2,5,2013-04-26,127.0,fmiller@example.com
026144745954,Science,F,V1,5,2013-04-26,134.0,glenn79@example.org
091847125343,Science,M,V1,5,2013-04-26,136.0,vsweeney@example.org
026294102455,Science,M,V1,5,2013-04-26,123.0,wmartinez@example.com
065978259111,Science,F,V3,5,2013-04-26,88.0,steelerobert@example.org
090661832932,Science,F,V3,5,2013-04-26,133.0,nicholasallen@example.net
064007397952,Science,F,V2,5,2013-04-26,136.0,wolfgary@example.org
037298085717,Science,M,V3,5,2013-04-26,81.0,susanfields@example.net
013573206044,Science,F,V1,5,2013-04-26,124.0,marquezelizabeth@example.org
076221902897,Science,F,V1,5,2013-04-26,144.0,campbellmartin@example.org
091780464514,Science,M,V3,5,2013-04-26,141.0,asandoval@example.com
025781782172,Science,F,V3,5,2013-04-26,136.0,deanmary@example.com
075007911879,Science,M,V3,5,2013-04-26,89.0,ajones@example.net
045576637568,Science,M,V1,5,2013-04-26,82.0,andrewgoodwin@example.net
044418713457,Science,F,V2,5,2013-04-26,133.0,johnsonjeffrey@example.com
087909706137,Science,X,V1,5,2013-04-26,91.0,rachel72@example.org
078807906665,Science,M,V2,5,2013-04-26,94.0,emilyallen@example.org
090134488505,Science,F,V1,5,2013-04-26,134.0,xavila@example.com
038077509774,Science,F,V3,5,2013-04-26,85.0,jeromebenson@example.org
048021356177,Science,F,V3,5,2013-04-26,134.0,nancy10@example.com
033269808639,Science,M,V2,5,2013-04-26,150.0,phelpsderek@example.org
056730579987,Science,M,V3,5,2013-04-26,94.0,brettmay@example.com
019824575320,Science,M,V2,5,2013-04-26,127.0,brentcunningham@example.com
080514205220,Science,F,V3,5,2013-04-26,118.0,swiggins@example.com
084384578137,Science,M,V1,5,2013-04-26,141.0,jose33@example.com
012997966424,Science,F,V1,5,2013-04-26,84.0,shelley27@example.com
037126443162,Science,F,V2,5,2013-04-26,132.0,wbryant@example.com
028250417129,Science,F,V2,5,2013-04-26,132.0,ftaylor@example.net
041104816914,Science,F,V1,5,2013-04-26,126.0,jsandoval@example.org
081404304708,Science,F,V3,5,2013-04-26,123.0,kimberlybrown@example.com
061812740274,Science,M,V1,5,2013-04-26,123.0,russellrobin@example.com
087517264040,Science,M,V3,5,2013-04-26,,qoconnor@example.com
076327486544,Science,M,V1,5,2013-04-26,140.0,deanna54@example.com
096327780944,Science,M,V3,5,2013-04-26,81.0,mpacheco@example.com
056710124739,Science,M,V1,5,2013-04-26,136.0,hannahcooper@example.org
080514205220,Science,M,V2,5,2013-04-26,112.0,annetteparker@example.com
092222691896,Science,F,V2,5,2013-04-26,146.0,davisangie@example.com
096604298468,Science,M,V1,5,2013-04-26,95.0,roachdiane@example.net
059058668688,Science,M,V2,5,2013-04-26,93.0,dana67@example.net
024376910527,Science,F,V3,5,2013-04-26,135.0,andersonderek@example.com
014718020382,Science,M,V3,5,2013-04-26,121.0,spencerstacy@example.org
030878709509,Science,M,V3,5,2013-04-26,142.0,frederickjoshua@example.com
074743568518,Science,F,V1,5,2013-04-26,151.0,vrose@example.org
055504802393,Science,M,V2,5,2013-04-26,139.0,sanchezbradley@example.net
032192247530,Science,F,V2,5,2013-04-26,131.0,wromero@example.com
081473055677,Science,F,V2,5,2013-04-26,83.0,millerbrittany@example.com
049580648860,Science,M,V3,5,2013-04-26,87.0,adamsjames@example.net
022291179839,Science,F,V1,5,2013-04-26,140.0,john86@example.org
034709510203,Science,F,V2,5,2013-04-26,130.0,douglas39@example.net
083262354237,Science,M,V3,5,2013-04-26,144.0,perezjoseph@example.org
083912345562,Science,F,V3,5,2013-04-26,139.0,johnsonkara@example.org
081308514295,Science,F,V2,5,2013-04-26,131.0,monicasullivan@example.net
027132400599,Science,F,V3,5,2013-04-26,129.0,james71@example.org
030956239001,Science,M,V1,5,2013-04-26,122.0,francismartin@example.org
037716773266,Science,M,V2,5,2013-04-26,86.0,lpeterson@example.org
019119963906,Science,M,V1,5,2013-04-26,141.0,christopher72@example.com
058015014471,Science,M,V3,5,2013-04-26,129.0,cmccoy@example.com
086810363765,Science,F,V3,5,2013-04-26,141.0,hillstephanie@example.org
070766063695,Science,F,V3,5,2013-04-26,85.0,ashley71@example.org
021345301559,Science,M,V1,5,2013-04-26,122.0,mary37@example.net
027831628469,Science,F,V1,5,2013-04-26,87.0,iwood@example.org
076164066704,Science,M,V2,5,2013-04-26,140.0,leonbeth@example.com
093886032211,Science,M,V2,5,2013-04-26,141.0,castanedajacqueline@example.net
057223443562,Science,F,V2,5,2013-04-26,132.0,elizabeth19@example.com
074424371593,Science,F,V2,5,2013-04-26,143.0,nicholasanderson@example.org
059623336842,Science,M,V2,5,2013-04-26,136.0,joseph44@example.net
054370158603,Science,F,V3,5,2013-04-26,138.0,danielmoore@example.org
047635175584,Science,F,V3,5,2013-04-26,142.0,gonzaleslaura@example.com
045317848180,Science,F,V1,5,2013-04-26,143.0,maria47@example.net
042578944348,Science,M,V3,5,2013-04-26,143.0,lrodriguez@example.com
022380499784,Science,F,V2,5,2013-04-26,79.0,russell87@example.com
062559872375,Science,M,V3,5,2013-04-26,89.0,gordonlove@example.com
090591367851,Science,M,V3,5,2013-04-26,140.0,fmartin@example.com
014152185374,Science,F,V2,5,2013-04-26,121.0,john79@example.net
095196468629,Science,F,V2,5,2013-04-26,90.0,whiteandrew@example.com
062439866989,Science,F,V2,5,2013-04-26,99.0,mglenn@example.net
094344418266,Science,F,V3,5,2013-04-26,133.0,warrenmarsh@example.net
069154007501,Science,F,V2,5,2013-04-26,131.0,kbryant@example.com
057672805825,Science,M,V3,5,2013-04-26,143.0,daniel81@example.com
011334790673,Science,M,V2,5,2013-04-26,123.0,jill17@example.net
053331345987,Science,F,V3,5,2013-04-26,143.0,mmarks@example.com
093966206005,Science,M,V1,5,2013-04-26,131.0,michael41@example.net
054314828076,Science,F,V2,5,2013-04-26,139.0,hbarker@example.com
071840246818,Science,F,V3,5,2013-04-26,140.0,christine29@example.com
050340144920,Science,M,V3,5,2013-04-26,120.0,emilyjames@example.net
020947360306,Science,M,V1,5,2013-04-26,127.0,harperjane@example.net
076327486544,Science,M,V2,5,2013-04-26,147.0,wrightsara@example.net
061162732228,Science,F,V3,5,2013-04-26,131.0,kelseytownsend@example.org
046197153036,Science,F,V2,5,2013-04-26,136.0,tyronehogan@example.org
063624814348,Science,M,V2,5,2013-04-26,131.0,anahurley@example.org
024189827674,Science,F,V1,5,2013-04-26,91.0,ojohnson@example.net
040200516001,Science,F,V2,5,2013-04-26,106.0,anthony56@example.com
025145274402,Science,M,V1,5,2013-04-26,125.0,donnadavis@example.org
029066718325,Science,M,V2,5,2013-04-26,140.0,allendaniel@example.net
023992353940,Science,M,V1,5,2013-04-26,141.0,michaelthomas@example.org
062538585992,Science,M,V1,5,2013-04-26,88.0,victorwilson@example.net
096620002808,Science,F,V1,5,2013-04-26,130.0,wstevens@example.com
022889623800,Science,F,V3,5,2013-04-26,136.0,mreed@example.org
096423477271,Science,M,V1,5,2013-04-26,134.0,zhoward@example.com
098131311945,Science,M,V3,5,2013-04-26,137.0,yjohnson@example.org
036765516638,Science,F,V2,5,2013-04-26,79.0,chadlang@example.net
032192247530,Science,M,V1,5,2013-04-26,126.0,nicolemercado@example.com
051486913266,Science,F,V3,5,2013-04-26,136.0,nmoore@example.net
053465363739,Science,M,V1,5,2013-04-26,88.0,tbarton@example.org
090956140218,Science,M,V2,5,2013-04-26,144.0,logan09@example.org
044647639218,Science,M,V2,5,2013-04-26,92.0,asmith@example.net
060243756872,Science,F,V1,5,2013-04-26,146.0,jcollins@example.com
086446264678,Science,F,V3,5,2013-04-26,81.0,joseph96@example.com
049644727621,Science,F,V1,5,2013-04-26,133.0,deansteven@example.net
044662312276,Science,M,V1,5,2013-04-26,129.0,victorrobertson@example.org
094943717836,Science,M,V2,5,2013-04-26,85.0,johnjohnson@example.org
037123103564,Science,M,V1,5,2013-04-26,120.0,jking@example.com
099515226942,Science,M,V1,5,2013-04-26,137.0,htucker@example.org
084219632949,Science,F,V1,5,2013-04-26,87.0,bennettchristopher@example.org
030079655287,Science,M,V3,5,2013-04-26,135.0,thomasdavis@example.net
060598706878,Science,M,V2,5,2013-04-26,93.0,webbdavid@example.com
075144033914,Science,F,V3,5,2013-04-26,130.0,colemary@example.com
021223598031,Science,F,V3,5,2013-04-26,121.0,acole@example.org
056986882351,Science,F,V2,5,2013-04-26,89.0,farmerjulie@example.org
029956531981,Science,F,V2,5,2013-04-26,145.0,qgallegos@example.net
011825758248,Science,M,V3,5,2013-04-26,138.0,joshua48@example.com
042741444025,Science,M,V3,5,2013-04-26,128.0,jreyes@example.net
059683347965,Science,M,V3,5,2013-04-26,83.0,rachael81@example.org
057672805825,Science,M,V3,5,2013-04-26,142.0,jamiegardner@example.org
076919461400,Science,M,V1,5,2013-04-26,139.0,mvilla@example.net
017538600923,Science,M,V1,5,2013-04-26,125.0,katiesmith@example.com
038525993728,Science,F,V3,5,2013-04-26,90.0,fkelly@example.org
085951505598,Science,M,V1,5,2013-04-26,94.0,lisacarter@example.org
066691078208,Science,M,V3,5,2013-04-26,88.0,kathryn17@example.com
064339139235,Science,M,V2,5,2013-04-26,132.0,morganchristopher@example.net
039848696634,Science,M,V2,5,2013-04-26,87.0,christopher07@example.net
045259400154,Science,F,V2,5,2013-04-26,128.0,erinmiller@example.org
054371876698,Science,M,V1,5,2013-04-26,93.0,curtis57@example.com
022291179839,Science,X,V2,5,2013-04-26,142.0,ccampbell@example.com
051532654900,Science,M,V1,5,2013-04-26,122.0,xmorton@example.com
062040988864,Science,M,V3,5,2013-04-26,138.0,daniel71@example.com
072099959247,Science,M,V3,5,2013-04-26,100.0,sandralewis@example.org
045420984779,Science,M,V1,5,2013-04-26,85.0,bryan44@example.com
066577660461,Science,F,V3,5,2013-04-26,87.0,maryserrano@example.com
017538600923,Science,F,V2,5,2013-04-26,130.0,abigail75@example.org
073839881264,Science,M,V2,5,2013-04-26,89.0,ibarrabrandy@example.net
096149218181,Science,M,V2,5,2013-04-26,143.0,mnorris@example.org
038362929332,Science,F,V1,5,2013-04-26,138.0,littleteresa@example.org
086197759937,Science,F,V2,5,2013-04-26,99.0,david55@example.com
011518691719,Science,M,V2,5,2013-04-26,137.0,eharper@example.net
075762019439,Science,M,V2,5,2013-04-26,90.0,dominguezcarly@example.org
038087378307,Science,F,V2,5,2013-04-26,142.0,aimee74@example.org
070836502774,Science,M,V3,5,2013-04-26,145.0,stephen21@example.net
032891326778,Science,M,V2,5,2013-04-26,140.0,whitneyjackson@example.org
097830994405,Science,M,V1,5,2013-04-26,146.0,frankjacqueline@example.net
027959937532,Science,M,V3,5,2013-04-26,85.0,fwalker@example.org
081789142983,Science,F,V2,5,2013-04-26,95.0,james28@example.net
029108518918,Science,F,V3,5,2013-04-26,136.0,ambercobb@example.net
026271164767,Science,F,V1,5,2013-04-26,148.0,jeffery95@example.org
049791939598,Science,F,V1,5,2013-04-26,101.0,david72@example.net
039366891020,Science,M,V2,5,2013-04-26,143.0,qgonzalez@example.net
011357659894,Science,F,V2,5,2013-04-26,149.0,wruiz@example.com
093458748904,Science,F,V1,5,2013-04-26,86.0,sjimenez@example.org
043754968757,Science,F,V3,5,2013-04-26,102.0,mestrada@example.com
017921904089,Science,F,V2,5,2013-04-26,138.0,justinlawrence@example.net
055594183969,Science,M,V1,5,2013-04-26,89.0,merrittjacqueline@example.com
016867141783,Science,F,V3,5,2013-04-26,139.0,smithcynthia@example.net
044539705790,Science,F,V3,5,2013-04-26,142.0,campbellann@example.com
049608709927,Science,F,V1,5,2013-04-26,99.0,medinachristopher@example.net
023850557365,Science,M,V2,5,2013-04-26,141.0,tstewart@example.net
082660728285,Science,M,V1,5,2013-04-26,149.0,gonzalezjoseph@example.com
080070153914,Science,M,V2,5,2013-04-26,123.0,chavezrachel@example.net
030024078142,Science,M,V1,5,2013-04-26,126.0,dayrachel@example.org
032887419315,Science,F,V1,5,2013-04-26,135.0,martinezmichael@example.com
044296036599,Science,M,V2,5,2013-04-26,139.0,michael44@example.org
064744246229,Science,F,V1,5,2013-04-26,144.0,callahanstuart@example.net
033251411547,Science,M,V1,5,2013-04-26,120.0,djames@example.org
094978891888,Science,F,V3,5,2013-04-26,117.0,isaacwalker@example.net
068066720978,Science,M,V1,5,2013-04-26,82.0,amandamcgrath@example.net
044402835422,Science,F,V1,5,2013-04-26,118.0,youngstephanie@example.com
014486803281,Science,M,V1,5,2013-04-26,138.0,joann73@example.net
044354116498,Science,F,V1,5,2013-04-26,134.0,martinmisty@example.org
094655164521,Science,F,V1,5,2013-04-26,132.0,clarson@example.org
094277783750,Science,F,V3,5,2013-04-26,91.0,millerkayla@example.net
045420984779,Science,M,V2,5,2013-04-26,91.0,victoria01@example.net
054673729046,Science,F,V3,5,2013-04-26,141.0,shelly26@example.com
042808564843,Science,F,V1,5,2013-04-26,149.0,elizabethholmes@example.org
084384578137,Science,M,V1,5,2013-04-26,145.0,dawn10@example.org
095273363145,Science,F,V1,5,2013-04-26,135.0,courtneyhubbard@example.com
077203650003,Science,M,V3,5,2013-04-26,120.0,melissajohnson@example.com
049449450686,Science,F,V2,5,2013-04-26,82.0,ksmith@example.net
063505796304,Science,F,V2,5,2013-04-26,134.0,lreed@example.org
092898228982,Science,M,V2,5,2013-04-26,98.0,evansscott@example.com
046510198945,Science,F,V1,5,2013-04-26,133.0,hickspaul@example.net
098052080857,Science,F,V3,5,2013-04-26,140.0,xwalter@example.org
017003599307,Science,M,V3,5,2013-04-26,142.0,gilessusan@example.com
085697277370,Science,F,V2,5,2013-04-26,88.0,rachel93@example.com
016569762196,Science,M,V1,5,2013-04-26,144.0,phillipwarner@example.com
067091218923,Science,F,V2,5,2013-04-26,135.0,ewright@example.net
010861286156,Science,M,V3,5,2013-04-26,133.0,davisalicia@example.com
081855506935,Science,F,V3,5,2013-04-26,85.0,andreawhitehead@example.com
071118851983,Science,M,V1,5,2013-04-26,,karenthomas@example.org
046200538696,Science,F,V1,5,2013-04-26,145.0,vblevins@example.net
098478347120,Science,M,V2,5,2013-04-26,140.0,clarkrobin@example.org
096275123944,Science,F,V1,5,2013-04-26,136.0,dsimon@example.com
090497583338,Science,M,V1,5,2013-04-26,142.0,bridgesryan@example.com
017941950486,Science,F,V3,5,2013-04-26,83.0,williamscharles@example.org
078807906665,Science,M,V2,5,2013-04-26,86.0,alan30@example.com
051549105680,Science,M,V1,5,2013-04-26,131.0,walterskelly@example.org
037689196074,Science,M,V1,5,2013-04-26,89.0,dowen@example.com
033965748369,Science,F,V2,5,2013-04-26,89.0,katherine71@example.net
055644999554,Science,F,V3,5,2013-04-26,92.0,jasmine55@example.org
069938093639,Science,M,V1,5,2013-04-26,96.0,torresamanda@example.net
077524989605,Science,M,V3,5,2013-04-26,85.0,dylan98@example.net
024780223641,Science,M,V1,5,2013-04-26,127.0,csmith@example.com
034714619115,Science,F,V2,5,2013-04-26,126.0,bmonroe@example.com
022652143494,Science,M,V2,5,2013-04-26,122.0,howellgregory@example.net
098107407695,Science,F,V2,5,2013-04-26,134.0,gortiz@example.org
087414294315,Science,X,V2,5,2013-04-26,141.0,iwhite@example.net
051679249598,Science,M,V1,5,2013-04-26,87.0,sandersjames@example.org
063099100928,Science,F,V2,5,2013-04-26,134.0,cruzruben@example.net
055070441930,Science,F,V3,5,2013-04-26,120.0,annabailey@example.net
093739686276,Science,F,V3,5,2013-04-26,99.0,padillamichelle@example.com
031623243013,Science,F,V1,5,2013-04-26,120.0,cmartinez@example.net
042580816242,Science,F,V3,5,2013-04-26,123.0,wilsonjason@example.com
086376658174,Science,M,V1,5,2013-04-26,91.0,kdavis@example.org
