Student ID,test name,gender,version,level,test date,Standardised Score,Email
321890783323,English,F,V3,4,2018-04-23 00:00:00,136.0,ylowe@example.org
258191155343,English,M,V2,4,2018-04-23 00:00:00,132.0,johnsonmartha@example.org
617327443335,English,F,V2,4,2018-04-23 00:00:00,137.0,zscott@example.org
579570195922,English,M,V3,4,2018-04-23 00:00:00,90.0,joserichmond@example.net
387868290580,English,F,V1,4,2018-04-23 00:00:00,91.0,lmiranda@example.org
410367316630,English,M,V2,4,2018-04-23 00:00:00,129.0,victoria47@example.org
802995710596,English,M,V1,4,2018-04-23 00:00:00,87.0,christy62@example.org
956942817135,English,M,V3,4,2018-04-23 00:00:00,85.0,caseybecky@example.net
367271156342,English,F,V1,4,2018-04-23 00:00:00,134.0,brucesummers@example.com
757644635997,English,F,V3,4,2018-04-23 00:00:00,99.0,dbrown@example.com
523446037234,English,M,V3,4,2018-04-23 00:00:00,134.0,huynhjulia@example.com
431483254729,English,F,V3,4,2018-04-23 00:00:00,137.0,jessicabennett@example.org
507677323659,English,F,V2,4,2018-04-23 00:00:00,86.0,denniskennedy@example.com
598092075150,English,F,V3,4,2018-04-23 00:00:00,137.0,meghanjones@example.net
649490623880,English,F,V1,4,2018-04-23 00:00:00,146.0,eclark@example.com
130335680067,English,M,V2,4,2018-04-23 00:00:00,133.0,gabrielle25@example.net
755383853893,English,F,V1,4,2018-04-23 00:00:00,98.0,markbautista@example.org
760554060113,English,M,V3,4,2018-04-23 00:00:00,124.0,jessica14@example.com
566707854079,English,F,V1,4,2018-04-23 00:00:00,95.0,ochoaallison@example.org
362867423718,English,F,V1,4,2018-04-23 00:00:00,148.0,pattersonhunter@example.net
324848417999,English,M,V1,4,2018-04-23 00:00:00,96.0,jeremyparrish@example.org
444028354223,English,F,V2,4,2018-04-23 00:00:00,132.0,victorcarter@example.org
706960891504,English,M,V1,4,2018-04-23 00:00:00,144.0,jvincent@example.org
207017855461,English,M,V1,4,2018-04-23 00:00:00,131.0,nolanchristina@example.net
261840366863,English,F,V3,4,2018-04-23 00:00:00,140.0,john64@example.org
327235830011,English,M,V3,4,2018-04-23 00:00:00,122.0,uaustin@example.org
247650929030,English,F,V2,4,2018-04-23 00:00:00,132.0,kaitlyn89@example.com
456170470651,English,F,V3,4,2018-04-23 00:00:00,131.0,ann06@example.com
116532145167,English,M,V3,4,2018-04-23 00:00:00,133.0,christopherharvey@example.com
398486966341,English,F,V1,4,2018-04-23 00:00:00,98.0,foxsteven@example.org
258773861652,English,M,V2,4,2018-04-23 00:00:00,88.0,sean89@example.com
415855450118,English,F,V1,4,2018-04-23 00:00:00,135.0,richard94@example.org
328874193152,English,F,V2,4,2018-04-23 00:00:00,140.0,philip96@example.com
614545132668,English,F,V3,4,2018-04-23 00:00:00,140.0,emilymitchell@example.com
461971530366,English,F,V2,4,2018-04-23 00:00:00,141.0,churchjohn@example.com
414564525249,English,M,V1,4,2018-04-23 00:00:00,141.0,richard02@example.com
757644635997,English,M,V2,4,2018-04-23 00:00:00,97.0,hwolfe@example.org
861977599371,English,M,V1,4,2018-04-23 00:00:00,101.0,padillajames@example.com
665855910632,English,M,V3,4,2018-04-23 00:00:00,142.0,jennifersmith@example.net
954604144816,English,X,V2,4,2018-04-23 00:00:00,137.0,jasonking@example.org
482501439823,English,M,V1,4,2018-04-23 00:00:00,136.0,raymond72@example.org
391975168948,English,F,V1,4,2018-04-23 00:00:00,101.0,bradthompson@example.com
847599770631,English,F,V2,4,2018-04-23 00:00:00,97.0,higginsjason@example.org
951468915745,English,F,V1,4,2018-04-23 00:00:00,95.0,jonathanbowman@example.com
255139358288,English,M,V2,4,2018-04-23 00:00:00,144.0,anthonymitchell@example.net
350775183168,English,F,V3,4,2018-04-23 00:00:00,145.0,reynoldsdouglas@example.org
602437568728,English,F,V3,4,2018-04-23 00:00:00,148.0,walkertimothy@example.net
129979664242,English,M,V3,4,2018-04-23 00:00:00,88.0,elizabethgreene@example.net
415971713082,English,M,V2,4,2018-04-23 00:00:00,133.0,danielhughes@example.net
616186709613,English,F,V3,4,2018-04-23 00:00:00,142.0,igarza@example.org
978558336093,English,M,V2,4,2018-04-23 00:00:00,92.0,deanna76@example.org
632606562991,English,M,V2,4,2018-04-23 00:00:00,141.0,alexandra92@example.net
870748857534,English,M,V3,4,2018-04-23 00:00:00,93.0,sbrown@example.com
323150413641,English,F,V2,4,2018-04-23 00:00:00,119.0,rebeccareed@example.com
146216477983,English,F,V1,4,2018-04-23 00:00:00,149.0,jessicachan@example.com
347624397929,English,F,V1,4,2018-04-23 00:00:00,94.0,alexandria88@example.org
759271336810,English,M,V3,4,2018-04-23 00:00:00,140.0,erinmccullough@example.com
377852794893,English,M,V2,4,2018-04-23 00:00:00,98.0,jenniferwalker@example.com
409396850660,English,F,V2,4,2018-04-23 00:00:00,145.0,waltersmary@example.com
195416871132,English,M,V2,4,2018-04-23 00:00:00,134.0,roberttaylor@example.org
546737290466,English,M,V3,4,2018-04-23 00:00:00,145.0,lindsey87@example.org
999701122017,English,F,V3,4,2018-04-23 00:00:00,136.0,joseph69@example.net
964234772710,English,F,V3,4,2018-04-23 00:00:00,140.0,craigreid@example.com
904545043683,English,F,V3,4,2018-04-23 00:00:00,141.0,lisa78@example.org
516792495981,English,F,V1,4,2018-04-23 00:00:00,93.0,tonibrown@example.com
264913135586,English,M,V3,4,2018-04-23 00:00:00,141.0,kathleen81@example.com
857022426358,English,M,V3,4,2018-04-23 00:00:00,137.0,ofields@example.com
561983385364,English,M,V3,4,2018-04-23 00:00:00,88.0,hayley39@example.net
397649310601,English,M,V1,4,2018-04-23 00:00:00,137.0,warrendakota@example.org
235034883649,English,X,V1,4,2018-04-23 00:00:00,145.0,hahnrichard@example.net
399524923531,English,M,V3,4,2018-04-23 00:00:00,142.0,erika00@example.com
566707854079,English,M,V2,4,2018-04-23 00:00:00,89.0,lindsaymcgee@example.com
564721054914,English,M,V3,4,2018-04-23 00:00:00,137.0,andrew77@example.com
572891644036,English,F,V3,4,2018-04-23 00:00:00,146.0,david35@example.org
920552768528,English,F,V1,4,2018-04-23 00:00:00,149.0,parsonsalyssa@example.com
306050126508,English,F,V1,4,2018-04-23 00:00:00,123.0,adamtran@example.org
422562444433,English,F,V3,4,2018-04-23 00:00:00,131.0,megan35@example.com
109434092828,English,M,V2,4,2018-04-23 00:00:00,138.0,andersoncourtney@example.com
355082575001,English,M,V1,4,2018-04-23 00:00:00,128.0,zoe66@example.net
131501500951,English,F,V1,4,2018-04-23 00:00:00,,michaelgonzalez@example.org
912340027518,English,M,V1,4,2018-04-23 00:00:00,127.0,zlee@example.com
847794245022,English,F,V3,4,2018-04-23 00:00:00,139.0,marytownsend@example.org
880973025055,English,M,V3,4,2018-04-23 00:00:00,143.0,hortongina@example.net
546183080069,English,F,V1,4,2018-04-23 00:00:00,138.0,donaldsonbrian@example.com
506969828065,English,F,V3,4,2018-04-23 00:00:00,94.0,conwayashley@example.org
751369012557,English,F,V2,4,2018-04-23 00:00:00,142.0,sandra42@example.com
712070262774,English,F,V1,4,2018-04-23 00:00:00,135.0,tracycooper@example.net
907815399136,English,M,V3,4,2018-04-23 00:00:00,89.0,davismiguel@example.com
313777877042,English,M,V1,4,2018-04-23 00:00:00,146.0,kevin24@example.net
750575008239,English,M,V1,4,2018-04-23 00:00:00,136.0,mclark@example.net
135732060444,English,M,V2,4,2018-04-23 00:00:00,124.0,jill66@example.org
752789854615,English,M,V1,4,2018-04-23 00:00:00,95.0,emily14@example.com
983615001885,English,F,V2,4,2018-04-23 00:00:00,145.0,randykennedy@example.org
986759336536,English,M,V2,4,2018-04-23 00:00:00,95.0,matthewthompson@example.com
579570195922,English,M,V2,4,2018-04-23 00:00:00,90.0,christophermartin@example.org
459092679393,English,F,V2,4,2018-04-23 00:00:00,93.0,obriensandra@example.com
609427474536,English,M,V1,4,2018-04-23 00:00:00,148.0,baileykristin@example.com
474187816990,English,X,V1,4,2018-04-23 00:00:00,89.0,marcus55@example.org
328375101686,English,M,V1,4,2018-04-23 00:00:00,138.0,henryrhonda@example.com
261490311366,English,M,V3,4,2018-04-23 00:00:00,130.0,christinasnyder@example.org
339704125921,English,M,V2,4,2018-04-23 00:00:00,135.0,hollypena@example.net
546183080069,English,F,V3,4,2018-04-23 00:00:00,139.0,georgepowell@example.com
345594312626,English,M,V3,4,2018-04-23 00:00:00,139.0,iburke@example.net
380407569981,English,M,V3,4,2018-04-23 00:00:00,85.0,jose24@example.com
807081533097,English,F,V1,4,2018-04-23 00:00:00,139.0,smcdonald@example.com
511230936281,English,X,V1,4,2018-04-23 00:00:00,127.0,griffinpatrick@example.net
181944925455,English,F,V1,4,2018-04-23 00:00:00,147.0,johnathangarcia@example.net
296761860646,English,M,V3,4,2018-04-23 00:00:00,86.0,kristen83@example.net
268448212706,English,M,V1,4,2018-04-23 00:00:00,138.0,robert95@example.org
445397057904,English,M,V3,4,2018-04-23 00:00:00,148.0,amy50@example.net
390361546218,English,M,V1,4,2018-04-23 00:00:00,135.0,carlos74@example.net
539351225347,English,M,V3,4,2018-04-23 00:00:00,137.0,mckaydavid@example.org
813227487612,English,F,V3,4,2018-04-23 00:00:00,141.0,nochoa@example.org
927566596806,English,F,V3,4,2018-04-23 00:00:00,95.0,phillipsjasmin@example.net
478154369913,English,M,V2,4,2018-04-23 00:00:00,88.0,lisapark@example.org
264684202707,English,M,V3,4,2018-04-23 00:00:00,134.0,julieolson@example.net
987618367012,English,F,V1,4,2018-04-23 00:00:00,149.0,henryroth@example.net
739206555286,English,F,V2,4,2018-04-23 00:00:00,149.0,nbrooks@example.org
735990340761,English,M,V3,4,2018-04-23 00:00:00,143.0,leonanthony@example.org
680250005204,English,F,V3,4,2018-04-23 00:00:00,123.0,williamsonkevin@example.com
335304350113,English,M,V2,4,2018-04-23 00:00:00,118.0,wweber@example.org
736261556442,English,F,V3,4,2018-04-23 00:00:00,141.0,angelwarren@example.org
272755343854,English,F,V3,4,2018-04-23 00:00:00,145.0,douglasfuentes@example.com
530582942221,English,F,V3,4,2018-04-23 00:00:00,133.0,ronald14@example.org
995031254388,English,F,V2,4,2018-04-23 00:00:00,145.0,coffeyronnie@example.org
218840314569,English,M,V1,4,2018-04-23 00:00:00,137.0,bakermichelle@example.net
133126427843,English,F,V3,4,2018-04-23 00:00:00,132.0,fchambers@example.net
195750664519,English,F,V1,4,2018-04-23 00:00:00,147.0,sedwards@example.net
708956198317,English,M,V1,4,2018-04-23 00:00:00,91.0,nwheeler@example.org
419987044057,English,M,V3,4,2018-04-23 00:00:00,149.0,jasonjennings@example.org
364400948212,English,F,V2,4,2018-04-23 00:00:00,129.0,whitematthew@example.org
240848899109,English,M,V1,4,2018-04-23 00:00:00,88.0,qshort@example.net
345785542032,English,F,V1,4,2018-04-23 00:00:00,134.0,vbutler@example.com
156713786431,English,F,V1,4,2018-04-23 00:00:00,143.0,uharper@example.net
270905683007,English,F,V3,4,2018-04-23 00:00:00,135.0,matthewbarnes@example.com
373605081332,English,F,V3,4,2018-04-23 00:00:00,132.0,qgomez@example.org
238308614937,English,F,V2,4,2018-04-23 00:00:00,141.0,hgreer@example.org
542613700187,English,F,V2,4,2018-04-23 00:00:00,135.0,alandalton@example.com
804164123414,English,M,V2,4,2018-04-23 00:00:00,129.0,anelson@example.com
711484220257,English,M,V1,4,2018-04-23 00:00:00,134.0,hgreene@example.org
943444182661,English,M,V1,4,2018-04-23 00:00:00,142.0,nicholas03@example.net
198245753201,English,M,V2,4,2018-04-23 00:00:00,138.0,wallermatthew@example.com
628312481062,English,F,V3,4,2018-04-23 00:00:00,134.0,ndunn@example.org
324184494290,English,M,V2,4,2018-04-23 00:00:00,137.0,lopezbreanna@example.org
874057911144,English,F,V2,4,2018-04-23 00:00:00,138.0,rebeccapotter@example.com
914933443300,English,X,V2,4,2018-04-23 00:00:00,134.0,robertharrington@example.net
448337139138,English,F,V1,4,2018-04-23 00:00:00,142.0,james50@example.org
530507574316,English,M,V2,4,2018-04-23 00:00:00,136.0,ryanliu@example.net
514869132666,English,M,V1,4,2018-04-23 00:00:00,146.0,butlerscott@example.org
261840366863,English,M,V2,4,2018-04-23 00:00:00,141.0,thomas12@example.com
299004417023,English,M,V1,4,2018-04-23 00:00:00,129.0,oneilljared@example.net
228896238005,English,F,V3,4,2018-04-23 00:00:00,140.0,adam24@example.net
380407569981,English,M,V1,4,2018-04-23 00:00:00,88.0,sarahmoore@example.org
897691417566,English,M,V2,4,2018-04-23 00:00:00,95.0,clifford53@example.com
633188679818,English,M,V2,4,2018-04-23 00:00:00,97.0,melissa33@example.com
180744484370,English,F,V3,4,2018-04-23 00:00:00,137.0,kdominguez@example.org
328375101686,English,F,V2,4,2018-04-23 00:00:00,139.0,dakotamorales@example.org
380558201210,English,M,V2,4,2018-04-23 00:00:00,121.0,garciajulie@example.net
215571043913,English,X,V3,4,2018-04-23 00:00:00,126.0,ularsen@example.net
802995710596,English,F,V2,4,2018-04-23 00:00:00,92.0,shawdonna@example.net
783825864272,English,F,V2,4,2018-04-23 00:00:00,88.0,nsimmons@example.com
257932054469,English,F,V2,4,2018-04-23 00:00:00,146.0,aperez@example.net
777230018990,English,M,V3,4,2018-04-23 00:00:00,140.0,watsondavid@example.com
922176535737,English,M,V1,4,2018-04-23 00:00:00,142.0,james34@example.org
590659177323,English,M,V3,4,2018-04-23 00:00:00,148.0,jeff42@example.org
510984644816,English,M,V2,4,2018-04-23 00:00:00,143.0,darren29@example.com
886468789798,English,F,V1,4,2018-04-23 00:00:00,118.0,lee05@example.com
780792154862,English,M,V2,4,2018-04-23 00:00:00,150.0,zheath@example.com
730225077057,English,F,V2,4,2018-04-23 00:00:00,131.0,ashley97@example.com
371876254810,English,F,V2,4,2018-04-23 00:00:00,142.0,ghudson@example.org
829311730574,English,M,V3,4,2018-04-23 00:00:00,138.0,phardy@example.com
367667056841,English,F,V2,4,2018-04-23 00:00:00,144.0,ybryant@example.org
317858181074,English,F,V2,4,2018-04-23 00:00:00,144.0,brianna83@example.com
494176988527,English,F,V1,4,2018-04-23 00:00:00,96.0,glewis@example.org
993714264009,English,F,V1,4,2018-04-23 00:00:00,143.0,kingstephanie@example.com
784243118192,English,F,V3,4,2018-04-23 00:00:00,136.0,darryl76@example.com
412534655423,English,M,V1,4,2018-04-23 00:00:00,132.0,michael58@example.org
676033032459,English,M,V3,4,2018-04-23 00:00:00,133.0,leon11@example.org
512668325659,English,F,V1,4,2018-04-23 00:00:00,144.0,sarah47@example.net
847969577704,English,F,V1,4,2018-04-23 00:00:00,104.0,olopez@example.org
250351075528,English,M,V2,4,2018-04-23 00:00:00,132.0,efreeman@example.net
238663051405,English,F,V2,4,2018-04-23 00:00:00,132.0,mitchelldenise@example.com
845598550161,English,M,V1,4,2018-04-23 00:00:00,143.0,sean21@example.net
992771766298,English,F,V1,4,2018-04-23 00:00:00,99.0,williamstheresa@example.com
856182001421,English,M,V2,4,2018-04-23 00:00:00,124.0,samanthaporter@example.org
601297255427,English,M,V1,4,2018-04-23 00:00:00,139.0,larry96@example.com
837455800184,English,F,V3,4,2018-04-23 00:00:00,140.0,vincent13@example.net
886930851739,English,M,V2,4,2018-04-23 00:00:00,92.0,wardchristopher@example.net
410292996200,English,M,V1,4,2018-04-23 00:00:00,131.0,rodney16@example.org
574281235939,English,M,V2,4,2018-04-23 00:00:00,149.0,michael54@example.com
567807696272,English,F,V2,4,2018-04-23 00:00:00,90.0,asmith@example.org
892551338730,English,M,V2,4,2018-04-23 00:00:00,142.0,wdaniels@example.org
663617817040,English,M,V1,4,2018-04-23 00:00:00,140.0,adam35@example.net
891854770781,English,M,V1,4,2018-04-23 00:00:00,91.0,nunezrachel@example.org
612371925154,English,F,V1,4,2018-04-23 00:00:00,134.0,brandon67@example.com
930918734277,English,F,V3,4,2018-04-23 00:00:00,86.0,timothy83@example.net
670912189234,English,F,V3,4,2018-04-23 00:00:00,141.0,ialexander@example.net
815643969263,English,F,V1,4,2018-04-23 00:00:00,89.0,amy37@example.com
748107158234,English,M,V2,4,2018-04-23 00:00:00,138.0,xlewis@example.com
672360750524,English,M,V3,4,2018-04-23 00:00:00,132.0,meghancuevas@example.net
200184075356,English,M,V1,4,2018-04-23 00:00:00,129.0,gtorres@example.com
612358383535,English,F,V1,4,2018-04-23 00:00:00,139.0,grichardson@example.com
515326549002,English,F,V3,4,2018-04-23 00:00:00,131.0,christophergreen@example.net
229415078508,English,F,V1,4,2018-04-23 00:00:00,137.0,wattspatricia@example.org
335353884322,English,F,V3,4,2018-04-23 00:00:00,136.0,murphyjose@example.org
457012891370,English,F,V1,4,2018-04-23 00:00:00,132.0,tmurray@example.com
489458531551,English,F,V2,4,2018-04-23 00:00:00,148.0,sarahthomas@example.org
950187936802,English,F,V3,4,2018-04-23 00:00:00,143.0,smithjustin@example.net
462005386966,English,F,V3,4,2018-04-23 00:00:00,143.0,brewerlindsay@example.com
343787794306,English,M,V2,4,2018-04-23 00:00:00,87.0,baxtertaylor@example.com
875172640408,English,M,V3,4,2018-04-23 00:00:00,142.0,jlopez@example.org
813085142951,English,F,V2,4,2018-04-23 00:00:00,135.0,ocannon@example.net
459841769791,English,F,V1,4,2018-04-23 00:00:00,96.0,bnichols@example.net
146216477983,English,F,V3,4,2018-04-23 00:00:00,144.0,cgomez@example.com
519329504956,English,F,V2,4,2018-04-23 00:00:00,148.0,gcastillo@example.net
474054262849,English,M,V3,4,2018-04-23 00:00:00,140.0,burkephillip@example.com
829311730574,English,F,V3,4,2018-04-23 00:00:00,141.0,newtonchristopher@example.net
375728191724,English,M,V3,4,2018-04-23 00:00:00,145.0,anthony66@example.org
495019945100,English,M,V1,4,2018-04-23 00:00:00,137.0,emily63@example.org
346523009829,English,F,V3,4,2018-04-23 00:00:00,137.0,jacksonbrett@example.com
468262120900,English,F,V2,4,2018-04-23 00:00:00,128.0,johnhicks@example.org
246787003533,English,M,V1,4,2018-04-23 00:00:00,138.0,qschneider@example.org
870294346539,English,M,V1,4,2018-04-23 00:00:00,90.0,kevinyang@example.org
359314140022,English,M,V2,4,2018-04-23 00:00:00,119.0,calvinmanning@example.com
339280778711,English,F,V2,4,2018-04-23 00:00:00,,allison27@example.com
817331538465,English,M,V1,4,2018-04-23 00:00:00,141.0,obrienjoan@example.org
228530526066,English,M,V3,4,2018-04-23 00:00:00,135.0,regina92@example.org
519122103606,English,F,V3,4,2018-04-23 00:00:00,127.0,john98@example.net
577787079813,English,M,V3,4,2018-04-23 00:00:00,97.0,goulddylan@example.com
712070102851,English,F,V1,4,2018-04-23 00:00:00,122.0,vmiller@example.net
852444877493,English,F,V2,4,2018-04-23 00:00:00,96.0,mark78@example.com
151614008562,English,F,V2,4,2018-04-23 00:00:00,126.0,garrettrichard@example.com
130790959637,English,X,V1,4,2018-04-23 00:00:00,148.0,brianwyatt@example.net
441056458576,English,M,V2,4,2018-04-23 00:00:00,144.0,victoriarangel@example.net
249310833886,English,F,V2,4,2018-04-23 00:00:00,143.0,kwarren@example.com
473749929778,English,M,V1,4,2018-04-23 00:00:00,103.0,pparker@example.net
770070551863,English,F,V2,4,2018-04-23 00:00:00,134.0,nhawkins@example.com
973957520331,English,F,V2,4,2018-04-23 00:00:00,144.0,fmeyer@example.com
206290180672,English,F,V3,4,2018-04-23 00:00:00,132.0,victoria68@example.com
966042984688,English,M,V1,4,2018-04-23 00:00:00,96.0,valenciaelizabeth@example.net
814681208219,English,M,V1,4,2018-04-23 00:00:00,,xlee@example.org
201181679983,English,M,V3,4,2018-04-23 00:00:00,145.0,wfuentes@example.org
116191481900,English,M,V1,4,2018-04-23 00:00:00,132.0,feliciawashington@example.net
963373733716,English,M,V2,4,2018-04-23 00:00:00,148.0,conniefisher@example.org
536194808649,English,M,V2,4,2018-04-23 00:00:00,89.0,gutierrezivan@example.net
511230936281,English,F,V3,4,2018-04-23 00:00:00,128.0,shane77@example.org
831421616619,English,M,V1,4,2018-04-23 00:00:00,138.0,lpayne@example.org
847907320716,English,M,V2,4,2018-04-23 00:00:00,143.0,jeffersonchristina@example.net
158551709205,English,F,V2,4,2018-04-23 00:00:00,136.0,monica34@example.org
818722023391,English,F,V1,4,2018-04-23 00:00:00,131.0,morrowbrandon@example.org
197361954170,English,F,V2,4,2018-04-23 00:00:00,142.0,dianabell@example.com
287945878210,English,F,V2,4,2018-04-23 00:00:00,90.0,wheelerrobert@example.org
611238074220,English,F,V1,4,2018-04-23 00:00:00,121.0,whitedavid@example.com
863304856263,English,M,V1,4,2018-04-23 00:00:00,144.0,lmyers@example.com
831594529108,English,M,V2,4,2018-04-23 00:00:00,146.0,catherine22@example.com
172575046893,English,M,V1,4,2018-04-23 00:00:00,146.0,theresaperez@example.net
228896238005,English,F,V3,4,2018-04-23 00:00:00,143.0,collinsclifford@example.org
273333726691,English,M,V1,4,2018-04-23 00:00:00,142.0,oadkins@example.com
258191155343,English,M,V3,4,2018-04-23 00:00:00,135.0,jeremywarren@example.org
470316866734,English,M,V3,4,2018-04-23 00:00:00,145.0,rachel77@example.net
137824943594,English,F,V3,4,2018-04-23 00:00:00,144.0,haynesdaniel@example.net
419711119705,English,F,V3,4,2018-04-23 00:00:00,131.0,melissawilliams@example.net
965640348608,English,M,V3,4,2018-04-23 00:00:00,148.0,ryanadams@example.org
501242803005,English,F,V3,4,2018-04-23 00:00:00,120.0,lawrencejohnson@example.com
491960747817,English,M,V1,4,2018-04-23 00:00:00,90.0,phillipsnatasha@example.com
748603223565,English,F,V2,4,2018-04-23 00:00:00,137.0,jacob97@example.com
212021814743,English,F,V2,4,2018-04-23 00:00:00,126.0,vfaulkner@example.org
306615000086,English,F,V3,4,2018-04-23 00:00:00,126.0,nicolebooth@example.org
489150739642,English,F,V1,4,2018-04-23 00:00:00,145.0,cduran@example.net
680016179863,English,X,V2,4,2018-04-23 00:00:00,140.0,curtisrodriguez@example.org
986448442872,English,M,V1,4,2018-04-23 00:00:00,94.0,zmacdonald@example.org
514985281490,English,F,V1,4,2018-04-23 00:00:00,142.0,esanchez@example.org
533313459878,English,F,V1,4,2018-04-23 00:00:00,147.0,danielhuynh@example.net
613738722777,English,F,V2,4,2018-04-23 00:00:00,91.0,thomasfrench@example.net
915017388255,English,M,V1,4,2018-04-23 00:00:00,140.0,rachel44@example.net
480377303795,English,F,V1,4,2018-04-23 00:00:00,145.0,thompsoncarl@example.org
732330451010,English,F,V1,4,2018-04-23 00:00:00,117.0,jamie47@example.com
295794216263,English,F,V1,4,2018-04-23 00:00:00,141.0,powellwillie@example.org
839096875967,English,M,V3,4,2018-04-23 00:00:00,106.0,gerald85@example.net
458353074481,English,F,V2,4,2018-04-23 00:00:00,139.0,mfernandez@example.net
748637509094,English,M,V2,4,2018-04-23 00:00:00,93.0,scottspears@example.com
347624397929,English,M,V2,4,2018-04-23 00:00:00,92.0,wendy41@example.com
831580359984,English,M,V2,4,2018-04-23 00:00:00,93.0,joseph31@example.com
773873971338,English,M,V2,4,2018-04-23 00:00:00,92.0,david50@example.com
129979664242,English,F,V1,4,2018-04-23 00:00:00,86.0,ashley59@example.net
758432976883,English,M,V1,4,2018-04-23 00:00:00,101.0,george85@example.org
816831501289,English,F,V3,4,2018-04-23 00:00:00,141.0,morgantorres@example.com
230587565331,English,X,V2,4,2018-04-23 00:00:00,134.0,gonzalezemily@example.net
813177934349,English,M,V2,4,2018-04-23 00:00:00,,stevenhogan@example.com
109434092828,English,M,V3,4,2018-04-23 00:00:00,141.0,ymitchell@example.com
375548779343,English,M,V3,4,2018-04-23 00:00:00,91.0,olsenstefanie@example.com
855341234799,English,F,V2,4,2018-04-23 00:00:00,90.0,ptorres@example.com
831830403696,English,F,V1,4,2018-04-23 00:00:00,137.0,davidweaver@example.net
310140671936,English,F,V1,4,2018-04-23 00:00:00,127.0,oconnorvincent@example.org
346200966169,English,F,V3,4,2018-04-23 00:00:00,139.0,huntchristine@example.com
785596203827,English,F,V3,4,2018-04-23 00:00:00,92.0,jeremy41@example.net
878771432481,English,F,V3,4,2018-04-23 00:00:00,91.0,philipwiggins@example.com
219679651504,English,F,V1,4,2018-04-23 00:00:00,146.0,robertlee@example.org
729189200998,English,F,V3,4,2018-04-23 00:00:00,89.0,ichase@example.org
600073863335,English,F,V1,4,2018-04-23 00:00:00,134.0,perezsara@example.com
880799057992,English,F,V2,4,2018-04-23 00:00:00,100.0,leelinda@example.org
659065579796,English,F,V2,4,2018-04-23 00:00:00,102.0,heidi08@example.org
572521574352,English,F,V2,4,2018-04-23 00:00:00,135.0,susannunez@example.org
476124712882,English,F,V2,4,2018-04-23 00:00:00,140.0,davidparsons@example.net
377632208215,English,M,V1,4,2018-04-23 00:00:00,131.0,garyguzman@example.com
563537496369,English,M,V3,4,2018-04-23 00:00:00,91.0,russellkelly@example.com
637532660028,English,X,V2,4,2018-04-23 00:00:00,137.0,popejasmin@example.com
153832294067,English,M,V1,4,2018-04-23 00:00:00,140.0,epatterson@example.net
790719735403,English,F,V1,4,2018-04-23 00:00:00,142.0,smithjessica@example.com
936794991159,English,F,V2,4,2018-04-23 00:00:00,97.0,mtaylor@example.com
432572078615,English,M,V1,4,2018-04-23 00:00:00,137.0,sparksamanda@example.org
139424792209,English,M,V3,4,2018-04-23 00:00:00,139.0,heathmonique@example.com
354306530808,English,F,V3,4,2018-04-23 00:00:00,131.0,qbell@example.com
968786219299,English,M,V2,4,2018-04-23 00:00:00,102.0,ryan17@example.net
950774625428,English,M,V3,4,2018-04-23 00:00:00,148.0,nancy95@example.org
619867334413,English,M,V1,4,2018-04-23 00:00:00,142.0,bernard51@example.net
191199639060,English,M,V3,4,2018-04-23 00:00:00,142.0,jeffrey60@example.net
133515504933,English,M,V1,4,2018-04-23 00:00:00,127.0,hamiltonjennifer@example.com
903070589266,English,F,V1,4,2018-04-23 00:00:00,142.0,jmccann@example.com
777729532052,English,F,V3,4,2018-04-23 00:00:00,141.0,diana39@example.org
839117039394,English,F,V1,4,2018-04-23 00:00:00,142.0,pperez@example.net
633903665766,English,F,V2,4,2018-04-23 00:00:00,85.0,emma96@example.org
512668325659,English,M,V2,4,2018-04-23 00:00:00,146.0,joshua39@example.org
368936061203,English,F,V1,4,2018-04-23 00:00:00,134.0,terrance69@example.org
818220754698,English,F,V2,4,2018-04-23 00:00:00,88.0,mperez@example.net
261681445534,English,M,V3,4,2018-04-23 00:00:00,,wstewart@example.net
643368095351,English,F,V3,4,2018-04-23 00:00:00,143.0,jprice@example.net
189531137269,English,F,V2,4,2018-04-23 00:00:00,140.0,jason35@example.net
469507815789,English,M,V2,4,2018-04-23 00:00:00,100.0,pamelawillis@example.com
108211186515,English,M,V1,4,2018-04-23 00:00:00,125.0,wjones@example.com
257947621570,English,M,V3,4,2018-04-23 00:00:00,144.0,rodneyhouston@example.net
572340576596,English,M,V3,4,2018-04-23 00:00:00,145.0,julie04@example.com
914933443300,English,F,V3,4,2018-04-23 00:00:00,133.0,sharonhall@example.org
854523785284,English,M,V2,4,2018-04-23 00:00:00,86.0,fdillon@example.net
665776604618,English,M,V1,4,2018-04-23 00:00:00,92.0,jeffery26@example.org
657966878527,English,M,V2,4,2018-04-23 00:00:00,106.0,joshuaward@example.com
173073380777,English,F,V3,4,2018-04-23 00:00:00,143.0,apriltucker@example.net
266794421880,English,F,V1,4,2018-04-23 00:00:00,147.0,rodriguezvicki@example.org
751440339143,English,F,V2,4,2018-04-23 00:00:00,129.0,ryan50@example.com
969849332500,English,F,V1,4,2018-04-23 00:00:00,148.0,bgentry@example.com
200184075356,English,M,V3,4,2018-04-23 00:00:00,131.0,stoutdavid@example.com
239778358005,English,M,V3,4,2018-04-23 00:00:00,148.0,tcarroll@example.com
683188355180,English,M,V3,4,2018-04-23 00:00:00,144.0,brownkatrina@example.com
717935760884,English,M,V1,4,2018-04-23 00:00:00,92.0,ibarradonna@example.org
569978269729,English,F,V2,4,2018-04-23 00:00:00,110.0,brian11@example.com
291085189182,English,F,V2,4,2018-04-23 00:00:00,141.0,bbrennan@example.org
569116599791,English,M,V1,4,2018-04-23 00:00:00,96.0,warnold@example.net
779194837362,English,F,V1,4,2018-04-23 00:00:00,95.0,ebeasley@example.net
978433193062,English,M,V3,4,2018-04-23 00:00:00,144.0,rosalesleah@example.org
583636192434,English,M,V1,4,2018-04-23 00:00:00,140.0,kramerjoann@example.net
271383274773,English,F,V1,4,2018-04-23 00:00:00,144.0,sandra83@example.com
852404705028,English,M,V2,4,2018-04-23 00:00:00,133.0,chenchristopher@example.com
966064789136,English,F,V2,4,2018-04-23 00:00:00,92.0,alan43@example.com
253256534203,English,F,V1,4,2018-04-23 00:00:00,127.0,owensadam@example.net
476351755841,English,F,V3,4,2018-04-23 00:00:00,141.0,kempcharles@example.net
336877886920,English,F,V2,4,2018-04-23 00:00:00,95.0,kenneth08@example.com
316954708901,English,F,V3,4,2018-04-23 00:00:00,142.0,jacqueline68@example.net
638020679188,English,F,V3,4,2018-04-23 00:00:00,145.0,laurendawson@example.org
816831501289,English,F,V3,4,2018-04-23 00:00:00,142.0,francisco89@example.net
412893629990,English,F,V1,4,2018-04-23 00:00:00,89.0,shelbytucker@example.com
547261816668,English,M,V3,4,2018-04-23 00:00:00,85.0,lesliemelton@example.net
251452744024,English,M,V3,4,2018-04-23 00:00:00,130.0,melissa72@example.net
820018948814,English,F,V3,4,2018-04-23 00:00:00,140.0,kennethmorales@example.org
926306288141,English,F,V3,4,2018-04-23 00:00:00,137.0,jennifer80@example.net
577222061942,English,M,V3,4,2018-04-23 00:00:00,137.0,usmith@example.net
747115969028,English,F,V1,4,2018-04-23 00:00:00,149.0,johnsonkara@example.org
807089258632,English,F,V1,4,2018-04-23 00:00:00,145.0,davisjeffrey@example.com
747435685181,English,M,V3,4,2018-04-23 00:00:00,145.0,umorrow@example.net
767215507983,English,F,V2,4,2018-04-23 00:00:00,90.0,jameswoodard@example.com
751444227923,English,M,V2,4,2018-04-23 00:00:00,137.0,john12@example.com
630606109976,English,M,V3,4,2018-04-23 00:00:00,138.0,nelsonwilliam@example.com
348785523924,English,F,V1,4,2018-04-23 00:00:00,88.0,christinaneal@example.org
891596578842,English,F,V3,4,2018-04-23 00:00:00,100.0,guerrakeith@example.org
461722746532,English,M,V2,4,2018-04-23 00:00:00,140.0,dross@example.com
273558687098,English,F,V3,4,2018-04-23 00:00:00,98.0,kristinajacobson@example.com
494655129796,English,M,V1,4,2018-04-23 00:00:00,98.0,valerie87@example.com
963309332434,English,M,V1,4,2018-04-23 00:00:00,137.0,dharvey@example.com
258524364887,English,F,V3,4,2018-04-23 00:00:00,87.0,lauriehammond@example.com
253724448595,English,M,V1,4,2018-04-23 00:00:00,144.0,timothy55@example.org
952733631455,English,M,V2,4,2018-04-23 00:00:00,140.0,yleon@example.com
276705044267,English,M,V1,4,2018-04-23 00:00:00,138.0,kyle79@example.com
194514940133,English,F,V3,4,2018-04-23 00:00:00,130.0,gallegosbriana@example.com
706700675532,English,F,V3,4,2018-04-23 00:00:00,133.0,rachaelsolis@example.com
194909189019,English,M,V1,4,2018-04-23 00:00:00,91.0,iavery@example.org
491960747817,English,F,V1,4,2018-04-23 00:00:00,90.0,haynessandra@example.net
361881228974,English,F,V2,4,2018-04-23 00:00:00,148.0,lyonselizabeth@example.net
980869396854,English,M,V3,4,2018-04-23 00:00:00,100.0,xwatson@example.org
890052542822,English,M,V3,4,2018-04-23 00:00:00,133.0,ojones@example.net
338228665242,English,F,V3,4,2018-04-23 00:00:00,138.0,arielphillips@example.net
922567678832,English,F,V2,4,2018-04-23 00:00:00,94.0,monteskevin@example.com
738001190462,English,M,V1,4,2018-04-23 00:00:00,129.0,adam99@example.net
723384672363,English,F,V2,4,2018-04-23 00:00:00,140.0,woodkevin@example.org
132873212320,English,M,V2,4,2018-04-23 00:00:00,121.0,zhensley@example.org
406716821249,English,F,V1,4,2018-04-23 00:00:00,138.0,sarah41@example.net
549228269980,English,M,V3,4,2018-04-23 00:00:00,,monica44@example.com
836502264923,English,F,V2,4,2018-04-23 00:00:00,136.0,hlara@example.net
596233368427,English,F,V3,4,2018-04-23 00:00:00,146.0,bwells@example.org
393341029244,English,M,V1,4,2018-04-23 00:00:00,135.0,cochranderrick@example.com
238721716147,English,F,V1,4,2018-04-23 00:00:00,138.0,pattersontim@example.com
594531308470,English,F,V2,4,2018-04-23 00:00:00,134.0,franklinalexis@example.com
108612861568,English,M,V2,4,2018-04-23 00:00:00,140.0,blackkelly@example.com
738599237300,English,F,V3,4,2018-04-23 00:00:00,145.0,callahanashley@example.net
708956198317,English,M,V3,4,2018-04-23 00:00:00,92.0,briannaallison@example.net
748414805292,English,M,V1,4,2018-04-23 00:00:00,139.0,lisa45@example.net
397402926574,English,M,V3,4,2018-04-23 00:00:00,144.0,ashleyrivera@example.net
751444227923,English,M,V3,4,2018-04-23 00:00:00,136.0,sherry34@example.net
139627853393,English,M,V2,4,2018-04-23 00:00:00,147.0,matthewrandolph@example.net
265106627750,English,F,V1,4,2018-04-23 00:00:00,137.0,fmckinney@example.com
260628553617,English,M,V2,4,2018-04-23 00:00:00,142.0,jeffery67@example.com
335353884322,English,M,V3,4,2018-04-23 00:00:00,139.0,daniel78@example.com
865173819503,English,M,V1,4,2018-04-23 00:00:00,146.0,allison16@example.org
457371388894,English,F,V3,4,2018-04-23 00:00:00,92.0,tyler88@example.org
942777837503,English,M,V2,4,2018-04-23 00:00:00,89.0,moodybrittany@example.org
889411360466,English,M,V1,4,2018-04-23 00:00:00,147.0,steven56@example.net
888171007921,English,M,V3,4,2018-04-23 00:00:00,141.0,jacquelinemayer@example.com
662357163964,English,M,V2,4,2018-04-23 00:00:00,144.0,gmorton@example.com
620604566876,English,F,V2,4,2018-04-23 00:00:00,141.0,angel64@example.net
708365027749,English,F,V1,4,2018-04-23 00:00:00,148.0,hogandaniel@example.org
987687302981,English,F,V2,4,2018-04-23 00:00:00,94.0,smithdonald@example.net
438773198568,English,M,V3,4,2018-04-23 00:00:00,98.0,pross@example.com
252894353766,English,M,V3,4,2018-04-23 00:00:00,91.0,jasminebanks@example.net
747343574460,English,F,V3,4,2018-04-23 00:00:00,140.0,kingjenna@example.net
569037380333,English,F,V2,4,2018-04-23 00:00:00,138.0,bobbyjohnson@example.org
888268556672,English,F,V1,4,2018-04-23 00:00:00,100.0,ywalter@example.net
729189200998,English,M,V2,4,2018-04-23 00:00:00,92.0,joshuablevins@example.com
395809864171,English,F,V3,4,2018-04-23 00:00:00,92.0,ivan24@example.org
990576575311,English,M,V2,4,2018-04-23 00:00:00,146.0,carlsonalan@example.org
946106058953,English,F,V1,4,2018-04-23 00:00:00,144.0,hbrooks@example.com
682076323146,English,M,V2,4,2018-04-23 00:00:00,139.0,gregory63@example.com
610744755209,English,F,V2,4,2018-04-23 00:00:00,140.0,brownmason@example.net
178071329327,English,M,V1,4,2018-04-23 00:00:00,141.0,rosaleswilliam@example.org
617679582087,English,M,V2,4,2018-04-23 00:00:00,94.0,nealcindy@example.org
911513885769,English,F,V1,4,2018-04-23 00:00:00,92.0,jessica35@example.net
743381527365,English,F,V2,4,2018-04-23 00:00:00,139.0,kathryn96@example.org
891006660143,English,M,V2,4,2018-04-23 00:00:00,132.0,jacobdavis@example.com
726591791154,English,M,V1,4,2018-04-23 00:00:00,143.0,anthony50@example.com
523761222517,English,F,V3,4,2018-04-23 00:00:00,130.0,moralesmary@example.org
681035590647,English,F,V1,4,2018-04-23 00:00:00,142.0,melvin92@example.net
671394068338,English,F,V1,4,2018-04-23 00:00:00,143.0,pinedajohn@example.net
116532145167,English,F,V1,4,2018-04-23 00:00:00,130.0,vfigueroa@example.org
860776576192,English,F,V1,4,2018-04-23 00:00:00,90.0,ashley92@example.net
754300867087,English,M,V2,4,2018-04-23 00:00:00,144.0,taylorhailey@example.org
352452365315,English,M,V1,4,2018-04-23 00:00:00,129.0,joshuawang@example.org
625030776257,English,M,V3,4,2018-04-23 00:00:00,138.0,tonya67@example.org
831314395721,English,M,V3,4,2018-04-23 00:00:00,136.0,goldenbenjamin@example.com
759535498290,English,F,V2,4,2018-04-23 00:00:00,92.0,kevinholder@example.com
517243864604,English,F,V1,4,2018-04-23 00:00:00,136.0,cody94@example.com
103609357500,English,F,V1,4,2018-04-23 00:00:00,126.0,shannontaylor@example.org
375548779343,English,M,V1,4,2018-04-23 00:00:00,92.0,robertholmes@example.com
702446231239,English,F,V2,4,2018-04-23 00:00:00,134.0,jimmy43@example.com
470671921954,English,F,V3,4,2018-04-23 00:00:00,145.0,hward@example.net
257947621570,English,F,V3,4,2018-04-23 00:00:00,142.0,lschwartz@example.net
255123985509,English,F,V3,4,2018-04-23 00:00:00,144.0,jennifergates@example.org
805142052201,English,F,V2,4,2018-04-23 00:00:00,121.0,bnguyen@example.net
679880961863,English,M,V2,4,2018-04-23 00:00:00,,whiteharry@example.net
458353074481,English,M,V3,4,2018-04-23 00:00:00,142.0,egomez@example.com
670282758203,English,M,V3,4,2018-04-23 00:00:00,139.0,imartin@example.com
567305799877,English,F,V1,4,2018-04-23 00:00:00,101.0,rubenhampton@example.net
384419721059,English,F,V3,4,2018-04-23 00:00:00,140.0,stanley49@example.net
130790959637,English,M,V2,4,2018-04-23 00:00:00,148.0,alexis10@example.net
938111730762,English,M,V2,4,2018-04-23 00:00:00,139.0,billy37@example.com
928594631005,English,F,V2,4,2018-04-23 00:00:00,142.0,srivera@example.net
597331333698,English,M,V3,4,2018-04-23 00:00:00,90.0,amanda46@example.org
806203063184,English,F,V3,4,2018-04-23 00:00:00,127.0,joseph37@example.org
137824943594,English,F,V3,4,2018-04-23 00:00:00,145.0,victoriaboyd@example.net
339162339764,English,M,V2,4,2018-04-23 00:00:00,141.0,latoyamorton@example.net
272080678568,English,M,V1,4,2018-04-23 00:00:00,149.0,bsanford@example.com
876607532942,English,M,V1,4,2018-04-23 00:00:00,144.0,elliottjames@example.org
462380893893,English,M,V3,4,2018-04-23 00:00:00,94.0,ana03@example.org
502566634351,English,M,V3,4,2018-04-23 00:00:00,134.0,keithstewart@example.net
566707854079,English,F,V1,4,2018-04-23 00:00:00,90.0,hrichardson@example.org
981441061612,English,M,V1,4,2018-04-23 00:00:00,130.0,johnsonshawn@example.net
873719824464,English,F,V3,4,2018-04-23 00:00:00,89.0,zcole@example.org
230307681712,English,M,V3,4,2018-04-23 00:00:00,128.0,rodneyshaw@example.org
538525600687,English,M,V1,4,2018-04-23 00:00:00,146.0,vbennett@example.net
361881228974,English,F,V1,4,2018-04-23 00:00:00,145.0,booneashley@example.net
215571043913,English,F,V2,4,2018-04-23 00:00:00,126.0,kathleenlong@example.net
638020679188,English,F,V1,4,2018-04-23 00:00:00,146.0,ramosjustin@example.net
897042344665,English,F,V2,4,2018-04-23 00:00:00,143.0,dcook@example.com
633188679818,English,F,V1,4,2018-04-23 00:00:00,96.0,melissaward@example.com
392156489791,English,F,V3,4,2018-04-23 00:00:00,89.0,alexanderkeller@example.org
586080723490,English,F,V1,4,2018-04-23 00:00:00,137.0,robertdoyle@example.net
850254434111,English,M,V1,4,2018-04-23 00:00:00,124.0,curtis35@example.com
174679156136,English,M,V1,4,2018-04-23 00:00:00,145.0,samantha56@example.org
734854315562,English,F,V2,4,2018-04-23 00:00:00,139.0,nathan55@example.com
502768875015,English,M,V1,4,2018-04-23 00:00:00,139.0,michaelclark@example.org
794656041804,English,F,V3,4,2018-04-23 00:00:00,144.0,matthewmoreno@example.org
882257908364,English,F,V2,4,2018-04-23 00:00:00,93.0,zpayne@example.net
619881494840,English,M,V3,4,2018-04-23 00:00:00,90.0,monica83@example.net
175704613701,English,F,V3,4,2018-04-23 00:00:00,127.0,thomasnelson@example.net
395977578681,English,M,V2,4,2018-04-23 00:00:00,103.0,bday@example.net
587088601935,English,M,V2,4,2018-04-23 00:00:00,89.0,smithjoshua@example.com
251257573744,English,F,V2,4,2018-04-23 00:00:00,140.0,jennifergutierrez@example.org
508567800630,English,F,V2,4,2018-04-23 00:00:00,134.0,juliewoodward@example.net
212220236117,English,M,V3,4,2018-04-23 00:00:00,117.0,jasminecabrera@example.com
813227487612,English,M,V3,4,2018-04-23 00:00:00,136.0,ericathomas@example.org
425808162424,English,M,V3,4,2018-04-23 00:00:00,136.0,johnporter@example.org
462782240869,English,M,V3,4,2018-04-23 00:00:00,143.0,arthurspencer@example.net
751718503432,English,M,V3,4,2018-04-23 00:00:00,135.0,meganmueller@example.com
682678901831,English,M,V2,4,2018-04-23 00:00:00,144.0,znorris@example.org
306654914171,English,F,V3,4,2018-04-23 00:00:00,137.0,kholt@example.com
262598469096,English,M,V1,4,2018-04-23 00:00:00,96.0,millerbruce@example.com
496079529726,English,M,V3,4,2018-04-23 00:00:00,92.0,ashleyevans@example.org
400051418262,English,F,V3,4,2018-04-23 00:00:00,120.0,stokesnancy@example.net
315305604530,English,M,V3,4,2018-04-23 00:00:00,121.0,carriebell@example.org
545568491620,English,F,V3,4,2018-04-23 00:00:00,144.0,smithaaron@example.net
868479428654,English,M,V3,4,2018-04-23 00:00:00,102.0,woodsronald@example.com
237756535758,English,F,V3,4,2018-04-23 00:00:00,93.0,wilsonamy@example.net
824302594053,English,F,V1,4,2018-04-23 00:00:00,136.0,hday@example.org
387150083716,English,M,V3,4,2018-04-23 00:00:00,136.0,browndaniel@example.com
322938277609,English,F,V3,4,2018-04-23 00:00:00,,jennifergill@example.net
561983385364,English,F,V2,4,2018-04-23 00:00:00,88.0,christopheraguilar@example.com
577787079813,English,M,V1,4,2018-04-23 00:00:00,98.0,andreamorris@example.com
642215814862,English,M,V3,4,2018-04-23 00:00:00,138.0,dthornton@example.org
532850286580,English,M,V3,4,2018-04-23 00:00:00,141.0,paceaustin@example.org
180744484370,English,M,V2,4,2018-04-23 00:00:00,136.0,mortonsarah@example.org
123153247964,English,F,V1,4,2018-04-23 00:00:00,137.0,kevin30@example.org
722139584149,English,M,V3,4,2018-04-23 00:00:00,142.0,leonjennifer@example.org
487519719062,English,F,V1,4,2018-04-23 00:00:00,147.0,robert61@example.net
108182039766,English,M,V1,4,2018-04-23 00:00:00,140.0,qcarroll@example.org
179839924569,English,M,V3,4,2018-04-23 00:00:00,97.0,laurie68@example.com
253724448595,English,M,V3,4,2018-04-23 00:00:00,148.0,laurielamb@example.org
615699084932,English,F,V1,4,2018-04-23 00:00:00,88.0,ndelgado@example.net
564096460798,English,M,V2,4,2018-04-23 00:00:00,93.0,mark36@example.org
766019818917,English,M,V2,4,2018-04-23 00:00:00,90.0,jerryhayes@example.org
592215968314,English,M,V1,4,2018-04-23 00:00:00,145.0,mendozakevin@example.net
664422724521,English,F,V1,4,2018-04-23 00:00:00,131.0,umullen@example.com
908540924194,English,M,V3,4,2018-04-23 00:00:00,143.0,bennettthomas@example.org
718402468184,English,F,V1,4,2018-04-23 00:00:00,140.0,paul94@example.org
503975948420,English,M,V2,4,2018-04-23 00:00:00,144.0,coreysmith@example.com
133779032408,English,M,V2,4,2018-04-23 00:00:00,137.0,natalielewis@example.com
998384561627,English,F,V2,4,2018-04-23 00:00:00,98.0,jonrichardson@example.org
557124120137,English,M,V2,4,2018-04-23 00:00:00,124.0,brownmichael@example.net
507368685689,English,F,V2,4,2018-04-23 00:00:00,96.0,francisco91@example.com
808467631530,English,M,V3,4,2018-04-23 00:00:00,140.0,kathleen36@example.com
751436769022,English,F,V1,4,2018-04-23 00:00:00,137.0,jenniferanderson@example.com
904442566992,English,F,V2,4,2018-04-23 00:00:00,,bwalton@example.org
774199835846,English,M,V3,4,2018-04-23 00:00:00,102.0,lewisjeremy@example.org
363883764145,English,F,V2,4,2018-04-23 00:00:00,146.0,ian53@example.com
395809864171,English,M,V3,4,2018-04-23 00:00:00,89.0,charlesbowen@example.com
300421304176,English,F,V2,4,2018-04-23 00:00:00,122.0,wrightdavid@example.net
279333611289,English,M,V1,4,2018-04-23 00:00:00,142.0,colton49@example.net
278334319830,English,M,V2,4,2018-04-23 00:00:00,142.0,ryancarlson@example.net
641184246215,English,M,V2,4,2018-04-23 00:00:00,133.0,jessica38@example.net
255880496857,English,M,V2,4,2018-04-23 00:00:00,98.0,iparsons@example.org
604134992774,English,M,V1,4,2018-04-23 00:00:00,142.0,zwilliams@example.net
165697621960,English,M,V1,4,2018-04-23 00:00:00,147.0,victoriamalone@example.org
189531137269,English,M,V3,4,2018-04-23 00:00:00,145.0,natalie41@example.org
596821431812,English,F,V3,4,2018-04-23 00:00:00,138.0,williamsrenee@example.net
799471320302,English,M,V1,4,2018-04-23 00:00:00,137.0,alexander12@example.net
634211777293,English,F,V1,4,2018-04-23 00:00:00,141.0,penapaul@example.net
874142943157,English,M,V2,4,2018-04-23 00:00:00,145.0,hdiaz@example.com
792742356087,English,M,V3,4,2018-04-23 00:00:00,89.0,singhrussell@example.com
235034883649,English,F,V1,4,2018-04-23 00:00:00,140.0,stevenphillips@example.org
603595638245,English,M,V2,4,2018-04-23 00:00:00,144.0,ualvarez@example.org
437676560709,English,F,V1,4,2018-04-23 00:00:00,89.0,christopher19@example.net
504677029364,English,M,V1,4,2018-04-23 00:00:00,138.0,jeffreypatel@example.net
831314395721,English,M,V1,4,2018-04-23 00:00:00,135.0,todd42@example.org
323150413641,English,M,V2,4,2018-04-23 00:00:00,123.0,gabrieltaylor@example.net
720824100308,English,M,V1,4,2018-04-23 00:00:00,124.0,cindy50@example.net
538007490935,English,M,V3,4,2018-04-23 00:00:00,139.0,thomasfisher@example.org
884657112878,English,M,V2,4,2018-04-23 00:00:00,93.0,qjohnson@example.org
489050544002,English,M,V3,4,2018-04-23 00:00:00,127.0,nicholasfrost@example.org
397402926574,English,F,V3,4,2018-04-23 00:00:00,149.0,kevinwebb@example.com
534090246251,English,M,V1,4,2018-04-23 00:00:00,126.0,sarahneal@example.net
362198099257,English,M,V1,4,2018-04-23 00:00:00,91.0,johnhenry@example.com
106835012719,English,F,V2,4,2018-04-23 00:00:00,134.0,smithpenny@example.com
987363517569,English,F,V3,4,2018-04-23 00:00:00,96.0,michael96@example.net
667738699923,English,F,V3,4,2018-04-23 00:00:00,102.0,jonathan46@example.com
754928313874,English,M,V2,4,2018-04-23 00:00:00,92.0,kespinoza@example.net
642865683691,English,M,V3,4,2018-04-23 00:00:00,95.0,woodsjamie@example.org
127673925754,English,F,V3,4,2018-04-23 00:00:00,149.0,jacobreed@example.net
973121117977,English,F,V2,4,2018-04-23 00:00:00,145.0,whiteshannon@example.org
438650816973,English,M,V3,4,2018-04-23 00:00:00,87.0,griffinnancy@example.com
990299309590,English,M,V3,4,2018-04-23 00:00:00,94.0,savannahconley@example.org
949861452260,English,M,V1,4,2018-04-23 00:00:00,143.0,elizabethcarney@example.net
150612677098,English,M,V3,4,2018-04-23 00:00:00,138.0,richard66@example.net
929163393804,English,M,V2,4,2018-04-23 00:00:00,147.0,alexis49@example.org
193681743295,English,M,V1,4,2018-04-23 00:00:00,147.0,kendraharrison@example.net
313198937391,English,F,V1,4,2018-04-23 00:00:00,145.0,laura44@example.org
551965428535,English,M,V2,4,2018-04-23 00:00:00,149.0,steven68@example.net
790719735403,English,F,V3,4,2018-04-23 00:00:00,145.0,wsnow@example.com
145568698673,English,M,V2,4,2018-04-23 00:00:00,95.0,brownsteve@example.com
441973754800,English,M,V1,4,2018-04-23 00:00:00,140.0,nancydiaz@example.com
177771777338,English,M,V1,4,2018-04-23 00:00:00,94.0,alexanderstephens@example.net
419711119705,English,M,V1,4,2018-04-23 00:00:00,136.0,kimberlymurphy@example.net
551000756428,English,F,V2,4,2018-04-23 00:00:00,128.0,lori51@example.org
810113900430,English,M,V2,4,2018-04-23 00:00:00,118.0,loganarthur@example.org
462380893893,English,F,V1,4,2018-04-23 00:00:00,91.0,jamie22@example.com
968881342480,English,F,V2,4,2018-04-23 00:00:00,91.0,shawn38@example.net
219058107824,English,F,V1,4,2018-04-23 00:00:00,134.0,anthonydunn@example.com
842024387615,English,M,V1,4,2018-04-23 00:00:00,140.0,zthomas@example.net
461722746532,English,F,V1,4,2018-04-23 00:00:00,137.0,sarah05@example.com
210386892828,English,M,V3,4,2018-04-23 00:00:00,145.0,amorales@example.com
248348676305,English,F,V2,4,2018-04-23 00:00:00,146.0,flynnjohn@example.com
679406771401,English,F,V3,4,2018-04-23 00:00:00,141.0,phillipskeith@example.org
986084536003,English,M,V2,4,2018-04-23 00:00:00,143.0,megantaylor@example.com
304173769816,English,M,V2,4,2018-04-23 00:00:00,141.0,khuffman@example.net
398068042442,English,M,V2,4,2018-04-23 00:00:00,138.0,leerichard@example.net
338612232919,English,F,V3,4,2018-04-23 00:00:00,136.0,bradyleslie@example.com
829115074061,English,F,V1,4,2018-04-23 00:00:00,131.0,turnerandrew@example.com
375863783061,English,M,V1,4,2018-04-23 00:00:00,146.0,uweiss@example.net
590659177323,English,M,V1,4,2018-04-23 00:00:00,146.0,mitchellwalter@example.com
617327443335,English,F,V1,4,2018-04-23 00:00:00,139.0,slynn@example.com
980106644145,English,M,V3,4,2018-04-23 00:00:00,136.0,michaelhull@example.org
343787794306,English,M,V3,4,2018-04-23 00:00:00,92.0,nunezjennifer@example.com
796805151370,English,M,V2,4,2018-04-23 00:00:00,138.0,jasongarcia@example.com
261447459540,English,F,V3,4,2018-04-23 00:00:00,137.0,qfoster@example.net
466258519200,English,F,V3,4,2018-04-23 00:00:00,138.0,jeffreyjackson@example.org
927529228091,English,F,V2,4,2018-04-23 00:00:00,145.0,dukealicia@example.net
502706354940,English,F,V2,4,2018-04-23 00:00:00,135.0,annette89@example.com
966042984688,English,M,V1,4,2018-04-23 00:00:00,98.0,randall29@example.com
963814916152,English,F,V3,4,2018-04-23 00:00:00,146.0,ahernandez@example.com
548070694735,English,M,V1,4,2018-04-23 00:00:00,143.0,katherine87@example.org
964234772710,English,F,V1,4,2018-04-23 00:00:00,141.0,tpeck@example.net
375863783061,English,F,V1,4,2018-04-23 00:00:00,142.0,matthew44@example.com
544036994371,English,F,V3,4,2018-04-23 00:00:00,145.0,christopher88@example.com
395575867875,English,M,V3,4,2018-04-23 00:00:00,100.0,aknight@example.net
537449314824,English,M,V3,4,2018-04-23 00:00:00,145.0,huynhdouglas@example.net
855640600418,English,M,V2,4,2018-04-23 00:00:00,132.0,ashleywalker@example.net
569978269729,English,F,V2,4,2018-04-23 00:00:00,110.0,veronicarichards@example.org
329340419716,English,M,V2,4,2018-04-23 00:00:00,138.0,haley45@example.net
766566237372,English,M,V1,4,2018-04-23 00:00:00,86.0,michael58@example.org
683713886925,English,M,V1,4,2018-04-23 00:00:00,93.0,adam05@example.org
746125377660,English,F,V2,4,2018-04-23 00:00:00,145.0,uparker@example.org
354306530808,English,F,V1,4,2018-04-23 00:00:00,131.0,wowens@example.com
917804645148,English,F,V3,4,2018-04-23 00:00:00,146.0,danieledwards@example.net
770070551863,English,M,V3,4,2018-04-23 00:00:00,135.0,ebarton@example.net
196228755441,English,F,V2,4,2018-04-23 00:00:00,141.0,johnsandoval@example.org
615096127056,English,M,V1,4,2018-04-23 00:00:00,136.0,janice00@example.net
576882605094,English,M,V1,4,2018-04-23 00:00:00,86.0,tanya64@example.net
664237992652,English,M,V3,4,2018-04-23 00:00:00,92.0,lopezpatricia@example.net
459822507008,English,M,V3,4,2018-04-23 00:00:00,136.0,savagejohn@example.com
676033032459,English,M,V1,4,2018-04-23 00:00:00,134.0,nicholasbush@example.com
732754659476,English,M,V3,4,2018-04-23 00:00:00,93.0,gary83@example.com
424262348117,English,F,V2,4,2018-04-23 00:00:00,129.0,hendersonjames@example.org
347332866072,English,M,V3,4,2018-04-23 00:00:00,140.0,anthonyray@example.net
349825112481,English,F,V3,4,2018-04-23 00:00:00,138.0,kmejia@example.org
398690868181,English,M,V2,4,2018-04-23 00:00:00,94.0,rjones@example.net
193681743295,English,M,V3,4,2018-04-23 00:00:00,144.0,ballcharles@example.com
981441061612,English,F,V3,4,2018-04-23 00:00:00,134.0,cwhite@example.com
235034883649,English,F,V1,4,2018-04-23 00:00:00,142.0,rnolan@example.org
592995189939,English,X,V3,4,2018-04-23 00:00:00,103.0,hortonanthony@example.net
410367316630,English,F,V2,4,2018-04-23 00:00:00,129.0,robertturner@example.com
369655525745,English,M,V3,4,2018-04-23 00:00:00,91.0,rwilliams@example.net
544678204739,English,F,V3,4,2018-04-23 00:00:00,144.0,jeffrey27@example.com
762681942604,English,M,V3,4,2018-04-23 00:00:00,146.0,ycain@example.org
918631723470,English,F,V2,4,2018-04-23 00:00:00,141.0,millerstephanie@example.net
731855329923,English,M,V1,4,2018-04-23 00:00:00,145.0,rhonda36@example.com
921276456924,English,F,V3,4,2018-04-23 00:00:00,148.0,mortonjessica@example.net
457012891370,English,M,V1,4,2018-04-23 00:00:00,137.0,barrerakara@example.org
284497453218,English,M,V1,4,2018-04-23 00:00:00,142.0,johnwilliams@example.org
924709431421,English,M,V1,4,2018-04-23 00:00:00,,philipnoble@example.net
725175674275,English,M,V2,4,2018-04-23 00:00:00,145.0,morgan81@example.net
226521434943,English,M,V2,4,2018-04-23 00:00:00,131.0,gavin85@example.net
247982182946,English,F,V2,4,2018-04-23 00:00:00,93.0,castillojennifer@example.org
772263429045,English,M,V1,4,2018-04-23 00:00:00,141.0,debra11@example.org
319777282488,English,F,V1,4,2018-04-23 00:00:00,95.0,hjohnson@example.org
810291529014,English,F,V1,4,2018-04-23 00:00:00,131.0,hudsonlori@example.org
419121598321,English,F,V2,4,2018-04-23 00:00:00,135.0,briansantos@example.com
368936061203,English,M,V2,4,2018-04-23 00:00:00,132.0,lyonsnicole@example.net
564721054914,English,M,V2,4,2018-04-23 00:00:00,135.0,hrichardson@example.net
256287263052,English,M,V3,4,2018-04-23 00:00:00,136.0,bowersjeffrey@example.com
326181366473,English,M,V2,4,2018-04-23 00:00:00,140.0,jmurphy@example.net
424262348117,English,M,V1,4,2018-04-23 00:00:00,129.0,juan45@example.org
330141731740,English,M,V2,4,2018-04-23 00:00:00,119.0,patriciadavis@example.org
431274405728,English,M,V3,4,2018-04-23 00:00:00,138.0,parksbrian@example.net
813066289675,English,F,V2,4,2018-04-23 00:00:00,87.0,ebeck@example.com
792707689357,English,X,V1,4,2018-04-23 00:00:00,96.0,johnedwards@example.org
211831123994,English,F,V1,4,2018-04-23 00:00:00,131.0,stevensapril@example.net
742849649305,English,M,V2,4,2018-04-23 00:00:00,86.0,kjoseph@example.org
961458379522,English,M,V1,4,2018-04-23 00:00:00,88.0,uthompson@example.com
726747560508,English,X,V2,4,2018-04-23 00:00:00,145.0,robert17@example.net
981441061612,English,F,V3,4,2018-04-23 00:00:00,132.0,sjordan@example.com
177728518464,English,M,V3,4,2018-04-23 00:00:00,86.0,vincent35@example.com
229657968734,English,M,V3,4,2018-04-23 00:00:00,98.0,michelle48@example.org
238663051405,English,F,V3,4,2018-04-23 00:00:00,132.0,christine24@example.com
924609449427,English,M,V1,4,2018-04-23 00:00:00,91.0,brian96@example.net
104598387641,English,M,V3,4,2018-04-23 00:00:00,141.0,gconrad@example.com
461831844113,English,F,V1,4,2018-04-23 00:00:00,133.0,katherinefigueroa@example.com
279333611289,English,M,V2,4,2018-04-23 00:00:00,141.0,christopher72@example.net
609176334694,English,F,V3,4,2018-04-23 00:00:00,144.0,wilsonscott@example.org
344005941719,English,F,V1,4,2018-04-23 00:00:00,138.0,yclay@example.com
288981149969,English,F,V1,4,2018-04-23 00:00:00,101.0,elizabeth90@example.org
273323050176,English,F,V3,4,2018-04-23 00:00:00,125.0,michaelharper@example.com
443302824961,English,F,V1,4,2018-04-23 00:00:00,132.0,pacebrittany@example.net
674674897493,English,F,V1,4,2018-04-23 00:00:00,103.0,ricky98@example.com
130144771111,English,F,V3,4,2018-04-23 00:00:00,117.0,gthompson@example.com
238115319052,English,M,V3,4,2018-04-23 00:00:00,125.0,williamstasha@example.org
705250687175,English,F,V2,4,2018-04-23 00:00:00,142.0,rebecca33@example.org
334852081026,English,F,V3,4,2018-04-23 00:00:00,131.0,bcortez@example.net
485937848430,English,F,V1,4,2018-04-23 00:00:00,92.0,thomasvictor@example.net
885874300582,English,F,V3,4,2018-04-23 00:00:00,144.0,hmartin@example.net
174679156136,English,M,V1,4,2018-04-23 00:00:00,144.0,camachorobert@example.com
558595083397,English,F,V2,4,2018-04-23 00:00:00,98.0,lorrainewilliams@example.com
876609933812,English,M,V3,4,2018-04-23 00:00:00,90.0,douglaslivingston@example.org
305202224088,English,F,V2,4,2018-04-23 00:00:00,122.0,brettwilkerson@example.com
544036994371,English,F,V2,4,2018-04-23 00:00:00,143.0,mary12@example.net
966064789136,English,M,V2,4,2018-04-23 00:00:00,96.0,patricia03@example.org
939207223144,English,F,V2,4,2018-04-23 00:00:00,131.0,fishermary@example.org
487807227526,English,F,V3,4,2018-04-23 00:00:00,145.0,roachjason@example.org
532863686413,English,M,V2,4,2018-04-23 00:00:00,145.0,ballnatasha@example.org
271864361219,English,M,V3,4,2018-04-23 00:00:00,141.0,tyler42@example.net
676889075357,English,M,V3,4,2018-04-23 00:00:00,97.0,davisjon@example.org
264887163971,English,M,V1,4,2018-04-23 00:00:00,90.0,phillip80@example.org
884273593732,English,M,V3,4,2018-04-23 00:00:00,89.0,mckeehenry@example.org
939207223144,English,F,V3,4,2018-04-23 00:00:00,135.0,martintommy@example.net
462037890135,English,M,V1,4,2018-04-23 00:00:00,137.0,deborah77@example.org
131247436112,English,F,V2,4,2018-04-23 00:00:00,124.0,megan52@example.com
354028379257,English,F,V1,4,2018-04-23 00:00:00,144.0,paul97@example.org
745226267236,English,F,V1,4,2018-04-23 00:00:00,139.0,lgordon@example.net
921346454665,English,F,V2,4,2018-04-23 00:00:00,142.0,egeorge@example.com
417865729622,English,F,V1,4,2018-04-23 00:00:00,150.0,gmcguire@example.org
341518783206,English,F,V2,4,2018-04-23 00:00:00,135.0,brandon96@example.net
167258007681,English,M,V1,4,2018-04-23 00:00:00,140.0,allisonholloway@example.net
664083669524,English,F,V1,4,2018-04-23 00:00:00,150.0,marywebb@example.com
192117240006,English,F,V2,4,2018-04-23 00:00:00,118.0,howellmegan@example.org
782721340085,English,M,V3,4,2018-04-23 00:00:00,135.0,aflynn@example.net
574976505213,English,F,V3,4,2018-04-23 00:00:00,139.0,jenniferbrooks@example.net
135539038845,English,M,V3,4,2018-04-23 00:00:00,141.0,michael80@example.net
169584502911,English,M,V2,4,2018-04-23 00:00:00,140.0,johnsonamy@example.net
178071329327,English,M,V2,4,2018-04-23 00:00:00,140.0,colonkristen@example.net
448979319180,English,F,V2,4,2018-04-23 00:00:00,94.0,johnchung@example.com
107414201235,English,M,V3,4,2018-04-23 00:00:00,118.0,matthew52@example.com
385722722170,English,F,V1,4,2018-04-23 00:00:00,133.0,heather70@example.org
586080723490,English,M,V1,4,2018-04-23 00:00:00,143.0,alexrangel@example.com
731919081668,English,M,V3,4,2018-04-23 00:00:00,144.0,smithtonya@example.org
886763998040,English,F,V1,4,2018-04-23 00:00:00,94.0,marcusdrake@example.com
880919916645,English,F,V2,4,2018-04-23 00:00:00,97.0,kaylathompson@example.net
818555069357,English,M,V3,4,2018-04-23 00:00:00,92.0,melissa94@example.org
377242071978,English,M,V1,4,2018-04-23 00:00:00,142.0,davisscott@example.net
227166900151,English,M,V2,4,2018-04-23 00:00:00,125.0,eward@example.com
695387633439,English,M,V1,4,2018-04-23 00:00:00,93.0,robert97@example.com
847079895708,English,F,V3,4,2018-04-23 00:00:00,97.0,alidaniel@example.com
975282340680,English,M,V1,4,2018-04-23 00:00:00,145.0,hatfieldcesar@example.org
537655764440,English,M,V1,4,2018-04-23 00:00:00,144.0,evan95@example.com
803355475701,English,M,V2,4,2018-04-23 00:00:00,136.0,ortegamark@example.com
421540306479,English,M,V2,4,2018-04-23 00:00:00,135.0,emily02@example.com
782721340085,English,M,V1,4,2018-04-23 00:00:00,132.0,colemanjames@example.org
711914488037,English,M,V1,4,2018-04-23 00:00:00,138.0,thomas45@example.net
137556335809,English,F,V3,4,2018-04-23 00:00:00,145.0,lawsonantonio@example.com
967805282397,English,M,V2,4,2018-04-23 00:00:00,96.0,egarcia@example.net
840057225658,English,F,V1,4,2018-04-23 00:00:00,143.0,despinoza@example.com
995575603158,English,M,V2,4,2018-04-23 00:00:00,90.0,njenkins@example.net
509921780462,English,M,V1,4,2018-04-23 00:00:00,141.0,andersonsamuel@example.net
455324936231,English,F,V1,4,2018-04-23 00:00:00,135.0,nathanielwatson@example.org
478358358007,English,F,V1,4,2018-04-23 00:00:00,146.0,howard71@example.com
776697306663,English,M,V3,4,2018-04-23 00:00:00,95.0,richmondjohn@example.org
683087260063,English,M,V2,4,2018-04-23 00:00:00,136.0,erobinson@example.com
852404705028,English,M,V2,4,2018-04-23 00:00:00,132.0,dannyrodriguez@example.net
142341152470,English,F,V1,4,2018-04-23 00:00:00,122.0,julie40@example.org
924709431421,English,M,V2,4,2018-04-23 00:00:00,134.0,andrewsanthony@example.com
967229548506,English,F,V1,4,2018-04-23 00:00:00,92.0,ngarcia@example.com
745226267236,English,M,V1,4,2018-04-23 00:00:00,140.0,leslie79@example.com
162606537876,English,F,V2,4,2018-04-23 00:00:00,146.0,jdougherty@example.org
620636297146,English,M,V1,4,2018-04-23 00:00:00,138.0,joseph51@example.org
709809247853,English,M,V1,4,2018-04-23 00:00:00,91.0,matthew08@example.net
357610329324,English,M,V2,4,2018-04-23 00:00:00,133.0,kevin54@example.com
921276456924,English,F,V1,4,2018-04-23 00:00:00,144.0,smiller@example.com
258156166999,English,M,V3,4,2018-04-23 00:00:00,95.0,pamela83@example.com
588701914369,English,F,V2,4,2018-04-23 00:00:00,89.0,sjones@example.org
344012404939,English,M,V3,4,2018-04-23 00:00:00,131.0,coxdebra@example.net
378332847751,English,M,V3,4,2018-04-23 00:00:00,148.0,zwilliams@example.com
519589379570,English,F,V1,4,2018-04-23 00:00:00,93.0,ejohnson@example.net
687622018503,English,F,V1,4,2018-04-23 00:00:00,135.0,kbradley@example.org
444187134573,English,F,V1,4,2018-04-23 00:00:00,136.0,crystalyoung@example.com
472792459692,English,F,V1,4,2018-04-23 00:00:00,96.0,wbaker@example.com
651609143083,English,F,V2,4,2018-04-23 00:00:00,132.0,adrianroberts@example.net
439754237396,English,M,V3,4,2018-04-23 00:00:00,93.0,dawnhumphrey@example.com
137824943594,English,F,V2,4,2018-04-23 00:00:00,150.0,hogankelli@example.net
774932020915,English,M,V1,4,2018-04-23 00:00:00,135.0,dnewman@example.org
452594001543,English,M,V3,4,2018-04-23 00:00:00,129.0,adkinsbradley@example.net
875807259097,English,M,V2,4,2018-04-23 00:00:00,95.0,russell67@example.org
831594529108,English,F,V3,4,2018-04-23 00:00:00,143.0,hardingandrew@example.org
912051694744,English,M,V3,4,2018-04-23 00:00:00,138.0,elara@example.org
424262348117,English,M,V2,4,2018-04-23 00:00:00,132.0,ihuber@example.com
296239243361,English,M,V1,4,2018-04-23 00:00:00,141.0,sarahthomas@example.com
585588674260,English,M,V2,4,2018-04-23 00:00:00,89.0,claudia29@example.net
438247352355,English,M,V3,4,2018-04-23 00:00:00,139.0,bsmith@example.org
750575008239,English,M,V3,4,2018-04-23 00:00:00,136.0,victoriajimenez@example.net
570523523901,English,M,V3,4,2018-04-23 00:00:00,132.0,qpope@example.net
376160696480,English,F,V3,4,2018-04-23 00:00:00,141.0,ashleyli@example.com
931899173353,English,F,V1,4,2018-04-23 00:00:00,86.0,james25@example.org
721213671119,English,M,V2,4,2018-04-23 00:00:00,130.0,denise87@example.com
399524923531,English,M,V3,4,2018-04-23 00:00:00,145.0,timothy85@example.com
652232171305,English,F,V1,4,2018-04-23 00:00:00,125.0,tcummings@example.com
535738469066,English,F,V1,4,2018-04-23 00:00:00,91.0,aprilcook@example.net
627132939660,English,F,V1,4,2018-04-23 00:00:00,141.0,frank43@example.net
538879761640,English,M,V1,4,2018-04-23 00:00:00,94.0,jessica57@example.org
339162339764,English,M,V1,4,2018-04-23 00:00:00,146.0,alison53@example.com
403367630857,English,F,V2,4,2018-04-23 00:00:00,141.0,jasonpeters@example.net
946309441704,English,M,V1,4,2018-04-23 00:00:00,139.0,lopezabigail@example.net
852444877493,English,M,V2,4,2018-04-23 00:00:00,91.0,qjohnson@example.net
347146191156,English,M,V2,4,2018-04-23 00:00:00,137.0,maria29@example.net
397201391650,English,F,V2,4,2018-04-23 00:00:00,135.0,uwilson@example.net
546076571059,English,M,V2,4,2018-04-23 00:00:00,142.0,kelly70@example.com
255514829871,English,M,V3,4,2018-04-23 00:00:00,,christophersanchez@example.com
880799057992,English,X,V2,4,2018-04-23 00:00:00,100.0,stephen06@example.com
651609143083,English,M,V2,4,2018-04-23 00:00:00,131.0,ryan65@example.org
808467631530,English,F,V3,4,2018-04-23 00:00:00,137.0,jonathan91@example.com
427655045983,English,M,V2,4,2018-04-23 00:00:00,146.0,uadkins@example.com
566317524586,English,F,V1,4,2018-04-23 00:00:00,148.0,rsmith@example.net
491827635792,English,F,V3,4,2018-04-23 00:00:00,88.0,stephanie33@example.org
752193783258,English,F,V1,4,2018-04-23 00:00:00,88.0,manuel83@example.org
897691417566,English,M,V1,4,2018-04-23 00:00:00,97.0,ruizjoanne@example.net
291085189182,English,F,V1,4,2018-04-23 00:00:00,144.0,clarkangela@example.net
686952765903,English,M,V2,4,2018-04-23 00:00:00,91.0,gonzalezandrew@example.net
228015624507,English,F,V3,4,2018-04-23 00:00:00,133.0,angela57@example.org
389399938136,English,F,V2,4,2018-04-23 00:00:00,97.0,jeremiahrobinson@example.org
902888634785,English,M,V3,4,2018-04-23 00:00:00,98.0,sandrasanchez@example.org
272080678568,English,X,V1,4,2018-04-23 00:00:00,148.0,jasonmcdonald@example.net
952733631455,English,F,V2,4,2018-04-23 00:00:00,142.0,lisapowers@example.org
759522068264,English,M,V3,4,2018-04-23 00:00:00,143.0,judylewis@example.com
137556335809,English,F,V2,4,2018-04-23 00:00:00,144.0,jennifermercado@example.net
852444877493,English,M,V2,4,2018-04-23 00:00:00,96.0,msmith@example.com
401768514133,English,F,V1,4,2018-04-23 00:00:00,128.0,griffinjesse@example.com
672360750524,English,M,V3,4,2018-04-23 00:00:00,138.0,jmitchell@example.org
334852081026,English,M,V2,4,2018-04-23 00:00:00,128.0,robin05@example.com
565542804397,English,M,V1,4,2018-04-23 00:00:00,143.0,elizabeth72@example.net
413290012050,English,M,V1,4,2018-04-23 00:00:00,118.0,davidcraig@example.net
284621840018,English,F,V2,4,2018-04-23 00:00:00,129.0,middletontravis@example.org
790013731207,English,F,V2,4,2018-04-23 00:00:00,128.0,obrienanita@example.net
496079529726,English,F,V2,4,2018-04-23 00:00:00,92.0,elizabeth64@example.com
783998801641,English,M,V1,4,2018-04-23 00:00:00,95.0,jerry18@example.com
178071329327,English,M,V3,4,2018-04-23 00:00:00,140.0,katherinemullins@example.org
377632208215,English,F,V1,4,2018-04-23 00:00:00,131.0,lisareynolds@example.com
763992685403,English,F,V1,4,2018-04-23 00:00:00,92.0,taylor01@example.net
473763220612,English,M,V3,4,2018-04-23 00:00:00,134.0,utaylor@example.net
131501500951,English,M,V1,4,2018-04-23 00:00:00,119.0,xrogers@example.net
404568342794,English,M,V2,4,2018-04-23 00:00:00,145.0,mccoyerin@example.com
884546856094,English,M,V2,4,2018-04-23 00:00:00,95.0,jessicamckenzie@example.net
419176976928,English,M,V1,4,2018-04-23 00:00:00,100.0,anaaguilar@example.org
307546268556,English,F,V3,4,2018-04-23 00:00:00,144.0,davidmercado@example.net
119981047011,English,M,V3,4,2018-04-23 00:00:00,133.0,davidsonkimberly@example.org
478358358007,English,M,V3,4,2018-04-23 00:00:00,144.0,gary17@example.com
146973437530,English,M,V3,4,2018-04-23 00:00:00,137.0,emendoza@example.net
440982284414,English,M,V2,4,2018-04-23 00:00:00,140.0,andrewgood@example.com
665618169239,English,F,V2,4,2018-04-23 00:00:00,93.0,lisagates@example.com
567808066789,English,X,V3,4,2018-04-23 00:00:00,101.0,smithkevin@example.net
692590940480,English,M,V3,4,2018-04-23 00:00:00,146.0,derekrowe@example.net
302612138668,English,M,V2,4,2018-04-23 00:00:00,134.0,saracox@example.net
896783372807,English,F,V2,4,2018-04-23 00:00:00,95.0,sean13@example.net
847599770631,English,F,V3,4,2018-04-23 00:00:00,97.0,huynhderek@example.org
521932046808,English,F,V2,4,2018-04-23 00:00:00,133.0,cantuandrea@example.net
466032558304,English,F,V1,4,2018-04-23 00:00:00,134.0,pnielsen@example.net
167575144900,English,F,V1,4,2018-04-23 00:00:00,134.0,rgardner@example.org
383794806579,English,M,V2,4,2018-04-23 00:00:00,94.0,edwardbailey@example.org
398486966341,English,M,V3,4,2018-04-23 00:00:00,96.0,uvelazquez@example.net
473749929778,English,M,V3,4,2018-04-23 00:00:00,103.0,joshuaschmidt@example.com
101898752945,English,M,V3,4,2018-04-23 00:00:00,145.0,prose@example.org
691908322633,English,M,V2,4,2018-04-23 00:00:00,142.0,john84@example.org
806359129720,English,F,V3,4,2018-04-23 00:00:00,141.0,xtaylor@example.net
458353074481,English,F,V2,4,2018-04-23 00:00:00,139.0,donnareynolds@example.org
911730070373,English,F,V1,4,2018-04-23 00:00:00,126.0,psmall@example.net
824319930112,English,F,V3,4,2018-04-23 00:00:00,129.0,watsonjose@example.org
815092105308,English,M,V3,4,2018-04-23 00:00:00,129.0,sanderskimberly@example.net
354028379257,English,M,V3,4,2018-04-23 00:00:00,146.0,tayloralan@example.org
580332824484,English,M,V2,4,2018-04-23 00:00:00,142.0,terri44@example.net
259314109737,English,M,V2,4,2018-04-23 00:00:00,139.0,kpeterson@example.net
711124222118,English,F,V2,4,2018-04-23 00:00:00,121.0,brownronald@example.net
911128725609,English,F,V1,4,2018-04-23 00:00:00,142.0,jason55@example.net
965640348608,English,F,V1,4,2018-04-23 00:00:00,149.0,charleserica@example.net
783998801641,English,F,V3,4,2018-04-23 00:00:00,93.0,michaelcoleman@example.com
504789360932,English,F,V1,4,2018-04-23 00:00:00,145.0,ymorris@example.com
408559379826,English,F,V3,4,2018-04-23 00:00:00,94.0,james98@example.org
196018242639,English,F,V2,4,2018-04-23 00:00:00,141.0,teresalindsey@example.com
347545842898,English,M,V3,4,2018-04-23 00:00:00,93.0,cookandrew@example.com
865685763443,English,M,V2,4,2018-04-23 00:00:00,93.0,lmcdaniel@example.org
240266702593,English,M,V1,4,2018-04-23 00:00:00,135.0,christianolivia@example.com
500816724285,English,F,V2,4,2018-04-23 00:00:00,133.0,michaeljennifer@example.com
856972773706,English,F,V2,4,2018-04-23 00:00:00,98.0,gstout@example.org
519329504956,English,M,V3,4,2018-04-23 00:00:00,145.0,maxwellmartin@example.org
551000756428,English,F,V2,4,2018-04-23 00:00:00,132.0,schwartzricky@example.org
253724448595,English,M,V1,4,2018-04-23 00:00:00,147.0,romerostacy@example.org
271864361219,English,M,V1,4,2018-04-23 00:00:00,137.0,benjamin24@example.com
336763649817,English,M,V2,4,2018-04-23 00:00:00,94.0,bgood@example.com
591291700526,English,F,V3,4,2018-04-23 00:00:00,135.0,xwallace@example.org
215353408180,English,F,V1,4,2018-04-23 00:00:00,125.0,laura15@example.com
145521383530,English,M,V1,4,2018-04-23 00:00:00,131.0,bowerskimberly@example.com
323839031400,English,M,V2,4,2018-04-23 00:00:00,123.0,lmayer@example.org
410210051641,English,F,V3,4,2018-04-23 00:00:00,110.0,lopezlisa@example.net
276705044267,English,F,V1,4,2018-04-23 00:00:00,137.0,jessica74@example.com
670043211688,English,F,V1,4,2018-04-23 00:00:00,132.0,yesenia53@example.com
126754785921,English,M,V3,4,2018-04-23 00:00:00,148.0,jacob03@example.com
633903665766,English,M,V3,4,2018-04-23 00:00:00,85.0,kristenwashington@example.org
397201391650,English,F,V1,4,2018-04-23 00:00:00,132.0,rodrigueztheresa@example.net
273323050176,English,M,V3,4,2018-04-23 00:00:00,127.0,veronicahoffman@example.net
268860958784,English,F,V2,4,2018-04-23 00:00:00,99.0,pricejennifer@example.net
875807259097,English,M,V1,4,2018-04-23 00:00:00,95.0,clarkkevin@example.net
294410739172,English,M,V2,4,2018-04-23 00:00:00,139.0,erica10@example.org
290667183250,English,M,V2,4,2018-04-23 00:00:00,138.0,perrymary@example.net
541881658793,English,F,V2,4,2018-04-23 00:00:00,93.0,cynthia82@example.com
463299565879,English,M,V1,4,2018-04-23 00:00:00,99.0,richard83@example.org
712070262774,English,M,V3,4,2018-04-23 00:00:00,131.0,vincentjones@example.net
914368329983,English,M,V3,4,2018-04-23 00:00:00,93.0,benjamin19@example.org
395575867875,English,M,V3,4,2018-04-23 00:00:00,103.0,ffoley@example.net
970339191630,English,M,V3,4,2018-04-23 00:00:00,140.0,blairjennifer@example.net
198919025236,English,F,V3,4,2018-04-23 00:00:00,142.0,smithsara@example.net
180755717371,English,M,V3,4,2018-04-23 00:00:00,142.0,vnelson@example.org
211397236218,English,F,V2,4,2018-04-23 00:00:00,131.0,kevin49@example.com
717935760884,English,M,V3,4,2018-04-23 00:00:00,93.0,stevehall@example.org
248305146408,English,M,V1,4,2018-04-23 00:00:00,133.0,jason04@example.net
539351225347,English,M,V2,4,2018-04-23 00:00:00,136.0,mcdanieljames@example.org
210174649561,English,F,V2,4,2018-04-23 00:00:00,133.0,perezsamuel@example.org
612371925154,English,F,V1,4,2018-04-23 00:00:00,136.0,ysmith@example.com
764277601600,English,F,V1,4,2018-04-23 00:00:00,135.0,evansdiane@example.net
159652878539,English,M,V1,4,2018-04-23 00:00:00,95.0,nathan89@example.com
749490299323,English,M,V2,4,2018-04-23 00:00:00,86.0,davisalexis@example.net
613970226679,English,M,V2,4,2018-04-23 00:00:00,143.0,wwright@example.net
844371997945,English,M,V1,4,2018-04-23 00:00:00,101.0,alyssa08@example.net
779921796534,English,F,V3,4,2018-04-23 00:00:00,95.0,williamharris@example.net
228015624507,English,F,V1,4,2018-04-23 00:00:00,128.0,william20@example.org
368936061203,English,M,V3,4,2018-04-23 00:00:00,135.0,cramirez@example.net
158136803713,English,M,V2,4,2018-04-23 00:00:00,136.0,lolson@example.org
298086364277,English,M,V1,4,2018-04-23 00:00:00,89.0,ambershaw@example.com
209059469635,English,F,V1,4,2018-04-23 00:00:00,143.0,danielsjesse@example.net
482212273351,English,M,V1,4,2018-04-23 00:00:00,128.0,frichard@example.com
805492682306,English,F,V2,4,2018-04-23 00:00:00,143.0,hendrixandrew@example.org
882257908364,English,M,V3,4,2018-04-23 00:00:00,92.0,cassandratorres@example.com
827215047405,English,F,V2,4,2018-04-23 00:00:00,134.0,davidanderson@example.net
155375766368,English,F,V1,4,2018-04-23 00:00:00,92.0,xchung@example.com
206240078951,English,F,V1,4,2018-04-23 00:00:00,129.0,christineevans@example.com
331866221598,English,F,V3,4,2018-04-23 00:00:00,140.0,dawn66@example.com
170051157425,English,M,V1,4,2018-04-23 00:00:00,126.0,jose98@example.net
670912189234,English,F,V1,4,2018-04-23 00:00:00,138.0,iedwards@example.com
840747794133,English,F,V1,4,2018-04-23 00:00:00,147.0,wendyharmon@example.net
437549687576,English,F,V1,4,2018-04-23 00:00:00,99.0,fjones@example.com
189670996123,English,M,V2,4,2018-04-23 00:00:00,89.0,jenniferroberts@example.com
683087260063,English,F,V3,4,2018-04-23 00:00:00,134.0,wuashley@example.com
805713251002,English,F,V1,4,2018-04-23 00:00:00,122.0,samuel59@example.net
439115761281,English,F,V3,4,2018-04-23 00:00:00,138.0,wwilliams@example.com
635969870976,English,M,V1,4,2018-04-23 00:00:00,104.0,chelseapatterson@example.com
587340182551,English,F,V1,4,2018-04-23 00:00:00,134.0,felicia79@example.com
978875855270,English,M,V2,4,2018-04-23 00:00:00,96.0,jclements@example.com
259314109737,English,M,V3,4,2018-04-23 00:00:00,136.0,aevans@example.net
628667696312,English,F,V2,4,2018-04-23 00:00:00,91.0,gonzalesdeborah@example.com
328123981982,English,F,V2,4,2018-04-23 00:00:00,141.0,michaelanderson@example.com
276256414379,English,F,V1,4,2018-04-23 00:00:00,144.0,jamessullivan@example.org
862541085784,English,F,V2,4,2018-04-23 00:00:00,146.0,jennifersmith@example.net
620604566876,English,F,V2,4,2018-04-23 00:00:00,141.0,debbie51@example.org
473501559549,English,F,V2,4,2018-04-23 00:00:00,148.0,cervanteschristopher@example.org
882223254882,English,F,V3,4,2018-04-23 00:00:00,141.0,hayescharles@example.net
134080688821,English,F,V2,4,2018-04-23 00:00:00,136.0,nunezjon@example.net
724149133828,English,M,V3,4,2018-04-23 00:00:00,137.0,sean70@example.net
200178873426,English,M,V1,4,2018-04-23 00:00:00,133.0,wgreen@example.com
879097061377,English,M,V2,4,2018-04-23 00:00:00,92.0,jonesjeremy@example.net
882688718473,English,M,V3,4,2018-04-23 00:00:00,100.0,clarencewatkins@example.com
241464207320,English,M,V1,4,2018-04-23 00:00:00,123.0,karen29@example.org
476228737284,English,M,V2,4,2018-04-23 00:00:00,86.0,gallen@example.org
273323050176,English,M,V1,4,2018-04-23 00:00:00,125.0,phillipsmichael@example.com
980106644145,English,M,V2,4,2018-04-23 00:00:00,135.0,lindabutler@example.com
614492451828,English,M,V1,4,2018-04-23 00:00:00,140.0,ppowell@example.com
482527971794,English,F,V2,4,2018-04-23 00:00:00,94.0,joselopez@example.net
296239243361,English,M,V2,4,2018-04-23 00:00:00,135.0,whitejohn@example.org
201181679983,English,M,V1,4,2018-04-23 00:00:00,144.0,mellis@example.net
494655129796,English,M,V1,4,2018-04-23 00:00:00,93.0,jennifergregory@example.net
174770472497,English,F,V3,4,2018-04-23 00:00:00,149.0,yrogers@example.net
987618367012,English,F,V2,4,2018-04-23 00:00:00,147.0,evan03@example.net
566707854079,English,M,V3,4,2018-04-23 00:00:00,91.0,nallison@example.net
479975147571,English,F,V1,4,2018-04-23 00:00:00,94.0,kimberly50@example.org
108052193041,English,F,V1,4,2018-04-23 00:00:00,125.0,suttonroy@example.net
256179331785,English,M,V1,4,2018-04-23 00:00:00,147.0,jessica64@example.com
335575523100,English,M,V1,4,2018-04-23 00:00:00,128.0,claudiajones@example.com
734854315562,English,F,V3,4,2018-04-23 00:00:00,139.0,rodgersantonio@example.org
625929776510,English,F,V1,4,2018-04-23 00:00:00,146.0,annaclark@example.net
495806488606,English,M,V3,4,2018-04-23 00:00:00,95.0,gabrielaguilar@example.org
150845917212,English,M,V3,4,2018-04-23 00:00:00,131.0,whernandez@example.net
412803722953,English,F,V3,4,2018-04-23 00:00:00,135.0,mark84@example.net
243769105274,English,F,V3,4,2018-04-23 00:00:00,138.0,mikayla31@example.org
800341426704,English,M,V1,4,2018-04-23 00:00:00,129.0,emilywheeler@example.com
150952890588,English,F,V3,4,2018-04-23 00:00:00,91.0,collinsjoseph@example.com
411608776354,English,F,V3,4,2018-04-23 00:00:00,138.0,hurleyedward@example.net
751444227923,English,F,V1,4,2018-04-23 00:00:00,140.0,tzavala@example.org
414312019746,English,M,V2,4,2018-04-23 00:00:00,127.0,raymond99@example.net
600073863335,English,F,V3,4,2018-04-23 00:00:00,131.0,joseph45@example.net
697346801423,English,M,V2,4,2018-04-23 00:00:00,138.0,myerslinda@example.com
396761268023,English,M,V1,4,2018-04-23 00:00:00,141.0,sharrell@example.org
487519719062,English,F,V1,4,2018-04-23 00:00:00,145.0,qsanchez@example.net
384898891725,English,M,V3,4,2018-04-23 00:00:00,102.0,sharongutierrez@example.com
241464207320,English,M,V3,4,2018-04-23 00:00:00,121.0,williamstimothy@example.net
262941024552,English,F,V2,4,2018-04-23 00:00:00,127.0,kristinariddle@example.com
443302824961,English,F,V2,4,2018-04-23 00:00:00,137.0,obrienlisa@example.net
936135739271,English,F,V1,4,2018-04-23 00:00:00,146.0,qbrady@example.net
427733063130,English,F,V1,4,2018-04-23 00:00:00,128.0,zwalker@example.net
815340512436,English,F,V2,4,2018-04-23 00:00:00,130.0,gchase@example.org
601620673822,English,M,V2,4,2018-04-23 00:00:00,133.0,vazquezkeith@example.org
241127321691,English,M,V2,4,2018-04-23 00:00:00,127.0,martinbrown@example.net
662357163964,English,M,V2,4,2018-04-23 00:00:00,143.0,xgrimes@example.com
481435270788,English,M,V3,4,2018-04-23 00:00:00,144.0,tammy21@example.net
144919924315,English,F,V1,4,2018-04-23 00:00:00,143.0,mjones@example.org
376084801161,English,F,V2,4,2018-04-23 00:00:00,133.0,jessicalamb@example.org
819213578385,English,F,V3,4,2018-04-23 00:00:00,87.0,fvillegas@example.org
266049387196,English,M,V2,4,2018-04-23 00:00:00,89.0,amanda35@example.com
116532145167,English,M,V3,4,2018-04-23 00:00:00,130.0,frederickelliott@example.org
458426555373,English,F,V1,4,2018-04-23 00:00:00,,joanna60@example.com
889847827276,English,M,V3,4,2018-04-23 00:00:00,104.0,ebrooks@example.net
594760713736,English,F,V2,4,2018-04-23 00:00:00,149.0,wrightjuan@example.net
810878197565,English,F,V2,4,2018-04-23 00:00:00,92.0,danielmoore@example.org
719143988343,English,F,V2,4,2018-04-23 00:00:00,90.0,xandrews@example.org
492179496633,English,F,V3,4,2018-04-23 00:00:00,89.0,pattonpaul@example.net
