Student ID,test name,gender,version,level,test date,Standardised Score,Email
046099915393,Overall,F,V1,11,2023-07-01,83.0,johnsonscott@example.org
055449084328,Overall,F,V3,11,2023-07-01,134.0,harrisdebra@example.com
047665164771,Overall,M,V2,11,2023-07-01,88.0,thomas65@example.org
029106431469,Overall,M,V1,11,2023-07-01,134.0,stephanielyons@example.org
028543088872,Overall,F,V2,11,2023-07-01,139.0,charles24@example.net
040763420874,Overall,M,V1,11,2023-07-01,139.0,leslie00@example.org
063505796304,Overall,M,V3,11,2023-07-01,,kclark@example.net
077465046934,Overall,F,V2,11,2023-07-01,86.0,erica97@example.net
082654727741,Overall,F,V2,11,2023-07-01,140.0,wdavis@example.com
046752589231,Overall,M,V2,11,2023-07-01,138.0,fcasey@example.org
024137928457,Overall,M,V1,11,2023-07-01,141.0,justin54@example.net
016262035236,Overall,M,V1,11,2023-07-01,123.0,dannyobrien@example.net
061019262887,Overall,F,V2,11,2023-07-01,142.0,brendanallen@example.com
079544716168,Overall,F,V1,11,2023-07-01,88.0,sergiomorton@example.net
051649320740,Overall,M,V2,11,2023-07-01,130.0,eddiecooper@example.net
094655164521,Overall,F,V3,11,2023-07-01,142.0,clifford98@example.com
087167449925,Overall,M,V1,11,2023-07-01,91.0,destinygrant@example.com
065625302872,Overall,F,V3,11,2023-07-01,140.0,hopkinsdavid@example.com
081572559816,Overall,M,V2,11,2023-07-01,88.0,sanderslisa@example.com
017983992456,Overall,F,V3,11,2023-07-01,96.0,ngriffith@example.org
084707989570,Overall,F,V3,11,2023-07-01,94.0,vicki94@example.com
077723001899,Overall,M,V1,11,2023-07-01,136.0,bowenjohn@example.com
024753135906,Overall,M,V2,11,2023-07-01,137.0,christophercurtis@example.com
026491313558,Overall,F,V2,11,2023-07-01,136.0,kellyshaw@example.org
044197375480,Overall,M,V2,11,2023-07-01,137.0,rcopeland@example.com
074949029932,Overall,F,V3,11,2023-07-01,83.0,derek66@example.org
087431519298,Overall,M,V1,11,2023-07-01,85.0,prichards@example.com
083142161661,Overall,F,V2,11,2023-07-01,130.0,gilesnicholas@example.org
075711952677,Overall,F,V1,11,2023-07-01,139.0,hhoffman@example.org
025781782172,Overall,F,V1,11,2023-07-01,135.0,istanton@example.net
094120648883,Overall,M,V1,11,2023-07-01,140.0,julie52@example.org
097061452259,Overall,F,V2,11,2023-07-01,142.0,jamiefreeman@example.com
035132479875,Overall,F,V3,11,2023-07-01,144.0,njohnston@example.org
040456834279,Overall,F,V3,11,2023-07-01,141.0,tylerdunn@example.com
067236075052,Overall,F,V1,11,2023-07-01,131.0,michellesloan@example.net
043127440572,Overall,F,V2,11,2023-07-01,130.0,william86@example.org
052519686711,Overall,M,V2,11,2023-07-01,136.0,fbrown@example.org
063438786074,Overall,F,V3,11,2023-07-01,84.0,samuel00@example.com
020708044895,Overall,M,V2,11,2023-07-01,131.0,greenpaul@example.net
086730007461,Overall,M,V3,11,2023-07-01,130.0,petersonkimberly@example.org
073531136248,Overall,M,V1,11,2023-07-01,126.0,patrick48@example.org
066277840864,Overall,F,V1,11,2023-07-01,87.0,courtney50@example.com
077500309897,Overall,M,V1,11,2023-07-01,138.0,francisco74@example.org
053487165884,Overall,F,V3,11,2023-07-01,90.0,estradadrew@example.org
029918386642,Overall,M,V3,11,2023-07-01,144.0,dianeharris@example.org
071164297522,Overall,F,V1,11,2023-07-01,133.0,christine96@example.org
081473055677,Overall,M,V1,11,2023-07-01,81.0,perezrobert@example.com
071380522818,Overall,M,V1,11,2023-07-01,134.0,fletcherjason@example.com
027959937532,Overall,F,V3,11,2023-07-01,83.0,anthonyharris@example.org
061812740274,Overall,F,V1,11,2023-07-01,132.0,michael76@example.org
032891326778,Overall,F,V2,11,2023-07-01,141.0,eric81@example.org
032261145589,Overall,F,V1,11,2023-07-01,136.0,pwilson@example.net
071252334368,Overall,F,V1,11,2023-07-01,135.0,zclark@example.net
080911523166,Overall,F,V2,11,2023-07-01,131.0,christensendaniel@example.net
082911507406,Overall,F,V1,11,2023-07-01,125.0,xmorrison@example.com
087371982446,Overall,M,V2,11,2023-07-01,87.0,esilva@example.org
022664345527,Overall,F,V1,11,2023-07-01,,kelly79@example.org
061148489629,Overall,F,V1,11,2023-07-01,87.0,jessicaramirez@example.net
047612471288,Overall,F,V3,11,2023-07-01,139.0,braunjamie@example.org
035357147695,Overall,F,V2,11,2023-07-01,82.0,michelle56@example.net
073839881264,Overall,M,V2,11,2023-07-01,93.0,angela82@example.com
038587110400,Overall,F,V3,11,2023-07-01,123.0,mary18@example.net
074777702216,Overall,M,V3,11,2023-07-01,136.0,johnjohnson@example.com
090454504368,Overall,M,V1,11,2023-07-01,138.0,sarahjacobs@example.org
014252734671,Overall,M,V2,11,2023-07-01,131.0,shannon80@example.org
050478936093,Overall,M,V3,11,2023-07-01,143.0,hparrish@example.com
010036781333,Overall,F,V3,11,2023-07-01,126.0,david78@example.com
056730579987,Overall,M,V2,11,2023-07-01,97.0,jamesrice@example.com
077960886288,Overall,F,V2,11,2023-07-01,96.0,qmendoza@example.org
053479087216,Overall,F,V3,11,2023-07-01,137.0,christopher45@example.org
045842655537,Overall,F,V3,11,2023-07-01,139.0,martinezjanet@example.com
057672805825,Overall,M,V3,11,2023-07-01,138.0,james24@example.net
010773994450,Overall,M,V2,11,2023-07-01,136.0,amy43@example.com
029324265076,Overall,M,V2,11,2023-07-01,133.0,salinasrobert@example.com
025551482987,Overall,M,V3,11,2023-07-01,140.0,pthompson@example.net
057963280128,Overall,F,V2,11,2023-07-01,139.0,christopher92@example.net
010821118651,Overall,F,V2,11,2023-07-01,124.0,marcmcclure@example.org
057688260509,Overall,F,V1,11,2023-07-01,86.0,kimberlyshepard@example.com
042762653372,Overall,F,V3,11,2023-07-01,137.0,raymondmurphy@example.net
056780806678,Overall,F,V1,11,2023-07-01,93.0,burnsrichard@example.net
013046921307,Overall,F,V3,11,2023-07-01,120.0,joshua81@example.com
096682614941,Overall,F,V3,11,2023-07-01,144.0,brendabrown@example.org
080620306318,Overall,M,V3,11,2023-07-01,128.0,adamschristian@example.org
064827166239,Overall,F,V1,11,2023-07-01,135.0,xyoder@example.org
028907789661,Overall,F,V3,11,2023-07-01,96.0,jasonsalazar@example.org
086540685038,Overall,M,V1,11,2023-07-01,144.0,valerie48@example.net
081564396926,Overall,M,V1,11,2023-07-01,85.0,erika96@example.net
039673943654,Overall,M,V3,11,2023-07-01,93.0,kevinsullivan@example.com
078168758653,Overall,M,V1,11,2023-07-01,85.0,sherrydawson@example.net
030955520251,Overall,M,V3,11,2023-07-01,127.0,paceerin@example.net
062538585992,Overall,M,V2,11,2023-07-01,91.0,theresa08@example.com
083909687596,Overall,F,V2,11,2023-07-01,104.0,bishopstephanie@example.net
072329764310,Overall,M,V1,11,2023-07-01,128.0,arnoldmichele@example.net
086254108578,Overall,F,V1,11,2023-07-01,145.0,smithmatthew@example.net
072304054195,Overall,M,V1,11,2023-07-01,124.0,norrisdouglas@example.net
031149771912,Overall,M,V1,11,2023-07-01,134.0,hwebb@example.com
033415071513,Overall,F,V3,11,2023-07-01,115.0,davidmyers@example.net
081962892530,Overall,F,V2,11,2023-07-01,137.0,katrina30@example.org
065616613494,Overall,M,V1,11,2023-07-01,143.0,jessicaking@example.org
043250768763,Overall,F,V3,11,2023-07-01,132.0,thomasjason@example.net
012100147624,Overall,F,V2,11,2023-07-01,116.0,pattersonmichael@example.org
034620096616,Overall,F,V1,11,2023-07-01,133.0,hannahlee@example.net
082069905550,Overall,F,V3,11,2023-07-01,141.0,osbornmichael@example.com
030661500008,Overall,F,V1,11,2023-07-01,122.0,rita51@example.com
061237192515,Overall,M,V2,11,2023-07-01,130.0,marioclarke@example.com
068604590987,Overall,F,V1,11,2023-07-01,89.0,nanderson@example.com
087167449925,Overall,F,V3,11,2023-07-01,93.0,ballkelly@example.com
067603303245,Overall,F,V3,11,2023-07-01,135.0,jonesjose@example.net
066424795327,Overall,F,V3,11,2023-07-01,136.0,scottkyle@example.net
013244731197,Overall,M,V2,11,2023-07-01,131.0,thomas08@example.net
075144033914,Overall,F,V3,11,2023-07-01,131.0,riveramichael@example.org
039438541893,Overall,F,V2,11,2023-07-01,140.0,richard08@example.net
081087819756,Overall,F,V2,11,2023-07-01,86.0,richardlee@example.net
068170742120,Overall,F,V2,11,2023-07-01,126.0,williamswesley@example.org
075762019439,Overall,F,V2,11,2023-07-01,85.0,sandrawalters@example.com
016846233710,Overall,M,V1,11,2023-07-01,131.0,ortizangel@example.org
032567746725,Overall,M,V2,11,2023-07-01,87.0,douglasduffy@example.net
040445751350,Overall,M,V3,11,2023-07-01,122.0,sotojason@example.org
061997531401,Overall,F,V3,11,2023-07-01,136.0,yjackson@example.com
045532493623,Overall,M,V2,11,2023-07-01,134.0,vsmith@example.org
054660757892,Overall,F,V2,11,2023-07-01,93.0,josevalencia@example.net
084779424502,Overall,F,V2,11,2023-07-01,138.0,michellelopez@example.com
038583679039,Overall,F,V1,11,2023-07-01,91.0,watsondanielle@example.org
076931994493,Overall,M,V3,11,2023-07-01,94.0,christopher09@example.net
093658388976,Overall,F,V3,11,2023-07-01,101.0,woodrebecca@example.org
061407726363,Overall,F,V2,11,2023-07-01,131.0,deborah22@example.net
038794577574,Overall,F,V1,11,2023-07-01,100.0,ewright@example.com
067004321168,Overall,F,V2,11,2023-07-01,132.0,sheryl76@example.org
064154487965,Overall,F,V3,11,2023-07-01,85.0,amanda31@example.org
080994576752,Overall,X,V1,11,2023-07-01,90.0,jonathan47@example.com
071032099187,Overall,M,V1,11,2023-07-01,141.0,wcraig@example.com
061658609831,Overall,F,V2,11,2023-07-01,87.0,cynthiaanderson@example.org
034089208191,Overall,F,V1,11,2023-07-01,130.0,carsonpatrick@example.org
074935330921,Overall,F,V3,11,2023-07-01,135.0,xgordon@example.com
077935677818,Overall,M,V1,11,2023-07-01,99.0,donovanconnie@example.net
019032460167,Overall,F,V1,11,2023-07-01,130.0,kellerteresa@example.com
047997514757,Overall,M,V2,11,2023-07-01,90.0,olivingston@example.org
041029299620,Overall,M,V3,11,2023-07-01,126.0,webbrussell@example.org
022579468478,Overall,F,V1,11,2023-07-01,94.0,jenningscharles@example.net
074389456797,Overall,F,V1,11,2023-07-01,105.0,toddriddle@example.org
050760869345,Overall,F,V1,11,2023-07-01,144.0,iburgess@example.org
092630628814,Overall,M,V2,11,2023-07-01,133.0,christopherlawrence@example.org
049995634377,Overall,F,V2,11,2023-07-01,92.0,vpeterson@example.org
087968302225,Overall,F,V2,11,2023-07-01,136.0,atorres@example.net
081855506935,Overall,M,V1,11,2023-07-01,89.0,berrymary@example.com
032111861968,Overall,M,V2,11,2023-07-01,141.0,olopez@example.com
098029747956,Overall,F,V2,11,2023-07-01,88.0,teresa09@example.net
088648124608,Overall,M,V1,11,2023-07-01,86.0,nicholas14@example.net
027709694266,Overall,M,V2,11,2023-07-01,93.0,hillmichael@example.net
094277783750,Overall,F,V3,11,2023-07-01,83.0,susansmith@example.com
073429319889,Overall,F,V1,11,2023-07-01,86.0,robertconley@example.com
035037836869,Overall,M,V3,11,2023-07-01,82.0,benjamin62@example.org
046844377724,Overall,M,V1,11,2023-07-01,144.0,tracey07@example.net
051142514079,Overall,M,V2,11,2023-07-01,128.0,morganfrances@example.com
049331693189,Overall,F,V3,11,2023-07-01,84.0,campossandra@example.org
031150245956,Overall,F,V2,11,2023-07-01,131.0,joshua21@example.net
094596615712,Overall,M,V2,11,2023-07-01,91.0,mdiaz@example.com
076662463873,Overall,M,V3,11,2023-07-01,85.0,millercharles@example.com
028656107857,Overall,F,V2,11,2023-07-01,84.0,thompsoncynthia@example.org
041895471794,Overall,F,V1,11,2023-07-01,88.0,coopercharles@example.com
034089916831,Overall,M,V1,11,2023-07-01,140.0,daniel42@example.org
075711952677,Overall,F,V1,11,2023-07-01,142.0,brucemadden@example.com
086881288294,Overall,F,V1,11,2023-07-01,90.0,nhall@example.com
074790646844,Overall,M,V3,11,2023-07-01,146.0,martinjessica@example.net
038808112381,Overall,F,V3,11,2023-07-01,129.0,rebecca88@example.com
047187368437,Overall,M,V1,11,2023-07-01,88.0,sonyahoover@example.net
098186414941,Overall,F,V1,11,2023-07-01,138.0,bhernandez@example.com
051549105680,Overall,F,V2,11,2023-07-01,137.0,davidgardner@example.org
016757514490,Overall,M,V3,11,2023-07-01,130.0,fisheradam@example.org
072434914734,Overall,M,V1,11,2023-07-01,138.0,fsnyder@example.com
072304054195,Overall,M,V2,11,2023-07-01,123.0,kfletcher@example.com
061997531401,Overall,M,V1,11,2023-07-01,138.0,jacobduncan@example.com
087931882851,Overall,M,V2,11,2023-07-01,92.0,david63@example.net
033909014681,Overall,F,V2,11,2023-07-01,130.0,reyesmichele@example.com
069077941510,Overall,M,V2,11,2023-07-01,144.0,rmejia@example.net
078148486953,Overall,M,V1,11,2023-07-01,92.0,leslie34@example.net
032530571385,Overall,M,V1,11,2023-07-01,130.0,qstewart@example.org
074711596902,Overall,F,V2,11,2023-07-01,146.0,angela89@example.com
039974983885,Overall,F,V3,11,2023-07-01,101.0,melanie24@example.org
034578554203,Overall,M,V1,11,2023-07-01,134.0,jenniferthompson@example.com
025225921093,Overall,F,V3,11,2023-07-01,130.0,paulavasquez@example.org
068246543152,Overall,F,V1,11,2023-07-01,137.0,natalielivingston@example.org
066778231617,Overall,F,V1,11,2023-07-01,82.0,james32@example.com
071289277905,Overall,M,V2,11,2023-07-01,90.0,james37@example.org
053753023111,Overall,F,V1,11,2023-07-01,118.0,javiermiller@example.org
036283564625,Overall,M,V2,11,2023-07-01,136.0,daviscathy@example.org
091128398058,Overall,M,V3,11,2023-07-01,141.0,harrellamy@example.net
040742051534,Overall,M,V3,11,2023-07-01,127.0,rebekah67@example.net
071207010285,Overall,M,V1,11,2023-07-01,120.0,msmith@example.net
062861451043,Overall,M,V1,11,2023-07-01,121.0,susan09@example.net
044897931918,Overall,F,V3,11,2023-07-01,86.0,zschwartz@example.net
090924118531,Overall,M,V2,11,2023-07-01,137.0,omar30@example.com
075632065167,Overall,F,V2,11,2023-07-01,140.0,kevin50@example.net
029956531981,Overall,F,V2,11,2023-07-01,143.0,butlerconnor@example.com
060126909279,Overall,M,V1,11,2023-07-01,139.0,rhale@example.com
054840817518,Overall,F,V3,11,2023-07-01,141.0,jessica10@example.net
099551011671,Overall,F,V1,11,2023-07-01,136.0,gwilson@example.net
040115328972,Overall,M,V3,11,2023-07-01,134.0,mscott@example.org
050660936515,Overall,X,V1,11,2023-07-01,129.0,lori46@example.net
013923730066,Overall,F,V1,11,2023-07-01,130.0,ocuevas@example.net
040488103244,Overall,F,V3,11,2023-07-01,122.0,ashleymartinez@example.com
045617047065,Overall,F,V3,11,2023-07-01,130.0,rosekatherine@example.com
073135739596,Overall,M,V3,11,2023-07-01,87.0,ayalakevin@example.org
046870804921,Overall,F,V2,11,2023-07-01,138.0,hoffmanjohn@example.com
094986145226,Overall,X,V2,11,2023-07-01,138.0,clarkbrandon@example.org
096327780944,Overall,F,V3,11,2023-07-01,85.0,wilsonjennifer@example.net
069259094048,Overall,M,V3,11,2023-07-01,143.0,megan70@example.com
074350230900,Overall,M,V3,11,2023-07-01,116.0,pmoore@example.net
040748394951,Overall,M,V2,11,2023-07-01,84.0,fwagner@example.net
024830514640,Overall,M,V2,11,2023-07-01,132.0,jenniferrobinson@example.com
074949029932,Overall,F,V2,11,2023-07-01,84.0,wilsonveronica@example.com
010923868758,Overall,M,V1,11,2023-07-01,145.0,susanhunter@example.com
024679270518,Overall,F,V1,11,2023-07-01,81.0,tiffanynichols@example.com
035191197218,Overall,F,V3,11,2023-07-01,137.0,williamspencer@example.org
080746885149,Overall,F,V1,11,2023-07-01,82.0,bradykathryn@example.org
085060726201,Overall,F,V2,11,2023-07-01,126.0,amybarr@example.org
096722954850,Overall,M,V3,11,2023-07-01,87.0,nicolestevens@example.com
016609679149,Overall,M,V1,11,2023-07-01,145.0,johnsonlauren@example.net
022360646989,Overall,F,V1,11,2023-07-01,87.0,browndavid@example.org
042794386073,Overall,F,V2,11,2023-07-01,84.0,jennifer26@example.net
097855833609,Overall,X,V1,11,2023-07-01,92.0,pking@example.org
086128256854,Overall,M,V3,11,2023-07-01,141.0,yrios@example.com
030413544194,Overall,M,V3,11,2023-07-01,126.0,qlee@example.net
055644999554,Overall,M,V1,11,2023-07-01,88.0,carl38@example.com
030760415964,Overall,M,V1,11,2023-07-01,132.0,stevenmccarthy@example.net
094986145226,Overall,M,V2,11,2023-07-01,140.0,dawnchavez@example.com
037785279489,Overall,X,V2,11,2023-07-01,99.0,conradbenjamin@example.com
089827970111,Overall,M,V1,11,2023-07-01,144.0,tboyd@example.net
053753023111,Overall,M,V1,11,2023-07-01,116.0,harrismichael@example.com
092470943142,Overall,M,V3,11,2023-07-01,130.0,howelljoseph@example.org
063060610997,Overall,F,V1,11,2023-07-01,134.0,msanders@example.net
021419579799,Overall,M,V1,11,2023-07-01,93.0,smithandrea@example.net
024830514640,Overall,F,V2,11,2023-07-01,126.0,loweryabigail@example.net
077387397133,Overall,M,V3,11,2023-07-01,92.0,peter86@example.net
042505773435,Overall,F,V1,11,2023-07-01,137.0,pjones@example.org
035450182853,Overall,F,V1,11,2023-07-01,136.0,rstewart@example.org
032983617743,Overall,M,V1,11,2023-07-01,84.0,zreed@example.org
041253465542,Overall,M,V2,11,2023-07-01,125.0,dshepard@example.com
076860272972,Overall,F,V1,11,2023-07-01,143.0,csalazar@example.org
079873968110,Overall,M,V3,11,2023-07-01,87.0,dawnlee@example.org
040855937982,Overall,F,V1,11,2023-07-01,88.0,william98@example.org
092859463100,Overall,M,V2,11,2023-07-01,138.0,kwolfe@example.net
070980924785,Overall,F,V1,11,2023-07-01,89.0,curtisle@example.com
092460944942,Overall,F,V1,11,2023-07-01,86.0,melissa05@example.net
095077462542,Overall,M,V3,11,2023-07-01,143.0,omorales@example.net
085123625749,Overall,M,V1,11,2023-07-01,134.0,zavery@example.com
066574436634,Overall,F,V2,11,2023-07-01,144.0,qduke@example.com
010383246228,Overall,M,V3,11,2023-07-01,128.0,michael39@example.com
029808636427,Overall,M,V2,11,2023-07-01,85.0,dhernandez@example.com
082026200820,Overall,M,V2,11,2023-07-01,122.0,carl85@example.org
041117211737,Overall,F,V3,11,2023-07-01,127.0,wilkinsonashley@example.org
064590900610,Overall,F,V2,11,2023-07-01,124.0,nathan01@example.org
010821118651,Overall,M,V2,11,2023-07-01,122.0,gcline@example.com
063438786074,Overall,F,V3,11,2023-07-01,86.0,jacobhaynes@example.org
053231138512,Overall,F,V1,11,2023-07-01,128.0,blacksteven@example.org
053487165884,Overall,M,V2,11,2023-07-01,91.0,walkerjared@example.com
091234002751,Overall,F,V3,11,2023-07-01,126.0,lanceunderwood@example.net
015483560665,Overall,F,V3,11,2023-07-01,136.0,bensonlisa@example.net
056710124739,Overall,F,V2,11,2023-07-01,140.0,ijensen@example.com
033269808639,Overall,F,V1,11,2023-07-01,141.0,cookariel@example.net
079324242471,Overall,F,V2,11,2023-07-01,135.0,peterpayne@example.com
055504802393,Overall,F,V2,11,2023-07-01,136.0,ingrammary@example.org
013046921307,Overall,F,V3,11,2023-07-01,125.0,bruce00@example.com
081087819756,Overall,M,V1,11,2023-07-01,92.0,kellyscott@example.com
059619729181,Overall,F,V2,11,2023-07-01,90.0,ashley24@example.org
025798532643,Overall,F,V2,11,2023-07-01,141.0,jacoballison@example.org
048239696403,Overall,F,V1,11,2023-07-01,87.0,evansnatalie@example.org
060413499277,Overall,M,V3,11,2023-07-01,143.0,ramirezmichael@example.org
026072421300,Overall,F,V2,11,2023-07-01,115.0,awilson@example.com
066792370578,Overall,F,V1,11,2023-07-01,88.0,aharris@example.net
093431359966,Overall,M,V3,11,2023-07-01,140.0,crystalramsey@example.com
098644844287,Overall,F,V1,11,2023-07-01,89.0,ronald24@example.org
021202181474,Overall,F,V3,11,2023-07-01,119.0,wdennis@example.com
093279330291,Overall,M,V3,11,2023-07-01,139.0,jjohnson@example.org
024798218294,Overall,M,V1,11,2023-07-01,84.0,salinaschristopher@example.net
010123692855,Overall,F,V3,11,2023-07-01,,pamela64@example.org
092256767883,Overall,M,V1,11,2023-07-01,87.0,kramirez@example.net
063099100928,Overall,F,V1,11,2023-07-01,139.0,hamiltonanne@example.com
038087378307,Overall,F,V3,11,2023-07-01,142.0,randolphwilliam@example.net
071118851983,Overall,M,V2,11,2023-07-01,139.0,denniskelly@example.net
055547891539,Overall,F,V3,11,2023-07-01,91.0,amywhitehead@example.org
015833735379,Overall,M,V2,11,2023-07-01,145.0,ybauer@example.com
080571325100,Overall,F,V3,11,2023-07-01,119.0,robinphillips@example.com
035869060438,Overall,F,V1,11,2023-07-01,141.0,ypittman@example.com
024026670259,Overall,F,V3,11,2023-07-01,133.0,tony39@example.com
023830861493,Overall,F,V2,11,2023-07-01,135.0,justin69@example.org
059622780936,Overall,M,V3,11,2023-07-01,86.0,toddjames@example.org
025512398550,Overall,F,V1,11,2023-07-01,141.0,gibsonfrederick@example.com
034982511248,Overall,F,V1,11,2023-07-01,132.0,ymoore@example.org
076931994493,Overall,M,V3,11,2023-07-01,92.0,charles14@example.com
052344603723,Overall,M,V2,11,2023-07-01,128.0,evanrodgers@example.org
019601824263,Overall,F,V2,11,2023-07-01,133.0,xsweeney@example.com
073463546268,Overall,M,V2,11,2023-07-01,85.0,brucegreen@example.net
056450072578,Overall,F,V2,11,2023-07-01,137.0,mrichard@example.org
059476071373,Overall,F,V3,11,2023-07-01,142.0,harveymelanie@example.org
096730072322,Overall,M,V3,11,2023-07-01,134.0,brandon47@example.com
038555887165,Overall,F,V1,11,2023-07-01,87.0,jrogers@example.org
028447873200,Overall,F,V2,11,2023-07-01,135.0,eortiz@example.net
086077657619,Overall,F,V3,11,2023-07-01,85.0,lauren03@example.com
049417698852,Overall,M,V3,11,2023-07-01,93.0,imeyer@example.com
087002737277,Overall,M,V3,11,2023-07-01,142.0,curtiswilliams@example.net
027186436121,Overall,F,V3,11,2023-07-01,131.0,lmurray@example.org
061454022073,Overall,M,V2,11,2023-07-01,127.0,daniel97@example.net
021314001404,Overall,F,V2,11,2023-07-01,105.0,jchristian@example.org
042295447126,Overall,F,V3,11,2023-07-01,137.0,hannaronnie@example.org
044272916667,Overall,X,V1,11,2023-07-01,81.0,christina56@example.com
029324863869,Overall,F,V2,11,2023-07-01,81.0,tiffany56@example.com
053387285163,Overall,M,V2,11,2023-07-01,140.0,aweber@example.com
077550819122,Overall,M,V1,11,2023-07-01,139.0,briangordon@example.org
028209783057,Overall,M,V1,11,2023-07-01,146.0,nancy12@example.org
024189827674,Overall,M,V2,11,2023-07-01,90.0,gonzalezangela@example.org
085806998025,Overall,M,V2,11,2023-07-01,85.0,alicia85@example.org
087135469988,Overall,F,V2,11,2023-07-01,96.0,oliviasnow@example.net
094465937501,Overall,F,V2,11,2023-07-01,141.0,fhinton@example.com
013142627584,Overall,M,V2,11,2023-07-01,131.0,larrymarshall@example.net
010923868758,Overall,F,V3,11,2023-07-01,139.0,akim@example.com
077793950213,Overall,M,V2,11,2023-07-01,82.0,ewang@example.com
071252334368,Overall,M,V3,11,2023-07-01,134.0,sharonwilson@example.com
054934716430,Overall,M,V3,11,2023-07-01,130.0,samanthawalton@example.net
077772953205,Overall,F,V2,11,2023-07-01,142.0,wtucker@example.com
030042130417,Overall,M,V2,11,2023-07-01,118.0,erodriguez@example.net
052079484153,Overall,F,V1,11,2023-07-01,130.0,freemanrobert@example.net
011924346025,Overall,F,V1,11,2023-07-01,129.0,watersemily@example.org
067091218923,Overall,F,V2,11,2023-07-01,136.0,aliciathomas@example.net
023770241390,Overall,M,V2,11,2023-07-01,128.0,cynthiahowell@example.org
030042130417,Overall,M,V2,11,2023-07-01,112.0,johnsonaustin@example.org
087692703274,Overall,M,V1,11,2023-07-01,139.0,burchraymond@example.org
030042130417,Overall,M,V1,11,2023-07-01,112.0,mroberts@example.org
055078025778,Overall,F,V3,11,2023-07-01,83.0,joan07@example.com
024975650912,Overall,M,V2,11,2023-07-01,135.0,kmyers@example.org
057672805825,Overall,M,V2,11,2023-07-01,139.0,jennalewis@example.com
078672766823,Overall,M,V1,11,2023-07-01,87.0,christopher84@example.com
087692703274,Overall,M,V2,11,2023-07-01,138.0,sparksmark@example.org
081404304708,Overall,M,V2,11,2023-07-01,125.0,yross@example.net
041597171308,Overall,M,V3,11,2023-07-01,132.0,amurphy@example.net
028209783057,Overall,F,V1,11,2023-07-01,141.0,hallheather@example.net
093962347153,Overall,M,V3,11,2023-07-01,142.0,miranda86@example.com
095360479745,Overall,F,V1,11,2023-07-01,90.0,vanessa30@example.com
060126909279,Overall,F,V3,11,2023-07-01,138.0,susanwoodard@example.org
090242298495,Overall,M,V1,11,2023-07-01,139.0,stevenweber@example.com
055926594316,Overall,M,V2,11,2023-07-01,142.0,qmunoz@example.org
021347556015,Overall,F,V2,11,2023-07-01,128.0,erica01@example.com
053991246073,Overall,F,V1,11,2023-07-01,141.0,jamesbenton@example.net
052344603723,Overall,F,V3,11,2023-07-01,124.0,petersonpeter@example.org
095962454261,Overall,M,V2,11,2023-07-01,135.0,hailey44@example.net
095698362112,Overall,M,V2,11,2023-07-01,139.0,michaelparker@example.com
021897305293,Overall,M,V1,11,2023-07-01,139.0,burtonkayla@example.net
030555980348,Overall,M,V1,11,2023-07-01,135.0,simpsonanthony@example.org
097694084068,Overall,M,V3,11,2023-07-01,82.0,kylehowe@example.net
067603303245,Overall,M,V1,11,2023-07-01,131.0,mmunoz@example.com
038572272217,Overall,F,V2,11,2023-07-01,129.0,tiffany69@example.org
094344418266,Overall,F,V2,11,2023-07-01,134.0,yolandadavila@example.net
036440094821,Overall,F,V1,11,2023-07-01,130.0,xyoung@example.org
075171850343,Overall,M,V1,11,2023-07-01,133.0,oliviajohns@example.org
052397454799,Overall,M,V1,11,2023-07-01,98.0,watersjohn@example.com
093392128551,Overall,F,V2,11,2023-07-01,134.0,yfrancis@example.com
025617933178,Overall,F,V1,11,2023-07-01,141.0,swansonmelinda@example.org
072514706235,Overall,F,V2,11,2023-07-01,128.0,marcusjenkins@example.net
015483560665,Overall,F,V2,11,2023-07-01,135.0,ldalton@example.com
030555980348,Overall,F,V2,11,2023-07-01,136.0,grantdevin@example.com
048205924137,Overall,M,V1,11,2023-07-01,135.0,gomezcharles@example.org
048137786897,Overall,F,V1,11,2023-07-01,89.0,cnelson@example.com
014621647798,Overall,F,V1,11,2023-07-01,144.0,brandonhughes@example.net
017497351497,Overall,X,V1,11,2023-07-01,87.0,carpentersarah@example.org
079344470231,Overall,X,V1,11,2023-07-01,131.0,grantpatricia@example.com
057733373188,Overall,F,V3,11,2023-07-01,140.0,echarles@example.com
056099493024,Overall,F,V2,11,2023-07-01,138.0,hansonjohn@example.org
033541549335,Overall,F,V2,11,2023-07-01,128.0,johnsondavid@example.net
023956453205,Overall,F,V2,11,2023-07-01,128.0,lbaker@example.org
031806763990,Overall,M,V2,11,2023-07-01,139.0,dawn01@example.com
058363619243,Overall,F,V2,11,2023-07-01,140.0,jacqueline31@example.net
077284815560,Overall,F,V2,11,2023-07-01,84.0,upeterson@example.net
058820597274,Overall,M,V1,11,2023-07-01,144.0,jamesrice@example.com
057672805825,Overall,M,V1,11,2023-07-01,139.0,timothy34@example.com
086653054335,Overall,F,V3,11,2023-07-01,138.0,justin25@example.com
017320401284,Overall,F,V3,11,2023-07-01,119.0,claytonjonathan@example.org
098107407695,Overall,M,V2,11,2023-07-01,141.0,wileythomas@example.net
049580648860,Overall,F,V3,11,2023-07-01,88.0,jturner@example.com
044358650065,Overall,F,V2,11,2023-07-01,138.0,cheryl72@example.com
020018407535,Overall,F,V3,11,2023-07-01,122.0,treed@example.net
033444423381,Overall,M,V1,11,2023-07-01,129.0,kelseyrobertson@example.org
064519890797,Overall,M,V3,11,2023-07-01,89.0,terryteresa@example.org
082911507406,Overall,F,V3,11,2023-07-01,127.0,stephaniegoodman@example.org
026335884142,Overall,F,V2,11,2023-07-01,134.0,rachel87@example.org
068207632314,Overall,F,V3,11,2023-07-01,132.0,stanleymcneil@example.com
045701289137,Overall,M,V2,11,2023-07-01,131.0,blittle@example.net
069734680142,Overall,M,V3,11,2023-07-01,134.0,ramseymichael@example.org
090956140218,Overall,F,V3,11,2023-07-01,141.0,twebb@example.net
083105711580,Overall,F,V1,11,2023-07-01,129.0,alexander55@example.com
085724328976,Overall,X,V1,11,2023-07-01,84.0,wilsonrebecca@example.net
037339925271,Overall,F,V3,11,2023-07-01,135.0,nhampton@example.net
099551011671,Overall,M,V2,11,2023-07-01,134.0,jmyers@example.org
045982250700,Overall,F,V3,11,2023-07-01,136.0,welchchristina@example.org
013312642784,Overall,F,V3,11,2023-07-01,131.0,davidboyer@example.net
025798532643,Overall,M,V3,11,2023-07-01,144.0,alexander25@example.org
015288556575,Overall,M,V2,11,2023-07-01,90.0,allenfischer@example.org
085032837966,Overall,M,V1,11,2023-07-01,141.0,nicholashowe@example.org
096888134248,Overall,F,V2,11,2023-07-01,85.0,ybaker@example.com
059160843368,Overall,F,V1,11,2023-07-01,87.0,paulastephens@example.org
086946637181,Overall,M,V3,11,2023-07-01,85.0,sheri69@example.com
021035303852,Overall,F,V3,11,2023-07-01,117.0,lnguyen@example.org
040336763085,Overall,M,V1,11,2023-07-01,136.0,lawrencejason@example.net
011380429499,Overall,M,V1,11,2023-07-01,137.0,william43@example.net
091559451734,Overall,F,V3,11,2023-07-01,136.0,jessicayang@example.org
010092352381,Overall,M,V2,11,2023-07-01,121.0,gwolfe@example.org
018074448437,Overall,M,V2,11,2023-07-01,133.0,kaneelizabeth@example.org
054229774321,Overall,F,V3,11,2023-07-01,133.0,james25@example.org
016339307257,Overall,M,V3,11,2023-07-01,137.0,mayotodd@example.net
024269157150,Overall,M,V1,11,2023-07-01,132.0,irusso@example.org
036530675890,Overall,F,V2,11,2023-07-01,139.0,thomaskathy@example.net
059092660488,Overall,M,V2,11,2023-07-01,143.0,jeremywallace@example.net
066277840864,Overall,M,V3,11,2023-07-01,88.0,fvincent@example.net
097312221276,Overall,M,V2,11,2023-07-01,124.0,crobbins@example.com
032884930805,Overall,M,V1,11,2023-07-01,131.0,johnmcclure@example.com
019032460167,Overall,X,V2,11,2023-07-01,129.0,jessica03@example.org
048009167776,Overall,F,V1,11,2023-07-01,84.0,colliermary@example.com
087692703274,Overall,M,V2,11,2023-07-01,137.0,emily63@example.com
088401767461,Overall,F,V2,11,2023-07-01,85.0,haileymurphy@example.net
073882977902,Overall,F,V1,11,2023-07-01,91.0,hgarcia@example.net
038514866985,Overall,F,V3,11,2023-07-01,95.0,adrian29@example.net
042279174480,Overall,M,V3,11,2023-07-01,137.0,pmorse@example.org
078148486953,Overall,F,V3,11,2023-07-01,93.0,emily27@example.com
017384253069,Overall,F,V2,11,2023-07-01,136.0,opage@example.org
050992178046,Overall,M,V1,11,2023-07-01,135.0,georgemary@example.net
014679890066,Overall,F,V3,11,2023-07-01,87.0,hobbsjennifer@example.net
062866769631,Overall,F,V2,11,2023-07-01,88.0,gravessarah@example.net
028462184001,Overall,F,V1,11,2023-07-01,131.0,butlerlinda@example.org
059065917732,Overall,M,V3,11,2023-07-01,142.0,thomasharper@example.net
050467702936,Overall,F,V1,11,2023-07-01,138.0,hayesjamie@example.com
055720373926,Overall,F,V2,11,2023-07-01,133.0,clifford61@example.org
099057657531,Overall,M,V2,11,2023-07-01,143.0,veronica96@example.net
028209783057,Overall,M,V2,11,2023-07-01,144.0,james70@example.net
081700257597,Overall,M,V3,11,2023-07-01,138.0,zarnold@example.com
018310024870,Overall,F,V2,11,2023-07-01,127.0,andrew37@example.net
023110957639,Overall,M,V3,11,2023-07-01,133.0,cynthiagray@example.com
028462184001,Overall,M,V2,11,2023-07-01,126.0,jshepherd@example.com
098736351756,Overall,F,V2,11,2023-07-01,96.0,bshepard@example.net
075492831387,Overall,F,V3,11,2023-07-01,87.0,kathrynlewis@example.com
060524351005,Overall,M,V2,11,2023-07-01,118.0,christophersantos@example.com
078383557995,Overall,F,V2,11,2023-07-01,101.0,charrell@example.org
088225790836,Overall,F,V1,11,2023-07-01,85.0,johnsullivan@example.org
037572819172,Overall,F,V3,11,2023-07-01,143.0,jshaffer@example.org
041036731663,Overall,M,V2,11,2023-07-01,124.0,christopherhayes@example.org
017772851846,Overall,M,V3,11,2023-07-01,85.0,gabrielawatson@example.org
018978452471,Overall,M,V3,11,2023-07-01,84.0,orrleslie@example.net
057922859240,Overall,F,V2,11,2023-07-01,87.0,stephaniebailey@example.net
045576637568,Overall,M,V3,11,2023-07-01,83.0,john36@example.net
056752071488,Overall,F,V1,11,2023-07-01,135.0,gwendolyn43@example.org
051054821906,Overall,F,V1,11,2023-07-01,129.0,jesse29@example.org
054971578356,Overall,F,V1,11,2023-07-01,87.0,newmanbrittany@example.org
030955520251,Overall,M,V2,11,2023-07-01,123.0,jerry00@example.org
015383229406,Overall,F,V1,11,2023-07-01,132.0,gjohnson@example.com
085244487749,Overall,F,V3,11,2023-07-01,91.0,gina49@example.org
055926594316,Overall,M,V2,11,2023-07-01,141.0,rodriguezbrandon@example.com
066264206841,Overall,M,V1,11,2023-07-01,127.0,xmyers@example.net
032418449429,Overall,F,V2,11,2023-07-01,136.0,fgonzalez@example.org
042557415060,Overall,F,V1,11,2023-07-01,132.0,james53@example.net
085452378528,Overall,F,V2,11,2023-07-01,83.0,msmith@example.com
046776464959,Overall,F,V3,11,2023-07-01,89.0,davischristine@example.net
026294102455,Overall,F,V3,11,2023-07-01,126.0,brobinson@example.org
064573674685,Overall,F,V1,11,2023-07-01,90.0,robert65@example.net
056649577144,Overall,F,V1,11,2023-07-01,87.0,norrismichael@example.net
044083228575,Overall,F,V1,11,2023-07-01,134.0,stanleycollier@example.com
028634995775,Overall,M,V3,11,2023-07-01,93.0,dawnbrown@example.org
032484841799,Overall,F,V2,11,2023-07-01,89.0,williamsimpson@example.net
039096297326,Overall,F,V1,11,2023-07-01,143.0,abigail43@example.org
038108142177,Overall,F,V2,11,2023-07-01,130.0,michellezuniga@example.org
059538948739,Overall,F,V2,11,2023-07-01,95.0,richardjordan@example.org
064336809535,Overall,F,V1,11,2023-07-01,136.0,paul84@example.net
092901488272,Overall,M,V2,11,2023-07-01,139.0,jeffrey75@example.org
046950781578,Overall,F,V3,11,2023-07-01,92.0,brianthompson@example.org
052178733339,Overall,M,V1,11,2023-07-01,145.0,flynnsarah@example.com
063121608624,Overall,X,V2,11,2023-07-01,126.0,lyoung@example.org
034578554203,Overall,M,V1,11,2023-07-01,130.0,tracy53@example.com
040115328972,Overall,M,V2,11,2023-07-01,132.0,tgonzalez@example.com
027709694266,Overall,F,V3,11,2023-07-01,91.0,amandamaldonado@example.net
010092352381,Overall,M,V1,11,2023-07-01,120.0,perezrobert@example.com
028192751593,Overall,F,V1,11,2023-07-01,141.0,mercadosarah@example.net
088686963256,Overall,F,V1,11,2023-07-01,100.0,danielle10@example.com
082674998997,Overall,M,V1,11,2023-07-01,109.0,dvelazquez@example.com
097528234068,Overall,M,V1,11,2023-07-01,139.0,sfernandez@example.org
075711952677,Overall,F,V3,11,2023-07-01,139.0,ucantu@example.org
061986733441,Overall,M,V2,11,2023-07-01,141.0,matthew19@example.org
099515226942,Overall,M,V1,11,2023-07-01,137.0,mitchellbarr@example.com
074424371593,Overall,M,V1,11,2023-07-01,144.0,martinalexis@example.net
062559872375,Overall,M,V3,11,2023-07-01,91.0,hamiltonapril@example.com
093175755267,Overall,M,V2,11,2023-07-01,138.0,hzavala@example.org
032786403400,Overall,F,V2,11,2023-07-01,125.0,jenniferreid@example.com
010998813461,Overall,F,V1,11,2023-07-01,142.0,dconley@example.org
034982511248,Overall,M,V3,11,2023-07-01,131.0,hmacias@example.org
018075571737,Overall,M,V1,11,2023-07-01,133.0,shane33@example.org
089736581519,Overall,F,V1,11,2023-07-01,88.0,newtonmary@example.net
096564034860,Overall,F,V3,11,2023-07-01,141.0,uherman@example.org
014392903443,Overall,M,V1,11,2023-07-01,126.0,diana96@example.net
053744931482,Overall,F,V1,11,2023-07-01,135.0,blee@example.net
089095082722,Overall,M,V2,11,2023-07-01,138.0,gregoryhayes@example.org
098655620901,Overall,F,V3,11,2023-07-01,139.0,msmith@example.org
031319893739,Overall,F,V2,11,2023-07-01,140.0,mjohnson@example.com
082559748325,Overall,F,V1,11,2023-07-01,89.0,mmiller@example.org
078903947660,Overall,M,V2,11,2023-07-01,84.0,pmorales@example.net
045151646564,Overall,F,V2,11,2023-07-01,134.0,dereksimpson@example.com
051321082837,Overall,M,V3,11,2023-07-01,131.0,anthonymercer@example.net
050440524003,Overall,F,V1,11,2023-07-01,118.0,alan45@example.com
091700081283,Overall,F,V2,11,2023-07-01,120.0,ekline@example.com
024834867630,Overall,M,V1,11,2023-07-01,142.0,johnsonjohn@example.net
022394288076,Overall,M,V2,11,2023-07-01,138.0,eaguilar@example.org
077265164274,Overall,M,V2,11,2023-07-01,143.0,xperez@example.org
019368174329,Overall,F,V3,11,2023-07-01,144.0,andersonmisty@example.net
010943409282,Overall,F,V3,11,2023-07-01,133.0,ginaspencer@example.org
061123807422,Overall,M,V3,11,2023-07-01,117.0,kholden@example.net
075843297688,Overall,F,V1,11,2023-07-01,97.0,justinpacheco@example.com
061982897834,Overall,F,V3,11,2023-07-01,88.0,ashley70@example.com
053765576444,Overall,M,V3,11,2023-07-01,142.0,elizabethjensen@example.com
093189917335,Overall,F,V1,11,2023-07-01,84.0,jhamilton@example.org
039356395903,Overall,M,V2,11,2023-07-01,144.0,lindacrawford@example.com
090591367851,Overall,M,V2,11,2023-07-01,141.0,peterholland@example.org
092256767883,Overall,M,V3,11,2023-07-01,88.0,chrisrichardson@example.net
099404257303,Overall,M,V2,11,2023-07-01,128.0,delgadoshelby@example.com
078427489415,Overall,M,V1,11,2023-07-01,89.0,ureed@example.net
022234629305,Overall,F,V1,11,2023-07-01,126.0,travistracey@example.com
052519686711,Overall,M,V3,11,2023-07-01,136.0,fzuniga@example.com
045385125789,Overall,F,V1,11,2023-07-01,92.0,briananderson@example.org
015813680371,Overall,M,V3,11,2023-07-01,129.0,brownleslie@example.org
099277176629,Overall,F,V3,11,2023-07-01,96.0,sarah63@example.net
085472279275,Overall,M,V2,11,2023-07-01,89.0,vdiaz@example.net
092482796984,Overall,F,V1,11,2023-07-01,96.0,thomas06@example.net
077793950213,Overall,M,V1,11,2023-07-01,83.0,kevinjohnson@example.org
029843155195,Overall,F,V1,11,2023-07-01,142.0,twilson@example.net
082097416069,Overall,F,V2,11,2023-07-01,83.0,catherine25@example.com
031014067193,Overall,M,V2,11,2023-07-01,122.0,marthanelson@example.com
087074885753,Overall,M,V1,11,2023-07-01,93.0,robertsantos@example.org
096984933250,Overall,M,V1,11,2023-07-01,144.0,justin19@example.net
025289034031,Overall,M,V1,11,2023-07-01,122.0,jreynolds@example.com
041600483955,Overall,F,V2,11,2023-07-01,135.0,jessicagarza@example.net
063121608624,Overall,F,V2,11,2023-07-01,124.0,bowmankeith@example.com
077289654737,Overall,M,V3,11,2023-07-01,90.0,hmack@example.net
080001761512,Overall,M,V1,11,2023-07-01,119.0,sarahbutler@example.org
014371720542,Overall,M,V3,11,2023-07-01,125.0,paula97@example.net
049335365867,Overall,M,V2,11,2023-07-01,91.0,rcrawford@example.org
056573978334,Overall,F,V3,11,2023-07-01,92.0,cathycosta@example.org
083358166974,Overall,F,V1,11,2023-07-01,89.0,pruittdustin@example.net
043900686230,Overall,M,V1,11,2023-07-01,136.0,betty85@example.net
017173115332,Overall,F,V3,11,2023-07-01,120.0,petershaffer@example.org
021038689282,Overall,M,V2,11,2023-07-01,142.0,evaldez@example.net
036765516638,Overall,M,V2,11,2023-07-01,86.0,sandrazuniga@example.com
041973883177,Overall,M,V1,11,2023-07-01,86.0,pnelson@example.org
063099100928,Overall,M,V3,11,2023-07-01,142.0,robert60@example.com
039740292657,Overall,F,V1,11,2023-07-01,143.0,ronaldclark@example.com
040488103244,Overall,M,V2,11,2023-07-01,125.0,brittany82@example.net
098040467902,Overall,M,V2,11,2023-07-01,138.0,zshaffer@example.org
072418293059,Overall,M,V1,11,2023-07-01,136.0,rodriguezjohn@example.com
077670707374,Overall,F,V2,11,2023-07-01,90.0,ashleygarrison@example.org
058999770262,Overall,M,V2,11,2023-07-01,87.0,stevenburns@example.org
040200516001,Overall,M,V3,11,2023-07-01,100.0,michelle10@example.org
010541327865,Overall,M,V1,11,2023-07-01,129.0,greenrobin@example.com
048526226984,Overall,F,V1,11,2023-07-01,88.0,hornalyssa@example.com
050550451732,Overall,M,V2,11,2023-07-01,121.0,mary67@example.org
045468984460,Overall,M,V3,11,2023-07-01,91.0,stephen97@example.org
081297426015,Overall,F,V3,11,2023-07-01,132.0,tjennings@example.org
071207026277,Overall,F,V2,11,2023-07-01,126.0,jevans@example.com
078272134008,Overall,F,V1,11,2023-07-01,130.0,jordanjensen@example.net
048607706096,Overall,F,V1,11,2023-07-01,87.0,emily49@example.org
013755633580,Overall,M,V2,11,2023-07-01,136.0,meyerjose@example.net
028548872957,Overall,M,V3,11,2023-07-01,96.0,meghanmora@example.net
010861286156,Overall,M,V2,11,2023-07-01,135.0,kyle76@example.com
029068680934,Overall,F,V3,11,2023-07-01,87.0,carolyn29@example.net
031695470890,Overall,M,V1,11,2023-07-01,140.0,renee99@example.com
068272593844,Overall,X,V2,11,2023-07-01,89.0,johnpope@example.org
022380499784,Overall,F,V2,11,2023-07-01,87.0,joannvargas@example.com
056780806678,Overall,F,V3,11,2023-07-01,96.0,murphyamanda@example.net
055312816713,Overall,M,V3,11,2023-07-01,124.0,rebecca54@example.net
032567746725,Overall,M,V1,11,2023-07-01,89.0,anthony46@example.com
096984933250,Overall,M,V3,11,2023-07-01,141.0,tuckerstacy@example.net
015867348761,Overall,M,V1,11,2023-07-01,92.0,fperez@example.net
042808564843,Overall,F,V1,11,2023-07-01,142.0,dbrown@example.net
017981689936,Overall,M,V2,11,2023-07-01,94.0,robinsondaniel@example.net
028907789661,Overall,M,V1,11,2023-07-01,99.0,curtisblair@example.org
025512398550,Overall,F,V1,11,2023-07-01,139.0,sheila68@example.org
024651916419,Overall,M,V3,11,2023-07-01,138.0,dmarsh@example.net
050990144731,Overall,F,V1,11,2023-07-01,133.0,lorishannon@example.com
021568553270,Overall,F,V3,11,2023-07-01,130.0,diaznatalie@example.net
016998062521,Overall,F,V1,11,2023-07-01,134.0,thompsonmary@example.net
037669623658,Overall,F,V3,11,2023-07-01,86.0,gilbertmichelle@example.com
068253617905,Overall,F,V1,11,2023-07-01,139.0,bondholly@example.org
031977728248,Overall,M,V1,11,2023-07-01,92.0,paynehenry@example.net
048252797179,Overall,M,V1,11,2023-07-01,92.0,twilliams@example.org
046197153036,Overall,F,V2,11,2023-07-01,138.0,drewrobinson@example.org
038502748688,Overall,F,V3,11,2023-07-01,89.0,stephanie84@example.org
034754584289,Overall,M,V1,11,2023-07-01,90.0,martinwendy@example.org
041117211737,Overall,M,V1,11,2023-07-01,126.0,joshuanash@example.org
030979523609,Overall,M,V1,11,2023-07-01,85.0,stacy08@example.com
010189875294,Overall,M,V3,11,2023-07-01,143.0,brandy08@example.org
043498834113,Overall,M,V2,11,2023-07-01,139.0,kirbywendy@example.net
034402283798,Overall,M,V3,11,2023-07-01,146.0,ashleywilliams@example.com
045842655537,Overall,F,V2,11,2023-07-01,144.0,udyer@example.org
025837424469,Overall,F,V2,11,2023-07-01,87.0,kyle10@example.com
098526479546,Overall,F,V1,11,2023-07-01,100.0,pmacdonald@example.com
065906557979,Overall,X,V1,11,2023-07-01,99.0,sanchezjennifer@example.com
097919766045,Overall,F,V2,11,2023-07-01,88.0,yatesamy@example.org
047014320018,Overall,F,V3,11,2023-07-01,112.0,robertsholly@example.org
032983617743,Overall,F,V3,11,2023-07-01,86.0,harrellevelyn@example.net
079181076456,Overall,M,V2,11,2023-07-01,88.0,kimberly11@example.com
050080941295,Overall,F,V1,11,2023-07-01,132.0,lindawilson@example.net
084384578137,Overall,F,V2,11,2023-07-01,141.0,vpark@example.org
051142514079,Overall,M,V2,11,2023-07-01,125.0,hernandezjoshua@example.com
083506842102,Overall,F,V2,11,2023-07-01,124.0,joseph99@example.net
083745580018,Overall,M,V3,11,2023-07-01,140.0,thomasmcdonald@example.net
083131439572,Overall,F,V2,11,2023-07-01,128.0,santiagotimothy@example.com
078424311819,Overall,M,V2,11,2023-07-01,131.0,imartinez@example.net
074975711331,Overall,F,V2,11,2023-07-01,138.0,ramirezcassandra@example.com
024602647851,Overall,F,V3,11,2023-07-01,128.0,ryanrenee@example.org
027384804495,Overall,M,V3,11,2023-07-01,138.0,amyfernandez@example.org
079552599337,Overall,M,V3,11,2023-07-01,91.0,cduncan@example.org
073275465947,Overall,F,V1,11,2023-07-01,88.0,nicholas28@example.com
077465046934,Overall,F,V2,11,2023-07-01,86.0,stevenowens@example.com
055566478611,Overall,M,V1,11,2023-07-01,143.0,richardsjeremy@example.net
073626155644,Overall,M,V3,11,2023-07-01,137.0,joseph38@example.net
071581545538,Overall,M,V3,11,2023-07-01,142.0,peggyortiz@example.com
034402283798,Overall,F,V2,11,2023-07-01,146.0,dwood@example.org
038596970492,Overall,F,V3,11,2023-07-01,88.0,howellangela@example.com
072486318240,Overall,M,V2,11,2023-07-01,136.0,michaelwyatt@example.net
079465604180,Overall,M,V3,11,2023-07-01,135.0,bennettbrian@example.net
072514706235,Overall,M,V1,11,2023-07-01,129.0,nacevedo@example.net
019879480555,Overall,F,V2,11,2023-07-01,89.0,ywilson@example.net
055712412013,Overall,F,V3,11,2023-07-01,121.0,dmarsh@example.net
070417131437,Overall,M,V3,11,2023-07-01,126.0,flee@example.org
053479087216,Overall,F,V2,11,2023-07-01,136.0,jill01@example.com
069240602138,Overall,F,V1,11,2023-07-01,123.0,anthony88@example.org
050256663435,Overall,M,V3,11,2023-07-01,130.0,ricky91@example.com
092902348450,Overall,M,V3,11,2023-07-01,134.0,savannahfranklin@example.com
059160843368,Overall,F,V3,11,2023-07-01,83.0,elizabeth71@example.com
096984933250,Overall,M,V2,11,2023-07-01,144.0,oblack@example.net
080627786101,Overall,F,V3,11,2023-07-01,137.0,jaguirre@example.net
046238089389,Overall,M,V1,11,2023-07-01,89.0,barrylucas@example.net
077203650003,Overall,F,V2,11,2023-07-01,120.0,richardriley@example.com
037586378306,Overall,M,V3,11,2023-07-01,141.0,buckleyjacqueline@example.org
037736886474,Overall,M,V2,11,2023-07-01,95.0,collinsrebecca@example.org
026906457870,Overall,F,V1,11,2023-07-01,90.0,ubarr@example.org
017477047249,Overall,F,V3,11,2023-07-01,145.0,michael91@example.com
089100666014,Overall,F,V3,11,2023-07-01,125.0,yreed@example.org
014630423409,Overall,M,V2,11,2023-07-01,130.0,cindysmith@example.net
043824735235,Overall,F,V1,11,2023-07-01,137.0,amanda81@example.net
090854092419,Overall,M,V1,11,2023-07-01,141.0,michael24@example.com
040742051534,Overall,M,V3,11,2023-07-01,128.0,john04@example.org
041917697692,Overall,M,V1,11,2023-07-01,93.0,ryanashley@example.org
057334835434,Overall,F,V3,11,2023-07-01,138.0,villarrealstephen@example.net
069538763343,Overall,F,V3,11,2023-07-01,92.0,jacqueline73@example.net
045590723466,Overall,F,V3,11,2023-07-01,139.0,kayla36@example.org
020776775646,Overall,M,V3,11,2023-07-01,84.0,wgonzales@example.net
046950781578,Overall,F,V1,11,2023-07-01,91.0,tyoung@example.org
067451444327,Overall,M,V1,11,2023-07-01,,edwardsronald@example.com
065837289601,Overall,F,V1,11,2023-07-01,86.0,kmoore@example.org
029324265076,Overall,F,V1,11,2023-07-01,138.0,kathleen19@example.org
036193425765,Overall,F,V3,11,2023-07-01,136.0,vazquezjoshua@example.net
055100075642,Overall,M,V2,11,2023-07-01,124.0,brandon75@example.org
095196468629,Overall,M,V3,11,2023-07-01,89.0,charles49@example.org
066264206841,Overall,M,V2,11,2023-07-01,127.0,cheyennetaylor@example.com
068371388692,Overall,M,V3,11,2023-07-01,90.0,washingtonjennifer@example.org
012675478592,Overall,F,V2,11,2023-07-01,138.0,cartermarilyn@example.com
076417410395,Overall,X,V3,11,2023-07-01,139.0,davidmunoz@example.net
031100674225,Overall,F,V3,11,2023-07-01,117.0,charlesjordan@example.org
080488031774,Overall,F,V2,11,2023-07-01,140.0,barbarabryant@example.com
095216513535,Overall,F,V3,11,2023-07-01,129.0,laurawilson@example.net
058585323447,Overall,F,V2,11,2023-07-01,137.0,jennifergentry@example.net
066235716396,Overall,M,V1,11,2023-07-01,142.0,gonzalezalbert@example.com
068449981739,Overall,M,V1,11,2023-07-01,96.0,michaelsmith@example.com
029078179206,Overall,F,V3,11,2023-07-01,138.0,kimberly89@example.com
062337725180,Overall,F,V2,11,2023-07-01,133.0,smedina@example.org
030261213866,Overall,M,V2,11,2023-07-01,128.0,dallen@example.org
086562011958,Overall,M,V1,11,2023-07-01,142.0,kimberlychandler@example.net
073660436571,Overall,M,V1,11,2023-07-01,139.0,villarrealrandall@example.com
025849277920,Overall,F,V3,11,2023-07-01,143.0,jimmy77@example.com
025865980357,Overall,F,V2,11,2023-07-01,82.0,darrell54@example.com
012997966424,Overall,F,V2,11,2023-07-01,84.0,morganmartin@example.com
014589886557,Overall,F,V3,11,2023-07-01,98.0,timothy35@example.com
016339307257,Overall,M,V2,11,2023-07-01,137.0,nancyrivas@example.net
062439866989,Overall,F,V1,11,2023-07-01,105.0,michael98@example.com
030079655287,Overall,M,V1,11,2023-07-01,,tammyhubbard@example.org
017777177733,Overall,F,V2,11,2023-07-01,89.0,yolanda73@example.net
024826115753,Overall,F,V1,11,2023-07-01,134.0,johnsonsamuel@example.net
036766705684,Overall,M,V3,11,2023-07-01,142.0,kimberlyroman@example.net
010360120603,Overall,F,V2,11,2023-07-01,108.0,ylarsen@example.org
010360935750,Overall,F,V2,11,2023-07-01,125.0,lisa69@example.com
077960886288,Overall,M,V1,11,2023-07-01,97.0,rebeccaking@example.net
057617619168,Overall,M,V2,11,2023-07-01,83.0,smitherin@example.net
066624460940,Overall,F,V1,11,2023-07-01,135.0,hchandler@example.net
079544716168,Overall,F,V3,11,2023-07-01,87.0,jasmine70@example.org
013149998875,Overall,M,V3,11,2023-07-01,92.0,bassjacob@example.org
076112061694,Overall,M,V3,11,2023-07-01,137.0,monicaholmes@example.net
055244107528,Overall,X,V3,11,2023-07-01,129.0,hickssandra@example.net
035037836869,Overall,M,V1,11,2023-07-01,86.0,amy20@example.com
067028275820,Overall,M,V2,11,2023-07-01,131.0,ubarnes@example.com
030078865729,Overall,M,V3,11,2023-07-01,87.0,michael54@example.net
013287321232,Overall,F,V2,11,2023-07-01,120.0,gloria70@example.org
050684072952,Overall,M,V3,11,2023-07-01,131.0,kingelizabeth@example.net
077600682897,Overall,M,V1,11,2023-07-01,94.0,amanda52@example.com
054618308006,Overall,M,V2,11,2023-07-01,135.0,ltaylor@example.com
072514706235,Overall,F,V1,11,2023-07-01,131.0,nicolemccoy@example.net
061454022073,Overall,M,V3,11,2023-07-01,125.0,karen62@example.com
050987931007,Overall,M,V1,11,2023-07-01,144.0,kaiserangela@example.com
014891523744,Overall,F,V3,11,2023-07-01,133.0,parrishdamon@example.net
016477727362,Overall,F,V2,11,2023-07-01,135.0,kstephens@example.org
081564396926,Overall,M,V2,11,2023-07-01,88.0,williamsroberta@example.com
075737703302,Overall,M,V3,11,2023-07-01,135.0,scannon@example.net
062511361011,Overall,M,V2,11,2023-07-01,112.0,christinejones@example.org
031003658454,Overall,F,V3,11,2023-07-01,128.0,alexis09@example.net
092217653573,Overall,F,V1,11,2023-07-01,141.0,daniel74@example.com
080635912972,Overall,F,V2,11,2023-07-01,139.0,eburns@example.net
039676126802,Overall,F,V2,11,2023-07-01,138.0,josephhall@example.com
069113799855,Overall,F,V3,11,2023-07-01,87.0,randall83@example.com
013384769136,Overall,F,V2,11,2023-07-01,136.0,amorris@example.net
031227550907,Overall,F,V3,11,2023-07-01,130.0,edward40@example.org
079873996924,Overall,M,V3,11,2023-07-01,102.0,kathrynsoto@example.com
011976911203,Overall,F,V1,11,2023-07-01,129.0,jamesmorris@example.net
028022681781,Overall,F,V2,11,2023-07-01,133.0,alejandra80@example.net
017365386359,Overall,M,V1,11,2023-07-01,89.0,rebeccacook@example.net
083633847571,Overall,M,V2,11,2023-07-01,88.0,ucooley@example.net
024834867630,Overall,F,V1,11,2023-07-01,139.0,donchen@example.com
041117211737,Overall,F,V1,11,2023-07-01,126.0,kserrano@example.org
092222691896,Overall,M,V2,11,2023-07-01,141.0,vevans@example.net
016867141783,Overall,M,V2,11,2023-07-01,143.0,ashleypatterson@example.com
072255477322,Overall,M,V3,11,2023-07-01,135.0,copelandwillie@example.net
088164090914,Overall,M,V1,11,2023-07-01,141.0,emmajuarez@example.com
080034142670,Overall,F,V1,11,2023-07-01,122.0,tatejohnny@example.net
023770241390,Overall,F,V1,11,2023-07-01,125.0,kelseymathews@example.org
065339097204,Overall,M,V3,11,2023-07-01,137.0,fhooper@example.net
096330933243,Overall,M,V2,11,2023-07-01,133.0,rachelphillips@example.org
092911456039,Overall,F,V1,11,2023-07-01,135.0,sandra06@example.com
046601076821,Overall,M,V1,11,2023-07-01,130.0,steven71@example.net
020663613892,Overall,F,V1,11,2023-07-01,140.0,thomasjamie@example.net
050467702936,Overall,F,V1,11,2023-07-01,134.0,brenda21@example.com
070670067553,Overall,M,V1,11,2023-07-01,131.0,jason56@example.com
071472379813,Overall,F,V3,11,2023-07-01,139.0,melindaowen@example.com
073626155644,Overall,F,V3,11,2023-07-01,137.0,cassierivera@example.com
010685653355,Overall,F,V2,11,2023-07-01,137.0,johnmendoza@example.org
044647639218,Overall,F,V2,11,2023-07-01,87.0,jenny51@example.net
052376122251,Overall,F,V1,11,2023-07-01,128.0,wendy95@example.net
059476071373,Overall,M,V2,11,2023-07-01,140.0,kellysmall@example.com
061877300502,Overall,M,V3,11,2023-07-01,125.0,gregory81@example.org
058878402703,Overall,M,V2,11,2023-07-01,141.0,burnettstephanie@example.net
041786572962,Overall,M,V1,11,2023-07-01,141.0,chunter@example.net
032757249191,Overall,F,V3,11,2023-07-01,132.0,patriciayu@example.org
015323904410,Overall,M,V1,11,2023-07-01,128.0,kimmichelle@example.net
081509210530,Overall,F,V3,11,2023-07-01,128.0,kerrymassey@example.com
098429206600,Overall,F,V1,11,2023-07-01,128.0,marissabaker@example.com
014610206322,Overall,F,V3,11,2023-07-01,110.0,ohall@example.com
081415263753,Overall,F,V2,11,2023-07-01,132.0,fmayo@example.org
050736868568,Overall,F,V1,11,2023-07-01,93.0,yanderson@example.net
073400460862,Overall,M,V2,11,2023-07-01,129.0,cathy66@example.com
093306038765,Overall,M,V3,11,2023-07-01,143.0,westthomas@example.net
081306628967,Overall,M,V1,11,2023-07-01,82.0,mpayne@example.net
038165645211,Overall,M,V2,11,2023-07-01,130.0,david91@example.org
049533908714,Overall,M,V1,11,2023-07-01,140.0,crystalyang@example.org
069348379459,Overall,M,V2,11,2023-07-01,99.0,emartinez@example.org
054229774321,Overall,M,V1,11,2023-07-01,133.0,gking@example.org
075103964267,Overall,F,V3,11,2023-07-01,138.0,swilliams@example.net
073185532992,Overall,F,V2,11,2023-07-01,142.0,mark64@example.net
075764463599,Overall,M,V3,11,2023-07-01,93.0,marktanner@example.net
059052990857,Overall,F,V1,11,2023-07-01,92.0,keithwhite@example.net
093394329518,Overall,M,V2,11,2023-07-01,141.0,alexanderjoseph@example.net
096736730243,Overall,F,V1,11,2023-07-01,136.0,jaredhernandez@example.net
059160843368,Overall,F,V2,11,2023-07-01,82.0,stephenkirk@example.net
044252205842,Overall,M,V3,11,2023-07-01,127.0,lewissheila@example.org
044819616710,Overall,M,V3,11,2023-07-01,136.0,josephcarpenter@example.com
034578554203,Overall,F,V2,11,2023-07-01,133.0,dsummers@example.org
061732744333,Overall,M,V2,11,2023-07-01,135.0,blakeronald@example.net
097983610992,Overall,M,V1,11,2023-07-01,85.0,neverett@example.com
032812398198,Overall,M,V1,11,2023-07-01,140.0,john75@example.com
021983263525,Overall,M,V3,11,2023-07-01,142.0,mccannmartin@example.com
077842690781,Overall,M,V2,11,2023-07-01,140.0,maria90@example.com
022202379570,Overall,M,V1,11,2023-07-01,129.0,jessica02@example.org
084074779413,Overall,M,V3,11,2023-07-01,140.0,uobrien@example.com
099503125438,Overall,F,V1,11,2023-07-01,143.0,joneskevin@example.org
081671169791,Overall,M,V3,11,2023-07-01,84.0,wilsonedwin@example.org
075143676902,Overall,F,V3,11,2023-07-01,134.0,rachelkim@example.com
088268871847,Overall,F,V2,11,2023-07-01,91.0,lbrown@example.net
036845652540,Overall,F,V1,11,2023-07-01,136.0,howard15@example.org
025439449296,Overall,M,V1,11,2023-07-01,92.0,kylemiller@example.net
042580816242,Overall,M,V3,11,2023-07-01,133.0,valerievasquez@example.com
025794762157,Overall,F,V3,11,2023-07-01,138.0,wbaker@example.net
021557104391,Overall,F,V2,11,2023-07-01,126.0,makaylanewman@example.org
059723205666,Overall,X,V2,11,2023-07-01,135.0,chrisfrederick@example.com
086254108578,Overall,M,V2,11,2023-07-01,143.0,fmyers@example.com
035311711418,Overall,F,V1,11,2023-07-01,118.0,garyjones@example.com
090854092419,Overall,M,V1,11,2023-07-01,137.0,jefferytaylor@example.net
053409024625,Overall,M,V3,11,2023-07-01,124.0,chanwilliam@example.org
093966206005,Overall,F,V2,11,2023-07-01,131.0,victor74@example.com
078057913269,Overall,M,V1,11,2023-07-01,82.0,walkerblake@example.com
070417131437,Overall,M,V3,11,2023-07-01,131.0,christopher45@example.org
046713786852,Overall,M,V3,11,2023-07-01,92.0,cdavis@example.org
080942796413,Overall,M,V3,11,2023-07-01,139.0,travis66@example.com
042256244443,Overall,F,V3,11,2023-07-01,129.0,hartdustin@example.org
068006884790,Overall,F,V3,11,2023-07-01,142.0,richardcoleman@example.com
037833284775,Overall,M,V1,11,2023-07-01,140.0,brittanyarias@example.com
046156230833,Overall,F,V1,11,2023-07-01,133.0,jbailey@example.net
094611036853,Overall,F,V3,11,2023-07-01,129.0,imontoya@example.org
013982823048,Overall,F,V2,11,2023-07-01,141.0,walter27@example.org
082125397121,Overall,F,V2,11,2023-07-01,129.0,alexis86@example.com
084563187753,Overall,M,V2,11,2023-07-01,84.0,sarahclark@example.com
021035303852,Overall,M,V3,11,2023-07-01,119.0,sarahcrosby@example.org
011311393948,Overall,M,V1,11,2023-07-01,128.0,sotobradley@example.org
095631557081,Overall,M,V3,11,2023-07-01,137.0,bdavenport@example.net
041600483955,Overall,M,V3,11,2023-07-01,133.0,brandonolsen@example.net
037623432862,Overall,M,V1,11,2023-07-01,131.0,janderson@example.org
042808564843,Overall,F,V2,11,2023-07-01,140.0,vluna@example.net
014697343753,Overall,F,V3,11,2023-07-01,135.0,dustin97@example.org
020177802155,Overall,F,V2,11,2023-07-01,123.0,alvin19@example.com
018074448437,Overall,F,V2,11,2023-07-01,136.0,samuelcarlson@example.org
089265222535,Overall,F,V1,11,2023-07-01,137.0,qserrano@example.com
076378240193,Overall,M,V2,11,2023-07-01,138.0,jacksonmikayla@example.org
021419579799,Overall,M,V2,11,2023-07-01,92.0,kristinasawyer@example.org
010397589872,Overall,M,V1,11,2023-07-01,87.0,wattsderrick@example.net
093306038765,Overall,F,V2,11,2023-07-01,140.0,christine47@example.com
057234057659,Overall,M,V1,11,2023-07-01,140.0,garciajackson@example.net
017020802572,Overall,F,V3,11,2023-07-01,118.0,debbie64@example.net
089693256623,Overall,M,V2,11,2023-07-01,88.0,kathleenburnett@example.com
066644637703,Overall,M,V2,11,2023-07-01,141.0,hfigueroa@example.org
044044469753,Overall,F,V1,11,2023-07-01,139.0,tracy45@example.com
068449981739,Overall,M,V2,11,2023-07-01,95.0,mileskerri@example.com
041117211737,Overall,F,V2,11,2023-07-01,128.0,kristy54@example.com
043917728009,Overall,F,V2,11,2023-07-01,139.0,shannon18@example.com
033186622159,Overall,M,V3,11,2023-07-01,137.0,haleywarren@example.net
026184036686,Overall,F,V3,11,2023-07-01,138.0,calebreed@example.net
029177947486,Overall,F,V2,11,2023-07-01,98.0,tiffany80@example.net
086442341746,Overall,F,V3,11,2023-07-01,135.0,roger04@example.net
058548527487,Overall,M,V3,11,2023-07-01,86.0,faithgood@example.com
083183040369,Overall,M,V1,11,2023-07-01,134.0,justinlowery@example.org
097551976576,Overall,M,V2,11,2023-07-01,99.0,amanda50@example.net
092055276852,Overall,M,V2,11,2023-07-01,144.0,usharp@example.com
087238171871,Overall,F,V2,11,2023-07-01,144.0,csanford@example.net
096206446650,Overall,M,V3,11,2023-07-01,135.0,castrobradley@example.com
033045443717,Overall,F,V3,11,2023-07-01,136.0,laura38@example.net
098592673345,Overall,F,V2,11,2023-07-01,90.0,peterhunter@example.net
071936767077,Overall,M,V3,11,2023-07-01,92.0,stacey48@example.com
082721504740,Overall,F,V1,11,2023-07-01,130.0,valerie35@example.org
055718930382,Overall,M,V2,11,2023-07-01,132.0,dale16@example.org
037608480116,Overall,M,V3,11,2023-07-01,128.0,kristine36@example.com
039226853596,Overall,F,V1,11,2023-07-01,84.0,robertsonmathew@example.org
089241514518,Overall,F,V2,11,2023-07-01,134.0,hartmanmargaret@example.com
041289362999,Overall,M,V3,11,2023-07-01,89.0,vlozano@example.org
041021005164,Overall,M,V3,11,2023-07-01,106.0,elam@example.org
081534051243,Overall,F,V1,11,2023-07-01,129.0,millerbrian@example.com
058428056502,Overall,M,V2,11,2023-07-01,127.0,george30@example.net
032192247530,Overall,M,V2,11,2023-07-01,132.0,michealharris@example.com
081746901201,Overall,M,V2,11,2023-07-01,128.0,rjones@example.org
046116366857,Overall,M,V3,11,2023-07-01,137.0,travis31@example.com
035869060438,Overall,M,V2,11,2023-07-01,146.0,joshuatran@example.com
030555980348,Overall,M,V1,11,2023-07-01,140.0,mwilson@example.org
024651916419,Overall,F,V1,11,2023-07-01,135.0,brittanycopeland@example.net
088817100792,Overall,M,V3,11,2023-07-01,138.0,kristiburke@example.org
091842588331,Overall,M,V3,11,2023-07-01,138.0,pspence@example.net
017384253069,Overall,M,V3,11,2023-07-01,133.0,daniel50@example.org
062861451043,Overall,F,V3,11,2023-07-01,123.0,kevin84@example.org
057234057659,Overall,F,V1,11,2023-07-01,141.0,steven13@example.net
073429319889,Overall,M,V2,11,2023-07-01,88.0,tara00@example.com
055112646906,Overall,F,V1,11,2023-07-01,134.0,grubio@example.net
094259631288,Overall,M,V2,11,2023-07-01,85.0,brianwarren@example.org
041971111970,Overall,M,V2,11,2023-07-01,132.0,qwatson@example.net
036428385005,Overall,M,V2,11,2023-07-01,138.0,cameronphillips@example.org
035175235439,Overall,M,V3,11,2023-07-01,137.0,markjones@example.com
017777177733,Overall,M,V2,11,2023-07-01,92.0,gardneranthony@example.net
098889453321,Overall,F,V2,11,2023-07-01,86.0,latoya21@example.net
025289435376,Overall,M,V1,11,2023-07-01,83.0,crystal37@example.org
018650084086,Overall,F,V2,11,2023-07-01,135.0,imckinney@example.net
045842655537,Overall,M,V1,11,2023-07-01,141.0,salasjohn@example.net
044247092406,Overall,F,V2,11,2023-07-01,129.0,valeriearnold@example.net
098145109012,Overall,M,V1,11,2023-07-01,136.0,anthonyhoover@example.com
065671388617,Overall,M,V2,11,2023-07-01,144.0,zthomas@example.net
043366463825,Overall,F,V2,11,2023-07-01,145.0,scooper@example.com
039869086818,Overall,M,V1,11,2023-07-01,92.0,katherine48@example.com
080604564372,Overall,F,V3,11,2023-07-01,136.0,teresalevine@example.com
020497328576,Overall,M,V1,11,2023-07-01,143.0,wrichardson@example.org
088784911728,Overall,M,V2,11,2023-07-01,89.0,guerreroeric@example.net
087154740958,Overall,M,V1,11,2023-07-01,143.0,grivera@example.net
095631557081,Overall,F,V1,11,2023-07-01,136.0,dsheppard@example.com
069879343293,Overall,F,V3,11,2023-07-01,93.0,rodriguezmarie@example.net
056670785407,Overall,M,V1,11,2023-07-01,90.0,rebecca77@example.org
055196542853,Overall,F,V2,11,2023-07-01,141.0,henryvanessa@example.net
049645891900,Overall,X,V2,11,2023-07-01,84.0,cookkristen@example.net
015261553330,Overall,M,V3,11,2023-07-01,118.0,mcneilrobert@example.net
072486318240,Overall,F,V1,11,2023-07-01,139.0,loweryvickie@example.net
020259757243,Overall,F,V1,11,2023-07-01,131.0,kpeterson@example.net
088694835985,Overall,F,V3,11,2023-07-01,103.0,vanessa98@example.com
085702242635,Overall,M,V2,11,2023-07-01,138.0,zholland@example.com
058007096099,Overall,F,V2,11,2023-07-01,137.0,escobarshannon@example.org
038794577574,Overall,M,V3,11,2023-07-01,101.0,proth@example.net
065906557979,Overall,M,V3,11,2023-07-01,98.0,pedrowilliams@example.com
089055989812,Overall,F,V1,11,2023-07-01,90.0,geraldvillegas@example.org
015058931807,Overall,M,V3,11,2023-07-01,143.0,russelljennifer@example.net
067213926373,Overall,M,V1,11,2023-07-01,138.0,jgonzalez@example.org
096362241511,Overall,M,V3,11,2023-07-01,132.0,gregoryjames@example.org
071747429607,Overall,F,V3,11,2023-07-01,143.0,tapiasarah@example.net
072332463221,Overall,M,V2,11,2023-07-01,124.0,charlesdebra@example.net
096362241511,Overall,F,V3,11,2023-07-01,136.0,steven78@example.com
011360543343,Overall,F,V3,11,2023-07-01,119.0,scott84@example.org
043164613273,Overall,M,V1,11,2023-07-01,127.0,jacob74@example.net
059058668688,Overall,F,V1,11,2023-07-01,96.0,jayala@example.org
013798362323,Overall,F,V2,11,2023-07-01,130.0,qsmith@example.com
013351550493,Overall,M,V3,11,2023-07-01,128.0,ityler@example.com
087431519298,Overall,F,V1,11,2023-07-01,85.0,heather26@example.org
061493820114,Overall,M,V2,11,2023-07-01,126.0,lewischristopher@example.net
081872282782,Overall,F,V2,11,2023-07-01,142.0,stephanie42@example.com
066773869992,Overall,M,V2,11,2023-07-01,96.0,james29@example.org
085973045421,Overall,M,V2,11,2023-07-01,137.0,sarahmitchell@example.com
075136901255,Overall,F,V2,11,2023-07-01,133.0,mauricegreen@example.com
025025735719,Overall,M,V1,11,2023-07-01,135.0,trujillojoe@example.org
098144106161,Overall,M,V1,11,2023-07-01,130.0,ryancarpenter@example.net
056997826972,Overall,F,V3,11,2023-07-01,106.0,breanna24@example.org
080906167980,Overall,F,V2,11,2023-07-01,140.0,perezjerry@example.org
089265222535,Overall,F,V1,11,2023-07-01,131.0,melissa57@example.net
080642064817,Overall,M,V2,11,2023-07-01,131.0,melissawiley@example.org
089978035582,Overall,F,V2,11,2023-07-01,93.0,thompsonjames@example.net
024189827674,Overall,M,V2,11,2023-07-01,84.0,ruben73@example.net
052561979340,Overall,F,V1,11,2023-07-01,136.0,benjaminlewis@example.com
092127645692,Overall,F,V3,11,2023-07-01,142.0,megan24@example.org
029177947486,Overall,M,V2,11,2023-07-01,95.0,davidsimmons@example.net
026271164767,Overall,F,V3,11,2023-07-01,144.0,carolineberg@example.net
083905847588,Overall,M,V3,11,2023-07-01,99.0,barrettsabrina@example.org
081991599804,Overall,M,V3,11,2023-07-01,91.0,martinlinda@example.com
063390366576,Overall,F,V1,11,2023-07-01,85.0,gspears@example.com
050084227258,Overall,M,V1,11,2023-07-01,135.0,mark85@example.net
092213411097,Overall,F,V2,11,2023-07-01,127.0,ronniemitchell@example.org
088164090914,Overall,F,V1,11,2023-07-01,137.0,zmoody@example.org
048021356177,Overall,M,V2,11,2023-07-01,127.0,agreer@example.org
068619525221,Overall,M,V1,11,2023-07-01,138.0,tboyer@example.com
085618200142,Overall,M,V2,11,2023-07-01,125.0,jessicasmith@example.org
032172280682,Overall,F,V1,11,2023-07-01,135.0,cmartin@example.org
086084047328,Overall,F,V2,11,2023-07-01,137.0,tinawood@example.org
010189875294,Overall,F,V2,11,2023-07-01,144.0,pamelale@example.org
039226853596,Overall,M,V3,11,2023-07-01,84.0,hollykim@example.com
081317793434,Overall,M,V3,11,2023-07-01,144.0,jeffreypalmer@example.net
037833284775,Overall,F,V2,11,2023-07-01,144.0,daleflores@example.net
073485431556,Overall,M,V1,11,2023-07-01,135.0,zacharyphillips@example.org
034620096616,Overall,F,V1,11,2023-07-01,138.0,kimberlysmith@example.com
085792664763,Overall,M,V3,11,2023-07-01,91.0,jeremy60@example.org
064118424621,Overall,M,V1,11,2023-07-01,125.0,veronicamorris@example.net
032321149947,Overall,F,V1,11,2023-07-01,128.0,john43@example.org
099178558504,Overall,F,V3,11,2023-07-01,84.0,jonesryan@example.net
099026132247,Overall,M,V3,11,2023-07-01,129.0,kaitlinfrye@example.net
021419579799,Overall,F,V1,11,2023-07-01,93.0,istevens@example.org
058972869843,Overall,M,V1,11,2023-07-01,93.0,edwardsheather@example.org
097843319306,Overall,F,V1,11,2023-07-01,139.0,elizabeth65@example.com
096606478913,Overall,M,V2,11,2023-07-01,87.0,meyerjames@example.net
031926417176,Overall,F,V2,11,2023-07-01,138.0,juanrodgers@example.net
034559431262,Overall,M,V1,11,2023-07-01,133.0,gomezkendra@example.net
014773410778,Overall,F,V2,11,2023-07-01,134.0,michael60@example.org
063932308623,Overall,F,V2,11,2023-07-01,132.0,willie67@example.org
088587430058,Overall,F,V3,11,2023-07-01,143.0,ryan18@example.net
077600682897,Overall,M,V3,11,2023-07-01,91.0,nicole17@example.net
055644999554,Overall,M,V2,11,2023-07-01,90.0,schmidteileen@example.com
043168952675,Overall,M,V2,11,2023-07-01,84.0,stephaniedavidson@example.com
027959937532,Overall,M,V2,11,2023-07-01,87.0,onealmegan@example.org
030555980348,Overall,F,V3,11,2023-07-01,137.0,joshua24@example.net
097843319306,Overall,M,V1,11,2023-07-01,141.0,joanna02@example.net
052091854130,Overall,F,V3,11,2023-07-01,126.0,lopezsara@example.org
010805219304,Overall,M,V1,11,2023-07-01,,kristinefrancis@example.org
062713293966,Overall,M,V3,11,2023-07-01,139.0,betty07@example.net
091863172347,Overall,F,V3,11,2023-07-01,138.0,josecampbell@example.com
076378240193,Overall,X,V3,11,2023-07-01,134.0,dstephenson@example.org
091436832998,Overall,M,V2,11,2023-07-01,88.0,zacharymartinez@example.com
039060039964,Overall,F,V3,11,2023-07-01,136.0,marilyn31@example.org
032538547554,Overall,M,V2,11,2023-07-01,145.0,ffranklin@example.com
015500388545,Overall,M,V3,11,2023-07-01,127.0,andersonbrandon@example.org
040559428772,Overall,X,V1,11,2023-07-01,144.0,vasquezrussell@example.org
030807245060,Overall,F,V3,11,2023-07-01,122.0,olsenjanice@example.com
050767732365,Overall,F,V3,11,2023-07-01,83.0,pskinner@example.org
081509210530,Overall,M,V2,11,2023-07-01,127.0,bgreen@example.org
095460414481,Overall,F,V3,11,2023-07-01,134.0,kaitlyn71@example.com
044819616710,Overall,F,V1,11,2023-07-01,133.0,kathyrich@example.net
049509339894,Overall,M,V1,11,2023-07-01,86.0,dscott@example.net
032261145589,Overall,M,V1,11,2023-07-01,138.0,hesspatricia@example.com
056450072578,Overall,M,V3,11,2023-07-01,134.0,wmelton@example.org
045761581325,Overall,F,V3,11,2023-07-01,137.0,michellecain@example.org
063932308623,Overall,F,V2,11,2023-07-01,132.0,jesse67@example.net
053487165884,Overall,F,V1,11,2023-07-01,90.0,mckenziehoward@example.com
083158035998,Overall,M,V1,11,2023-07-01,90.0,morrisshannon@example.net
091559451734,Overall,M,V3,11,2023-07-01,141.0,joseph95@example.net
031227550907,Overall,M,V1,11,2023-07-01,133.0,glassjoseph@example.com
050674203613,Overall,F,V3,11,2023-07-01,125.0,ismith@example.net
087877143248,Overall,F,V3,11,2023-07-01,84.0,ucarlson@example.org
023830861493,Overall,M,V1,11,2023-07-01,141.0,gcross@example.com
094344418266,Overall,M,V1,11,2023-07-01,134.0,katherine72@example.com
098429206600,Overall,F,V2,11,2023-07-01,130.0,skinnerjames@example.net
025225921093,Overall,M,V1,11,2023-07-01,127.0,ryan84@example.org
072601116822,Overall,F,V2,11,2023-07-01,126.0,qwaller@example.org
090654985233,Overall,F,V2,11,2023-07-01,83.0,kaylaoconnor@example.com
097228656174,Overall,F,V3,11,2023-07-01,89.0,franksandra@example.org
058811346381,Overall,M,V3,11,2023-07-01,134.0,nicholsmichelle@example.com
048945853155,Overall,M,V2,11,2023-07-01,141.0,wreyes@example.com
026144745954,Overall,M,V2,11,2023-07-01,132.0,david41@example.org
052476740340,Overall,M,V1,11,2023-07-01,138.0,srose@example.net
076601981891,Overall,M,V3,11,2023-07-01,87.0,allisonhernandez@example.net
012315324796,Overall,F,V2,11,2023-07-01,128.0,gillespieamber@example.com
041021005164,Overall,F,V3,11,2023-07-01,112.0,rachelrhodes@example.org
016262035236,Overall,F,V2,11,2023-07-01,119.0,fischermark@example.net
044326479309,Overall,F,V3,11,2023-07-01,141.0,grobinson@example.org
024798218294,Overall,F,V3,11,2023-07-01,88.0,jocelyn83@example.org
028439297927,Overall,F,V1,11,2023-07-01,92.0,mezajason@example.com
086254108578,Overall,F,V1,11,2023-07-01,141.0,nicholasbrady@example.org
077550819122,Overall,M,V2,11,2023-07-01,139.0,timothy64@example.org
