Student ID,Test Name,Gender,Version,Level,Test Date,Standardised Score,Name
950665199121,Science,F,V3,10,2020-02-02 00:00:00,136.0,Travis Gray
959635071202,Science,M,V3,10,2020-02-02 00:00:00,136.0, Teresa White
600762359631,Science,M,V3,10,2020-02-02 00:00:00,133.0,Lee Garrett
997492943222,Science,M,V2,10,2020-02-02 00:00:00,87.0,  Kevin Knox
234211586494,Science,M,V2,10,2020-02-02 00:00:00,134.0,  George Allen
395005428947,Science,M,V2,10,2020-02-02 00:00:00,140.0,Eric Thompson
914970459307,Science,M,V2,10,2020-02-02 00:00:00,145.0,Erika Zimmerman
665288820839,Science,M,V2,10,2020-02-02 00:00:00,95.0,  Angel Evans
161624787053,Science,M,V1,10,2020-02-02 00:00:00,132.0,Amanda Shepherd
227848666432,Science,F,V2,10,2020-02-02 00:00:00,145.0,  Jamie Robertson
504430540387,Science,F,V1,10,2020-02-02 00:00:00,131.0,  James Sanchez
633076266559,Science,F,V1,10,2020-02-02 00:00:00,138.0,  Matthew Young
900687427723,Science,M,V2,10,2020-02-02 00:00:00,146.0,  James Maldonado
720335183048,Science,M,V1,10,2020-02-02 00:00:00,127.0, James Chase
843980111077,Science,F,V1,10,2020-02-02 00:00:00,,  Tyler Glass
205551789009,Science,F,V2,10,2020-02-02 00:00:00,136.0, Hector Arellano
446622221238,Science,F,V2,10,2020-02-02 00:00:00,126.0, Mark Bush
408088952374,Science,M,V2,10,2020-02-02 00:00:00,145.0,Vanessa White DDS
456316064335,Science,F,V3,10,2020-02-02 00:00:00,132.0,  Nicole Morrison
926652887537,Science,F,V3,10,2020-02-02 00:00:00,90.0, Leah Barker
144954971952,Science,F,V3,10,2020-02-02 00:00:00,84.0, Pamela Lindsey
722467969656,Science,F,V2,10,2020-02-02 00:00:00,95.0,  Cassandra Richardson
350075145202,Science,M,V3,10,2020-02-02 00:00:00,120.0, Jeremy Roberts
459102679722,Science,M,V1,10,2020-02-02 00:00:00,131.0, William Suarez
797379167885,Science,M,V1,10,2020-02-02 00:00:00,101.0,Annette Davis
581933667315,Science,M,V3,10,2020-02-02 00:00:00,140.0,Haley Zhang
842649295744,Science,M,V1,10,2020-02-02 00:00:00,84.0, Mark Pitts
352661872442,Science,X,V2,10,2020-02-02 00:00:00,136.0,Cynthia Herman
430691452102,Science,M,V1,10,2020-02-02 00:00:00,125.0, Mark Foster
192072277275,Science,M,V3,10,2020-02-02 00:00:00,129.0,Susan Perez
217858743117,Science,M,V1,10,2020-02-02 00:00:00,136.0, Tammy Mack
979196978530,Science,F,V1,10,2020-02-02 00:00:00,91.0,Julie Ward
337520577554,Science,M,V3,10,2020-02-02 00:00:00,132.0,Sarah Velazquez
541210570903,Science,F,V1,10,2020-02-02 00:00:00,117.0, Cheryl Johnson
193868718205,Science,F,V1,10,2020-02-02 00:00:00,141.0,Emily Oneill
229780511432,Science,M,V2,10,2020-02-02 00:00:00,132.0,Dr. Justin Wood
534364188889,Science,M,V2,10,2020-02-02 00:00:00,89.0,Lori Willis
610201997730,Science,F,V2,10,2020-02-02 00:00:00,128.0, Austin Wallace
204277314480,Science,F,V2,10,2020-02-02 00:00:00,131.0,  Amber Snyder
595154724986,Science,F,V1,10,2020-02-02 00:00:00,88.0,Rhonda Willis
705758867691,Science,F,V2,10,2020-02-02 00:00:00,89.0,Rodney Villa
969201254943,Science,M,V2,10,2020-02-02 00:00:00,140.0, Jennifer Shaw
508116386782,Science,M,V2,10,2020-02-02 00:00:00,138.0,David Houston
793059971221,Science,M,V2,10,2020-02-02 00:00:00,147.0,  Jeremy Henderson
855567881200,Science,M,V2,10,2020-02-02 00:00:00,135.0,  Stephanie Mosley
492128064101,Science,M,V1,10,2020-02-02 00:00:00,124.0,Jeffrey Ramirez
586563901731,Science,F,V1,10,2020-02-02 00:00:00,135.0,Stacy West
615599100702,Science,M,V1,10,2020-02-02 00:00:00,134.0,  Mary Ritter
853150638687,Science,M,V1,10,2020-02-02 00:00:00,82.0,Bethany Irwin
267826190277,Science,M,V1,10,2020-02-02 00:00:00,145.0,Virginia Turner
620136878163,Science,M,V1,10,2020-02-02 00:00:00,136.0, Judith Gray
332636861622,Science,F,V3,10,2020-02-02 00:00:00,135.0,Kristy Macias
118777326847,Science,M,V1,10,2020-02-02 00:00:00,84.0, Larry Delacruz
788097586620,Science,F,V1,10,2020-02-02 00:00:00,94.0,Kelly Ellis MD
511805674703,Science,F,V1,10,2020-02-02 00:00:00,133.0,Amanda Coffey
323654896246,Science,F,V2,10,2020-02-02 00:00:00,139.0,Henry Lloyd
359187206979,Science,M,V1,10,2020-02-02 00:00:00,88.0,  Ronald Murphy
876487830748,Science,F,V3,10,2020-02-02 00:00:00,92.0, Rita Terry
502100739917,Science,F,V1,10,2020-02-02 00:00:00,121.0, Laura Ortiz
629121395075,Science,F,V2,10,2020-02-02 00:00:00,137.0,  Kevin Smith
597247830300,Science,M,V1,10,2020-02-02 00:00:00,129.0, Chad Johnson
748478584636,Science,M,V3,10,2020-02-02 00:00:00,95.0,  Anthony Savage
603460907846,Science,M,V2,10,2020-02-02 00:00:00,130.0,Roberto Mathis
961951274924,Science,M,V2,10,2020-02-02 00:00:00,135.0, Charles Obrien
876642226674,Science,M,V3,10,2020-02-02 00:00:00,84.0,Michael Rodriguez
657673076296,Science,M,V2,10,2020-02-02 00:00:00,83.0, Amy Patel
751935387308,Science,F,V2,10,2020-02-02 00:00:00,137.0,Anna Yates
585634414624,Science,M,V2,10,2020-02-02 00:00:00,138.0, Dawn Armstrong
482446202923,Science,F,V3,10,2020-02-02 00:00:00,130.0, Melinda Cook
467357852171,Science,M,V1,10,2020-02-02 00:00:00,143.0,Jay Lee
655085716010,Science,M,V2,10,2020-02-02 00:00:00,133.0,Kevin Stevens
200422501449,Science,F,V3,10,2020-02-02 00:00:00,113.0,Janet Rhodes
913982805935,Science,M,V1,10,2020-02-02 00:00:00,89.0,  Steven Lawson
882113968118,Science,M,V1,10,2020-02-02 00:00:00,143.0,Jocelyn Peters
462251446783,Science,M,V1,10,2020-02-02 00:00:00,139.0,Catherine Reid
583001179612,Science,M,V3,10,2020-02-02 00:00:00,120.0, William Harris
896976974275,Science,M,V3,10,2020-02-02 00:00:00,98.0,  Adam Schultz
663364881592,Science,F,V3,10,2020-02-02 00:00:00,83.0,Alexandra Stephens
796243614110,Science,F,V2,10,2020-02-02 00:00:00,127.0,  Madison Riley
476772727477,Science,M,V1,10,2020-02-02 00:00:00,94.0,Jennifer Webb
929677042913,Science,M,V2,10,2020-02-02 00:00:00,140.0, Christina Myers
638976325752,Science,M,V2,10,2020-02-02 00:00:00,92.0,Tina Levy
364568216235,Science,M,V2,10,2020-02-02 00:00:00,135.0,  Larry Jackson
598167420934,Science,M,V1,10,2020-02-02 00:00:00,142.0,  Stephen George
629121395075,Science,F,V2,10,2020-02-02 00:00:00,140.0,  Christina Stephens
300526514885,Science,M,V2,10,2020-02-02 00:00:00,134.0,  Teresa Sanchez
778224464818,Science,F,V2,10,2020-02-02 00:00:00,84.0,  Jessica Lewis
354276453926,Science,M,V3,10,2020-02-02 00:00:00,144.0,Jose Foster
738808494714,Science,M,V3,10,2020-02-02 00:00:00,88.0,  Travis Diaz
590792746862,Science,M,V2,10,2020-02-02 00:00:00,91.0,  Sydney Black
264646223541,Science,F,V1,10,2020-02-02 00:00:00,135.0,  Jessica Weeks
648775834513,Science,F,V1,10,2020-02-02 00:00:00,92.0, Reginald Gross MD
891576150431,Science,F,V2,10,2020-02-02 00:00:00,137.0,Donna Wallace
473858240176,Science,F,V2,10,2020-02-02 00:00:00,137.0,Mrs. Brandy Mcgee
491950144887,Science,M,V1,10,2020-02-02 00:00:00,84.0,Mrs. Nicole Knight
887920370048,Science,M,V2,10,2020-02-02 00:00:00,143.0, Sheena Baker
129393905806,Science,M,V2,10,2020-02-02 00:00:00,133.0,Ashley Sheppard
670876443202,Science,M,V1,10,2020-02-02 00:00:00,131.0,Jennifer Kim
795414601517,Science,F,V2,10,2020-02-02 00:00:00,141.0,James Powell DDS
242790884057,Science,M,V2,10,2020-02-02 00:00:00,142.0,  Sean Ford
972869915092,Science,M,V2,10,2020-02-02 00:00:00,93.0,  Seth Bell
480774195372,Science,M,V1,10,2020-02-02 00:00:00,149.0,Brent Lewis
943027471661,Science,M,V3,10,2020-02-02 00:00:00,126.0,Lisa Sampson
578436223319,Science,M,V1,10,2020-02-02 00:00:00,137.0, Kevin Rogers
621603635119,Science,F,V2,10,2020-02-02 00:00:00,126.0,  Dr. Dana Anderson
692797370776,Science,F,V1,10,2020-02-02 00:00:00,93.0, Tammy Rosario
551076913699,Science,M,V2,10,2020-02-02 00:00:00,81.0,  Jacqueline Mooney
781297219617,Science,F,V3,10,2020-02-02 00:00:00,80.0,Nicole Hendrix
590455144865,Science,M,V3,10,2020-02-02 00:00:00,142.0,  Sarah Green
167016832565,Science,F,V3,10,2020-02-02 00:00:00,133.0,  Margaret Berg
720916960233,Science,M,V1,10,2020-02-02 00:00:00,131.0, Heather Alvarado
549448647638,Science,M,V1,10,2020-02-02 00:00:00,93.0, Mary Davis
668479608941,Science,M,V3,10,2020-02-02 00:00:00,98.0, Zachary Grant
795986902603,Science,F,V3,10,2020-02-02 00:00:00,88.0,  Zachary Ross
543492801263,Science,F,V2,10,2020-02-02 00:00:00,135.0,Kimberly Rojas
741634389651,Science,M,V2,10,2020-02-02 00:00:00,137.0,  Joseph Cruz
740821244080,Science,F,V3,10,2020-02-02 00:00:00,121.0, Gregory Hernandez
331223323520,Science,F,V1,10,2020-02-02 00:00:00,117.0,  Erik Coleman
395005428947,Science,F,V3,10,2020-02-02 00:00:00,145.0,  Cheryl Randall
335624934998,Science,M,V1,10,2020-02-02 00:00:00,89.0, Richard Wade
202830525728,Science,F,V1,10,2020-02-02 00:00:00,125.0, Kelly Reid
678312720837,Science,F,V3,10,2020-02-02 00:00:00,141.0, Melissa Gutierrez
926652887537,Science,M,V3,10,2020-02-02 00:00:00,95.0, Maria Martin
271915685833,Science,M,V2,10,2020-02-02 00:00:00,143.0,Victor Schneider
478902706349,Science,M,V3,10,2020-02-02 00:00:00,146.0,Charles Wilson
439167803383,Science,F,V3,10,2020-02-02 00:00:00,146.0,Kimberly Lee
138448230853,Science,F,V1,10,2020-02-02 00:00:00,130.0,  David Phillips
426169162841,Science,F,V1,10,2020-02-02 00:00:00,138.0, Brittany Tapia
228352468409,Science,M,V2,10,2020-02-02 00:00:00,135.0,  Brenda Bautista
820550447312,Science,F,V1,10,2020-02-02 00:00:00,127.0,  Justin Johnson
708332651097,Science,M,V3,10,2020-02-02 00:00:00,141.0,Martin Prince
537830488369,Science,M,V3,10,2020-02-02 00:00:00,84.0,Donald Jackson
613959036758,Science,M,V1,10,2020-02-02 00:00:00,79.0,  Dr. Jennifer Ferguson DDS
691395253072,Science,M,V2,10,2020-02-02 00:00:00,144.0, Carolyn Lane
907524553066,Science,M,V3,10,2020-02-02 00:00:00,131.0,Autumn Neal
756828679677,Science,F,V2,10,2020-02-02 00:00:00,98.0,Olivia Gutierrez
452825885392,Science,M,V1,10,2020-02-02 00:00:00,88.0,  Laura Gilbert
390079376120,Science,M,V3,10,2020-02-02 00:00:00,134.0,Jesse Henry
358352050776,Science,F,V2,10,2020-02-02 00:00:00,137.0, Sharon Harrison
760234047551,Science,M,V2,10,2020-02-02 00:00:00,129.0,  Alexandra Ballard
908553821151,Science,F,V3,10,2020-02-02 00:00:00,136.0,  Aaron Johnson
227377609215,Science,F,V2,10,2020-02-02 00:00:00,136.0, Lori Freeman
265794781606,Science,F,V3,10,2020-02-02 00:00:00,80.0,  Shannon Hayes
425801458455,Science,F,V1,10,2020-02-02 00:00:00,134.0,Mary Henson
645239307199,Science,M,V1,10,2020-02-02 00:00:00,146.0,Vanessa Hansen
456273364945,Science,M,V1,10,2020-02-02 00:00:00,145.0,Lauren Hawkins
258513175241,Science,M,V3,10,2020-02-02 00:00:00,124.0,Shannon Murray
470457507188,Science,F,V2,10,2020-02-02 00:00:00,138.0, Leslie Tucker
907064266385,Science,M,V1,10,2020-02-02 00:00:00,139.0, Mary Mills
165931190166,Science,M,V3,10,2020-02-02 00:00:00,125.0,Rebecca Arias
456573026894,Science,M,V1,10,2020-02-02 00:00:00,138.0, Tamara Meyer
330344745933,Science,F,V2,10,2020-02-02 00:00:00,133.0, Mary Hall
417171895466,Science,M,V2,10,2020-02-02 00:00:00,141.0,  Allison Cole
950665199121,Science,F,V1,10,2020-02-02 00:00:00,142.0,Micheal Smith
531082487348,Science,M,V2,10,2020-02-02 00:00:00,137.0,James Peterson PhD
785962460211,Science,M,V3,10,2020-02-02 00:00:00,140.0, Julie Brown
336872024615,Science,M,V1,10,2020-02-02 00:00:00,135.0, Daniel Davis
329913456966,Science,M,V3,10,2020-02-02 00:00:00,87.0, Shannon Davis
489157753350,Science,F,V3,10,2020-02-02 00:00:00,139.0, Angela Craig
446603787135,Science,M,V2,10,2020-02-02 00:00:00,141.0, Kristen Rodriguez
495524738263,Science,F,V3,10,2020-02-02 00:00:00,143.0,  Gregory Frank
649942902175,Science,F,V2,10,2020-02-02 00:00:00,147.0,Paige Foster
289020955676,Science,F,V2,10,2020-02-02 00:00:00,141.0,Zachary Anderson
572930591459,Science,F,V1,10,2020-02-02 00:00:00,150.0,James White
545160464536,Science,M,V3,10,2020-02-02 00:00:00,131.0, Shannon Moreno
197957669568,Science,F,V3,10,2020-02-02 00:00:00,98.0, Taylor Brennan
859682508065,Science,X,V3,10,2020-02-02 00:00:00,88.0, William Johnson
894585367984,Science,F,V3,10,2020-02-02 00:00:00,106.0,Ashley Hughes
551623177570,Science,M,V1,10,2020-02-02 00:00:00,131.0,David Martin
805194037511,Science,M,V1,10,2020-02-02 00:00:00,124.0,  Katie Alvarez
791159782051,Science,X,V3,10,2020-02-02 00:00:00,133.0,Crystal Romero
692152349555,Science,F,V3,10,2020-02-02 00:00:00,144.0,Amanda Mahoney
758306527659,Science,F,V3,10,2020-02-02 00:00:00,83.0,Scott Barrett
539042403119,Science,M,V3,10,2020-02-02 00:00:00,123.0,Keith Cole
704824807015,Science,F,V1,10,2020-02-02 00:00:00,136.0,  Natalie Davis
330846940390,Science,F,V2,10,2020-02-02 00:00:00,132.0, Nicholas Gonzalez
474019350761,Science,M,V1,10,2020-02-02 00:00:00,131.0,  David Lee
146949413987,Science,M,V1,10,2020-02-02 00:00:00,92.0, Miss Jennifer West
635343519954,Science,F,V3,10,2020-02-02 00:00:00,145.0,  Katherine Houston
224903511338,Science,F,V3,10,2020-02-02 00:00:00,124.0,Jennifer Garrett
637989431230,Science,M,V2,10,2020-02-02 00:00:00,141.0, Matthew Mcdonald
821507005803,Science,F,V1,10,2020-02-02 00:00:00,124.0, Trevor Davis
983718401783,Science,M,V1,10,2020-02-02 00:00:00,143.0,John Hernandez
210135564633,Science,F,V2,10,2020-02-02 00:00:00,125.0,Tanya Barrera
994313591085,Science,F,V3,10,2020-02-02 00:00:00,141.0, Amanda Nichols
467357852171,Science,F,V3,10,2020-02-02 00:00:00,136.0,  Bradley Mckee
744470751896,Science,F,V2,10,2020-02-02 00:00:00,84.0,Mr. Samuel Hoffman
938751522939,Science,X,V2,10,2020-02-02 00:00:00,90.0,  Andrew Hernandez
935492823093,Science,M,V1,10,2020-02-02 00:00:00,135.0,Brandy Chan
784944487376,Science,M,V2,10,2020-02-02 00:00:00,88.0,Austin Roberts
950290847988,Science,M,V1,10,2020-02-02 00:00:00,96.0, Danielle Jordan
817758840691,Science,M,V1,10,2020-02-02 00:00:00,85.0,  William Vega
970062004641,Science,F,V2,10,2020-02-02 00:00:00,125.0,  Kyle Riley
615247422374,Science,F,V2,10,2020-02-02 00:00:00,133.0,  Chris Austin
557430919393,Science,M,V2,10,2020-02-02 00:00:00,137.0,  Terry Arroyo
172587340170,Science,F,V3,10,2020-02-02 00:00:00,129.0, Timothy Fields
781297219617,Science,M,V3,10,2020-02-02 00:00:00,86.0, David Ruiz
914970459307,Science,F,V3,10,2020-02-02 00:00:00,143.0,  Sharon Hernandez
133606674441,Science,F,V1,10,2020-02-02 00:00:00,133.0,Robert Ray DDS
460261151616,Science,F,V1,10,2020-02-02 00:00:00,125.0,  Angela Reeves
679580975244,Science,M,V2,10,2020-02-02 00:00:00,90.0, Joshua Castro
731742533366,Science,F,V3,10,2020-02-02 00:00:00,131.0,  Brenda Pacheco
159268790499,Science,F,V3,10,2020-02-02 00:00:00,91.0,  Mary Leonard
899490723700,Science,M,V2,10,2020-02-02 00:00:00,,Raymond Phelps
118777326847,Science,M,V2,10,2020-02-02 00:00:00,81.0,  Jordan Hall
205106737500,Science,F,V1,10,2020-02-02 00:00:00,118.0,Heather Paul
128187933563,Science,M,V3,10,2020-02-02 00:00:00,143.0, Carla Stokes
627744090952,Science,M,V2,10,2020-02-02 00:00:00,145.0,Wendy Macias
716252398769,Science,M,V3,10,2020-02-02 00:00:00,88.0,Jessica Walker
623835240393,Science,M,V2,10,2020-02-02 00:00:00,134.0, Jennifer Sanchez
794219779092,Science,F,V1,10,2020-02-02 00:00:00,94.0,  Joseph Mann
998525241655,Science,F,V2,10,2020-02-02 00:00:00,83.0,Sonya Pratt
395733664917,Science,F,V2,10,2020-02-02 00:00:00,92.0, Dr. Joan Little DDS
422038389910,Science,M,V1,10,2020-02-02 00:00:00,128.0,Joseph Logan
868470805052,Science,F,V1,10,2020-02-02 00:00:00,139.0,  Maurice King
279571474903,Science,M,V2,10,2020-02-02 00:00:00,144.0,Sharon Collins
756059822249,Science,F,V1,10,2020-02-02 00:00:00,141.0,  Krista Hays
711657439639,Science,X,V2,10,2020-02-02 00:00:00,79.0, Charlene Browning
478071832560,Science,M,V1,10,2020-02-02 00:00:00,139.0,  Kelli Ford
745511928328,Science,M,V3,10,2020-02-02 00:00:00,137.0,  Garrett Woods
446104947113,Science,F,V2,10,2020-02-02 00:00:00,132.0, Shannon Matthews
784261940519,Science,M,V2,10,2020-02-02 00:00:00,144.0,Sara Gomez
834358125448,Science,M,V1,10,2020-02-02 00:00:00,134.0, Hannah Carpenter
727943249447,Science,F,V1,10,2020-02-02 00:00:00,87.0,  Kimberly Grant
772417229238,Science,F,V2,10,2020-02-02 00:00:00,137.0,  Melanie Rodriguez
753666802983,Science,F,V1,10,2020-02-02 00:00:00,84.0,Patricia Washington
293770643331,Science,M,V3,10,2020-02-02 00:00:00,135.0,  Briana Craig
819940350959,Science,F,V2,10,2020-02-02 00:00:00,86.0,Sarah Mccormick
240774210863,Science,M,V2,10,2020-02-02 00:00:00,128.0, Jessica Cruz
445740233041,Science,F,V1,10,2020-02-02 00:00:00,124.0, David Merritt
359155288653,Science,M,V2,10,2020-02-02 00:00:00,86.0, Stephanie Sanders
550703302473,Science,F,V1,10,2020-02-02 00:00:00,118.0,Michael Hernandez
314731243324,Science,M,V2,10,2020-02-02 00:00:00,125.0, Raven Gilmore
648283264924,Science,F,V2,10,2020-02-02 00:00:00,141.0,  Jennifer Fernandez
913982805935,Science,F,V3,10,2020-02-02 00:00:00,92.0,  Kayla Swanson
527963425630,Science,F,V1,10,2020-02-02 00:00:00,137.0,  Nichole Nichols
473469762949,Science,F,V1,10,2020-02-02 00:00:00,99.0, Kayla Jacobs
247872798161,Science,F,V1,10,2020-02-02 00:00:00,79.0,Emily Ferguson DVM
512221812110,Science,M,V1,10,2020-02-02 00:00:00,110.0, Sheila Johnson
460890611833,Science,F,V1,10,2020-02-02 00:00:00,133.0, Laura Bryan
249119259262,Science,F,V1,10,2020-02-02 00:00:00,139.0, Julie Brewer
737897956938,Science,F,V1,10,2020-02-02 00:00:00,107.0,William Thompson
861741844064,Science,F,V3,10,2020-02-02 00:00:00,,  Larry Miller
880959964913,Science,F,V1,10,2020-02-02 00:00:00,94.0, Shawn Matthews
574271499257,Science,F,V3,10,2020-02-02 00:00:00,87.0,  Dave Bennett DDS
148973891555,Science,M,V3,10,2020-02-02 00:00:00,90.0, Michael Harrington
623116012615,Science,F,V2,10,2020-02-02 00:00:00,112.0, Jessica Wilcox
622370061545,Science,F,V1,10,2020-02-02 00:00:00,119.0, Gail Lee
134135452464,Science,M,V1,10,2020-02-02 00:00:00,120.0,Shannon Spears
221831713922,Science,M,V3,10,2020-02-02 00:00:00,124.0, Jason Lewis
810592688018,Science,M,V2,10,2020-02-02 00:00:00,140.0,Cynthia Mills
629481816263,Science,M,V3,10,2020-02-02 00:00:00,141.0,  Anthony Martin
358352050776,Science,F,V2,10,2020-02-02 00:00:00,131.0, Mrs. Tiffany Chen DDS
748073214838,Science,F,V2,10,2020-02-02 00:00:00,140.0,  Jordan Gregory
808049119138,Science,F,V3,10,2020-02-02 00:00:00,130.0, Natasha Harper
368872110806,Science,M,V1,10,2020-02-02 00:00:00,134.0,Stephanie Smith
137776777180,Science,M,V3,10,2020-02-02 00:00:00,84.0, Kimberly Kelley
914970459307,Science,F,V1,10,2020-02-02 00:00:00,145.0,  Cassidy Adams
774618110843,Science,F,V1,10,2020-02-02 00:00:00,135.0,Dr. Bryce Kelly
710002796697,Science,M,V2,10,2020-02-02 00:00:00,131.0, Colton Patterson
929677042913,Science,F,V1,10,2020-02-02 00:00:00,141.0,  Brent Jones
862943807559,Science,M,V1,10,2020-02-02 00:00:00,96.0,  Corey Lane
990435487270,Science,X,V2,10,2020-02-02 00:00:00,141.0,  Amber Thomas
409638498578,Science,M,V3,10,2020-02-02 00:00:00,96.0, Stacy Williams
372164584676,Science,F,V3,10,2020-02-02 00:00:00,138.0, Caleb Coleman
993164065785,Science,M,V3,10,2020-02-02 00:00:00,88.0,  Marissa Gomez
620136878163,Science,M,V1,10,2020-02-02 00:00:00,135.0,  Norman Allen
506275169745,Science,F,V3,10,2020-02-02 00:00:00,149.0,Jennifer Martin
383029859628,Science,M,V1,10,2020-02-02 00:00:00,93.0,Richard Kennedy
167325205975,Science,F,V1,10,2020-02-02 00:00:00,139.0,  Meghan Moreno
374695892365,Science,F,V1,10,2020-02-02 00:00:00,95.0,Lindsay Benitez
323654896246,Science,M,V1,10,2020-02-02 00:00:00,142.0,Laurie Miller
603460907846,Science,F,V1,10,2020-02-02 00:00:00,141.0,Kathleen Cook
190210649000,Science,F,V1,10,2020-02-02 00:00:00,112.0,  Catherine Murphy
552976565182,Science,M,V3,10,2020-02-02 00:00:00,89.0,  Clifford Hines
513286011360,Science,M,V3,10,2020-02-02 00:00:00,115.0,Savannah Brennan
299788629925,Science,F,V1,10,2020-02-02 00:00:00,102.0,Brett Hull
446513854035,Science,F,V3,10,2020-02-02 00:00:00,128.0,Christine Sullivan
246153905182,Science,M,V3,10,2020-02-02 00:00:00,126.0,Daniel Deleon
154150963870,Science,M,V3,10,2020-02-02 00:00:00,136.0,  Tiffany Reyes
604763737816,Science,M,V3,10,2020-02-02 00:00:00,142.0,Mr. Ernest Davila
888795038310,Science,M,V2,10,2020-02-02 00:00:00,83.0,  Jennifer Gregory
303499586343,Science,F,V2,10,2020-02-02 00:00:00,143.0,Stephen Little
788573025718,Science,F,V1,10,2020-02-02 00:00:00,85.0,David Morgan
270949361252,Science,M,V1,10,2020-02-02 00:00:00,135.0,  Rodney Hernandez
666378935540,Science,M,V3,10,2020-02-02 00:00:00,89.0, Joel Walsh
826822581506,Science,F,V1,10,2020-02-02 00:00:00,134.0, Cheryl Hubbard
728110674055,Science,M,V2,10,2020-02-02 00:00:00,137.0, Tammy Lynch
126429770546,Science,F,V1,10,2020-02-02 00:00:00,134.0,  Christopher Mcbride
307395559841,Science,F,V3,10,2020-02-02 00:00:00,141.0, Mrs. Linda Miller
749231089382,Science,F,V1,10,2020-02-02 00:00:00,133.0, Rita Anderson
948571970625,Science,M,V3,10,2020-02-02 00:00:00,89.0, Jeremy Hernandez
994787638095,Science,M,V3,10,2020-02-02 00:00:00,96.0,Jimmy Schultz MD
793775206735,Science,M,V1,10,2020-02-02 00:00:00,86.0,  Mr. Robert Sims
296847455858,Science,M,V3,10,2020-02-02 00:00:00,90.0,Natasha Cortez
765337985508,Science,M,V2,10,2020-02-02 00:00:00,87.0,  Scott Andrews
351933045453,Science,F,V2,10,2020-02-02 00:00:00,132.0, David Castillo
805483344386,Science,M,V2,10,2020-02-02 00:00:00,144.0, Michael Mckinney
556812482722,Science,F,V3,10,2020-02-02 00:00:00,143.0,  Ryan Meyer
305859097026,Science,M,V3,10,2020-02-02 00:00:00,,  Stephanie Wallace
852760727485,Science,F,V1,10,2020-02-02 00:00:00,87.0,  Dawn Lee
650288613878,Science,M,V3,10,2020-02-02 00:00:00,87.0,  Megan Bryant
610349351460,Science,F,V2,10,2020-02-02 00:00:00,122.0, Vickie Abbott MD
640102632370,Science,M,V1,10,2020-02-02 00:00:00,119.0, Kimberly Reyes
501220617158,Science,M,V2,10,2020-02-02 00:00:00,121.0,Darlene Ferguson
831797517465,Science,X,V3,10,2020-02-02 00:00:00,95.0, Gary Becker
899333788255,Science,F,V2,10,2020-02-02 00:00:00,98.0, Jason Perez
644067334692,Science,M,V2,10,2020-02-02 00:00:00,137.0,Brian Miller
623835240393,Science,M,V3,10,2020-02-02 00:00:00,135.0,Julie Chen
307975563571,Science,M,V1,10,2020-02-02 00:00:00,140.0,Tina Davis
171157718194,Science,M,V3,10,2020-02-02 00:00:00,140.0,Jonathan Obrien
531439493945,Science,M,V3,10,2020-02-02 00:00:00,141.0, Brooke Parker
645239307199,Science,F,V1,10,2020-02-02 00:00:00,144.0,  Travis Thornton
155509607606,Science,F,V2,10,2020-02-02 00:00:00,138.0, Margaret Anderson
179411173924,Science,M,V1,10,2020-02-02 00:00:00,138.0,Mary Fernandez
942717698061,Science,F,V1,10,2020-02-02 00:00:00,85.0,  John Johnson
890665495725,Science,M,V2,10,2020-02-02 00:00:00,85.0,Lynn Wilson
221836588735,Science,F,V1,10,2020-02-02 00:00:00,141.0,Sarah Riley
268121942375,Science,F,V1,10,2020-02-02 00:00:00,132.0,  Christopher Anthony
238789966836,Science,F,V1,10,2020-02-02 00:00:00,101.0,David Moore
571667317122,Science,F,V3,10,2020-02-02 00:00:00,129.0,  Kimberly Greene
510014684574,Science,M,V1,10,2020-02-02 00:00:00,132.0,  Rachel Smith
127222148280,Science,F,V3,10,2020-02-02 00:00:00,121.0,Richard Good
394100061003,Science,M,V3,10,2020-02-02 00:00:00,106.0, Jessica Morgan
129682372063,Science,F,V3,10,2020-02-02 00:00:00,129.0, Nicole Brown
271668987426,Science,M,V3,10,2020-02-02 00:00:00,91.0,  Mr. Joseph Johnson PhD
142140441748,Science,X,V2,10,2020-02-02 00:00:00,126.0, Katherine Wagner
974104516273,Science,F,V3,10,2020-02-02 00:00:00,132.0, Ariana Petersen
646660934087,Science,M,V2,10,2020-02-02 00:00:00,149.0,Daniel Sutton
899648210835,Science,F,V3,10,2020-02-02 00:00:00,81.0, Elizabeth Reynolds
750966576682,Science,M,V1,10,2020-02-02 00:00:00,92.0,  Johnny Sullivan
775097656006,Science,M,V2,10,2020-02-02 00:00:00,143.0,Theresa Maxwell
753666802983,Science,M,V1,10,2020-02-02 00:00:00,85.0, Dr. Angela Garcia
639516855728,Science,M,V2,10,2020-02-02 00:00:00,85.0, Julie Jackson
991320920576,Science,M,V3,10,2020-02-02 00:00:00,140.0,  Daniel Moore
154150963870,Science,F,V3,10,2020-02-02 00:00:00,134.0,  Jeffrey Cox
933473190626,Science,F,V2,10,2020-02-02 00:00:00,141.0, William Lopez
377785380894,Science,M,V2,10,2020-02-02 00:00:00,99.0,  Cynthia Turner
130424016741,Science,F,V2,10,2020-02-02 00:00:00,121.0,Adrienne Hamilton
348763873904,Science,F,V3,10,2020-02-02 00:00:00,88.0, Charlene Hamilton
772289284453,Science,F,V1,10,2020-02-02 00:00:00,89.0,Sarah Bell
461837072760,Science,F,V3,10,2020-02-02 00:00:00,128.0, Sabrina Davis
992568276384,Science,F,V1,10,2020-02-02 00:00:00,95.0,  Jacob Patrick
256464579770,Science,M,V2,10,2020-02-02 00:00:00,88.0,  Carl Hudson
576575173519,Science,F,V1,10,2020-02-02 00:00:00,89.0,  Carolyn Garcia
775890321205,Science,M,V1,10,2020-02-02 00:00:00,130.0,Todd Peterson
238789966836,Science,F,V2,10,2020-02-02 00:00:00,105.0,  David Torres
928621731627,Science,M,V1,10,2020-02-02 00:00:00,143.0,  Jose Hall
587905784384,Science,M,V1,10,2020-02-02 00:00:00,90.0,  Andrew Ortiz
511214054686,Science,F,V1,10,2020-02-02 00:00:00,,Alicia Smith
561926663306,Science,M,V3,10,2020-02-02 00:00:00,141.0,  Mrs. Brittany Medina
818841212948,Science,F,V3,10,2020-02-02 00:00:00,139.0, Kenneth Jenkins
816910300591,Science,M,V3,10,2020-02-02 00:00:00,126.0,Jennifer Zavala
393096909407,Science,F,V2,10,2020-02-02 00:00:00,145.0,  Jenna Jones
154174412730,Science,M,V2,10,2020-02-02 00:00:00,122.0, Jesse Craig
421527222183,Science,M,V3,10,2020-02-02 00:00:00,119.0,Lisa Thornton
122458066637,Science,F,V3,10,2020-02-02 00:00:00,130.0,Heidi Yang
359367178162,Science,M,V1,10,2020-02-02 00:00:00,143.0, Stephanie Mcbride
906939789479,Science,M,V2,10,2020-02-02 00:00:00,101.0, Jodi Graham
425347981126,Science,F,V3,10,2020-02-02 00:00:00,132.0, Juan Evans
426573025175,Science,F,V2,10,2020-02-02 00:00:00,134.0,Mark Mcdonald
266175785016,Science,F,V1,10,2020-02-02 00:00:00,138.0, Mason Lee
623892571618,Science,M,V3,10,2020-02-02 00:00:00,136.0, Alexander Coleman
552824743752,Science,M,V2,10,2020-02-02 00:00:00,135.0, William Sloan
230238603415,Science,M,V3,10,2020-02-02 00:00:00,121.0,  Jose Montoya
530556225432,Science,M,V3,10,2020-02-02 00:00:00,125.0,  Julian Day
856298450907,Science,M,V1,10,2020-02-02 00:00:00,85.0,Alicia Richardson
271034003880,Science,M,V3,10,2020-02-02 00:00:00,122.0,  Regina Pham
987691319259,Science,F,V3,10,2020-02-02 00:00:00,87.0,Gail Washington
540442353961,Science,F,V1,10,2020-02-02 00:00:00,130.0, Sara Diaz
419304272104,Science,F,V3,10,2020-02-02 00:00:00,119.0,  Alyssa Downs
602251519596,Science,M,V3,10,2020-02-02 00:00:00,140.0,  Valerie Velasquez
937119063262,Science,F,V2,10,2020-02-02 00:00:00,134.0, Kathryn Matthews
452825885392,Science,F,V1,10,2020-02-02 00:00:00,80.0,  Mark Jackson
841257224914,Science,M,V3,10,2020-02-02 00:00:00,137.0,  Joann Mueller
376736726944,Science,M,V3,10,2020-02-02 00:00:00,82.0,Monica Kerr
670876443202,Science,F,V3,10,2020-02-02 00:00:00,131.0, Deborah Robbins
327507368738,Science,F,V2,10,2020-02-02 00:00:00,, Bryan Mckee
339544476897,Science,M,V3,10,2020-02-02 00:00:00,87.0, Christopher Stevens
849137649279,Science,F,V3,10,2020-02-02 00:00:00,90.0, Aaron Huynh
258207316371,Science,F,V3,10,2020-02-02 00:00:00,125.0, Caitlin Hernandez
546602151774,Science,F,V1,10,2020-02-02 00:00:00,126.0, Edward Newton
415106956523,Science,M,V1,10,2020-02-02 00:00:00,135.0, Brooke Wilkerson
794962166964,Science,M,V2,10,2020-02-02 00:00:00,88.0, Todd Martinez
823671473069,Science,M,V1,10,2020-02-02 00:00:00,139.0,  Danny Duncan
408376133056,Science,M,V1,10,2020-02-02 00:00:00,130.0,Christopher Lambert
570311351294,Science,F,V2,10,2020-02-02 00:00:00,124.0, Pamela Young
262653221237,Science,M,V3,10,2020-02-02 00:00:00,119.0,Jessica Whitaker
641195580049,Science,M,V3,10,2020-02-02 00:00:00,143.0,  Stephanie Clark
182909076345,Science,F,V2,10,2020-02-02 00:00:00,136.0, Zachary Hamilton
688937830532,Science,X,V1,10,2020-02-02 00:00:00,85.0,Emily Dominguez
213534419236,Science,F,V1,10,2020-02-02 00:00:00,124.0, Brooke Hernandez
320027871039,Science,M,V3,10,2020-02-02 00:00:00,128.0,  Monica Singh
962884614149,Science,M,V3,10,2020-02-02 00:00:00,91.0, Christina Olson
621739847239,Science,M,V2,10,2020-02-02 00:00:00,81.0,John Clarke
309378729117,Science,F,V2,10,2020-02-02 00:00:00,135.0,Victoria Ryan
589163192182,Science,M,V3,10,2020-02-02 00:00:00,137.0, Nathan Rodriguez
329716710884,Science,M,V2,10,2020-02-02 00:00:00,140.0,Maurice Williams
608726820137,Science,F,V2,10,2020-02-02 00:00:00,137.0, Ashley Nguyen
230238603415,Science,M,V1,10,2020-02-02 00:00:00,119.0, Dylan Davis
719104991678,Science,F,V3,10,2020-02-02 00:00:00,87.0, John Kennedy
182787106446,Science,M,V2,10,2020-02-02 00:00:00,135.0, Carl Wise
454204919886,Science,M,V2,10,2020-02-02 00:00:00,84.0,  Bryan Hernandez
703532773708,Science,F,V3,10,2020-02-02 00:00:00,141.0, Mr. William Deleon
655093358759,Science,F,V2,10,2020-02-02 00:00:00,90.0,Paul Rodriguez
182909076345,Science,F,V2,10,2020-02-02 00:00:00,138.0, Toni Scott
626794793082,Science,F,V3,10,2020-02-02 00:00:00,91.0,  Christopher Mccarthy
963287175674,Science,F,V3,10,2020-02-02 00:00:00,83.0, Erica Merritt
328527506112,Science,F,V1,10,2020-02-02 00:00:00,122.0,Rodney Hart
666610926048,Science,F,V2,10,2020-02-02 00:00:00,139.0,  George Dean
566814056481,Science,F,V2,10,2020-02-02 00:00:00,136.0, Kelly Rogers
892683294335,Science,M,V3,10,2020-02-02 00:00:00,84.0, Jesus Taylor
216773508570,Science,F,V2,10,2020-02-02 00:00:00,137.0,  Gary Dixon
962953420000,Science,M,V3,10,2020-02-02 00:00:00,127.0,  Kelly Eaton
686459573954,Science,M,V3,10,2020-02-02 00:00:00,87.0,  Robin Webb
442843011631,Science,F,V2,10,2020-02-02 00:00:00,124.0, Lisa Christensen
612679534457,Science,F,V2,10,2020-02-02 00:00:00,141.0,Angela Martin
973219578493,Science,F,V3,10,2020-02-02 00:00:00,92.0,  Thomas Hughes
230628601447,Science,F,V2,10,2020-02-02 00:00:00,125.0, Stacey Lopez
519725243412,Science,M,V2,10,2020-02-02 00:00:00,130.0, Rhonda Greer
780173448402,Science,F,V3,10,2020-02-02 00:00:00,137.0, Lee Rose
842660875697,Science,F,V2,10,2020-02-02 00:00:00,93.0,Nancy Harrison
917530400238,Science,F,V2,10,2020-02-02 00:00:00,127.0,Mrs. Hannah Mitchell MD
720335183048,Science,M,V1,10,2020-02-02 00:00:00,126.0, Kevin Rose
119200404637,Science,F,V1,10,2020-02-02 00:00:00,129.0,  Jessica Snyder
894525735628,Science,F,V2,10,2020-02-02 00:00:00,87.0,  Lee Meyer
910054286865,Science,M,V1,10,2020-02-02 00:00:00,131.0,  Jessica Tucker
592179865898,Science,F,V3,10,2020-02-02 00:00:00,101.0, Amanda Griffith
162586388810,Science,M,V3,10,2020-02-02 00:00:00,142.0, April Burns
550349423186,Science,F,V3,10,2020-02-02 00:00:00,136.0, Adrian Smith
581364875282,Science,M,V2,10,2020-02-02 00:00:00,144.0,  Jason Jacobs
882113968118,Science,X,V1,10,2020-02-02 00:00:00,133.0,Jeffrey Jimenez
320474816951,Science,F,V2,10,2020-02-02 00:00:00,137.0,Jennifer Schmidt
656459337647,Science,F,V3,10,2020-02-02 00:00:00,88.0,  Bradley Campbell
817596254997,Science,F,V1,10,2020-02-02 00:00:00,104.0,  Jose Gillespie
945285243237,Science,M,V2,10,2020-02-02 00:00:00,135.0,Diamond Rodriguez
598098108273,Science,F,V1,10,2020-02-02 00:00:00,81.0, Thomas Salas MD
327453857777,Science,M,V2,10,2020-02-02 00:00:00,95.0,Manuel Blanchard
301183595328,Science,M,V3,10,2020-02-02 00:00:00,126.0,Samuel Madden
545160464536,Science,F,V2,10,2020-02-02 00:00:00,132.0, Susan Harris
465050729334,Science,F,V2,10,2020-02-02 00:00:00,130.0,Sarah Stuart
711657439639,Science,M,V3,10,2020-02-02 00:00:00,83.0, Donna Lewis
292599772020,Science,M,V3,10,2020-02-02 00:00:00,133.0,Annette Bennett
497629624583,Science,M,V3,10,2020-02-02 00:00:00,90.0, Dale Weeks
509314692958,Science,M,V1,10,2020-02-02 00:00:00,78.0,Karla Powers
687660739341,Science,M,V1,10,2020-02-02 00:00:00,82.0,  Lisa Jordan
702518462179,Science,M,V1,10,2020-02-02 00:00:00,141.0,Greg Cochran
590245406946,Science,M,V1,10,2020-02-02 00:00:00,139.0,  Jeffrey Irwin
506433419328,Science,F,V3,10,2020-02-02 00:00:00,132.0,  Alan Parker
271034003880,Science,M,V3,10,2020-02-02 00:00:00,120.0,Tiffany Roberts
162065023949,Science,M,V1,10,2020-02-02 00:00:00,135.0, Kayla Thompson
100657725000,Science,F,V1,10,2020-02-02 00:00:00,117.0, Jordan Anderson
156796944104,Science,M,V3,10,2020-02-02 00:00:00,139.0, Veronica Cook
452297120175,Science,F,V1,10,2020-02-02 00:00:00,133.0, Kathy Jennings
758863707728,Science,F,V3,10,2020-02-02 00:00:00,95.0,Dave Valdez
621739847239,Science,F,V2,10,2020-02-02 00:00:00,78.0,Anna Grimes
781777293338,Science,M,V1,10,2020-02-02 00:00:00,87.0,  Ariana Campbell
882464944187,Science,M,V2,10,2020-02-02 00:00:00,87.0, Patrick Clayton MD
828321419186,Science,F,V1,10,2020-02-02 00:00:00,144.0,Mindy Thompson
307395559841,Science,F,V2,10,2020-02-02 00:00:00,145.0,Raymond Smith
984396786361,Science,F,V2,10,2020-02-02 00:00:00,88.0, Julian Lamb
722250231001,Science,F,V2,10,2020-02-02 00:00:00,103.0, Jose Haas
100881227388,Science,F,V1,10,2020-02-02 00:00:00,137.0, Christopher Saunders
817850329049,Science,M,V3,10,2020-02-02 00:00:00,135.0,Kelly Michael
222717812924,Science,M,V1,10,2020-02-02 00:00:00,133.0,  Stanley Walker
990864586241,Science,M,V2,10,2020-02-02 00:00:00,86.0,Tyler Atkins
715945378352,Science,F,V2,10,2020-02-02 00:00:00,140.0,  Hannah Martinez
728165663166,Science,F,V3,10,2020-02-02 00:00:00,137.0, Erin Flores
470326551509,Science,F,V1,10,2020-02-02 00:00:00,136.0, Steven Young
337520577554,Science,M,V2,10,2020-02-02 00:00:00,136.0, Cynthia Smith
783266684239,Science,M,V1,10,2020-02-02 00:00:00,,Keith Boyd
772281642799,Science,F,V3,10,2020-02-02 00:00:00,80.0, Carrie Smith
101965199819,Science,M,V3,10,2020-02-02 00:00:00,141.0,Erica Hendricks
372492921175,Science,F,V3,10,2020-02-02 00:00:00,129.0, Tammy Wells
653961485539,Science,F,V3,10,2020-02-02 00:00:00,86.0,  Alexander Santos
137315304587,Science,M,V2,10,2020-02-02 00:00:00,123.0,Lisa Collins
940880230852,Science,M,V1,10,2020-02-02 00:00:00,135.0,Amber Bell
532994409484,Science,M,V2,10,2020-02-02 00:00:00,82.0,James Dorsey
107052287510,Science,F,V2,10,2020-02-02 00:00:00,120.0,Bill Estrada
945772995137,Science,F,V2,10,2020-02-02 00:00:00,96.0,Ashley Luna
535552032452,Science,M,V2,10,2020-02-02 00:00:00,119.0,  Nicholas Chung
871742358062,Science,F,V2,10,2020-02-02 00:00:00,,Kimberly Vargas
411976294499,Science,M,V1,10,2020-02-02 00:00:00,91.0,Shane Steele
692152349555,Science,M,V3,10,2020-02-02 00:00:00,144.0,Cody Higgins
565998922207,Science,M,V1,10,2020-02-02 00:00:00,90.0,Isabel Simmons
445101291634,Science,M,V2,10,2020-02-02 00:00:00,121.0,  Lisa Guerrero
530654259274,Science,F,V1,10,2020-02-02 00:00:00,136.0, Carla Stevenson
595154724986,Science,X,V3,10,2020-02-02 00:00:00,91.0,Kevin Fisher
148470643350,Science,F,V3,10,2020-02-02 00:00:00,125.0,  Gregory Smith
868700738759,Science,M,V2,10,2020-02-02 00:00:00,93.0,  Adam Hull
227377609215,Science,M,V1,10,2020-02-02 00:00:00,140.0,  Sheila Henry
141319014081,Science,F,V1,10,2020-02-02 00:00:00,117.0,  Angela Stewart
389919787261,Science,F,V3,10,2020-02-02 00:00:00,94.0,Christine Ellis
804756047051,Science,F,V1,10,2020-02-02 00:00:00,138.0,Kimberly Mendoza
576278034509,Science,M,V2,10,2020-02-02 00:00:00,136.0,  Kaitlin Walters
546780163679,Science,F,V2,10,2020-02-02 00:00:00,83.0,  Nicholas Steele
734031196264,Science,F,V1,10,2020-02-02 00:00:00,136.0, Emily Marsh
382973299902,Science,F,V2,10,2020-02-02 00:00:00,85.0,  Catherine Harris
862624915199,Science,X,V1,10,2020-02-02 00:00:00,86.0,Carrie Jefferson
494954869251,Science,F,V3,10,2020-02-02 00:00:00,91.0,Hannah Nunez
374428282420,Science,F,V2,10,2020-02-02 00:00:00,130.0, Abigail Scott
570311351294,Science,F,V2,10,2020-02-02 00:00:00,131.0, Ann York PhD
271915685833,Science,M,V1,10,2020-02-02 00:00:00,142.0, Karen Bright
411976294499,Science,F,V1,10,2020-02-02 00:00:00,85.0,  Lindsey Washington
361995200240,Science,M,V1,10,2020-02-02 00:00:00,121.0,  Cristian Hernandez
643271870581,Science,M,V1,10,2020-02-02 00:00:00,133.0, Theresa Cruz
878290614880,Science,M,V3,10,2020-02-02 00:00:00,88.0, Mr. Paul Powell
448358565206,Science,F,V1,10,2020-02-02 00:00:00,145.0,  Phyllis Melendez
943206281739,Science,X,V1,10,2020-02-02 00:00:00,133.0, Scott Morris
390891278609,Science,F,V1,10,2020-02-02 00:00:00,90.0, Mark Meyers
363006819943,Science,F,V2,10,2020-02-02 00:00:00,140.0,  Laura Cook
687949317347,Science,F,V1,10,2020-02-02 00:00:00,99.0,Amy Ruiz
810171007035,Science,M,V3,10,2020-02-02 00:00:00,113.0, Cheryl Hall
143679935894,Science,F,V2,10,2020-02-02 00:00:00,85.0,Carla Hunter
594544625465,Science,F,V1,10,2020-02-02 00:00:00,138.0,  Cassandra Kelley
832146540428,Science,M,V1,10,2020-02-02 00:00:00,132.0,Teresa Flores
260346929064,Science,F,V1,10,2020-02-02 00:00:00,134.0, Calvin Edwards
345112559344,Science,F,V3,10,2020-02-02 00:00:00,129.0,  Nathan Cardenas
962172843064,Science,X,V3,10,2020-02-02 00:00:00,139.0,  Steven Ramirez
326177973312,Science,M,V2,10,2020-02-02 00:00:00,138.0, Dr. Perry Kelly
638864624724,Science,F,V2,10,2020-02-02 00:00:00,91.0, Anthony Velasquez
721142078627,Science,F,V2,10,2020-02-02 00:00:00,124.0,  Amy Miller
813549911635,Science,M,V1,10,2020-02-02 00:00:00,138.0, Tyler Johnson
659140260771,Science,F,V1,10,2020-02-02 00:00:00,128.0,  Mr. Joshua Cooke
851420832762,Science,M,V2,10,2020-02-02 00:00:00,139.0, James Myers
969775787803,Science,M,V3,10,2020-02-02 00:00:00,104.0, Nathan Sharp
996181839679,Science,F,V2,10,2020-02-02 00:00:00,101.0,Joseph Diaz
842441620371,Science,M,V2,10,2020-02-02 00:00:00,128.0, Nicholas Delgado
725136921940,Science,M,V3,10,2020-02-02 00:00:00,132.0,Carla Schwartz
738387584563,Science,F,V1,10,2020-02-02 00:00:00,86.0,  Maria Reed
268884947038,Science,M,V3,10,2020-02-02 00:00:00,84.0, Julie Smith
494364224646,Science,M,V3,10,2020-02-02 00:00:00,143.0, Nicholas Mccarthy
709359767871,Science,F,V3,10,2020-02-02 00:00:00,88.0, David Sparks
506340301016,Science,M,V3,10,2020-02-02 00:00:00,111.0,Sheila Ward
935937330746,Science,M,V2,10,2020-02-02 00:00:00,147.0,Jose Gentry
121982628478,Science,F,V1,10,2020-02-02 00:00:00,135.0,Kimberly Morales
741492126829,Science,M,V2,10,2020-02-02 00:00:00,136.0, Daniel Rodriguez
397575404971,Science,M,V2,10,2020-02-02 00:00:00,79.0,  Terry Key
182196482037,Science,M,V2,10,2020-02-02 00:00:00,141.0,Cheyenne Nelson
401349883163,Science,M,V3,10,2020-02-02 00:00:00,140.0,  Maria Mcdonald
941891072295,Science,F,V3,10,2020-02-02 00:00:00,143.0, Karen Hubbard
292872750145,Science,M,V3,10,2020-02-02 00:00:00,135.0, Toni Novak
238319681086,Science,M,V1,10,2020-02-02 00:00:00,135.0, Tammy Jones
563851529639,Science,M,V1,10,2020-02-02 00:00:00,83.0, Daniel Castaneda
155509607606,Science,M,V3,10,2020-02-02 00:00:00,138.0,Cassandra Williams
601153286115,Science,F,V3,10,2020-02-02 00:00:00,121.0,  Laura Brown
892711254716,Science,M,V2,10,2020-02-02 00:00:00,138.0,  Nicole Nunez
594544625465,Science,M,V2,10,2020-02-02 00:00:00,148.0, Whitney Hale
834884311772,Science,F,V1,10,2020-02-02 00:00:00,146.0, Mr. Connor Rodriguez
845358256823,Science,F,V3,10,2020-02-02 00:00:00,147.0,Denise Williams
280202569884,Science,F,V1,10,2020-02-02 00:00:00,137.0, Leah Black
512221812110,Science,F,V1,10,2020-02-02 00:00:00,115.0,Sara Patterson
748682555583,Science,F,V1,10,2020-02-02 00:00:00,89.0,Donald Robinson
599640737965,Science,M,V1,10,2020-02-02 00:00:00,100.0,  Heather Robles
775311657634,Science,X,V2,10,2020-02-02 00:00:00,145.0, Erica Gonzalez
218756212873,Science,F,V2,10,2020-02-02 00:00:00,135.0, Jamie Gomez
105122788121,Science,F,V2,10,2020-02-02 00:00:00,119.0,  Vanessa Brown
205800348311,Science,M,V2,10,2020-02-02 00:00:00,124.0,  Earl Singleton
774389206893,Science,M,V1,10,2020-02-02 00:00:00,95.0, Adrienne Potts
861763253804,Science,F,V1,10,2020-02-02 00:00:00,140.0,  Caitlin Wood
531134626649,Science,M,V1,10,2020-02-02 00:00:00,132.0,  Angela Evans
965691516593,Science,M,V2,10,2020-02-02 00:00:00,89.0, Lisa Briggs
703532773708,Science,M,V2,10,2020-02-02 00:00:00,138.0,Lauren Vazquez
588003367913,Science,M,V2,10,2020-02-02 00:00:00,135.0,  Stephanie Farrell
491265113520,Science,F,V3,10,2020-02-02 00:00:00,119.0, Brett Dorsey
822811272480,Science,F,V2,10,2020-02-02 00:00:00,130.0,  Chris Stevens
401620304743,Science,M,V3,10,2020-02-02 00:00:00,118.0,  Larry Martin
515370737377,Science,F,V2,10,2020-02-02 00:00:00,140.0,Paul Livingston
543126987364,Science,M,V1,10,2020-02-02 00:00:00,144.0,Amy Adkins
752202103964,Science,F,V2,10,2020-02-02 00:00:00,123.0,Kristopher Sellers
445010970723,Science,F,V1,10,2020-02-02 00:00:00,129.0,  Trevor Saunders
401620304743,Science,M,V3,10,2020-02-02 00:00:00,115.0,  Megan Hodge
262045042825,Science,F,V1,10,2020-02-02 00:00:00,128.0, Jeffery Johnson
947747039797,Science,M,V3,10,2020-02-02 00:00:00,91.0,Jacqueline Mccormick
661298148346,Science,F,V2,10,2020-02-02 00:00:00,139.0, Susan Bradley
966335505864,Science,M,V1,10,2020-02-02 00:00:00,87.0, Justin Booth
477792154519,Science,M,V2,10,2020-02-02 00:00:00,88.0,  Katherine Jones
585939979994,Science,M,V3,10,2020-02-02 00:00:00,114.0, Keith Perez
911206304956,Science,F,V1,10,2020-02-02 00:00:00,136.0, Yvette Grant
503515701946,Science,F,V2,10,2020-02-02 00:00:00,131.0, Harry Casey
775890321205,Science,F,V2,10,2020-02-02 00:00:00,130.0,Bob Edwards
585747396921,Science,M,V3,10,2020-02-02 00:00:00,97.0, Leah Richardson
567918255189,Science,M,V3,10,2020-02-02 00:00:00,88.0, Elizabeth Whitaker
970673334862,Science,F,V2,10,2020-02-02 00:00:00,142.0,Patrick Evans
188298744735,Science,M,V1,10,2020-02-02 00:00:00,90.0,  Mrs. Kathleen Wells
964141183218,Science,F,V1,10,2020-02-02 00:00:00,134.0,Melissa Jenkins
165182110771,Science,F,V1,10,2020-02-02 00:00:00,128.0,Angela Mitchell
627744090952,Science,F,V3,10,2020-02-02 00:00:00,144.0,Eugene Jordan
444714176321,Science,M,V3,10,2020-02-02 00:00:00,129.0, Lisa Snyder
764270080008,Science,F,V3,10,2020-02-02 00:00:00,128.0, Cameron Hernandez
395733664917,Science,F,V1,10,2020-02-02 00:00:00,90.0,  Randy Gomez
366832026135,Science,M,V3,10,2020-02-02 00:00:00,126.0,  Sophia Kim
578285676400,Science,F,V1,10,2020-02-02 00:00:00,143.0,Chad Juarez
603334175093,Science,F,V2,10,2020-02-02 00:00:00,127.0,  Dawn Poole
184215443317,Science,F,V1,10,2020-02-02 00:00:00,127.0,Michael Bridges
831466685944,Science,F,V1,10,2020-02-02 00:00:00,92.0, Connor Evans
109228538049,Science,F,V1,10,2020-02-02 00:00:00,128.0, Angela Williams
941079739167,Science,F,V2,10,2020-02-02 00:00:00,91.0, Dana Hill
892711254716,Science,M,V2,10,2020-02-02 00:00:00,139.0,Cheryl Martinez
943419393805,Science,F,V1,10,2020-02-02 00:00:00,138.0,  Rebecca Hunter
765095176005,Science,M,V1,10,2020-02-02 00:00:00,133.0,  Tina Mcintosh
537638043616,Science,F,V2,10,2020-02-02 00:00:00,133.0,  Elizabeth Mullins
120394917243,Science,F,V3,10,2020-02-02 00:00:00,133.0, Christopher Huff
295428534853,Science,M,V2,10,2020-02-02 00:00:00,141.0,  Douglas Cook
762613762026,Science,F,V1,10,2020-02-02 00:00:00,133.0,  Eileen Mills
146949413987,Science,M,V2,10,2020-02-02 00:00:00,89.0, Cody Keith
547987727099,Science,F,V3,10,2020-02-02 00:00:00,98.0,  Nicole Anderson
516467415058,Science,F,V3,10,2020-02-02 00:00:00,130.0,  Joseph Nelson
844083486800,Science,F,V2,10,2020-02-02 00:00:00,139.0,  Anna Hancock
935937330746,Science,F,V2,10,2020-02-02 00:00:00,141.0,  Maria Luna
758659237530,Science,M,V1,10,2020-02-02 00:00:00,85.0,Richard Moyer
718314296849,Science,F,V2,10,2020-02-02 00:00:00,89.0, Samantha Pierce
699243233616,Science,F,V1,10,2020-02-02 00:00:00,134.0, Heidi Butler
377856348211,Science,M,V1,10,2020-02-02 00:00:00,132.0,  Victoria Taylor
913025697236,Science,F,V2,10,2020-02-02 00:00:00,139.0, Tonya Garcia
630422007970,Science,F,V3,10,2020-02-02 00:00:00,117.0, Valerie Baker
860839998247,Science,F,V1,10,2020-02-02 00:00:00,98.0,Kenneth Cruz
607450387082,Science,F,V3,10,2020-02-02 00:00:00,135.0,Joseph Weaver
141639044356,Science,X,V2,10,2020-02-02 00:00:00,130.0,Robert Barrett
997342648953,Science,M,V1,10,2020-02-02 00:00:00,90.0, Allen Gross
823634348846,Science,M,V3,10,2020-02-02 00:00:00,148.0,Angela Yang
222360952519,Science,F,V1,10,2020-02-02 00:00:00,134.0,Brandon Johnson
563461224718,Science,F,V3,10,2020-02-02 00:00:00,133.0,Tyler Novak
696144382461,Science,F,V2,10,2020-02-02 00:00:00,146.0,Angela Bennett
365338738690,Science,F,V1,10,2020-02-02 00:00:00,92.0,  Cody Lamb
187350933705,Science,M,V1,10,2020-02-02 00:00:00,133.0,  Jordan Murray
598805470882,Science,M,V1,10,2020-02-02 00:00:00,89.0,Michael Hartman
366128165147,Science,M,V3,10,2020-02-02 00:00:00,,Cassandra Moses
892683294335,Science,F,V3,10,2020-02-02 00:00:00,80.0,Julian Jones DVM
135670704907,Science,F,V2,10,2020-02-02 00:00:00,134.0,James Mendoza
723319206566,Science,F,V2,10,2020-02-02 00:00:00,131.0, Kathryn Mitchell
931836583855,Science,M,V2,10,2020-02-02 00:00:00,87.0,Mary Ball
411645299376,Science,X,V2,10,2020-02-02 00:00:00,137.0, Nathan Daugherty
138201606383,Science,F,V2,10,2020-02-02 00:00:00,123.0,Mark Vazquez
761590068103,Science,F,V1,10,2020-02-02 00:00:00,128.0,Philip Griffin
249827428294,Science,F,V1,10,2020-02-02 00:00:00,91.0,  Kristina Serrano
645239307199,Science,F,V1,10,2020-02-02 00:00:00,145.0, Joseph Yang
771889290928,Science,M,V3,10,2020-02-02 00:00:00,92.0, Patrick Jones
870233459248,Science,F,V2,10,2020-02-02 00:00:00,141.0, Jessica Nunez
982413961857,Science,F,V1,10,2020-02-02 00:00:00,86.0, Mr. David Mullen
810171007035,Science,F,V1,10,2020-02-02 00:00:00,118.0,Cheryl Rodriguez
816910300591,Science,F,V2,10,2020-02-02 00:00:00,123.0, Rachel Harrison
516605753018,Science,F,V3,10,2020-02-02 00:00:00,129.0,  Brett Gallegos
157483831518,Science,M,V1,10,2020-02-02 00:00:00,130.0, Thomas Hudson
321132925355,Science,M,V3,10,2020-02-02 00:00:00,130.0,  Taylor Frank
618011052755,Science,F,V2,10,2020-02-02 00:00:00,125.0,Darlene Welch
335624934998,Science,F,V3,10,2020-02-02 00:00:00,,  David Adkins
652692788262,Science,M,V3,10,2020-02-02 00:00:00,83.0,  Christine Pope
934117687964,Science,M,V1,10,2020-02-02 00:00:00,87.0,Joshua Frank
393096909407,Science,M,V3,10,2020-02-02 00:00:00,135.0,  Sandra Griffin
734063661141,Science,M,V1,10,2020-02-02 00:00:00,120.0, Dr. David Lara
791159782051,Science,M,V3,10,2020-02-02 00:00:00,144.0,  Michelle Price
414432442615,Science,M,V2,10,2020-02-02 00:00:00,129.0,Donna Chavez DVM
583801720887,Science,F,V3,10,2020-02-02 00:00:00,, Dale Stanley
191640777158,Science,M,V2,10,2020-02-02 00:00:00,137.0,Susan Torres
632382973805,Science,M,V2,10,2020-02-02 00:00:00,144.0, Kristen Jones
393425846206,Science,F,V1,10,2020-02-02 00:00:00,130.0,  Wendy Bell
144262744798,Science,M,V2,10,2020-02-02 00:00:00,142.0,  Jasmine Lamb
748730463152,Science,M,V3,10,2020-02-02 00:00:00,135.0, Elizabeth Brewer
243580215262,Science,M,V1,10,2020-02-02 00:00:00,129.0,  Jack Thomas
550349423186,Science,M,V3,10,2020-02-02 00:00:00,136.0,  Caitlin Paul
160158948858,Science,F,V2,10,2020-02-02 00:00:00,93.0,Jeremy Snyder DDS
632382973805,Science,M,V3,10,2020-02-02 00:00:00,141.0,  Rebecca Jones
818902894228,Science,M,V3,10,2020-02-02 00:00:00,81.0,Austin Hall
842660875697,Science,M,V2,10,2020-02-02 00:00:00,89.0,Brenda Norris
411976294499,Science,M,V2,10,2020-02-02 00:00:00,88.0,Hector Cook DDS
934213544569,Science,F,V1,10,2020-02-02 00:00:00,141.0, Alexandra Perry
502374170763,Science,M,V1,10,2020-02-02 00:00:00,130.0,  Mindy Perez
892587281510,Science,M,V1,10,2020-02-02 00:00:00,142.0,  Dan Hunter
436515794520,Science,M,V2,10,2020-02-02 00:00:00,137.0, Gina Franklin
139850365849,Science,M,V1,10,2020-02-02 00:00:00,82.0, Donna Hayes
900101270565,Science,M,V1,10,2020-02-02 00:00:00,122.0, Kenneth Maxwell
500877423442,Science,F,V1,10,2020-02-02 00:00:00,129.0,  Anthony Roberts
155343467584,Science,M,V3,10,2020-02-02 00:00:00,137.0,Kimberly Thomas
218756212873,Science,F,V3,10,2020-02-02 00:00:00,144.0,Susan Wilson
258897532143,Science,M,V1,10,2020-02-02 00:00:00,145.0,  Tammy Matthews
476688368806,Science,F,V1,10,2020-02-02 00:00:00,96.0,William Lee
826822581506,Science,F,V1,10,2020-02-02 00:00:00,139.0,Catherine Pena
143560212562,Science,F,V2,10,2020-02-02 00:00:00,120.0,  Nancy Schmitt
389919787261,Science,M,V3,10,2020-02-02 00:00:00,94.0, Alyssa Morales
399848091656,Science,F,V2,10,2020-02-02 00:00:00,99.0,  Thomas Chavez
626712156648,Science,F,V1,10,2020-02-02 00:00:00,144.0, Mark Diaz
180896444007,Science,F,V2,10,2020-02-02 00:00:00,136.0,  Andrew Wilkerson
485592220431,Science,M,V1,10,2020-02-02 00:00:00,131.0, Alicia Norton
394861552101,Science,F,V1,10,2020-02-02 00:00:00,128.0,  Amber Munoz
506523127574,Science,F,V2,10,2020-02-02 00:00:00,134.0,  Tony Ruiz
755102468368,Science,M,V3,10,2020-02-02 00:00:00,142.0,  Gary Lewis
503515701946,Science,F,V2,10,2020-02-02 00:00:00,129.0, Katrina Barr
615387473403,Science,M,V3,10,2020-02-02 00:00:00,139.0, Ronald Howard
849137649279,Science,M,V2,10,2020-02-02 00:00:00,90.0,  Justin Chavez
781297219617,Science,F,V1,10,2020-02-02 00:00:00,88.0,Gwendolyn Hutchinson
874962767860,Science,F,V2,10,2020-02-02 00:00:00,89.0,Jessica Perkins
785146237123,Science,F,V2,10,2020-02-02 00:00:00,131.0,  Mark Castro
686567945781,Science,F,V1,10,2020-02-02 00:00:00,103.0, Jamie Allen
938698373604,Science,F,V2,10,2020-02-02 00:00:00,95.0,  Nicholas Bryant
834298341398,Science,F,V3,10,2020-02-02 00:00:00,85.0, James Hill
198912446522,Science,M,V3,10,2020-02-02 00:00:00,136.0,Brittany Bryant
130691077430,Science,F,V2,10,2020-02-02 00:00:00,119.0,  Cynthia Espinoza
196973974460,Science,F,V2,10,2020-02-02 00:00:00,86.0,Nicole Bell
962607526472,Science,F,V1,10,2020-02-02 00:00:00,143.0, Shannon Roberts DDS
842660875697,Science,M,V2,10,2020-02-02 00:00:00,90.0, Angel Gardner Jr.
278548083854,Science,M,V2,10,2020-02-02 00:00:00,87.0,Emily Reed
943180271576,Science,M,V3,10,2020-02-02 00:00:00,134.0, Jon Garcia
386770657154,Science,M,V3,10,2020-02-02 00:00:00,141.0, Cynthia Wilson
369903562322,Science,F,V1,10,2020-02-02 00:00:00,132.0, Jennifer Cabrera
514619415956,Science,M,V1,10,2020-02-02 00:00:00,133.0,Joshua Gregory
400539454234,Science,F,V3,10,2020-02-02 00:00:00,128.0,Jennifer Weber
607679829572,Science,X,V3,10,2020-02-02 00:00:00,94.0,John Reynolds
810417942979,Science,M,V1,10,2020-02-02 00:00:00,81.0, Linda Wallace
105875274717,Science,F,V3,10,2020-02-02 00:00:00,140.0,Sandra Rodriguez
494364224646,Science,F,V3,10,2020-02-02 00:00:00,143.0, Eric Sullivan DDS
388036890585,Science,M,V1,10,2020-02-02 00:00:00,88.0,Laurie Fisher
745387375164,Science,M,V2,10,2020-02-02 00:00:00,80.0, Paul Smith
148067309424,Science,F,V1,10,2020-02-02 00:00:00,125.0,  Kimberly Scott
668841954174,Science,M,V2,10,2020-02-02 00:00:00,83.0, Danielle Miller
962172843064,Science,F,V3,10,2020-02-02 00:00:00,133.0,Mark Collins
268475655309,Science,F,V1,10,2020-02-02 00:00:00,77.0,Ashley Marks
820909174883,Science,F,V3,10,2020-02-02 00:00:00,146.0, Mary Lutz
758659237530,Science,M,V1,10,2020-02-02 00:00:00,77.0, Sandra Doyle
452825885392,Science,M,V2,10,2020-02-02 00:00:00,79.0,  Monique Crawford
102857523536,Science,F,V3,10,2020-02-02 00:00:00,137.0,Alexis Becker
863359703151,Science,F,V2,10,2020-02-02 00:00:00,130.0,Jacob Williams
522372974543,Science,M,V2,10,2020-02-02 00:00:00,140.0,Adam Williams
432312150760,Science,F,V2,10,2020-02-02 00:00:00,114.0,  Adam Murphy
445010970723,Science,M,V3,10,2020-02-02 00:00:00,130.0, Holly Thomas
956196854103,Science,M,V3,10,2020-02-02 00:00:00,141.0, Morgan Howard
531082487348,Science,M,V2,10,2020-02-02 00:00:00,135.0,Megan Cardenas DVM
484402915409,Science,M,V1,10,2020-02-02 00:00:00,135.0,  Miss Rachel Campbell
138562819754,Science,F,V2,10,2020-02-02 00:00:00,150.0, Shirley Benson
988268402021,Science,F,V3,10,2020-02-02 00:00:00,127.0,Kaitlin Garcia
461225941668,Science,M,V1,10,2020-02-02 00:00:00,131.0, Dustin Wallace
880284243158,Science,M,V3,10,2020-02-02 00:00:00,140.0, Kathleen Shaffer
330499922020,Science,M,V3,10,2020-02-02 00:00:00,124.0,  Nicholas Rodriguez
478071832560,Science,M,V2,10,2020-02-02 00:00:00,132.0,  Taylor Walsh
926380830416,Science,M,V2,10,2020-02-02 00:00:00,134.0,  Carl Cooper
631474773129,Science,M,V2,10,2020-02-02 00:00:00,141.0,  Jenna Garrett
978246688054,Science,M,V2,10,2020-02-02 00:00:00,91.0,  Brandon Dennis
744994953440,Science,F,V1,10,2020-02-02 00:00:00,78.0,  James Diaz
433458621188,Science,M,V1,10,2020-02-02 00:00:00,141.0,  Kelsey Clark
806580436524,Science,F,V1,10,2020-02-02 00:00:00,134.0,Scott David
368541302400,Science,F,V2,10,2020-02-02 00:00:00,114.0,  Antonio Neal
452247816036,Science,M,V2,10,2020-02-02 00:00:00,129.0, Jennifer Walter
142993034002,Science,F,V2,10,2020-02-02 00:00:00,117.0,Jessica Buchanan
808309114372,Science,M,V3,10,2020-02-02 00:00:00,130.0,Amy Peterson
309701222154,Science,M,V2,10,2020-02-02 00:00:00,125.0,Cody Brown
572930591459,Science,M,V2,10,2020-02-02 00:00:00,147.0,  Elizabeth Martin
868820824958,Science,F,V2,10,2020-02-02 00:00:00,97.0, Zachary Cook
777986394145,Science,F,V1,10,2020-02-02 00:00:00,95.0,Vickie Walker
765095176005,Science,F,V1,10,2020-02-02 00:00:00,132.0,  Brittney Mueller
698157146974,Science,F,V2,10,2020-02-02 00:00:00,89.0,Jorge Harrell
107052287510,Science,F,V3,10,2020-02-02 00:00:00,116.0,Kyle Nelson
978790984112,Science,F,V1,10,2020-02-02 00:00:00,93.0,  Amanda Hoffman
859475702450,Science,M,V3,10,2020-02-02 00:00:00,145.0, John Thomas
880416461273,Science,F,V3,10,2020-02-02 00:00:00,134.0,  Joseph Palmer
531293698388,Science,M,V2,10,2020-02-02 00:00:00,95.0,Lisa Perry
675709899287,Science,M,V3,10,2020-02-02 00:00:00,107.0,  Christopher Vang
616303151865,Science,F,V3,10,2020-02-02 00:00:00,133.0,  Harold Lang
160809101741,Science,F,V2,10,2020-02-02 00:00:00,125.0, Susan Dodson
847028396775,Science,M,V1,10,2020-02-02 00:00:00,88.0,  Heather Foster
705580194165,Science,F,V2,10,2020-02-02 00:00:00,138.0,  Randy Rodriguez
552175030533,Science,F,V2,10,2020-02-02 00:00:00,118.0,Walter Jackson
610349351460,Science,M,V3,10,2020-02-02 00:00:00,127.0,Kimberly Thompson
749152078735,Science,M,V3,10,2020-02-02 00:00:00,143.0,  Cheryl Jackson
618192402758,Science,F,V1,10,2020-02-02 00:00:00,136.0, Brenda Fletcher
927920418958,Science,X,V3,10,2020-02-02 00:00:00,90.0,  Kevin Armstrong
947490398577,Science,M,V1,10,2020-02-02 00:00:00,96.0,  Andrew Alvarado
805623367090,Science,F,V2,10,2020-02-02 00:00:00,136.0,Michael Woods
250556245608,Science,F,V3,10,2020-02-02 00:00:00,137.0,  Russell Morgan
328527506112,Science,M,V2,10,2020-02-02 00:00:00,126.0, Cynthia Stafford
415106956523,Science,F,V3,10,2020-02-02 00:00:00,135.0,James Munoz
904559074643,Science,F,V2,10,2020-02-02 00:00:00,138.0,Sharon West
209611516436,Science,F,V2,10,2020-02-02 00:00:00,122.0, Edgar Miller
404816222309,Science,M,V2,10,2020-02-02 00:00:00,130.0, John Ashley
803262218962,Science,M,V1,10,2020-02-02 00:00:00,134.0,Douglas Harper
417172967003,Science,M,V3,10,2020-02-02 00:00:00,135.0, Timothy Crawford
481036424760,Science,M,V3,10,2020-02-02 00:00:00,127.0,Daniel Le
203851250140,Science,F,V1,10,2020-02-02 00:00:00,121.0,  Jeanette Chung
333108816272,Science,M,V3,10,2020-02-02 00:00:00,125.0, Adam Cuevas
604763737816,Science,M,V2,10,2020-02-02 00:00:00,140.0,  Andre Williams
610553634352,Science,F,V2,10,2020-02-02 00:00:00,127.0,Crystal Roy
444568356341,Science,F,V2,10,2020-02-02 00:00:00,131.0, Maria Wiggins
759707384966,Science,F,V3,10,2020-02-02 00:00:00,100.0,Amanda Gordon
930869226730,Science,M,V3,10,2020-02-02 00:00:00,141.0,  Dillon Davis
172587340170,Science,M,V2,10,2020-02-02 00:00:00,128.0, Elizabeth Jones
586563901731,Science,F,V1,10,2020-02-02 00:00:00,142.0,  Christopher Robinson
585538098977,Science,M,V1,10,2020-02-02 00:00:00,98.0,  Dustin Wilson
439167803383,Science,M,V2,10,2020-02-02 00:00:00,137.0, Amy Stewart
793617138745,Science,M,V1,10,2020-02-02 00:00:00,86.0, William Krause
162167882949,Science,F,V1,10,2020-02-02 00:00:00,89.0, Kathleen Chavez
130168962002,Science,F,V2,10,2020-02-02 00:00:00,121.0,Mia Price
962607526472,Science,M,V2,10,2020-02-02 00:00:00,136.0, Wendy Jenkins
415680315314,Science,M,V1,10,2020-02-02 00:00:00,,  Bradley Armstrong
589163192182,Science,F,V2,10,2020-02-02 00:00:00,138.0,Sierra Nguyen
346698216021,Science,M,V1,10,2020-02-02 00:00:00,137.0,  Sean Mccoy
316853076279,Science,M,V1,10,2020-02-02 00:00:00,141.0, Lauren Warren
470457507188,Science,M,V2,10,2020-02-02 00:00:00,140.0,  Anna Simon
850124275193,Science,X,V2,10,2020-02-02 00:00:00,129.0,Tina Hernandez
421927408405,Science,M,V3,10,2020-02-02 00:00:00,126.0,  Nathan Thomas
395733664917,Science,F,V1,10,2020-02-02 00:00:00,88.0,  Sara Ford
663730432976,Science,F,V1,10,2020-02-02 00:00:00,140.0,Connie Miller
618192402758,Science,F,V2,10,2020-02-02 00:00:00,129.0,  Brandon Evans
429343534171,Science,F,V3,10,2020-02-02 00:00:00,130.0,  Laura Paul
876487830748,Science,F,V1,10,2020-02-02 00:00:00,91.0,  Joshua Schneider
806806506962,Science,F,V2,10,2020-02-02 00:00:00,144.0,  Karen Scott
270790506001,Science,M,V1,10,2020-02-02 00:00:00,119.0,Ashley Bridges
192072277275,Science,F,V2,10,2020-02-02 00:00:00,132.0, Kevin Velasquez
736035005574,Science,M,V2,10,2020-02-02 00:00:00,130.0,  Jessica Scott
968004570850,Science,M,V2,10,2020-02-02 00:00:00,141.0,Cathy Rodriguez
697507838810,Science,M,V3,10,2020-02-02 00:00:00,83.0,Kimberly Rodriguez
246153905182,Science,M,V2,10,2020-02-02 00:00:00,136.0,  Charles Rodriguez
541436623013,Science,F,V3,10,2020-02-02 00:00:00,122.0,Lauren Lawrence
982047459121,Science,F,V1,10,2020-02-02 00:00:00,137.0, Brandon Cooper
827643907393,Science,M,V1,10,2020-02-02 00:00:00,84.0,  Kelly Levine
520592852882,Science,X,V3,10,2020-02-02 00:00:00,146.0,Theresa Gonzalez
659140260771,Science,F,V1,10,2020-02-02 00:00:00,131.0,Melissa Guzman
758276657881,Science,M,V1,10,2020-02-02 00:00:00,95.0,  Kristin Weiss
590245406946,Science,F,V1,10,2020-02-02 00:00:00,141.0,  Stacy Turner
104129269271,Science,F,V3,10,2020-02-02 00:00:00,126.0, Sarah Cameron
497629624583,Science,F,V2,10,2020-02-02 00:00:00,87.0,  Julie Roth
210135564633,Science,M,V1,10,2020-02-02 00:00:00,123.0,Bruce Martinez
238471845436,Science,M,V3,10,2020-02-02 00:00:00,145.0,Jason Richmond
354784343088,Science,F,V1,10,2020-02-02 00:00:00,142.0,Desiree Duarte
430691452102,Science,M,V2,10,2020-02-02 00:00:00,,Caitlin Montgomery
440127837374,Science,M,V3,10,2020-02-02 00:00:00,141.0, Wendy Hart
734031196264,Science,M,V3,10,2020-02-02 00:00:00,124.0,  Tanya Thompson
130662670629,Science,M,V1,10,2020-02-02 00:00:00,132.0,  Carrie Thomas
798947311303,Science,F,V3,10,2020-02-02 00:00:00,136.0, Samantha Bonilla
994042353079,Science,M,V2,10,2020-02-02 00:00:00,131.0, Tabitha Esparza
182909076345,Science,M,V2,10,2020-02-02 00:00:00,136.0,Robert Alexander Jr.
357857824970,Science,F,V1,10,2020-02-02 00:00:00,89.0,  Miguel Walker
642959894543,Science,F,V1,10,2020-02-02 00:00:00,98.0, Natalie Burns
945975609801,Science,F,V3,10,2020-02-02 00:00:00,91.0,  Diana Castillo
407151941408,Science,F,V3,10,2020-02-02 00:00:00,129.0, Elizabeth Reed
247872798161,Science,F,V2,10,2020-02-02 00:00:00,86.0,Jessica Rose
388036890585,Science,F,V1,10,2020-02-02 00:00:00,84.0,  Connor Burke
833611184494,Science,F,V2,10,2020-02-02 00:00:00,140.0,  Richard Griffith
304399060707,Science,F,V3,10,2020-02-02 00:00:00,135.0,  Sara Bishop
740596203341,Science,F,V2,10,2020-02-02 00:00:00,129.0,Deborah Ramos
855722799686,Science,M,V3,10,2020-02-02 00:00:00,100.0, Krista Nguyen
748478584636,Science,F,V2,10,2020-02-02 00:00:00,92.0,  Brett Simmons
962542113530,Science,F,V2,10,2020-02-02 00:00:00,125.0,  Jose Flores
304399060707,Science,M,V1,10,2020-02-02 00:00:00,130.0,  Thomas Hayes
549464079080,Science,M,V2,10,2020-02-02 00:00:00,134.0,Elizabeth Davis
480774195372,Science,M,V1,10,2020-02-02 00:00:00,140.0, Margaret Ibarra
133606674441,Science,M,V1,10,2020-02-02 00:00:00,130.0,  Zachary Matthews
429572211758,Science,M,V1,10,2020-02-02 00:00:00,139.0,  Glenn Smith
746839507523,Science,F,V2,10,2020-02-02 00:00:00,144.0, Patrick Ramos
132931533344,Science,M,V2,10,2020-02-02 00:00:00,124.0, Stephen Pineda
668841954174,Science,M,V3,10,2020-02-02 00:00:00,94.0,Daniel Rivera
641911998958,Science,F,V3,10,2020-02-02 00:00:00,95.0, Juan Austin
198743486181,Science,F,V3,10,2020-02-02 00:00:00,86.0,Roberto Contreras
814894524671,Science,M,V1,10,2020-02-02 00:00:00,147.0, Carol Michael
571652286423,Science,M,V1,10,2020-02-02 00:00:00,138.0, Jeffrey Harrison
785572125595,Science,M,V2,10,2020-02-02 00:00:00,89.0,  Penny Robinson
586311917581,Science,F,V3,10,2020-02-02 00:00:00,133.0,  Renee Turner
226076184312,Science,M,V1,10,2020-02-02 00:00:00,123.0,  Brian Conner
969775787803,Science,M,V1,10,2020-02-02 00:00:00,96.0,  Eric Nelson
775631950465,Science,F,V1,10,2020-02-02 00:00:00,146.0, Michael Cook
294754807844,Science,M,V2,10,2020-02-02 00:00:00,83.0, Zachary Cox
621810042698,Science,F,V3,10,2020-02-02 00:00:00,132.0,  Tracey Gibson
207148584335,Science,M,V3,10,2020-02-02 00:00:00,132.0,  Amy Juarez
555895525228,Science,F,V1,10,2020-02-02 00:00:00,81.0, Scott Wallace
798109113607,Science,F,V3,10,2020-02-02 00:00:00,136.0,  Matthew Hill
673451259345,Science,F,V3,10,2020-02-02 00:00:00,142.0,  Eric Chambers MD
514848281164,Science,F,V2,10,2020-02-02 00:00:00,137.0,  Elizabeth Estrada
687949317347,Science,M,V1,10,2020-02-02 00:00:00,90.0,Jennifer Ryan
182918107515,Science,F,V2,10,2020-02-02 00:00:00,128.0, Terry Roth
956879299816,Science,M,V2,10,2020-02-02 00:00:00,102.0, Janet Lloyd
798688057455,Science,M,V1,10,2020-02-02 00:00:00,100.0, Lisa Simpson
932744654781,Science,M,V2,10,2020-02-02 00:00:00,91.0,Patrick Snyder
219359721412,Science,F,V1,10,2020-02-02 00:00:00,132.0, Eric Moore
673451259345,Science,F,V2,10,2020-02-02 00:00:00,137.0, Kathleen Sullivan
546023430439,Science,F,V2,10,2020-02-02 00:00:00,130.0, Caitlin Jones
728687797691,Science,M,V1,10,2020-02-02 00:00:00,93.0,  Juan Hogan
434642699560,Science,M,V3,10,2020-02-02 00:00:00,140.0,  Teresa Stephenson
299102283504,Science,F,V1,10,2020-02-02 00:00:00,130.0,Rachel Clay
642258587889,Science,F,V2,10,2020-02-02 00:00:00,95.0, Tony Torres
864574169113,Science,F,V1,10,2020-02-02 00:00:00,143.0,  Cindy Kramer
415015787228,Science,F,V1,10,2020-02-02 00:00:00,139.0,Gregory Jones
338015750020,Science,M,V1,10,2020-02-02 00:00:00,120.0, Rachel Burnett
121982628478,Science,M,V2,10,2020-02-02 00:00:00,137.0, Johnny Jennings
192849250526,Science,M,V2,10,2020-02-02 00:00:00,129.0,William Rodgers
916418563627,Science,F,V3,10,2020-02-02 00:00:00,149.0,  Kayla Oneal
756059822249,Science,M,V2,10,2020-02-02 00:00:00,143.0,  Kristina Nguyen
563461224718,Science,M,V3,10,2020-02-02 00:00:00,132.0, Aaron Davis
548423829428,Science,F,V3,10,2020-02-02 00:00:00,148.0, James Hawkins
799487600753,Science,M,V1,10,2020-02-02 00:00:00,88.0,  Stephanie Salazar
697024611367,Science,F,V1,10,2020-02-02 00:00:00,135.0, Shane Martin
143339634517,Science,M,V2,10,2020-02-02 00:00:00,130.0, Joel Singleton
291712466827,Science,F,V1,10,2020-02-02 00:00:00,136.0,Carl Hendrix
708666568806,Science,F,V2,10,2020-02-02 00:00:00,82.0,  Collin Williams
946169086396,Science,F,V2,10,2020-02-02 00:00:00,93.0,  Jonathan Baker
123678240049,Science,M,V2,10,2020-02-02 00:00:00,134.0,  Natalie Kirby
820267350597,Science,M,V1,10,2020-02-02 00:00:00,132.0,  Katherine Cantrell
292038230800,Science,F,V3,10,2020-02-02 00:00:00,116.0,Kim Collins
228352468409,Science,F,V1,10,2020-02-02 00:00:00,135.0, Cole Bowen
296252146580,Science,X,V2,10,2020-02-02 00:00:00,137.0,Kevin King
414432442615,Science,F,V2,10,2020-02-02 00:00:00,130.0, Mariah Long
820023695828,Science,F,V2,10,2020-02-02 00:00:00,133.0,Robert Barker
441444074481,Science,M,V1,10,2020-02-02 00:00:00,131.0,  Michele Osborne
260346929064,Science,F,V3,10,2020-02-02 00:00:00,131.0,John Velasquez
946735278068,Science,M,V2,10,2020-02-02 00:00:00,,Dr. Scott Barber
318855033349,Science,F,V2,10,2020-02-02 00:00:00,143.0,  Deborah Henderson DVM
787835360213,Science,M,V1,10,2020-02-02 00:00:00,140.0,  Michael Flores
586242671059,Science,F,V3,10,2020-02-02 00:00:00,138.0,Dustin Bates
892711254716,Science,M,V1,10,2020-02-02 00:00:00,132.0,  Shawn Sanchez
147025679066,Science,F,V3,10,2020-02-02 00:00:00,143.0,Tracey Johnson
776768284465,Science,M,V1,10,2020-02-02 00:00:00,94.0,  Zachary Hale
304999804123,Science,M,V1,10,2020-02-02 00:00:00,140.0,Beth Nunez
335742855224,Science,F,V2,10,2020-02-02 00:00:00,137.0,Michael Lawrence
366057000975,Science,F,V1,10,2020-02-02 00:00:00,130.0,Miss Chelsea Stevens MD
724797932045,Science,M,V2,10,2020-02-02 00:00:00,145.0, Eugene Reed
439472426552,Science,M,V2,10,2020-02-02 00:00:00,129.0,  Rebecca Berry
570311351294,Science,F,V3,10,2020-02-02 00:00:00,129.0, Steven Holmes
469621735991,Science,F,V2,10,2020-02-02 00:00:00,92.0,Joseph Clark
250390395135,Science,F,V2,10,2020-02-02 00:00:00,129.0,Andrew Robinson
753690015383,Science,F,V3,10,2020-02-02 00:00:00,127.0, Janet Casey
415106956523,Science,M,V3,10,2020-02-02 00:00:00,133.0, Christopher Brown
285676675537,Science,F,V2,10,2020-02-02 00:00:00,97.0,Lisa Nguyen
186191518707,Science,F,V2,10,2020-02-02 00:00:00,143.0, Debbie Jones
301183595328,Science,M,V1,10,2020-02-02 00:00:00,125.0,  Jessica Rogers
998987325877,Science,M,V3,10,2020-02-02 00:00:00,105.0,  Lisa Joseph
598167420934,Science,F,V1,10,2020-02-02 00:00:00,143.0,  Dorothy Perez
148317368473,Science,M,V3,10,2020-02-02 00:00:00,138.0, Rebekah Ramirez
897379938715,Science,M,V2,10,2020-02-02 00:00:00,99.0,  Hannah Oliver
514447565585,Science,F,V2,10,2020-02-02 00:00:00,137.0,  Lucas Wilkins
978682765676,Science,M,V1,10,2020-02-02 00:00:00,98.0,  Jason Miller
811143310366,Science,F,V1,10,2020-02-02 00:00:00,117.0,  Colin Frost
779748142529,Science,M,V2,10,2020-02-02 00:00:00,90.0, Alyssa Black
293770643331,Science,M,V1,10,2020-02-02 00:00:00,135.0,Brian Ramos
902557797380,Science,F,V1,10,2020-02-02 00:00:00,94.0,Ashley Riddle
979083472091,Science,F,V1,10,2020-02-02 00:00:00,144.0,Kevin Mendoza
305859097026,Science,M,V1,10,2020-02-02 00:00:00,141.0, Daniel Weaver
151918859491,Science,M,V2,10,2020-02-02 00:00:00,89.0, Tara Barber
137213453058,Science,M,V2,10,2020-02-02 00:00:00,125.0,Richard Sellers
240817938931,Science,F,V3,10,2020-02-02 00:00:00,136.0,  John Barr
397697382492,Science,F,V3,10,2020-02-02 00:00:00,98.0, Linda Fowler
807951807935,Science,F,V2,10,2020-02-02 00:00:00,90.0, David White
178876147675,Science,F,V1,10,2020-02-02 00:00:00,92.0,  Scott Cole
972871187727,Science,M,V2,10,2020-02-02 00:00:00,92.0,Steven Lopez
697949223460,Science,M,V1,10,2020-02-02 00:00:00,79.0,Christopher Hines
772937880828,Science,F,V1,10,2020-02-02 00:00:00,93.0, Terry Hill DVM
445101291634,Science,M,V2,10,2020-02-02 00:00:00,125.0, Jeffery Moreno
138562819754,Science,M,V1,10,2020-02-02 00:00:00,145.0, Laurie Thomas
430616511690,Science,F,V1,10,2020-02-02 00:00:00,127.0, Ashley Mitchell
329888762090,Science,M,V2,10,2020-02-02 00:00:00,90.0,Mr. Timothy Gordon
350075145202,Science,F,V3,10,2020-02-02 00:00:00,115.0,  Troy Wood
571222011528,Science,F,V1,10,2020-02-02 00:00:00,119.0, Tammy Pierce
811143310366,Science,F,V3,10,2020-02-02 00:00:00,122.0, Thomas Jenkins
597333966955,Science,F,V2,10,2020-02-02 00:00:00,101.0, Kathryn Smith
761133868215,Science,M,V3,10,2020-02-02 00:00:00,131.0, Carolyn Mullins
629121395075,Science,M,V1,10,2020-02-02 00:00:00,139.0,  Ronnie Simmons
681177921379,Science,F,V2,10,2020-02-02 00:00:00,87.0, Casey Hebert
771614645871,Science,F,V1,10,2020-02-02 00:00:00,145.0,Loretta Hopkins
205305949160,Science,F,V2,10,2020-02-02 00:00:00,124.0,Kimberly Smith
826822581506,Science,F,V3,10,2020-02-02 00:00:00,142.0, Amy Richardson
958355738328,Science,F,V2,10,2020-02-02 00:00:00,93.0,  Kathleen Martin
988600668628,Science,M,V3,10,2020-02-02 00:00:00,93.0, Jason Holland
488245359298,Science,F,V2,10,2020-02-02 00:00:00,88.0,  Ryan Brooks
575095679175,Science,M,V3,10,2020-02-02 00:00:00,87.0,Sydney Moran
829950351515,Science,M,V2,10,2020-02-02 00:00:00,136.0,William Ramos
367502800300,Science,M,V2,10,2020-02-02 00:00:00,122.0,  Mackenzie Berry
446603787135,Science,M,V3,10,2020-02-02 00:00:00,137.0, Warren Molina
265674695942,Science,M,V3,10,2020-02-02 00:00:00,90.0,  Ronald Owens MD
474387776713,Science,M,V3,10,2020-02-02 00:00:00,90.0,Christopher Zuniga
238319681086,Science,F,V1,10,2020-02-02 00:00:00,143.0, Nathaniel Kerr
341683367594,Science,F,V1,10,2020-02-02 00:00:00,142.0,Kelly Davis
559788416159,Science,F,V2,10,2020-02-02 00:00:00,86.0,  Lisa Fry
171989692702,Science,F,V2,10,2020-02-02 00:00:00,82.0,Jason Williams
558812704419,Science,X,V1,10,2020-02-02 00:00:00,143.0,  Shane Rangel
898176502493,Science,X,V1,10,2020-02-02 00:00:00,80.0, Vickie Ponce
699671519263,Science,F,V3,10,2020-02-02 00:00:00,92.0,  Carla Taylor
968004570850,Science,F,V3,10,2020-02-02 00:00:00,140.0, Jeffery Fischer
635951750222,Science,F,V3,10,2020-02-02 00:00:00,126.0,  Samantha Guerra
950665199121,Science,M,V3,10,2020-02-02 00:00:00,137.0, Tammy Forbes
860839998247,Science,F,V2,10,2020-02-02 00:00:00,91.0, Elizabeth Stone
728687797691,Science,F,V1,10,2020-02-02 00:00:00,97.0,  Nicholas Dorsey
416575823760,Science,M,V3,10,2020-02-02 00:00:00,141.0,Albert Nelson
995254060220,Science,F,V1,10,2020-02-02 00:00:00,123.0, Kristin Manning
795349627307,Science,F,V2,10,2020-02-02 00:00:00,94.0, Samantha Richardson
250151389809,Science,F,V3,10,2020-02-02 00:00:00,133.0, Howard Jackson
556568484033,Science,F,V1,10,2020-02-02 00:00:00,142.0,Martin Rodgers
136053178911,Science,M,V3,10,2020-02-02 00:00:00,129.0,  Sheila Walker
851905636229,Science,F,V2,10,2020-02-02 00:00:00,137.0,  John Carlson
524952093914,Science,F,V2,10,2020-02-02 00:00:00,141.0,  Caitlin Smith
101585717351,Science,F,V2,10,2020-02-02 00:00:00,124.0,Terry Perez
126429770546,Science,X,V2,10,2020-02-02 00:00:00,139.0, John Harmon
826118789360,Science,F,V3,10,2020-02-02 00:00:00,143.0,  Joseph Harris
667935206099,Science,M,V1,10,2020-02-02 00:00:00,83.0,Justin Rivera
262045042825,Science,F,V2,10,2020-02-02 00:00:00,124.0,Ashley Lopez
629316883878,Science,M,V3,10,2020-02-02 00:00:00,90.0,Alexander Meyer
249827428294,Science,M,V2,10,2020-02-02 00:00:00,81.0,Justin Barnes
647395455378,Science,M,V3,10,2020-02-02 00:00:00,85.0,  Christopher Montoya
799659490190,Science,F,V2,10,2020-02-02 00:00:00,91.0, James Barnes
474019350761,Science,M,V1,10,2020-02-02 00:00:00,136.0,  Peter Buckley
846972038821,Science,F,V3,10,2020-02-02 00:00:00,140.0,  Alyssa Hamilton
926652887537,Science,F,V3,10,2020-02-02 00:00:00,89.0,Dana Hawkins
753717445979,Science,M,V3,10,2020-02-02 00:00:00,89.0,John Gonzales
511086648831,Science,M,V2,10,2020-02-02 00:00:00,138.0,Paula Ball
446139062785,Science,F,V2,10,2020-02-02 00:00:00,133.0,Amber Miller
