Student ID,Test Name,Gender,Version,Level,Test Date,Standardised Score,Email
72303084893,Overall,M,V3,4,2015-11-10,138.0,yroberts@example.net
10622411784,Overall,M,V3,4,2015-11-10,123.0,kristievega@example.net
85947570245,Overall,M,V3,4,2015-11-10,143.0,ann64@example.net
45834352775,Overall,M,V3,4,2015-11-10,139.0,richard92@example.com
14258046896,Overall,M,V3,4,2015-11-10,141.0,mhall@example.net
81114331036,Overall,F,V1,4,2015-11-10,121.0,gary04@example.com
92777738743,Overall,F,V2,4,2015-11-10,90.0,thicks@example.org
52796342563,Overall,M,V3,4,2015-11-10,138.0,gsmith@example.net
88879503831,Overall,M,V3,4,2015-11-10,85.0,stephenholder@example.org
33034474593,Overall,M,V2,4,2015-11-10,129.0,rwest@example.com
81691030059,Overall,M,V2,4,2015-11-10,126.0,meyerjohn@example.com
56812838621,Overall,M,V2,4,2015-11-10,137.0,chad72@example.org
41338822679,Overall,M,V2,4,2015-11-10,84.0,colemanjohn@example.com
78783536021,Overall,F,V1,4,2015-11-10,138.0,tammyprice@example.org
82611878936,Overall,F,V1,4,2015-11-10,146.0,jonathanyoung@example.org
82075793443,Overall,M,V3,4,2015-11-10,137.0,basschase@example.com
55735540110,Overall,F,V2,4,2015-11-10,132.0,williamssteven@example.org
79420468170,Overall,M,V1,4,2015-11-10,129.0,janetreed@example.org
22988766573,Overall,M,V1,4,2015-11-10,96.0,kgomez@example.net
92460828179,Overall,F,V1,4,2015-11-10,88.0,jessica13@example.com
39461606411,Overall,M,V1,4,2015-11-10,125.0,idean@example.org
68936867833,Overall,M,V3,4,2015-11-10,95.0,dschwartz@example.net
61576540620,Overall,M,V3,4,2015-11-10,133.0,christopherwashington@example.com
52272538991,Overall,F,V2,4,2015-11-10,141.0,ronaldsingh@example.org
96708691069,Overall,F,V2,4,2015-11-10,85.0,garciaryan@example.com
47673983971,Overall,F,V3,4,2015-11-10,95.0,sherri03@example.com
45893241382,Overall,F,V1,4,2015-11-10,132.0,jcollins@example.net
58479403706,Overall,M,V1,4,2015-11-10,142.0,vwilson@example.org
51116541200,Overall,F,V2,4,2015-11-10,112.0,watersanne@example.com
62888099614,Overall,M,V3,4,2015-11-10,89.0,david22@example.com
99478763809,Overall,M,V1,4,2015-11-10,97.0,omontgomery@example.net
84820403870,Overall,M,V1,4,2015-11-10,135.0,jenniferfowler@example.com
55297656518,Overall,F,V1,4,2015-11-10,82.0,qmckee@example.org
82147807321,Overall,M,V2,4,2015-11-10,135.0,grayamanda@example.org
29475480784,Overall,M,V1,4,2015-11-10,87.0,jmoody@example.com
65508571601,Overall,M,V2,4,2015-11-10,129.0,cynthiathornton@example.net
51660575301,Overall,M,V3,4,2015-11-10,133.0,turnerchristopher@example.com
20427731448,Overall,F,V3,4,2015-11-10,128.0,madison72@example.com
23106178948,Overall,F,V1,4,2015-11-10,132.0,flogan@example.com
15914951752,Overall,F,V2,4,2015-11-10,138.0,moniqueroy@example.net
80768958967,Overall,M,V1,4,2015-11-10,107.0,georgedavid@example.net
41344326256,Overall,F,V2,4,2015-11-10,132.0,richard20@example.com
84398011107,Overall,M,V3,4,2015-11-10,136.0,jbright@example.com
21522158391,Overall,F,V3,4,2015-11-10,132.0,oquinn@example.com
10978522818,Overall,M,V2,4,2015-11-10,140.0,timothy58@example.org
10196519981,Overall,M,V3,4,2015-11-10,142.0,nicholedougherty@example.net
83723257705,Overall,M,V1,4,2015-11-10,143.0,xschultz@example.com
54121057090,Overall,F,V1,4,2015-11-10,118.0,cgiles@example.net
99687947879,Overall,M,V2,4,2015-11-10,111.0,montgomeryemily@example.org
22426124972,Overall,F,V3,4,2015-11-10,129.0,john85@example.net
70482480701,Overall,M,V3,4,2015-11-10,130.0,alvarezjason@example.net
91591063537,Overall,M,V3,4,2015-11-10,138.0,wilsoncarla@example.org
97908347209,Overall,F,V3,4,2015-11-10,145.0,thomas11@example.org
94161127211,Overall,F,V3,4,2015-11-10,129.0,tyrone21@example.com
60895730208,Overall,M,V2,4,2015-11-10,132.0,nreyes@example.org
89314791255,Overall,M,V3,4,2015-11-10,142.0,leslie15@example.com
67301093447,Overall,M,V3,4,2015-11-10,132.0,molly98@example.net
24279745075,Overall,F,V2,4,2015-11-10,85.0,poolechristopher@example.com
37216458467,Overall,F,V2,4,2015-11-10,145.0,npowers@example.org
34876387390,Overall,M,V1,4,2015-11-10,88.0,warrendon@example.net
29910228350,Overall,F,V3,4,2015-11-10,129.0,moniquedavis@example.org
44610494711,Overall,F,V2,4,2015-11-10,126.0,sullivanstephanie@example.org
44980607495,Overall,F,V3,4,2015-11-10,86.0,johnsonzachary@example.org
47638576107,Overall,M,V2,4,2015-11-10,146.0,pbarnett@example.net
86359773666,Overall,F,V2,4,2015-11-10,95.0,davidrobinson@example.net
87428659251,Overall,F,V3,4,2015-11-10,89.0,padillasean@example.org
52093893168,Overall,F,V3,4,2015-11-10,135.0,lambertmelissa@example.com
32470082163,Overall,F,V3,4,2015-11-10,124.0,melissa96@example.org
47258672519,Overall,F,V1,4,2015-11-10,87.0,charlesgray@example.net
44574023304,Overall,M,V3,4,2015-11-10,118.0,christopherschmitt@example.com
76126695219,Overall,F,V2,4,2015-11-10,87.0,angelaadams@example.net
75369001538,Overall,F,V3,4,2015-11-10,132.0,arthurschmidt@example.net
93264844472,Overall,F,V1,4,2015-11-10,135.0,bergvictoria@example.net
28885295169,Overall,M,V3,4,2015-11-10,88.0,vkirk@example.net
17175666702,Overall,F,V3,4,2015-11-10,135.0,daniel36@example.com
49807968138,Overall,F,V1,4,2015-11-10,94.0,uhall@example.net
45343179708,Overall,M,V3,4,2015-11-10,139.0,gillespiecaleb@example.com
20808597833,Overall,M,V1,4,2015-11-10,139.0,ccampbell@example.org
77589032120,Overall,X,V3,4,2015-11-10,133.0,garnerlee@example.com
35389383803,Overall,F,V1,4,2015-11-10,82.0,donaldpeck@example.com
22934871849,Overall,M,V3,4,2015-11-10,85.0,chelsea91@example.org
78324771150,Overall,F,V2,4,2015-11-10,130.0,jessehernandez@example.net
36087075733,Overall,F,V2,4,2015-11-10,138.0,gibbsmelissa@example.net
23480008246,Overall,M,V3,4,2015-11-10,118.0,creid@example.org
23264235645,Overall,X,V3,4,2015-11-10,132.0,qcarlson@example.com
77819338110,Overall,F,V2,4,2015-11-10,135.0,pmiller@example.net
19697397446,Overall,F,V3,4,2015-11-10,88.0,hintonmichael@example.com
95029084798,Overall,M,V2,4,2015-11-10,95.0,clarkjessica@example.com
45466749283,Overall,M,V3,4,2015-11-10,82.0,swilliams@example.com
15534346758,Overall,F,V3,4,2015-11-10,137.0,kenneth02@example.net
62389257161,Overall,M,V1,4,2015-11-10,142.0,sking@example.org
55743091939,Overall,F,V1,4,2015-11-10,145.0,dianaharrison@example.com
25039039513,Overall,M,V1,4,2015-11-10,132.0,mpatrick@example.com
85223356723,Overall,F,V1,4,2015-11-10,133.0,kathrynthompson@example.net
59403757545,Overall,M,V3,4,2015-11-10,90.0,evelyn64@example.com
96795520340,Overall,F,V1,4,2015-11-10,143.0,rhonda85@example.org
40963849857,Overall,F,V2,4,2015-11-10,94.0,carriemartin@example.org
14975059298,Overall,F,V3,4,2015-11-10,93.0,micheal53@example.org
20064131986,Overall,M,V2,4,2015-11-10,132.0,jaustin@example.com
89381387187,Overall,F,V2,4,2015-11-10,93.0,samantha89@example.org
58380172088,Overall,M,V2,4,2015-11-10,140.0,jodigibson@example.org
62122545968,Overall,F,V3,4,2015-11-10,141.0,scase@example.com
96708691069,Overall,F,V1,4,2015-11-10,86.0,stephenlee@example.com
82764390739,Overall,M,V2,4,2015-11-10,88.0,kayleejoyce@example.com
51834982444,Overall,M,V3,4,2015-11-10,137.0,tiffany50@example.net
64691642817,Overall,F,V1,4,2015-11-10,146.0,mthomas@example.com
76559230731,Overall,M,V1,4,2015-11-10,140.0,anthony56@example.org
15947058472,Overall,M,V1,4,2015-11-10,139.0,kstone@example.org
70838224315,Overall,M,V1,4,2015-11-10,135.0,thompsonkevin@example.com
48122066423,Overall,M,V2,4,2015-11-10,129.0,ksanchez@example.com
73733382923,Overall,M,V2,4,2015-11-10,139.0,bennettchristine@example.org
83929395104,Overall,F,V3,4,2015-11-10,143.0,ebanks@example.com
33084694039,Overall,F,V2,4,2015-11-10,132.0,ronnie91@example.org
45524540283,Overall,M,V3,4,2015-11-10,130.0,sarahbrown@example.net
92283026287,Overall,F,V2,4,2015-11-10,136.0,tinacannon@example.com
96295342000,Overall,F,V1,4,2015-11-10,121.0,stuartlaura@example.com
96977578780,Overall,F,V3,4,2015-11-10,101.0,alejandro43@example.com
28764628474,Overall,M,V1,4,2015-11-10,87.0,rallen@example.net
43236397913,Overall,F,V2,4,2015-11-10,140.0,christine25@example.org
54121208546,Overall,M,V2,4,2015-11-10,121.0,hbecker@example.org
91005428686,Overall,F,V1,4,2015-11-10,137.0,simpsonzachary@example.net
82962688083,Overall,M,V1,4,2015-11-10,91.0,christina94@example.net
87118913954,Overall,M,V3,4,2015-11-10,141.0,matthew45@example.com
51492379165,Overall,M,V2,4,2015-11-10,142.0,riggschelsea@example.org
69520165255,Overall,M,V1,4,2015-11-10,138.0,nathanharrison@example.net
72303084893,Overall,F,V2,4,2015-11-10,139.0,bonnie12@example.net
37442828242,Overall,M,V2,4,2015-11-10,127.0,laurenford@example.com
89949072370,Overall,F,V3,4,2015-11-10,145.0,huntercandace@example.net
38936371576,Overall,M,V1,4,2015-11-10,86.0,anthonymccormick@example.org
17624353821,Overall,M,V2,4,2015-11-10,125.0,stephanie18@example.com
24077421086,Overall,M,V2,4,2015-11-10,130.0,williamstony@example.net
17887614767,Overall,M,V2,4,2015-11-10,90.0,pdavis@example.org
95796231948,Overall,M,V3,4,2015-11-10,93.0,mikejones@example.org
85315063868,Overall,F,V1,4,2015-11-10,82.0,briandavidson@example.com
25554998482,Overall,F,V3,4,2015-11-10,92.0,dawnsmith@example.org
25421201963,Overall,M,V2,4,2015-11-10,126.0,williamsjose@example.org
42934353417,Overall,M,V3,4,2015-11-10,130.0,christiandavidson@example.com
62679479308,Overall,F,V2,4,2015-11-10,90.0,bbaird@example.org
91515418472,Overall,M,V3,4,2015-11-10,141.0,johnsonjoy@example.net
96056411188,Overall,M,V2,4,2015-11-10,140.0,wbush@example.net
42334274200,Overall,F,V2,4,2015-11-10,121.0,kmason@example.org
58790578438,Overall,M,V3,4,2015-11-10,94.0,mckinneysteven@example.com
99525406022,Overall,M,V3,4,2015-11-10,131.0,cfoster@example.net
13569887666,Overall,M,V1,4,2015-11-10,92.0,vestes@example.net
13272614214,Overall,F,V3,4,2015-11-10,126.0,vcobb@example.net
96394511628,Overall,M,V2,4,2015-11-10,139.0,gpowell@example.org
22737760921,Overall,M,V3,4,2015-11-10,137.0,rittershannon@example.org
44890826046,Overall,M,V1,4,2015-11-10,142.0,holmesjames@example.net
86669097394,Overall,F,V1,4,2015-11-10,98.0,jgreen@example.org
54907014612,Overall,F,V1,4,2015-11-10,134.0,hardyelizabeth@example.com
16111480090,Overall,F,V1,4,2015-11-10,120.0,moorecatherine@example.net
78596246021,Overall,M,V2,4,2015-11-10,132.0,wendymartin@example.net
37778538089,Overall,F,V3,4,2015-11-10,90.0,pjohns@example.com
23168927908,Overall,M,V3,4,2015-11-10,139.0,vross@example.org
90855382115,Overall,F,V3,4,2015-11-10,130.0,catherinegonzalez@example.com
72547335213,Overall,M,V1,4,2015-11-10,129.0,cathy87@example.com
73895100452,Overall,F,V2,4,2015-11-10,137.0,jsummers@example.org
86869603606,Overall,F,V2,4,2015-11-10,93.0,rodriguezmaria@example.com
77144581705,Overall,F,V1,4,2015-11-10,140.0,jessica89@example.org
15547904507,Overall,M,V2,4,2015-11-10,139.0,vcrawford@example.com
44835856520,Overall,M,V1,4,2015-11-10,140.0,wyattbradley@example.net
28157612948,Overall,M,V3,4,2015-11-10,137.0,glenn40@example.org
60767982957,Overall,M,V3,4,2015-11-10,89.0,xcruz@example.net
79361713874,Overall,F,V2,4,2015-11-10,84.0,savannahrogers@example.net
10587527471,Overall,F,V3,4,2015-11-10,135.0,nwolfe@example.net
13413545246,Overall,F,V1,4,2015-11-10,128.0,mark39@example.net
37418076622,Overall,X,V2,4,2015-11-10,133.0,mitchellbrown@example.org
39455137190,Overall,F,V2,4,2015-11-10,132.0,apriljones@example.com
65509335875,Overall,F,V3,4,2015-11-10,88.0,kenneth31@example.com
52584476891,Overall,F,V3,4,2015-11-10,94.0,heidi79@example.com
58562715538,Overall,M,V3,4,2015-11-10,81.0,swang@example.org
71059270712,Overall,F,V2,4,2015-11-10,133.0,veronica31@example.net
60684372490,Overall,F,V2,4,2015-11-10,132.0,ycarroll@example.org
55297656518,Overall,M,V2,4,2015-11-10,88.0,tonybrown@example.net
44144407448,Overall,M,V2,4,2015-11-10,128.0,melissa22@example.net
42957221175,Overall,F,V3,4,2015-11-10,137.0,jeffreymoore@example.net
51874337564,Overall,M,V1,4,2015-11-10,87.0,zimmermanwanda@example.com
88978379104,Overall,M,V3,4,2015-11-10,89.0,adambennett@example.org
80548334438,Overall,M,V2,4,2015-11-10,137.0,beckmichelle@example.com
57937300555,Overall,F,V2,4,2015-11-10,139.0,chelseamcdowell@example.com
91663735059,Overall,M,V2,4,2015-11-10,141.0,ujones@example.com
62013687816,Overall,M,V2,4,2015-11-10,,imckay@example.net
37469589236,Overall,F,V1,4,2015-11-10,89.0,jason80@example.net
71910499167,Overall,X,V3,4,2015-11-10,86.0,brian92@example.org
62122545968,Overall,M,V1,4,2015-11-10,140.0,renee31@example.net
67147792106,Overall,M,V1,4,2015-11-10,137.0,michaelramirez@example.org
72416683358,Overall,F,V1,4,2015-11-10,138.0,whitejennifer@example.net
30349958634,Overall,M,V1,4,2015-11-10,143.0,nicoleperez@example.net
86174184406,Overall,F,V2,4,2015-11-10,135.0,wwhite@example.net
48824535929,Overall,M,V1,4,2015-11-10,89.0,scarter@example.net
46725962263,Overall,M,V2,4,2015-11-10,140.0,james28@example.net
95847300192,Overall,M,V3,4,2015-11-10,140.0,lauramarshall@example.org
46356957465,Overall,F,V1,4,2015-11-10,85.0,garciaalyssa@example.org
41893804118,Overall,M,V3,4,2015-11-10,134.0,rioserica@example.com
67212638272,Overall,M,V2,4,2015-11-10,129.0,cookekyle@example.com
81489452467,Overall,F,V1,4,2015-11-10,145.0,sharonroberts@example.org
70514787640,Overall,M,V2,4,2015-11-10,138.0,robertgrant@example.net
37337442988,Overall,M,V2,4,2015-11-10,81.0,pinedajohn@example.org
55070330247,Overall,F,V2,4,2015-11-10,125.0,tiffanyjohnson@example.com
81890289422,Overall,M,V1,4,2015-11-10,82.0,kimberlyboyd@example.org
19481003947,Overall,F,V1,4,2015-11-10,130.0,murphyrichard@example.net
92862173162,Overall,M,V3,4,2015-11-10,138.0,morganthomas@example.com
41734133881,Overall,M,V1,4,2015-11-10,130.0,kwaters@example.org
95317430209,Overall,F,V2,4,2015-11-10,130.0,watkinsscott@example.net
16518211077,Overall,F,V1,4,2015-11-10,127.0,roysmith@example.com
14702567906,Overall,M,V2,4,2015-11-10,140.0,carolyn71@example.com
46183707276,Overall,M,V1,4,2015-11-10,133.0,timothy69@example.org
76462658505,Overall,F,V3,4,2015-11-10,141.0,jamesgallegos@example.net
64877583451,Overall,F,V2,4,2015-11-10,84.0,zwallace@example.org
60333417509,Overall,F,V2,4,2015-11-10,125.0,cindy59@example.net
46725962263,Overall,M,V2,4,2015-11-10,139.0,david37@example.com
28658996835,Overall,F,V1,4,2015-11-10,97.0,cory41@example.org
39824920807,Overall,F,V2,4,2015-11-10,86.0,bhardy@example.net
98279542134,Overall,F,V2,4,2015-11-10,87.0,mendezjessica@example.com
40162030474,Overall,F,V3,4,2015-11-10,119.0,gregorycampbell@example.com
77208545773,Overall,M,V2,4,2015-11-10,87.0,jennifer84@example.net
58631191758,Overall,F,V2,4,2015-11-10,138.0,orusso@example.com
79142660212,Overall,F,V2,4,2015-11-10,131.0,peterholland@example.net
10183130892,Overall,M,V2,4,2015-11-10,120.0,bharrington@example.net
12939390580,Overall,M,V1,4,2015-11-10,139.0,timothy00@example.net
53304189929,Overall,F,V3,4,2015-11-10,82.0,virginia42@example.org
29978862992,Overall,M,V3,4,2015-11-10,100.0,katie81@example.com
67826533224,Overall,M,V3,4,2015-11-10,133.0,camposmichelle@example.com
84702839677,Overall,M,V2,4,2015-11-10,92.0,pacerobert@example.org
28493187182,Overall,F,V2,4,2015-11-10,141.0,renee29@example.org
29910228350,Overall,F,V3,4,2015-11-10,132.0,ohall@example.net
67521456748,Overall,F,V2,4,2015-11-10,143.0,paulmcbride@example.org
66884195417,Overall,F,V1,4,2015-11-10,88.0,nicoledawson@example.com
99618183967,Overall,F,V3,4,2015-11-10,102.0,stephanieherrera@example.com
39824920807,Overall,M,V2,4,2015-11-10,82.0,rogerbennett@example.org
89737993871,Overall,M,V3,4,2015-11-10,101.0,amy16@example.com
17624353821,Overall,F,V1,4,2015-11-10,124.0,hgarrett@example.com
10285752353,Overall,F,V3,4,2015-11-10,130.0,omar97@example.com
46413114738,Overall,F,V1,4,2015-11-10,129.0,james43@example.org
24279745075,Overall,M,V2,4,2015-11-10,83.0,gabrielaacosta@example.com
46405952076,Overall,M,V3,4,2015-11-10,132.0,stephanie97@example.org
45588646884,Overall,F,V2,4,2015-11-10,92.0,michaeljones@example.org
18290907634,Overall,M,V3,4,2015-11-10,138.0,brittany95@example.net
55812543188,Overall,F,V3,4,2015-11-10,142.0,duffymark@example.com
56954579539,Overall,F,V1,4,2015-11-10,94.0,tiffany01@example.net
40963849857,Overall,M,V2,4,2015-11-10,96.0,robert45@example.com
64666093408,Overall,M,V2,4,2015-11-10,146.0,amber89@example.org
91627863710,Overall,F,V2,4,2015-11-10,139.0,phillipsricardo@example.com
76299796174,Overall,F,V1,4,2015-11-10,95.0,erica52@example.net
89817650249,Overall,F,V1,4,2015-11-10,85.0,shannonwood@example.com
37429438275,Overall,M,V1,4,2015-11-10,84.0,zcoleman@example.net
66908252864,Overall,M,V1,4,2015-11-10,88.0,greenechristopher@example.org
10986100458,Overall,M,V1,4,2015-11-10,128.0,ldorsey@example.net
62264340976,Overall,F,V3,4,2015-11-10,137.0,jtran@example.net
43464269956,Overall,M,V3,4,2015-11-10,145.0,amanda70@example.com
22433141017,Overall,F,V2,4,2015-11-10,122.0,qvasquez@example.com
41568031531,Overall,M,V2,4,2015-11-10,122.0,mscott@example.com
67006753257,Overall,F,V3,4,2015-11-10,134.0,lisajohnson@example.net
28592660345,Overall,M,V1,4,2015-11-10,140.0,joseph50@example.com
91534581934,Overall,M,V1,4,2015-11-10,136.0,ptaylor@example.org
21935972141,Overall,F,V2,4,2015-11-10,131.0,simpsonelizabeth@example.net
15878177424,Overall,F,V1,4,2015-11-10,138.0,griffinashley@example.org
86174184406,Overall,X,V3,4,2015-11-10,139.0,jillholt@example.org
41697237056,Overall,M,V1,4,2015-11-10,139.0,zhuffman@example.com
48122066423,Overall,M,V1,4,2015-11-10,128.0,barreramatthew@example.net
33266948612,Overall,M,V3,4,2015-11-10,132.0,ericbaker@example.com
58733831238,Overall,F,V2,4,2015-11-10,146.0,jonespenny@example.org
93197659248,Overall,M,V3,4,2015-11-10,98.0,latoya81@example.net
83923717710,Overall,F,V3,4,2015-11-10,138.0,jennifercollins@example.org
54121057090,Overall,F,V1,4,2015-11-10,123.0,timothywright@example.net
30819956688,Overall,F,V3,4,2015-11-10,93.0,karen00@example.com
94597560980,Overall,F,V3,4,2015-11-10,84.0,robert51@example.com
69858619068,Overall,F,V2,4,2015-11-10,89.0,salasmartin@example.org
50476385278,Overall,M,V1,4,2015-11-10,144.0,matthewpham@example.org
22724211639,Overall,F,V1,4,2015-11-10,123.0,wwatson@example.org
48740734906,Overall,M,V1,4,2015-11-10,142.0,jeffrey45@example.net
65424703578,Overall,M,V3,4,2015-11-10,138.0,cristina76@example.net
63798943123,Overall,F,V1,4,2015-11-10,138.0,uhale@example.com
88211396811,Overall,M,V2,4,2015-11-10,142.0,martintyler@example.net
57022218496,Overall,F,V1,4,2015-11-10,134.0,hwilliams@example.net
11164829383,Overall,M,V3,4,2015-11-10,134.0,prestoncohen@example.net
81790999438,Overall,M,V2,4,2015-11-10,96.0,codylopez@example.org
70502685396,Overall,F,V3,4,2015-11-10,146.0,wmarshall@example.net
39309690940,Overall,F,V1,4,2015-11-10,146.0,gwoods@example.com
67568170599,Overall,M,V1,4,2015-11-10,88.0,jimenezcarlos@example.org
38967168144,Overall,F,V3,4,2015-11-10,144.0,alisonhenson@example.org
23264235645,Overall,M,V1,4,2015-11-10,132.0,william97@example.org
85077382682,Overall,F,V3,4,2015-11-10,142.0,sharris@example.com
28764628474,Overall,M,V1,4,2015-11-10,86.0,cooperhoward@example.org
57647651712,Overall,F,V1,4,2015-11-10,141.0,mitchellkevin@example.net
97529979173,Overall,F,V3,4,2015-11-10,89.0,ibates@example.com
98174180146,Overall,F,V1,4,2015-11-10,139.0,richard83@example.org
58472492267,Overall,M,V1,4,2015-11-10,140.0,paulhurley@example.org
16322087165,Overall,M,V3,4,2015-11-10,130.0,andrew35@example.org
75096657668,Overall,F,V1,4,2015-11-10,94.0,uherman@example.com
48851441462,Overall,F,V2,4,2015-11-10,138.0,brooke13@example.com
46292015093,Overall,F,V1,4,2015-11-10,129.0,hayesrebecca@example.com
14131901408,Overall,M,V1,4,2015-11-10,118.0,kwilliams@example.net
97919697853,Overall,M,V1,4,2015-11-10,97.0,robertoconnor@example.com
60280455802,Overall,F,V2,4,2015-11-10,131.0,martinezjoshua@example.com
34876387390,Overall,F,V3,4,2015-11-10,83.0,raymond71@example.com
14011805145,Overall,M,V3,4,2015-11-10,113.0,richardmiller@example.org
52495209391,Overall,F,V2,4,2015-11-10,134.0,perezleah@example.com
85174150169,Overall,F,V2,4,2015-11-10,139.0,campbellrobert@example.net
87587697136,Overall,M,V1,4,2015-11-10,101.0,omatthews@example.com
79810911360,Overall,F,V2,4,2015-11-10,136.0,elizabethalexander@example.net
37932076868,Overall,M,V3,4,2015-11-10,92.0,diazevan@example.com
26718808194,Overall,F,V2,4,2015-11-10,140.0,jennifer19@example.com
71269957695,Overall,M,V2,4,2015-11-10,90.0,ronaldwilliams@example.net
79113272599,Overall,F,V1,4,2015-11-10,86.0,laurenlittle@example.net
29936483958,Overall,M,V2,4,2015-11-10,97.0,tammy27@example.com
16405311319,Overall,M,V3,4,2015-11-10,126.0,lindawatts@example.net
81160419828,Overall,M,V2,4,2015-11-10,134.0,hsmith@example.net
25142788035,Overall,F,V1,4,2015-11-10,136.0,smithsharon@example.net
77846897169,Overall,M,V2,4,2015-11-10,103.0,figueroabrian@example.org
35427645392,Overall,M,V3,4,2015-11-10,137.0,dalesmith@example.com
43534793004,Overall,M,V1,4,2015-11-10,132.0,robert98@example.net
31730386920,Overall,M,V3,4,2015-11-10,132.0,devin31@example.org
77059575974,Overall,M,V1,4,2015-11-10,92.0,benjaminstrickland@example.org
10865500081,Overall,F,V2,4,2015-11-10,115.0,jessicadelgado@example.net
85198275688,Overall,F,V3,4,2015-11-10,92.0,keithadams@example.com
42678956518,Overall,M,V1,4,2015-11-10,85.0,tferrell@example.net
63239381514,Overall,M,V2,4,2015-11-10,130.0,franklinfelicia@example.org
13005094404,Overall,F,V1,4,2015-11-10,116.0,barrynicholas@example.net
55970011161,Overall,F,V2,4,2015-11-10,123.0,heidi70@example.com
25779626004,Overall,F,V2,4,2015-11-10,139.0,matthew75@example.com
74264049659,Overall,M,V2,4,2015-11-10,144.0,huntertimothy@example.net
77161464587,Overall,M,V1,4,2015-11-10,142.0,moralesmichael@example.net
83186443516,Overall,M,V3,4,2015-11-10,137.0,hernandezmichael@example.net
76240970563,Overall,F,V3,4,2015-11-10,139.0,kevincampbell@example.org
75369001538,Overall,F,V3,4,2015-11-10,132.0,josephyoung@example.com
50334689487,Overall,M,V1,4,2015-11-10,139.0,gonzalezpeter@example.com
15660655037,Overall,F,V3,4,2015-11-10,132.0,blacksteven@example.org
22737760921,Overall,F,V2,4,2015-11-10,134.0,heather36@example.net
82349489300,Overall,M,V2,4,2015-11-10,138.0,shelby45@example.org
12968237206,Overall,M,V3,4,2015-11-10,135.0,austinwood@example.com
39665447728,Overall,M,V2,4,2015-11-10,92.0,yolandahanson@example.net
93564997027,Overall,F,V1,4,2015-11-10,90.0,richardflores@example.net
51646741505,Overall,M,V3,4,2015-11-10,137.0,diazjeffrey@example.org
71451409865,Overall,F,V2,4,2015-11-10,134.0,jacobparker@example.com
77454522600,Overall,F,V2,4,2015-11-10,137.0,fjones@example.com
27976876969,Overall,M,V2,4,2015-11-10,104.0,kimdixon@example.org
72126744065,Overall,F,V3,4,2015-11-10,131.0,catherinejohnson@example.net
92313674598,Overall,F,V1,4,2015-11-10,140.0,bakerangel@example.com
74386396624,Overall,F,V2,4,2015-11-10,92.0,alexishughes@example.org
69579645001,Overall,F,V1,4,2015-11-10,141.0,john86@example.com
10496279896,Overall,F,V1,4,2015-11-10,97.0,wendy84@example.com
16250840149,Overall,M,V3,4,2015-11-10,127.0,bradley14@example.org
58267920189,Overall,F,V2,4,2015-11-10,143.0,tyleryoung@example.net
16509753851,Overall,F,V1,4,2015-11-10,137.0,andrewlopez@example.org
74191007211,Overall,F,V3,4,2015-11-10,121.0,kimberlyrobinson@example.org
79377520673,Overall,F,V3,4,2015-11-10,85.0,robinyates@example.net
21786701564,Overall,M,V3,4,2015-11-10,133.0,johnsonkyle@example.net
57025583170,Overall,F,V3,4,2015-11-10,139.0,vjackson@example.net
70793899934,Overall,M,V2,4,2015-11-10,100.0,thompsontiffany@example.com
55893445000,Overall,F,V1,4,2015-11-10,132.0,rojastyler@example.org
33034474593,Overall,M,V1,4,2015-11-10,135.0,marissahernandez@example.org
29978862992,Overall,M,V3,4,2015-11-10,98.0,tammybooth@example.org
73733382923,Overall,X,V1,4,2015-11-10,139.0,ejimenez@example.net
88626954656,Overall,M,V2,4,2015-11-10,87.0,michelledominguez@example.com
37418512485,Overall,F,V3,4,2015-11-10,,davidvega@example.net
39998903253,Overall,F,V2,4,2015-11-10,90.0,chavezalexandra@example.com
60648003849,Overall,F,V3,4,2015-11-10,136.0,collinsstephanie@example.org
25647546087,Overall,M,V1,4,2015-11-10,85.0,kelleramy@example.net
34168336759,Overall,F,V2,4,2015-11-10,141.0,hodgepatricia@example.org
77461811084,Overall,M,V1,4,2015-11-10,135.0,barnesamy@example.org
95309568920,Overall,F,V1,4,2015-11-10,89.0,hickstheodore@example.net
13112381885,Overall,F,V2,4,2015-11-10,131.0,adrianwebster@example.com
46405952076,Overall,F,V1,4,2015-11-10,135.0,cwheeler@example.net
91497045930,Overall,M,V3,4,2015-11-10,139.0,smithpreston@example.net
49681769727,Overall,M,V2,4,2015-11-10,87.0,sroberts@example.org
22988766573,Overall,M,V1,4,2015-11-10,95.0,justinyoung@example.com
33574285522,Overall,M,V1,4,2015-11-10,131.0,olivia90@example.org
67522630312,Overall,F,V3,4,2015-11-10,129.0,cwoodard@example.org
93399387259,Overall,F,V2,4,2015-11-10,94.0,wwebb@example.net
78195248937,Overall,M,V2,4,2015-11-10,88.0,herreraangela@example.com
42652897104,Overall,F,V2,4,2015-11-10,132.0,dustinsanchez@example.org
18998458069,Overall,F,V3,4,2015-11-10,97.0,wperez@example.org
72048507543,Overall,M,V3,4,2015-11-10,126.0,masoncarrillo@example.com
97827024660,Overall,M,V3,4,2015-11-10,136.0,morgansaunders@example.org
55772403908,Overall,F,V2,4,2015-11-10,145.0,maxwellwashington@example.com
99525406022,Overall,M,V3,4,2015-11-10,126.0,arellanokari@example.org
84956816524,Overall,M,V3,4,2015-11-10,88.0,juliebriggs@example.com
67345125934,Overall,M,V3,4,2015-11-10,138.0,karen35@example.net
32054501815,Overall,F,V3,4,2015-11-10,125.0,hollowaycarl@example.com
84471549797,Overall,M,V3,4,2015-11-10,96.0,nicoleanderson@example.org
22433349631,Overall,F,V2,4,2015-11-10,127.0,larrysmith@example.com
10866742679,Overall,F,V3,4,2015-11-10,90.0,zlee@example.com
71451409865,Overall,F,V3,4,2015-11-10,137.0,burgessjoshua@example.org
97523036072,Overall,F,V2,4,2015-11-10,134.0,lorimcgee@example.org
86510718779,Overall,F,V3,4,2015-11-10,93.0,david24@example.com
19300121011,Overall,M,V2,4,2015-11-10,108.0,halvarez@example.com
14843633909,Overall,M,V3,4,2015-11-10,138.0,hodgesdavid@example.net
65396148553,Overall,F,V3,4,2015-11-10,90.0,hintonkristen@example.net
65483616353,Overall,F,V3,4,2015-11-10,139.0,curtisrichard@example.net
13567070490,Overall,F,V3,4,2015-11-10,132.0,chad26@example.org
78150584647,Overall,M,V3,4,2015-11-10,88.0,chelseabell@example.com
61859199695,Overall,F,V2,4,2015-11-10,102.0,davidford@example.net
35574828863,Overall,F,V2,4,2015-11-10,87.0,timothy16@example.com
75220210396,Overall,F,V3,4,2015-11-10,122.0,elizabeth76@example.com
44890826046,Overall,M,V1,4,2015-11-10,139.0,tpearson@example.net
10911878476,Overall,M,V3,4,2015-11-10,88.0,daniellewilson@example.com
14831736847,Overall,M,V2,4,2015-11-10,137.0,thomas60@example.com
42334274200,Overall,M,V3,4,2015-11-10,124.0,ethanmcintosh@example.com
62383524039,Overall,M,V2,4,2015-11-10,134.0,teresa53@example.org
41734133881,Overall,F,V3,4,2015-11-10,134.0,murphykatelyn@example.com
88055704077,Overall,F,V1,4,2015-11-10,85.0,jason10@example.com
18219648203,Overall,M,V1,4,2015-11-10,133.0,zandrews@example.net
94837811483,Overall,M,V3,4,2015-11-10,143.0,reedchelsea@example.net
93652113600,Overall,F,V2,4,2015-11-10,121.0,jenniferthompson@example.org
80392892610,Overall,F,V1,4,2015-11-10,135.0,mcbriderobert@example.org
64119558004,Overall,F,V3,4,2015-11-10,137.0,lisaayers@example.net
29478787774,Overall,F,V3,4,2015-11-10,99.0,timothycooper@example.com
28214965638,Overall,M,V2,4,2015-11-10,87.0,julia32@example.com
82949558961,Overall,F,V2,4,2015-11-10,99.0,johnedwards@example.com
84956816524,Overall,F,V2,4,2015-11-10,90.0,odavis@example.net
16430763799,Overall,F,V2,4,2015-11-10,89.0,stevenschultz@example.com
51834982444,Overall,M,V2,4,2015-11-10,141.0,jjohnson@example.org
44456835634,Overall,M,V2,4,2015-11-10,139.0,nathan13@example.org
78857302571,Overall,F,V1,4,2015-11-10,84.0,jkennedy@example.net
89697697427,Overall,M,V2,4,2015-11-10,104.0,efaulkner@example.org
93493962507,Overall,M,V3,4,2015-11-10,86.0,dylanmann@example.com
87587697136,Overall,F,V2,4,2015-11-10,96.0,reyesgregory@example.com
45627336494,Overall,F,V1,4,2015-11-10,145.0,ddavis@example.com
52395559417,Overall,M,V2,4,2015-11-10,139.0,mario33@example.net
38541204558,Overall,F,V2,4,2015-11-10,127.0,wbray@example.com
93411768796,Overall,M,V1,4,2015-11-10,90.0,jlambert@example.org
84266087569,Overall,F,V1,4,2015-11-10,92.0,bharris@example.net
44558706525,Overall,M,V3,4,2015-11-10,135.0,kimberly40@example.org
90384520437,Overall,F,V3,4,2015-11-10,128.0,burnsbrandon@example.com
41164529937,Overall,M,V1,4,2015-11-10,139.0,aholt@example.net
41646367977,Overall,F,V3,4,2015-11-10,88.0,lestertiffany@example.com
52901009898,Overall,F,V3,4,2015-11-10,143.0,annawiggins@example.com
74297771416,Overall,F,V1,4,2015-11-10,138.0,jonesterrance@example.net
41976229285,Overall,F,V3,4,2015-11-10,138.0,kbaxter@example.net
77611570687,Overall,M,V3,4,2015-11-10,81.0,michele93@example.net
13750023323,Overall,X,V3,4,2015-11-10,119.0,pamelasexton@example.net
47483074959,Overall,M,V1,4,2015-11-10,84.0,jessica85@example.net
56325750390,Overall,F,V3,4,2015-11-10,133.0,sharonrobles@example.net
49212806410,Overall,F,V3,4,2015-11-10,121.0,toddjessica@example.com
39016701755,Overall,X,V1,4,2015-11-10,131.0,drice@example.org
97374664161,Overall,M,V3,4,2015-11-10,141.0,zacharytaylor@example.com
48528736230,Overall,F,V1,4,2015-11-10,138.0,madeline88@example.org
64268875790,Overall,M,V3,4,2015-11-10,88.0,andrewharris@example.org
64251686640,Overall,M,V2,4,2015-11-10,138.0,thompsonwillie@example.net
84266087569,Overall,F,V1,4,2015-11-10,94.0,janet18@example.net
44914766262,Overall,M,V2,4,2015-11-10,141.0,cindy35@example.net
12180675315,Overall,M,V1,4,2015-11-10,133.0,johnmack@example.com
28658996835,Overall,F,V2,4,2015-11-10,,zmunoz@example.org
40770022935,Overall,F,V1,4,2015-11-10,126.0,patrickmoss@example.net
93411768796,Overall,M,V3,4,2015-11-10,86.0,qray@example.com
68457404282,Overall,M,V1,4,2015-11-10,140.0,dwayne88@example.net
56424737987,Overall,F,V3,4,2015-11-10,91.0,stephanie83@example.org
69614438246,Overall,F,V2,4,2015-11-10,137.0,brownjenna@example.net
25421201963,Overall,F,V3,4,2015-11-10,126.0,torresemily@example.com
48278474008,Overall,M,V1,4,2015-11-10,137.0,petersenrichard@example.net
58117729182,Overall,F,V2,4,2015-11-10,144.0,ymitchell@example.com
68228333529,Overall,F,V3,4,2015-11-10,141.0,morganguerrero@example.org
82367147306,Overall,F,V1,4,2015-11-10,141.0,timothycameron@example.net
75781996509,Overall,M,V2,4,2015-11-10,101.0,josephreyes@example.org
70251846217,Overall,M,V2,4,2015-11-10,139.0,bryan65@example.com
57989261506,Overall,M,V2,4,2015-11-10,89.0,richard18@example.com
75510246836,Overall,F,V2,4,2015-11-10,139.0,ysmith@example.net
72903827119,Overall,M,V2,4,2015-11-10,132.0,barbara29@example.net
42961840490,Overall,M,V1,4,2015-11-10,135.0,lmayo@example.com
55328607086,Overall,F,V1,4,2015-11-10,143.0,mariah17@example.net
26567469594,Overall,F,V3,4,2015-11-10,92.0,jesse69@example.net
28692483698,Overall,M,V3,4,2015-11-10,92.0,jacksonmegan@example.com
88891892388,Overall,M,V1,4,2015-11-10,105.0,anthony45@example.com
26659504600,Overall,F,V1,4,2015-11-10,139.0,catherinechen@example.com
93144010945,Overall,M,V1,4,2015-11-10,126.0,brandi91@example.org
70502685396,Overall,M,V3,4,2015-11-10,145.0,cody38@example.org
39742072357,Overall,M,V3,4,2015-11-10,137.0,ronaldlozano@example.com
42652897104,Overall,F,V1,4,2015-11-10,133.0,shelby85@example.com
46356957465,Overall,F,V3,4,2015-11-10,87.0,timothymurillo@example.net
92512754949,Overall,F,V2,4,2015-11-10,84.0,gdavis@example.com
36683202613,Overall,M,V1,4,2015-11-10,130.0,johnclark@example.com
44284301163,Overall,F,V3,4,2015-11-10,121.0,michelle66@example.net
96688090325,Overall,M,V2,4,2015-11-10,84.0,christopher78@example.com
36533873869,Overall,F,V1,4,2015-11-10,84.0,michaelroberts@example.net
92891714750,Overall,F,V1,4,2015-11-10,139.0,edwardschroeder@example.net
45821943173,Overall,F,V2,4,2015-11-10,131.0,iflores@example.org
27337647042,Overall,M,V3,4,2015-11-10,132.0,pricejames@example.com
95619685410,Overall,F,V1,4,2015-11-10,144.0,zcastillo@example.com
14975059298,Overall,M,V1,4,2015-11-10,88.0,huntergreg@example.org
14168925778,Overall,M,V2,4,2015-11-10,87.0,dana22@example.org
63005822339,Overall,M,V3,4,2015-11-10,126.0,lweaver@example.net
28493187182,Overall,M,V3,4,2015-11-10,137.0,benjamin83@example.org
56292953822,Overall,F,V1,4,2015-11-10,85.0,william64@example.com
29976934035,Overall,F,V3,4,2015-11-10,143.0,lgill@example.com
32062502028,Overall,X,V2,4,2015-11-10,121.0,timothynovak@example.com
58136487528,Overall,M,V1,4,2015-11-10,145.0,robin21@example.org
31525200685,Overall,F,V2,4,2015-11-10,122.0,vanessa38@example.com
99478571686,Overall,M,V3,4,2015-11-10,100.0,eric42@example.com
59880547088,Overall,M,V1,4,2015-11-10,88.0,alisonconway@example.com
56299377265,Overall,M,V3,4,2015-11-10,88.0,williamfrancis@example.com
11119529629,Overall,M,V1,4,2015-11-10,133.0,austin91@example.org
94757450945,Overall,F,V1,4,2015-11-10,87.0,thorntonjulie@example.org
16488409390,Overall,F,V1,4,2015-11-10,143.0,scottmcdonald@example.org
49126511352,Overall,F,V2,4,2015-11-10,126.0,clarkpatrick@example.com
22607618431,Overall,F,V2,4,2015-11-10,128.0,dennisrangel@example.com
85838515027,Overall,F,V2,4,2015-11-10,134.0,gary59@example.org
93411768796,Overall,M,V1,4,2015-11-10,90.0,alexispatterson@example.net
58994692527,Overall,F,V1,4,2015-11-10,92.0,nina20@example.com
96940702243,Overall,M,V2,4,2015-11-10,134.0,smithdonna@example.net
22433349631,Overall,M,V2,4,2015-11-10,133.0,theresa47@example.org
82764390739,Overall,F,V1,4,2015-11-10,88.0,bsilva@example.net
75220210396,Overall,M,V3,4,2015-11-10,128.0,vickiburns@example.com
86870073875,Overall,F,V1,4,2015-11-10,94.0,stevensbruce@example.org
92450556310,Overall,M,V1,4,2015-11-10,126.0,timothy73@example.com
95714983357,Overall,M,V1,4,2015-11-10,88.0,heatherevans@example.org
28373088816,Overall,M,V2,4,2015-11-10,137.0,jamescurtis@example.org
60184577782,Overall,F,V3,4,2015-11-10,,theodorekirby@example.com
48929353839,Overall,F,V2,4,2015-11-10,90.0,robert06@example.org
69032828757,Overall,M,V1,4,2015-11-10,139.0,stevenbrown@example.com
12039491724,Overall,F,V1,4,2015-11-10,132.0,theresa46@example.net
57493381451,Overall,M,V3,4,2015-11-10,140.0,keithjennifer@example.com
22633154399,Overall,F,V1,4,2015-11-10,140.0,martinbeverly@example.net
75510246836,Overall,M,V2,4,2015-11-10,138.0,michaelmaynard@example.net
92759099615,Overall,M,V1,4,2015-11-10,90.0,bryan96@example.org
22607618431,Overall,M,V1,4,2015-11-10,129.0,julie65@example.com
63962673851,Overall,M,V2,4,2015-11-10,142.0,oscar14@example.org
67654433978,Overall,M,V1,4,2015-11-10,86.0,costaanne@example.org
89817650249,Overall,M,V1,4,2015-11-10,87.0,meyerdoris@example.org
41790619941,Overall,M,V2,4,2015-11-10,83.0,harrellbenjamin@example.com
16111480090,Overall,F,V1,4,2015-11-10,116.0,davidgrant@example.net
78596246021,Overall,F,V3,4,2015-11-10,137.0,johnsonmelissa@example.net
62033366168,Overall,M,V1,4,2015-11-10,130.0,ymcdaniel@example.com
74559558702,Overall,F,V1,4,2015-11-10,84.0,sawyerglenda@example.com
58205066957,Overall,F,V2,4,2015-11-10,143.0,ericali@example.net
10285752353,Overall,F,V1,4,2015-11-10,128.0,wrightkevin@example.com
22607618431,Overall,M,V1,4,2015-11-10,127.0,bradleytanya@example.com
20741767415,Overall,F,V3,4,2015-11-10,126.0,saramay@example.com
16593119016,Overall,F,V1,4,2015-11-10,133.0,leematthew@example.net
30797556357,Overall,M,V1,4,2015-11-10,144.0,leeangela@example.com
13605317891,Overall,F,V1,4,2015-11-10,131.0,jsanchez@example.org
10985758656,Overall,F,V3,4,2015-11-10,85.0,theresa72@example.com
85913744737,Overall,F,V1,4,2015-11-10,85.0,jasonaguilar@example.org
84022532413,Overall,F,V3,4,2015-11-10,124.0,pobrien@example.net
70999919688,Overall,M,V1,4,2015-11-10,103.0,simmonssara@example.org
76083922287,Overall,F,V2,4,2015-11-10,143.0,ehays@example.org
54119270188,Overall,M,V3,4,2015-11-10,133.0,kim31@example.org
77821055978,Overall,M,V2,4,2015-11-10,91.0,mcdaniellisa@example.com
87956251893,Overall,M,V2,4,2015-11-10,90.0,rachel07@example.org
47779215451,Overall,M,V2,4,2015-11-10,83.0,dperez@example.org
68096307252,Overall,F,V2,4,2015-11-10,133.0,elizabeth58@example.org
78158231113,Overall,F,V1,4,2015-11-10,124.0,fmason@example.net
12245806663,Overall,M,V1,4,2015-11-10,135.0,fdixon@example.org
84125722491,Overall,F,V3,4,2015-11-10,132.0,udavis@example.org
84899466718,Overall,F,V1,4,2015-11-10,102.0,awilliams@example.org
36612816514,Overall,F,V3,4,2015-11-10,135.0,janet71@example.com
96217284306,Overall,M,V2,4,2015-11-10,136.0,fford@example.org
44660378713,Overall,M,V1,4,2015-11-10,135.0,greerkayla@example.net
15738583875,Overall,F,V1,4,2015-11-10,82.0,briggsnicholas@example.org
88595315720,Overall,F,V3,4,2015-11-10,85.0,ujones@example.org
84499273304,Overall,F,V2,4,2015-11-10,141.0,danielfisher@example.net
59733396695,Overall,M,V2,4,2015-11-10,95.0,murphylorraine@example.org
80986417208,Overall,M,V3,4,2015-11-10,135.0,madeline49@example.net
83497957791,Overall,F,V3,4,2015-11-10,100.0,christinemiller@example.com
35728452004,Overall,F,V3,4,2015-11-10,121.0,michael53@example.com
18450377450,Overall,F,V3,4,2015-11-10,140.0,millerryan@example.net
20316767603,Overall,F,V2,4,2015-11-10,126.0,charlesmelissa@example.com
20117489612,Overall,M,V2,4,2015-11-10,126.0,davidclark@example.com
91934575963,Overall,F,V2,4,2015-11-10,91.0,james56@example.org
19688368055,Overall,M,V1,4,2015-11-10,87.0,whudson@example.org
58205066957,Overall,F,V3,4,2015-11-10,145.0,boydmichael@example.org
92283026287,Overall,F,V2,4,2015-11-10,133.0,daniel65@example.net
35193304545,Overall,M,V3,4,2015-11-10,130.0,moorejimmy@example.com
56730200748,Overall,M,V3,4,2015-11-10,132.0,quinnmelinda@example.org
29287275014,Overall,M,V2,4,2015-11-10,137.0,claudiazhang@example.net
29936483958,Overall,M,V3,4,2015-11-10,95.0,berryglenn@example.net
56704858083,Overall,M,V2,4,2015-11-10,144.0,qsnyder@example.com
80773875770,Overall,M,V3,4,2015-11-10,89.0,mistycook@example.com
78898794359,Overall,M,V3,4,2015-11-10,100.0,piercerenee@example.com
65624375202,Overall,M,V2,4,2015-11-10,136.0,thomas07@example.com
89964821083,Overall,M,V2,4,2015-11-10,85.0,zlyons@example.com
23831968108,Overall,F,V3,4,2015-11-10,136.0,tammyfleming@example.net
86930864835,Overall,F,V3,4,2015-11-10,88.0,wpowell@example.org
26621776647,Overall,M,V1,4,2015-11-10,87.0,luismiller@example.org
15191885949,Overall,F,V3,4,2015-11-10,84.0,daniel46@example.org
17647114685,Overall,M,V1,4,2015-11-10,143.0,frankamber@example.com
34487254656,Overall,F,V1,4,2015-11-10,138.0,zfoster@example.net
58790578438,Overall,F,V2,4,2015-11-10,94.0,westveronica@example.net
58388103824,Overall,M,V3,4,2015-11-10,139.0,hannah31@example.net
87238855344,Overall,M,V2,4,2015-11-10,92.0,williestewart@example.com
71451409865,Overall,F,V1,4,2015-11-10,134.0,jonesanthony@example.org
54121208546,Overall,F,V2,4,2015-11-10,127.0,brittany56@example.net
97710832842,Overall,F,V2,4,2015-11-10,84.0,harpermark@example.org
20500223477,Overall,M,V2,4,2015-11-10,121.0,adamslauren@example.com
20053396258,Overall,F,V2,4,2015-11-10,135.0,jessicareyes@example.com
25039039513,Overall,F,V1,4,2015-11-10,127.0,jessica98@example.org
58472492267,Overall,M,V1,4,2015-11-10,138.0,across@example.net
13938054547,Overall,M,V1,4,2015-11-10,137.0,fernandezsteven@example.org
69032828757,Overall,F,V3,4,2015-11-10,140.0,lwheeler@example.net
51494228259,Overall,M,V1,4,2015-11-10,143.0,kjones@example.com
82802674155,Overall,F,V2,4,2015-11-10,131.0,kevin35@example.com
93444345217,Overall,F,V1,4,2015-11-10,128.0,gwebb@example.net
84685743608,Overall,F,V3,4,2015-11-10,94.0,richard37@example.net
83361118449,Overall,M,V3,4,2015-11-10,136.0,chad45@example.com
25055624560,Overall,F,V3,4,2015-11-10,135.0,qbrown@example.org
17147986536,Overall,F,V2,4,2015-11-10,86.0,nochoa@example.com
57212557849,Overall,M,V1,4,2015-11-10,142.0,kristenstewart@example.org
79624361411,Overall,M,V2,4,2015-11-10,125.0,colejared@example.com
47664353887,Overall,M,V2,4,2015-11-10,89.0,eschwartz@example.org
95471244768,Overall,F,V2,4,2015-11-10,144.0,maria58@example.org
59451200822,Overall,F,V2,4,2015-11-10,123.0,cfuentes@example.net
70139346149,Overall,M,V1,4,2015-11-10,138.0,zacharyleon@example.com
89788197555,Overall,M,V2,4,2015-11-10,98.0,pachecomichael@example.org
36578463893,Overall,M,V3,4,2015-11-10,92.0,hollandmark@example.com
73904247848,Overall,M,V1,4,2015-11-10,140.0,zray@example.net
30118359532,Overall,F,V3,4,2015-11-10,134.0,plam@example.org
91753040023,Overall,F,V3,4,2015-11-10,123.0,ybrown@example.org
95474819983,Overall,M,V2,4,2015-11-10,90.0,kelsey69@example.com
70314228940,Overall,F,V3,4,2015-11-10,134.0,robert06@example.org
91866089529,Overall,M,V2,4,2015-11-10,90.0,fcole@example.com
20961151643,Overall,M,V1,4,2015-11-10,,cynthialong@example.org
37469589236,Overall,F,V2,4,2015-11-10,89.0,ymorris@example.net
58014500483,Overall,F,V3,4,2015-11-10,129.0,dianenewman@example.org
94585633674,Overall,M,V2,4,2015-11-10,92.0,mark98@example.org
76509517600,Overall,M,V1,4,2015-11-10,132.0,grahamryan@example.org
63292383630,Overall,M,V2,4,2015-11-10,140.0,stonechristopher@example.org
15669220138,Overall,F,V3,4,2015-11-10,136.0,dillon88@example.com
96254211353,Overall,M,V1,4,2015-11-10,126.0,wilsonrobert@example.org
97523036072,Overall,X,V3,4,2015-11-10,139.0,maurice75@example.org
90010127056,Overall,M,V2,4,2015-11-10,123.0,christopherhansen@example.com
41631032569,Overall,M,V1,4,2015-11-10,125.0,ghouse@example.net
47385824017,Overall,F,V1,4,2015-11-10,138.0,jesse04@example.net
19021064900,Overall,F,V3,4,2015-11-10,116.0,qjohnson@example.net
49840230840,Overall,F,V1,4,2015-11-10,135.0,barbara31@example.org
54143662301,Overall,F,V3,4,2015-11-10,120.0,ashlee20@example.com
30356490187,Overall,F,V2,4,2015-11-10,131.0,hannahwhite@example.net
97908347209,Overall,M,V2,4,2015-11-10,143.0,erincopeland@example.org
19207227727,Overall,F,V1,4,2015-11-10,137.0,joseph90@example.com
92493649702,Overall,M,V2,4,2015-11-10,140.0,frankschmidt@example.com
86847080505,Overall,M,V3,4,2015-11-10,140.0,ebell@example.net
22724211639,Overall,M,V1,4,2015-11-10,126.0,meganwilliams@example.com
10622411784,Overall,F,V3,4,2015-11-10,120.0,bradleywilliams@example.org
64739545537,Overall,F,V3,4,2015-11-10,88.0,rileybeck@example.com
16898720185,Overall,M,V1,4,2015-11-10,140.0,crystal05@example.net
15092261003,Overall,M,V1,4,2015-11-10,119.0,sharpbrandon@example.net
89258728151,Overall,F,V1,4,2015-11-10,141.0,jack86@example.com
93593733074,Overall,F,V2,4,2015-11-10,144.0,travislin@example.com
53299440948,Overall,F,V2,4,2015-11-10,88.0,hoffmanlauren@example.net
95762964214,Overall,M,V3,4,2015-11-10,83.0,mariagreen@example.org
59616878339,Overall,F,V1,4,2015-11-10,94.0,judygonzalez@example.com
39007937612,Overall,M,V2,4,2015-11-10,128.0,christopher07@example.com
72151202121,Overall,M,V2,4,2015-11-10,118.0,brianbrown@example.org
37442828242,Overall,M,V2,4,2015-11-10,128.0,tho@example.org
85629845090,Overall,F,V3,4,2015-11-10,90.0,lambertbruce@example.org
71980471816,Overall,M,V2,4,2015-11-10,83.0,lauren50@example.org
56108261551,Overall,M,V2,4,2015-11-10,126.0,matthewwall@example.org
21013556463,Overall,F,V3,4,2015-11-10,123.0,cheryl67@example.com
79792366612,Overall,M,V3,4,2015-11-10,85.0,mitchell39@example.net
73880849471,Overall,F,V2,4,2015-11-10,89.0,millerbrandon@example.com
29684745585,Overall,F,V1,4,2015-11-10,94.0,ccarson@example.org
11519086688,Overall,F,V2,4,2015-11-10,142.0,xdixon@example.com
49083755881,Overall,F,V3,4,2015-11-10,85.0,mary46@example.net
20004654090,Overall,F,V2,4,2015-11-10,117.0,landrews@example.com
64523930719,Overall,M,V2,4,2015-11-10,144.0,cking@example.com
43262540821,Overall,F,V1,4,2015-11-10,126.0,benjaminrodriguez@example.org
73463530626,Overall,M,V1,4,2015-11-10,133.0,yferguson@example.com
83534217463,Overall,M,V1,4,2015-11-10,134.0,arichards@example.com
52796342563,Overall,F,V3,4,2015-11-10,135.0,ehawkins@example.com
45479665389,Overall,M,V3,4,2015-11-10,96.0,edwinjordan@example.org
95635699440,Overall,F,V3,4,2015-11-10,90.0,wallen@example.org
96926067765,Overall,M,V2,4,2015-11-10,93.0,osmith@example.com
14382534640,Overall,M,V1,4,2015-11-10,128.0,angelica38@example.org
67345125934,Overall,M,V3,4,2015-11-10,137.0,williamscrystal@example.com
42334274200,Overall,M,V3,4,2015-11-10,120.0,sherrywinters@example.com
70575886769,Overall,M,V1,4,2015-11-10,92.0,dixonjames@example.net
33122332352,Overall,F,V1,4,2015-11-10,111.0,allensamantha@example.org
39959085109,Overall,F,V3,4,2015-11-10,144.0,jesse38@example.net
70514787640,Overall,M,V3,4,2015-11-10,138.0,shermanbarbara@example.net
12334726942,Overall,F,V3,4,2015-11-10,134.0,terrytom@example.net
56599892220,Overall,F,V1,4,2015-11-10,85.0,mooremelissa@example.com
40226709766,Overall,F,V2,4,2015-11-10,141.0,ryan94@example.com
16258638881,Overall,M,V3,4,2015-11-10,143.0,ryan49@example.net
66129814834,Overall,M,V1,4,2015-11-10,140.0,vazquezjennifer@example.com
58014500483,Overall,M,V3,4,2015-11-10,125.0,dmoore@example.net
64225858788,Overall,M,V1,4,2015-11-10,98.0,jamesrichmond@example.org
86294380755,Overall,M,V1,4,2015-11-10,88.0,gregfletcher@example.com
19874348618,Overall,F,V3,4,2015-11-10,87.0,kennethaustin@example.org
60684372490,Overall,F,V3,4,2015-11-10,136.0,campbellsue@example.net
89992236380,Overall,F,V3,4,2015-11-10,89.0,jose35@example.org
36475385007,Overall,F,V3,4,2015-11-10,131.0,wjones@example.org
57031135129,Overall,F,V2,4,2015-11-10,128.0,loriwilson@example.net
42071653624,Overall,M,V1,4,2015-11-10,129.0,harrisonjillian@example.net
78783536021,Overall,X,V1,4,2015-11-10,140.0,dawnwheeler@example.com
80795180793,Overall,M,V3,4,2015-11-10,86.0,adamgrant@example.org
40518371386,Overall,M,V2,4,2015-11-10,133.0,mariahbrennan@example.net
57025583170,Overall,F,V3,4,2015-11-10,139.0,john73@example.com
45859503185,Overall,F,V1,4,2015-11-10,83.0,aperry@example.net
89793121533,Overall,M,V2,4,2015-11-10,140.0,carlalyons@example.net
69319258504,Overall,F,V3,4,2015-11-10,141.0,xwagner@example.net
82281127248,Overall,M,V1,4,2015-11-10,126.0,chowe@example.com
28664912140,Overall,F,V3,4,2015-11-10,130.0,ana17@example.net
31517511618,Overall,M,V2,4,2015-11-10,123.0,collinssherry@example.net
32294717904,Overall,F,V3,4,2015-11-10,140.0,ehobbs@example.org
99687947879,Overall,F,V3,4,2015-11-10,110.0,john41@example.net
12651182838,Overall,M,V1,4,2015-11-10,131.0,williamsjason@example.org
47812859307,Overall,F,V2,4,2015-11-10,89.0,herrerahector@example.com
81354991163,Overall,F,V2,4,2015-11-10,138.0,kristinarobinson@example.net
86619559672,Overall,F,V2,4,2015-11-10,88.0,ykirby@example.net
55724314874,Overall,F,V1,4,2015-11-10,134.0,tbenson@example.com
54962032436,Overall,F,V2,4,2015-11-10,138.0,hernandezmichelle@example.com
18220535900,Overall,M,V2,4,2015-11-10,127.0,campbellolivia@example.net
63595175022,Overall,M,V3,4,2015-11-10,129.0,michael28@example.com
32002787103,Overall,F,V1,4,2015-11-10,127.0,jefferywest@example.net
67239082208,Overall,F,V1,4,2015-11-10,139.0,gary85@example.com
65232597970,Overall,F,V1,4,2015-11-10,89.0,crawfordashley@example.org
76261376202,Overall,M,V1,4,2015-11-10,130.0,suzannedavis@example.org
91965693443,Overall,F,V1,4,2015-11-10,142.0,robertcampbell@example.org
58916319218,Overall,F,V3,4,2015-11-10,141.0,sandraroberts@example.com
49083755881,Overall,F,V3,4,2015-11-10,84.0,hhall@example.org
25554998482,Overall,M,V2,4,2015-11-10,88.0,davidgillespie@example.com
12397286689,Overall,F,V2,4,2015-11-10,87.0,ramirezmarcus@example.org
36533873869,Overall,M,V1,4,2015-11-10,83.0,meltonhayden@example.com
12642977054,Overall,F,V2,4,2015-11-10,137.0,andrewrich@example.org
38953847891,Overall,M,V2,4,2015-11-10,91.0,vwright@example.org
10285752353,Overall,M,V1,4,2015-11-10,132.0,lindsey09@example.org
43526973699,Overall,M,V1,4,2015-11-10,85.0,trevinocatherine@example.org
99132092057,Overall,M,V2,4,2015-11-10,135.0,lisameyers@example.org
63339881963,Overall,M,V2,4,2015-11-10,87.0,juan93@example.com
12208995184,Overall,F,V2,4,2015-11-10,134.0,flawrence@example.net
91214910522,Overall,F,V1,4,2015-11-10,122.0,thompsonjoseph@example.com
64994290217,Overall,M,V1,4,2015-11-10,142.0,joshua56@example.net
82611878936,Overall,M,V2,4,2015-11-10,146.0,manningjessica@example.com
91121064669,Overall,F,V2,4,2015-11-10,137.0,mduncan@example.org
54312698736,Overall,F,V1,4,2015-11-10,139.0,qmccoy@example.net
71451409865,Overall,X,V1,4,2015-11-10,135.0,garciabrandy@example.org
45258824145,Overall,F,V3,4,2015-11-10,140.0,jennifer84@example.org
19072930198,Overall,M,V1,4,2015-11-10,134.0,rebeccadonovan@example.com
63238297380,Overall,M,V2,4,2015-11-10,138.0,reeddiana@example.net
36854130240,Overall,M,V1,4,2015-11-10,117.0,michael45@example.net
94774703979,Overall,F,V1,4,2015-11-10,98.0,diana80@example.org
15677448180,Overall,M,V2,4,2015-11-10,135.0,ggriffin@example.net
72126744065,Overall,F,V1,4,2015-11-10,135.0,fmorgan@example.com
30970122215,Overall,F,V1,4,2015-11-10,120.0,cunninghambarbara@example.com
13721345305,Overall,F,V1,4,2015-11-10,126.0,hicksjoe@example.com
75096657668,Overall,M,V3,4,2015-11-10,93.0,cortezpatricia@example.org
55894411427,Overall,F,V2,4,2015-11-10,135.0,tasha32@example.net
31024455927,Overall,F,V1,4,2015-11-10,134.0,olsontheresa@example.com
23023860341,Overall,F,V3,4,2015-11-10,122.0,brian08@example.org
77057705274,Overall,F,V2,4,2015-11-10,143.0,gsmith@example.org
36349360171,Overall,F,V3,4,2015-11-10,133.0,davidcurtis@example.com
18107790391,Overall,F,V1,4,2015-11-10,128.0,dlove@example.com
46260862200,Overall,F,V3,4,2015-11-10,129.0,gentrylinda@example.com
89258728151,Overall,M,V2,4,2015-11-10,142.0,nwilson@example.net
57335802498,Overall,F,V1,4,2015-11-10,83.0,tylerjohn@example.org
12397286689,Overall,F,V2,4,2015-11-10,89.0,mary22@example.org
89817650249,Overall,M,V2,4,2015-11-10,87.0,folson@example.net
14971418326,Overall,F,V1,4,2015-11-10,,fieldsdavid@example.org
37440154681,Overall,F,V3,4,2015-11-10,129.0,lewisbrooke@example.com
30284907605,Overall,M,V1,4,2015-11-10,135.0,mollymay@example.net
64453551678,Overall,M,V3,4,2015-11-10,142.0,charlesshaffer@example.net
65865314989,Overall,M,V1,4,2015-11-10,95.0,torressusan@example.org
42923912803,Overall,F,V2,4,2015-11-10,133.0,baileylaura@example.net
96641276664,Overall,F,V1,4,2015-11-10,141.0,joseph32@example.org
80276055860,Overall,M,V1,4,2015-11-10,132.0,tannerhall@example.com
43709607886,Overall,M,V3,4,2015-11-10,87.0,imartin@example.com
62522074442,Overall,M,V2,4,2015-11-10,124.0,adamssteven@example.com
92313674598,Overall,M,V2,4,2015-11-10,144.0,kstanton@example.net
23470111443,Overall,M,V2,4,2015-11-10,120.0,ygordon@example.com
17706478524,Overall,F,V2,4,2015-11-10,140.0,shawn10@example.org
69614438246,Overall,X,V2,4,2015-11-10,138.0,edwardroberts@example.com
31024455927,Overall,F,V2,4,2015-11-10,135.0,samantha49@example.com
88891892388,Overall,F,V1,4,2015-11-10,103.0,tamarawheeler@example.com
16849596518,Overall,F,V2,4,2015-11-10,89.0,snyderryan@example.com
57494402653,Overall,M,V1,4,2015-11-10,141.0,claytonrobert@example.org
29165764742,Overall,M,V3,4,2015-11-10,87.0,michellewalker@example.net
60284449939,Overall,M,V1,4,2015-11-10,144.0,nicolecruz@example.net
29967993073,Overall,F,V2,4,2015-11-10,90.0,boonepatricia@example.org
67988053762,Overall,F,V2,4,2015-11-10,90.0,sanderskelly@example.com
23030438667,Overall,M,V1,4,2015-11-10,131.0,mcdonaldrodney@example.org
58122986627,Overall,M,V3,4,2015-11-10,87.0,melody84@example.com
33177816468,Overall,F,V2,4,2015-11-10,88.0,pcompton@example.org
85572279968,Overall,M,V2,4,2015-11-10,101.0,hubbardcaitlin@example.net
87496276786,Overall,M,V3,4,2015-11-10,95.0,ibradford@example.org
35785782497,Overall,M,V3,4,2015-11-10,91.0,michael09@example.org
37418076622,Overall,M,V2,4,2015-11-10,133.0,brittany11@example.net
79737916788,Overall,M,V1,4,2015-11-10,100.0,nicole34@example.com
59755088802,Overall,F,V1,4,2015-11-10,143.0,fhunt@example.org
40770022935,Overall,M,V3,4,2015-11-10,125.0,xromero@example.org
98199253241,Overall,M,V2,4,2015-11-10,139.0,ibenson@example.net
13407615491,Overall,M,V2,4,2015-11-10,128.0,lgomez@example.net
97852925349,Overall,F,V2,4,2015-11-10,93.0,romerosuzanne@example.com
77454522600,Overall,M,V1,4,2015-11-10,131.0,tylerbuck@example.net
39693395857,Overall,M,V1,4,2015-11-10,91.0,hayskatie@example.org
93875152293,Overall,M,V2,4,2015-11-10,87.0,mmiller@example.net
56778454642,Overall,F,V2,4,2015-11-10,92.0,monroejohn@example.org
73895100452,Overall,F,V3,4,2015-11-10,133.0,xwest@example.org
96886729799,Overall,M,V3,4,2015-11-10,114.0,fmurphy@example.org
94528524323,Overall,M,V1,4,2015-11-10,140.0,gwilliams@example.net
65959042452,Overall,M,V1,4,2015-11-10,135.0,snydercameron@example.org
48278474008,Overall,M,V2,4,2015-11-10,136.0,crossjoseph@example.net
48307390171,Overall,F,V3,4,2015-11-10,137.0,phillip66@example.net
60198467983,Overall,F,V1,4,2015-11-10,84.0,michael66@example.com
91646696327,Overall,F,V3,4,2015-11-10,95.0,toddbarton@example.com
45924618005,Overall,M,V1,4,2015-11-10,128.0,andrewjennings@example.org
72867909996,Overall,F,V1,4,2015-11-10,97.0,mary45@example.net
18313327026,Overall,M,V1,4,2015-11-10,120.0,wharris@example.net
22762026346,Overall,M,V2,4,2015-11-10,136.0,victoria19@example.com
18333119198,Overall,M,V3,4,2015-11-10,134.0,cunninghamchristopher@example.com
77676828446,Overall,M,V1,4,2015-11-10,92.0,lopezpamela@example.net
75369001538,Overall,F,V2,4,2015-11-10,133.0,crystal90@example.com
84266087569,Overall,F,V2,4,2015-11-10,93.0,tonijones@example.com
71480373037,Overall,F,V3,4,2015-11-10,132.0,elizabethrodriguez@example.com
71232742641,Overall,M,V3,4,2015-11-10,121.0,swansonstephanie@example.net
42961840490,Overall,M,V1,4,2015-11-10,131.0,stewartjacob@example.org
87904314866,Overall,M,V1,4,2015-11-10,140.0,rgomez@example.com
45395129006,Overall,F,V2,4,2015-11-10,129.0,bwest@example.org
86882082495,Overall,M,V1,4,2015-11-10,90.0,nicole55@example.org
82281127248,Overall,M,V1,4,2015-11-10,131.0,zhuffman@example.com
34876387390,Overall,F,V2,4,2015-11-10,84.0,coryholland@example.net
55107691369,Overall,F,V1,4,2015-11-10,87.0,lholland@example.net
85797811394,Overall,M,V2,4,2015-11-10,83.0,gsmith@example.com
41948455249,Overall,F,V1,4,2015-11-10,89.0,joelclark@example.net
75984709204,Overall,M,V1,4,2015-11-10,83.0,chapmantravis@example.com
91934575963,Overall,M,V1,4,2015-11-10,96.0,latoya27@example.org
39117678721,Overall,F,V2,4,2015-11-10,85.0,holderjason@example.net
90247355777,Overall,F,V3,4,2015-11-10,85.0,rodriguezkristin@example.com
32294717904,Overall,F,V2,4,2015-11-10,137.0,joseph26@example.net
69802869493,Overall,F,V2,4,2015-11-10,99.0,kpoole@example.org
57033488382,Overall,M,V3,4,2015-11-10,137.0,matthewlopez@example.net
88246494418,Overall,M,V1,4,2015-11-10,88.0,ggallagher@example.net
54602343043,Overall,M,V3,4,2015-11-10,130.0,schapman@example.com
53797893866,Overall,F,V3,4,2015-11-10,101.0,burtonethan@example.org
24981769199,Overall,F,V1,4,2015-11-10,91.0,tonya96@example.net
39919026281,Overall,F,V1,4,2015-11-10,138.0,brianballard@example.net
10158571735,Overall,F,V3,4,2015-11-10,129.0,corey13@example.net
42028814396,Overall,M,V2,4,2015-11-10,136.0,kaylarussell@example.com
24279745075,Overall,F,V1,4,2015-11-10,83.0,wilsonsamantha@example.net
78195248937,Overall,F,V3,4,2015-11-10,85.0,brandon79@example.com
65028861387,Overall,F,V3,4,2015-11-10,83.0,elizabethallen@example.com
81625728588,Overall,M,V1,4,2015-11-10,87.0,suarezkimberly@example.org
53999607276,Overall,M,V1,4,2015-11-10,90.0,heatherrogers@example.com
14806730942,Overall,M,V1,4,2015-11-10,131.0,icarter@example.org
42385119932,Overall,M,V1,4,2015-11-10,142.0,michael17@example.com
74191007211,Overall,M,V1,4,2015-11-10,118.0,tara13@example.com
55662082241,Overall,M,V2,4,2015-11-10,124.0,tammywilson@example.org
40071166099,Overall,M,V3,4,2015-11-10,131.0,dlivingston@example.net
69702461136,Overall,F,V3,4,2015-11-10,137.0,rogersbrandon@example.net
79361713874,Overall,F,V2,4,2015-11-10,84.0,blankenshippaul@example.com
44456835634,Overall,M,V2,4,2015-11-10,134.0,wilsonbenjamin@example.org
52796342563,Overall,M,V2,4,2015-11-10,139.0,katherine89@example.org
55743091939,Overall,F,V2,4,2015-11-10,143.0,brownlisa@example.net
13297982015,Overall,F,V2,4,2015-11-10,130.0,laurieharmon@example.com
97852925349,Overall,F,V1,4,2015-11-10,92.0,michael02@example.org
57937300555,Overall,M,V3,4,2015-11-10,134.0,richardsmolly@example.net
77519731078,Overall,F,V1,4,2015-11-10,140.0,donaldkline@example.org
22149566139,Overall,F,V3,4,2015-11-10,136.0,omcbride@example.net
31473124332,Overall,F,V1,4,2015-11-10,124.0,danielnash@example.com
32331897485,Overall,M,V2,4,2015-11-10,83.0,ryanmedina@example.com
66952883079,Overall,F,V1,4,2015-11-10,94.0,lisaarnold@example.net
15719825878,Overall,F,V3,4,2015-11-10,91.0,ronnie85@example.net
60267925638,Overall,F,V2,4,2015-11-10,88.0,sarahpalmer@example.org
48567881885,Overall,M,V1,4,2015-11-10,90.0,michelleguzman@example.com
48824535929,Overall,F,V2,4,2015-11-10,89.0,sararoman@example.net
41164529937,Overall,M,V2,4,2015-11-10,140.0,nathanielpark@example.net
47677272747,Overall,M,V2,4,2015-11-10,92.0,gdavis@example.com
99478763809,Overall,F,V2,4,2015-11-10,97.0,whawkins@example.net
70086968519,Overall,F,V1,4,2015-11-10,84.0,crystalcarter@example.org
77454522600,Overall,M,V1,4,2015-11-10,134.0,smithgary@example.net
93033355481,Overall,M,V3,4,2015-11-10,138.0,marquezjacqueline@example.net
76299796174,Overall,F,V3,4,2015-11-10,90.0,hlopez@example.com
52237297454,Overall,M,V3,4,2015-11-10,140.0,michaela23@example.net
10978522818,Overall,F,V2,4,2015-11-10,138.0,elizabeth46@example.net
70580807501,Overall,M,V3,4,2015-11-10,130.0,kristenpatton@example.org
94258738310,Overall,M,V3,4,2015-11-10,138.0,brian69@example.com
71112228935,Overall,M,V1,4,2015-11-10,125.0,travissmith@example.com
61361698865,Overall,F,V2,4,2015-11-10,90.0,jennypierce@example.org
78775782702,Overall,M,V3,4,2015-11-10,85.0,skelly@example.com
65983261612,Overall,F,V3,4,2015-11-10,133.0,tina76@example.org
14367993589,Overall,X,V3,4,2015-11-10,90.0,cstevenson@example.net
84270185660,Overall,F,V1,4,2015-11-10,134.0,jeremiah23@example.net
24734829369,Overall,M,V3,4,2015-11-10,142.0,zunigahunter@example.org
84407298082,Overall,M,V3,4,2015-11-10,140.0,johnlittle@example.com
68893783053,Overall,F,V1,4,2015-11-10,87.0,robertmeyer@example.net
64264780216,Overall,M,V2,4,2015-11-10,129.0,brittanyyoung@example.net
93347319062,Overall,F,V1,4,2015-11-10,137.0,christopherlopez@example.net
81489452467,Overall,M,V1,4,2015-11-10,144.0,daviscandice@example.com
54946407908,Overall,M,V2,4,2015-11-10,141.0,imendez@example.net
98769131925,Overall,F,V3,4,2015-11-10,95.0,elizabeth15@example.com
69195701757,Overall,F,V1,4,2015-11-10,86.0,tyleralicia@example.net
10622411784,Overall,M,V3,4,2015-11-10,119.0,pamelali@example.org
15679694410,Overall,F,V3,4,2015-11-10,138.0,theresa64@example.net
55412183734,Overall,M,V3,4,2015-11-10,135.0,kgoodman@example.com
88291376289,Overall,F,V1,4,2015-11-10,92.0,eroberts@example.org
29312825875,Overall,M,V1,4,2015-11-10,85.0,blairjennifer@example.com
75781996509,Overall,F,V3,4,2015-11-10,96.0,gabriela61@example.org
80485245142,Overall,F,V2,4,2015-11-10,131.0,jsmith@example.org
10412926927,Overall,M,V1,4,2015-11-10,125.0,nancyvazquez@example.net
26718437316,Overall,M,V2,4,2015-11-10,136.0,whiteangela@example.net
25851317524,Overall,F,V2,4,2015-11-10,128.0,mary44@example.com
16488409390,Overall,F,V3,4,2015-11-10,143.0,bmedina@example.org
91454708982,Overall,F,V3,4,2015-11-10,84.0,pwatson@example.net
49195014488,Overall,F,V2,4,2015-11-10,82.0,patrickwright@example.org
64828326492,Overall,F,V3,4,2015-11-10,141.0,vaughnrobert@example.net
98736963531,Overall,F,V2,4,2015-11-10,87.0,jose27@example.net
65230988426,Overall,M,V2,4,2015-11-10,146.0,reedmiguel@example.net
58702912644,Overall,M,V1,4,2015-11-10,137.0,conniewilliams@example.net
42883881762,Overall,F,V3,4,2015-11-10,145.0,michael42@example.com
74866766926,Overall,M,V3,4,2015-11-10,101.0,nathanstephens@example.com
42044273934,Overall,F,V1,4,2015-11-10,126.0,fernandezcurtis@example.com
38302985962,Overall,F,V3,4,2015-11-10,84.0,lindsay91@example.com
60284449939,Overall,F,V2,4,2015-11-10,140.0,jacobgriffin@example.net
80744054672,Overall,F,V1,4,2015-11-10,136.0,lisa87@example.com
70353277370,Overall,M,V1,4,2015-11-10,137.0,dianawilson@example.com
99938701825,Overall,F,V2,4,2015-11-10,92.0,russojessica@example.org
61538747340,Overall,M,V2,4,2015-11-10,132.0,anthonydavid@example.net
61055363435,Overall,F,V1,4,2015-11-10,129.0,brandi79@example.com
15947058472,Overall,F,V1,4,2015-11-10,141.0,hayeschad@example.org
61267953445,Overall,F,V3,4,2015-11-10,140.0,xbeltran@example.net
97919697853,Overall,F,V1,4,2015-11-10,99.0,brownstephen@example.net
32002787103,Overall,F,V2,4,2015-11-10,129.0,ruben49@example.com
67448782273,Overall,M,V2,4,2015-11-10,83.0,justin13@example.net
10609598072,Overall,M,V1,4,2015-11-10,138.0,hernandezjonathan@example.net
65028861387,Overall,F,V1,4,2015-11-10,85.0,brownchristine@example.com
19270877334,Overall,F,V3,4,2015-11-10,87.0,kimberlypowers@example.org
57025583170,Overall,M,V3,4,2015-11-10,135.0,hernandeztimothy@example.com
45834352775,Overall,F,V3,4,2015-11-10,139.0,candice52@example.org
72331920656,Overall,F,V2,4,2015-11-10,134.0,shawsonya@example.net
81017100703,Overall,M,V2,4,2015-11-10,119.0,juliamcgrath@example.net
37778538089,Overall,M,V1,4,2015-11-10,91.0,gsmith@example.net
92460828179,Overall,M,V3,4,2015-11-10,88.0,oprince@example.org
46183707276,Overall,F,V1,4,2015-11-10,132.0,juanhill@example.net
50373444513,Overall,M,V2,4,2015-11-10,129.0,rshepherd@example.com
61034935146,Overall,F,V2,4,2015-11-10,125.0,johnsullivan@example.org
90356162056,Overall,X,V1,4,2015-11-10,134.0,bhuff@example.org
77974814252,Overall,F,V2,4,2015-11-10,90.0,zmathis@example.com
23476928238,Overall,F,V2,4,2015-11-10,140.0,qbaker@example.net
17723064838,Overall,F,V1,4,2015-11-10,132.0,smithwilliam@example.net
99043548727,Overall,M,V3,4,2015-11-10,144.0,martinezjesus@example.org
80575118569,Overall,F,V1,4,2015-11-10,144.0,toddbutler@example.net
33339818986,Overall,F,V3,4,2015-11-10,96.0,melissa90@example.org
41697237056,Overall,M,V2,4,2015-11-10,137.0,lpena@example.net
47673983971,Overall,M,V1,4,2015-11-10,98.0,cameronrich@example.com
29241428435,Overall,F,V1,4,2015-11-10,134.0,henry47@example.org
46962173599,Overall,M,V1,4,2015-11-10,83.0,xhill@example.net
73121633218,Overall,M,V1,4,2015-11-10,128.0,gonzalezkelsey@example.com
74059620334,Overall,F,V2,4,2015-11-10,128.0,josephsmith@example.com
45479665389,Overall,F,V1,4,2015-11-10,99.0,ashley45@example.net
72033518304,Overall,F,V1,4,2015-11-10,130.0,tonysutton@example.com
45821943173,Overall,F,V1,4,2015-11-10,135.0,tyler87@example.net
63359029630,Overall,F,V3,4,2015-11-10,133.0,fross@example.com
71084938094,Overall,M,V1,4,2015-11-10,140.0,drobinson@example.com
41508976394,Overall,M,V2,4,2015-11-10,89.0,samuel37@example.com
28692483698,Overall,M,V1,4,2015-11-10,93.0,kathleen66@example.org
80916225756,Overall,M,V3,4,2015-11-10,135.0,iross@example.org
14694941398,Overall,M,V1,4,2015-11-10,92.0,cweber@example.org
61964369916,Overall,F,V2,4,2015-11-10,88.0,amber91@example.org
21639612416,Overall,M,V3,4,2015-11-10,134.0,barrerajames@example.net
54817124892,Overall,M,V3,4,2015-11-10,139.0,santoskyle@example.net
63005822339,Overall,F,V2,4,2015-11-10,123.0,jenniferjohnson@example.net
38567624204,Overall,F,V3,4,2015-11-10,,alexis16@example.net
73174253336,Overall,F,V3,4,2015-11-10,135.0,maysdavid@example.org
41948455249,Overall,F,V1,4,2015-11-10,84.0,andersondestiny@example.net
20510673750,Overall,F,V3,4,2015-11-10,118.0,tammy45@example.net
25055624560,Overall,F,V3,4,2015-11-10,131.0,stephanie70@example.net
88992339712,Overall,M,V1,4,2015-11-10,93.0,charlotte96@example.com
58994692527,Overall,F,V1,4,2015-11-10,91.0,richardpalmer@example.org
65758999496,Overall,F,V2,4,2015-11-10,108.0,kwood@example.net
98682716002,Overall,F,V2,4,2015-11-10,133.0,jesserodriguez@example.com
60912732705,Overall,F,V3,4,2015-11-10,129.0,zavalajeremy@example.org
22762026346,Overall,M,V3,4,2015-11-10,134.0,emilypayne@example.org
74873046315,Overall,M,V2,4,2015-11-10,134.0,whitemichele@example.com
48281891630,Overall,F,V1,4,2015-11-10,138.0,bakermartin@example.com
28802341060,Overall,F,V3,4,2015-11-10,128.0,zdudley@example.net
73787954179,Overall,F,V1,4,2015-11-10,93.0,stephaniehuang@example.net
41393481933,Overall,F,V3,4,2015-11-10,138.0,johnny96@example.net
23285232582,Overall,M,V2,4,2015-11-10,137.0,brianhensley@example.net
64827457276,Overall,M,V3,4,2015-11-10,87.0,nhanson@example.com
47385824017,Overall,F,V1,4,2015-11-10,139.0,randall04@example.com
99392790684,Overall,F,V2,4,2015-11-10,95.0,rrogers@example.com
14221838889,Overall,M,V3,4,2015-11-10,89.0,wangemily@example.org
70502685396,Overall,F,V1,4,2015-11-10,143.0,markbennett@example.net
71547156196,Overall,F,V3,4,2015-11-10,140.0,leekaren@example.com
64152182701,Overall,M,V1,4,2015-11-10,120.0,ricardo88@example.com
64994290217,Overall,M,V1,4,2015-11-10,143.0,grantlisa@example.net
85629845090,Overall,M,V3,4,2015-11-10,89.0,brian85@example.org
25142788035,Overall,F,V2,4,2015-11-10,140.0,ujohnson@example.net
99749294322,Overall,F,V3,4,2015-11-10,86.0,charlesmoody@example.net
51967980502,Overall,F,V3,4,2015-11-10,140.0,jennifergreen@example.org
55970011161,Overall,F,V1,4,2015-11-10,120.0,ctodd@example.org
56346697615,Overall,M,V1,4,2015-11-10,83.0,dustinflores@example.com
82995035151,Overall,F,V2,4,2015-11-10,139.0,mayjames@example.net
99640576965,Overall,M,V1,4,2015-11-10,102.0,princebarbara@example.com
49552473826,Overall,M,V2,4,2015-11-10,141.0,johnweaver@example.net
12334726942,Overall,M,V3,4,2015-11-10,130.0,ddixon@example.org
21883469950,Overall,F,V1,4,2015-11-10,144.0,mendezvictoria@example.net
97443256348,Overall,M,V2,4,2015-11-10,88.0,qmyers@example.com
39486155210,Overall,F,V1,4,2015-11-10,131.0,manninganthony@example.com
76159006810,Overall,M,V2,4,2015-11-10,129.0,ijones@example.org
95796231948,Overall,F,V3,4,2015-11-10,94.0,darrellterry@example.org
45224781603,Overall,F,V1,4,2015-11-10,130.0,qsmith@example.com
60333417509,Overall,M,V2,4,2015-11-10,125.0,sancheztracie@example.org
22597842880,Overall,M,V2,4,2015-11-10,142.0,phillipsmatthew@example.net
14716652116,Overall,F,V1,4,2015-11-10,129.0,garciacarl@example.com
34511255934,Overall,M,V1,4,2015-11-10,131.0,beckysmith@example.com
96328717567,Overall,F,V1,4,2015-11-10,89.0,hwyatt@example.com
96438644858,Overall,M,V1,4,2015-11-10,90.0,vhobbs@example.net
42883881762,Overall,M,V1,4,2015-11-10,145.0,derrick87@example.net
41113923010,Overall,F,V1,4,2015-11-10,118.0,smithjennifer@example.com
46300443511,Overall,F,V3,4,2015-11-10,123.0,stewartjames@example.net
32047481695,Overall,F,V1,4,2015-11-10,135.0,pholt@example.com
