Student ID,test name,gender,version,level,test date,Standardised Score,Email
585128403883,English,F,V1,10,2012-06-24,146.0,deanna49@example.org
816711697915,English,M,V2,10,2012-06-24,90.0,tamimason@example.net
113605433433,English,M,V2,10,2012-06-24,122.0,padillachristine@example.net
251257573744,English,M,V3,10,2012-06-24,139.0,pcooper@example.com
772036500033,English,F,V2,10,2012-06-24,127.0,jacksonrobin@example.org
886763998040,English,F,V1,10,2012-06-24,99.0,johnbaxter@example.com
457016401609,English,M,V3,10,2012-06-24,131.0,karenatkinson@example.net
459835559946,English,M,V2,10,2012-06-24,99.0,jenkinsthomas@example.com
307604159642,English,M,V3,10,2012-06-24,132.0,washingtonjennifer@example.net
521402659074,English,M,V2,10,2012-06-24,134.0,jamesjensen@example.org
534790872163,English,M,V3,10,2012-06-24,141.0,anthony22@example.net
981074076952,English,M,V2,10,2012-06-24,149.0,ramirezwilliam@example.net
987016691540,English,M,V2,10,2012-06-24,144.0,connor40@example.net
146796454985,English,F,V2,10,2012-06-24,95.0,bbell@example.com
874340079516,English,F,V1,10,2012-06-24,143.0,chavezjonathan@example.com
723486687987,English,M,V3,10,2012-06-24,101.0,spencechristopher@example.com
780579132693,English,M,V3,10,2012-06-24,89.0,coreysweeney@example.com
241898276745,English,M,V1,10,2012-06-24,94.0,betty66@example.com
854165703305,English,M,V1,10,2012-06-24,137.0,akelly@example.net
959624542611,English,M,V1,10,2012-06-24,144.0,cheyennehernandez@example.net
436349025665,English,F,V3,10,2012-06-24,138.0,lisamartin@example.org
930918734277,English,F,V1,10,2012-06-24,85.0,kellyanderson@example.net
774199835846,English,F,V3,10,2012-06-24,98.0,wangstephanie@example.com
310140671936,English,M,V2,10,2012-06-24,130.0,cassandrathomas@example.com
177728518464,English,F,V2,10,2012-06-24,90.0,william07@example.org
857243289762,English,F,V2,10,2012-06-24,94.0,ramseyjanet@example.com
805539726271,English,F,V2,10,2012-06-24,145.0,joshua70@example.com
414870655296,English,F,V2,10,2012-06-24,143.0,katiebrown@example.com
780035363554,English,M,V2,10,2012-06-24,134.0,mwebb@example.net
861282568544,English,M,V1,10,2012-06-24,148.0,drewbriggs@example.net
783003112229,English,M,V1,10,2012-06-24,125.0,ztucker@example.org
385148669855,English,M,V1,10,2012-06-24,93.0,staceyalvarez@example.com
628614510430,English,F,V3,10,2012-06-24,126.0,rpineda@example.com
639323086230,English,M,V3,10,2012-06-24,136.0,wstone@example.com
268876571221,English,M,V2,10,2012-06-24,141.0,shannonperez@example.org
257817821721,English,M,V1,10,2012-06-24,138.0,valenciajessica@example.org
799401479614,English,M,V1,10,2012-06-24,91.0,riverasharon@example.org
908407214959,English,F,V3,10,2012-06-24,145.0,lauriemoreno@example.com
898803592700,English,F,V1,10,2012-06-24,149.0,toddlopez@example.org
478762481680,English,F,V3,10,2012-06-24,88.0,jonesapril@example.org
143762063878,English,M,V1,10,2012-06-24,143.0,joneslaura@example.com
320469048588,English,F,V1,10,2012-06-24,142.0,fernandezamanda@example.org
898803592700,English,F,V2,10,2012-06-24,149.0,heidijones@example.com
254516710094,English,M,V2,10,2012-06-24,131.0,stevenwarren@example.net
443264793093,English,M,V1,10,2012-06-24,144.0,xreeves@example.net
253724448595,English,M,V2,10,2012-06-24,145.0,rreyes@example.com
681931344586,English,M,V2,10,2012-06-24,145.0,gfleming@example.com
682725938448,English,M,V2,10,2012-06-24,93.0,lesliebell@example.net
951743085259,English,F,V1,10,2012-06-24,148.0,rduran@example.org
447654468239,English,F,V2,10,2012-06-24,91.0,wagnermichelle@example.com
348708282530,English,M,V3,10,2012-06-24,138.0,ybarton@example.net
980106644145,English,F,V3,10,2012-06-24,139.0,matthewalexander@example.org
201181679983,English,M,V2,10,2012-06-24,143.0,michaelbrown@example.org
204650359553,English,F,V1,10,2012-06-24,138.0,michaelbrown@example.com
616586098319,English,M,V2,10,2012-06-24,91.0,christopher38@example.net
588486772730,English,F,V1,10,2012-06-24,91.0,jonesnathaniel@example.org
793444702315,English,M,V1,10,2012-06-24,134.0,yhowell@example.net
600971453463,English,M,V3,10,2012-06-24,138.0,rhall@example.net
802132663376,English,F,V2,10,2012-06-24,133.0,chadparker@example.com
230926398844,English,M,V1,10,2012-06-24,149.0,mitchelljoshua@example.org
360337209954,English,F,V2,10,2012-06-24,140.0,caitlin62@example.org
980297479561,English,F,V2,10,2012-06-24,94.0,juliahoover@example.com
434988341135,English,M,V2,10,2012-06-24,142.0,brittany99@example.com
611484896293,English,M,V1,10,2012-06-24,86.0,erik16@example.net
365013353796,English,M,V3,10,2012-06-24,140.0,gwendolyn18@example.com
977138384030,English,M,V1,10,2012-06-24,143.0,annamelton@example.net
847938885933,English,M,V3,10,2012-06-24,100.0,elizabethdunn@example.net
868132579962,English,F,V3,10,2012-06-24,92.0,tammyponce@example.org
759138276476,English,F,V3,10,2012-06-24,96.0,williamweber@example.org
858020558417,English,F,V1,10,2012-06-24,142.0,jacksonbeth@example.org
783003112229,English,M,V3,10,2012-06-24,128.0,ayoung@example.org
946551645217,English,M,V1,10,2012-06-24,146.0,pwilliams@example.com
398486966341,English,F,V2,10,2012-06-24,97.0,ugeorge@example.org
760554060113,English,F,V2,10,2012-06-24,126.0,benitezbenjamin@example.com
364283850058,English,M,V1,10,2012-06-24,143.0,psingleton@example.org
113182466298,English,F,V3,10,2012-06-24,140.0,hunterjeremy@example.net
506172776928,English,M,V1,10,2012-06-24,87.0,juan60@example.com
514985281490,English,M,V2,10,2012-06-24,141.0,hallpatrick@example.org
993714264009,English,F,V2,10,2012-06-24,145.0,imitchell@example.net
310140671936,English,F,V3,10,2012-06-24,131.0,vwright@example.net
795692074351,English,F,V2,10,2012-06-24,146.0,mccoylaura@example.net
674777600695,English,M,V2,10,2012-06-24,89.0,carlos18@example.org
202597572430,English,M,V3,10,2012-06-24,135.0,adam82@example.com
551000756428,English,M,V2,10,2012-06-24,132.0,yadams@example.org
278334319830,English,F,V2,10,2012-06-24,136.0,richardrobinson@example.com
286349957756,English,M,V3,10,2012-06-24,97.0,nancyvazquez@example.org
952668214128,English,M,V3,10,2012-06-24,140.0,arellanocarolyn@example.org
261490311366,English,F,V3,10,2012-06-24,129.0,alicia44@example.org
774199835846,English,F,V1,10,2012-06-24,101.0,wallerluis@example.org
904545043683,English,M,V3,10,2012-06-24,139.0,michelle85@example.com
173204012844,English,M,V3,10,2012-06-24,121.0,afrye@example.net
540751433353,English,M,V2,10,2012-06-24,130.0,ghaley@example.com
942777837503,English,M,V1,10,2012-06-24,90.0,sarahill@example.com
565542804397,English,F,V3,10,2012-06-24,148.0,kevin25@example.net
884017674619,English,M,V3,10,2012-06-24,91.0,peterstina@example.com
178071329327,English,F,V1,10,2012-06-24,136.0,michelle44@example.com
213562124032,English,F,V3,10,2012-06-24,122.0,erin63@example.net
536073415524,English,M,V3,10,2012-06-24,133.0,qharris@example.org
153832294067,English,X,V2,10,2012-06-24,139.0,archeramy@example.net
173204012844,English,F,V3,10,2012-06-24,127.0,leonardjason@example.org
237702413906,English,F,V2,10,2012-06-24,134.0,james55@example.com
446875547913,English,M,V2,10,2012-06-24,92.0,matthew64@example.org
588486772730,English,F,V3,10,2012-06-24,92.0,andrewdavis@example.com
640493736275,English,F,V3,10,2012-06-24,147.0,michaelgarza@example.org
310565682422,English,F,V2,10,2012-06-24,133.0,rosekenneth@example.org
876912863858,English,F,V3,10,2012-06-24,98.0,nicole98@example.com
229657968734,English,F,V3,10,2012-06-24,93.0,richardsimon@example.org
465726796133,English,F,V3,10,2012-06-24,146.0,braunnancy@example.net
666910782089,English,F,V2,10,2012-06-24,87.0,kimberlygreene@example.net
993752640741,English,F,V3,10,2012-06-24,145.0,charlesanthony@example.org
464818870624,English,M,V2,10,2012-06-24,148.0,richardskatie@example.com
383794806579,English,F,V3,10,2012-06-24,96.0,dhenson@example.net
988756194859,English,M,V3,10,2012-06-24,104.0,samuel96@example.com
501242803005,English,M,V3,10,2012-06-24,116.0,jillianmontgomery@example.net
815092105308,English,F,V1,10,2012-06-24,132.0,dkennedy@example.com
855640600418,English,M,V3,10,2012-06-24,137.0,pwilliams@example.org
395956757163,English,M,V2,10,2012-06-24,93.0,blanchardtiffany@example.net
256287263052,English,F,V1,10,2012-06-24,135.0,allenabigail@example.org
296239243361,English,F,V2,10,2012-06-24,136.0,lopezmark@example.net
714723798134,English,M,V1,10,2012-06-24,145.0,walkercraig@example.com
487519719062,English,F,V1,10,2012-06-24,149.0,zmorris@example.com
941457050026,English,M,V1,10,2012-06-24,,wjackson@example.com
325385475547,English,M,V2,10,2012-06-24,145.0,rebeccapage@example.org
523410526617,English,F,V1,10,2012-06-24,131.0,donna34@example.org
924078843497,English,M,V2,10,2012-06-24,96.0,cynthiaesparza@example.com
809427964135,English,F,V1,10,2012-06-24,145.0,jbrown@example.com
310735696452,English,M,V3,10,2012-06-24,141.0,ytucker@example.org
339280778711,English,F,V1,10,2012-06-24,147.0,john50@example.org
645909006103,English,M,V1,10,2012-06-24,130.0,hectorflores@example.net
438247352355,English,M,V2,10,2012-06-24,138.0,heatherdecker@example.net
351752354396,English,M,V2,10,2012-06-24,141.0,theresaortega@example.org
854135622055,English,F,V1,10,2012-06-24,132.0,kingdebbie@example.com
146796454985,English,M,V1,10,2012-06-24,93.0,brianpatel@example.net
861254599844,English,F,V2,10,2012-06-24,90.0,ryan94@example.org
451325145640,English,F,V3,10,2012-06-24,128.0,javila@example.org
185344191214,English,F,V2,10,2012-06-24,130.0,rileyjeffrey@example.org
118257582482,English,M,V2,10,2012-06-24,140.0,wandrews@example.com
673662594548,English,F,V1,10,2012-06-24,94.0,bellnicole@example.org
412893629990,English,F,V3,10,2012-06-24,88.0,jonesdonald@example.net
976940840680,English,M,V2,10,2012-06-24,86.0,gouldcourtney@example.net
198473711776,English,M,V2,10,2012-06-24,90.0,stephanie67@example.net
193353746714,English,M,V1,10,2012-06-24,139.0,middletonchristopher@example.org
861254599844,English,M,V1,10,2012-06-24,94.0,pamelarhodes@example.org
164700748613,English,M,V1,10,2012-06-24,136.0,davidcook@example.net
886930851739,English,M,V2,10,2012-06-24,97.0,wcampbell@example.com
806045643728,English,F,V2,10,2012-06-24,141.0,williamsbrandy@example.org
928982289825,English,F,V3,10,2012-06-24,103.0,philip95@example.org
761120616947,English,F,V3,10,2012-06-24,135.0,mariajones@example.org
273323050176,English,M,V2,10,2012-06-24,128.0,rlynch@example.net
659782591119,English,F,V1,10,2012-06-24,89.0,porterisabel@example.net
462782240869,English,F,V3,10,2012-06-24,147.0,jmerritt@example.net
447366496003,English,F,V2,10,2012-06-24,138.0,jsanders@example.org
801533185961,English,M,V2,10,2012-06-24,136.0,jenniferharris@example.net
730225077057,English,M,V1,10,2012-06-24,130.0,larry57@example.com
716442649009,English,M,V3,10,2012-06-24,137.0,theresarichardson@example.org
468262120900,English,F,V3,10,2012-06-24,131.0,garyroberts@example.com
421148008000,English,M,V2,10,2012-06-24,117.0,jackson38@example.net
602725427671,English,F,V1,10,2012-06-24,140.0,christopherbaker@example.net
833907095661,English,F,V2,10,2012-06-24,143.0,lindaroy@example.net
317654862796,English,M,V1,10,2012-06-24,95.0,steven81@example.net
102647790615,English,M,V2,10,2012-06-24,137.0,davismichael@example.net
352452365315,English,M,V1,10,2012-06-24,135.0,dcollins@example.org
710320991877,English,F,V3,10,2012-06-24,142.0,uglenn@example.org
980867059994,English,M,V1,10,2012-06-24,103.0,robert70@example.net
739206555286,English,M,V3,10,2012-06-24,146.0,kathygay@example.net
936583889766,English,M,V2,10,2012-06-24,105.0,priley@example.net
536396367586,English,F,V2,10,2012-06-24,95.0,bonnieschmidt@example.net
686332706442,English,M,V1,10,2012-06-24,142.0,jacksonbecky@example.com
572234435620,English,M,V1,10,2012-06-24,129.0,parksjames@example.com
240266702593,English,F,V3,10,2012-06-24,134.0,daniel78@example.net
938124823677,English,F,V2,10,2012-06-24,87.0,erinclark@example.net
980867059994,English,M,V2,10,2012-06-24,102.0,nicholas97@example.com
679393088562,English,M,V3,10,2012-06-24,97.0,mary31@example.com
173073380777,English,M,V2,10,2012-06-24,140.0,jball@example.net
645198907973,English,F,V2,10,2012-06-24,93.0,andrew22@example.com
683188355180,English,M,V3,10,2012-06-24,143.0,jessicacarr@example.com
556449995540,English,F,V2,10,2012-06-24,95.0,glenbrandt@example.net
875726056249,English,F,V3,10,2012-06-24,92.0,nmartin@example.org
831818657234,English,M,V2,10,2012-06-24,145.0,gwall@example.com
432572078615,English,F,V1,10,2012-06-24,141.0,james13@example.com
843822832127,English,F,V2,10,2012-06-24,135.0,sedwards@example.org
309831737513,English,M,V2,10,2012-06-24,140.0,christopher58@example.org
590659177323,English,M,V2,10,2012-06-24,,garciasydney@example.com
725147062355,English,M,V1,10,2012-06-24,135.0,robert25@example.net
159304162991,English,F,V2,10,2012-06-24,139.0,justinabbott@example.com
425789443480,English,F,V2,10,2012-06-24,148.0,ashleynguyen@example.net
580729306415,English,F,V2,10,2012-06-24,137.0,qcox@example.com
981279567686,English,F,V3,10,2012-06-24,102.0,mendezrobert@example.net
439754237396,English,M,V2,10,2012-06-24,89.0,tdavis@example.net
381674175871,English,M,V2,10,2012-06-24,145.0,kathryn69@example.org
639621730925,English,M,V3,10,2012-06-24,143.0,satkins@example.org
865173819503,English,M,V1,10,2012-06-24,145.0,wolfepeter@example.net
564220239973,English,F,V3,10,2012-06-24,143.0,deborah21@example.net
195138074095,English,M,V3,10,2012-06-24,141.0,kari11@example.com
817891429836,English,F,V2,10,2012-06-24,94.0,donna45@example.org
371862082492,English,F,V2,10,2012-06-24,142.0,alejandrosnow@example.com
966266389629,English,F,V1,10,2012-06-24,97.0,rubenlee@example.net
466258519200,English,M,V2,10,2012-06-24,137.0,xcarroll@example.net
896783372807,English,F,V2,10,2012-06-24,94.0,lopezashley@example.com
985517089294,English,M,V1,10,2012-06-24,97.0,xcollier@example.net
731357395964,English,F,V1,10,2012-06-24,87.0,djohnston@example.org
875869082778,English,M,V2,10,2012-06-24,105.0,brittneyavila@example.net
238115319052,English,F,V1,10,2012-06-24,128.0,mpope@example.com
665618169239,English,F,V1,10,2012-06-24,87.0,apowell@example.net
661458700628,English,M,V1,10,2012-06-24,138.0,yespinoza@example.net
681199893924,English,M,V2,10,2012-06-24,100.0,aaron81@example.org
139828230487,English,M,V3,10,2012-06-24,140.0,mjohnson@example.com
656713886170,English,X,V2,10,2012-06-24,147.0,jose76@example.com
102656939754,English,F,V2,10,2012-06-24,144.0,amills@example.com
751436769022,English,M,V3,10,2012-06-24,138.0,nicholas84@example.org
309831737513,English,F,V2,10,2012-06-24,139.0,jennifer45@example.net
475238205317,English,M,V1,10,2012-06-24,134.0,nicole04@example.org
165697621960,English,M,V3,10,2012-06-24,148.0,wattsjacob@example.net
712070262774,English,M,V1,10,2012-06-24,130.0,mball@example.net
109434092828,English,F,V1,10,2012-06-24,139.0,katherinenguyen@example.com
335415493351,English,M,V2,10,2012-06-24,134.0,rvincent@example.org
229984326803,English,F,V2,10,2012-06-24,143.0,kguerrero@example.net
360355319910,English,F,V2,10,2012-06-24,136.0,martinezdavid@example.net
210884039151,English,M,V2,10,2012-06-24,128.0,cdunn@example.net
407107898713,English,F,V2,10,2012-06-24,142.0,nicholas20@example.org
825597483258,English,M,V3,10,2012-06-24,94.0,john18@example.com
470671921954,English,F,V2,10,2012-06-24,146.0,richard53@example.net
982059319691,English,F,V3,10,2012-06-24,87.0,brownkayla@example.org
966799895390,English,F,V3,10,2012-06-24,106.0,allisonhobbs@example.net
229927448530,English,F,V2,10,2012-06-24,146.0,cheyennemay@example.com
280226817815,English,M,V2,10,2012-06-24,139.0,laura14@example.net
249025247203,English,M,V3,10,2012-06-24,130.0,vanessa19@example.org
769855962350,English,M,V3,10,2012-06-24,93.0,paul15@example.com
509921780462,English,M,V3,10,2012-06-24,142.0,danielcarpenter@example.org
847079895708,English,F,V3,10,2012-06-24,101.0,samuelwillis@example.org
559667126937,English,F,V3,10,2012-06-24,91.0,patricia35@example.com
274063360211,English,F,V3,10,2012-06-24,120.0,brandon19@example.com
597090612744,English,M,V3,10,2012-06-24,144.0,blake45@example.org
805539726271,English,M,V2,10,2012-06-24,146.0,derek17@example.com
543148280763,English,M,V1,10,2012-06-24,136.0,pwright@example.net
211397236218,English,M,V2,10,2012-06-24,131.0,jerry53@example.net
767884227993,English,F,V2,10,2012-06-24,102.0,raydonald@example.com
506969828065,English,F,V2,10,2012-06-24,93.0,oward@example.org
471873684379,English,F,V2,10,2012-06-24,96.0,zflynn@example.com
361934257652,English,F,V1,10,2012-06-24,138.0,james26@example.org
447354879124,English,F,V3,10,2012-06-24,143.0,christina99@example.org
603595638245,English,F,V1,10,2012-06-24,145.0,robertsonkylie@example.net
217792594409,English,M,V1,10,2012-06-24,144.0,estesscott@example.org
434988341135,English,F,V2,10,2012-06-24,143.0,rmorse@example.org
806045643728,English,F,V2,10,2012-06-24,139.0,boonehannah@example.com
319264171768,English,M,V2,10,2012-06-24,143.0,gowen@example.com
143882802723,English,F,V1,10,2012-06-24,137.0,reillylevi@example.net
956942817135,English,M,V1,10,2012-06-24,88.0,dickersonandrea@example.com
410210051641,English,M,V2,10,2012-06-24,113.0,oarroyo@example.org
304135441946,English,M,V1,10,2012-06-24,131.0,sheilagarcia@example.net
848107187784,English,M,V2,10,2012-06-24,89.0,gcox@example.com
321118619689,English,M,V1,10,2012-06-24,142.0,smithrichard@example.net
768049574724,English,F,V3,10,2012-06-24,92.0,nsanders@example.com
787100053006,English,F,V2,10,2012-06-24,122.0,hcalhoun@example.com
948505624646,English,M,V2,10,2012-06-24,146.0,thompsonjames@example.net
552441075285,English,F,V2,10,2012-06-24,137.0,teresagoodman@example.com
851408214617,English,M,V1,10,2012-06-24,133.0,matthew42@example.org
980106644145,English,M,V3,10,2012-06-24,136.0,leeaaron@example.com
411048169146,English,M,V1,10,2012-06-24,133.0,curtis08@example.net
886948359858,English,M,V2,10,2012-06-24,111.0,melissamendoza@example.com
131501482829,English,F,V2,10,2012-06-24,129.0,bsanders@example.org
936794991159,English,F,V1,10,2012-06-24,101.0,lewisheather@example.com
142341152470,English,F,V2,10,2012-06-24,123.0,swright@example.com
940769749643,English,F,V2,10,2012-06-24,99.0,michelle44@example.net
551965428535,English,M,V1,10,2012-06-24,147.0,stacy22@example.net
325385475547,English,F,V2,10,2012-06-24,147.0,leandrew@example.com
449327200351,English,F,V3,10,2012-06-24,126.0,xho@example.com
739206555286,English,F,V2,10,2012-06-24,149.0,montgomerysamantha@example.com
381081421774,English,F,V2,10,2012-06-24,137.0,charlesturner@example.net
459169993308,English,F,V1,10,2012-06-24,97.0,cfernandez@example.com
115935786896,English,M,V2,10,2012-06-24,94.0,donaldsonbrenda@example.com
219679651504,English,F,V1,10,2012-06-24,,davidbrady@example.org
734217310590,English,F,V3,10,2012-06-24,130.0,zmason@example.com
436349025665,English,F,V3,10,2012-06-24,142.0,bryanbass@example.net
573348354348,English,M,V1,10,2012-06-24,148.0,michael70@example.net
682076323146,English,M,V1,10,2012-06-24,139.0,thart@example.net
132447311978,English,M,V3,10,2012-06-24,140.0,kevin49@example.org
278316284696,English,F,V3,10,2012-06-24,91.0,leahli@example.net
335415493351,English,F,V3,10,2012-06-24,134.0,amy66@example.org
672756481313,English,F,V2,10,2012-06-24,138.0,vhammond@example.net
258374244697,English,M,V3,10,2012-06-24,88.0,kiddhoward@example.org
498611625105,English,M,V3,10,2012-06-24,139.0,stephaniepatrick@example.org
587088601935,English,M,V1,10,2012-06-24,90.0,jason59@example.org
484124662222,English,F,V1,10,2012-06-24,130.0,benjaminharris@example.com
591608433688,English,M,V2,10,2012-06-24,91.0,omendoza@example.net
442522058424,English,F,V1,10,2012-06-24,127.0,pcox@example.net
919540673347,English,F,V1,10,2012-06-24,144.0,andradeapril@example.com
912795637839,English,M,V2,10,2012-06-24,100.0,mark33@example.org
966064789136,English,M,V1,10,2012-06-24,92.0,ghamilton@example.com
419886210283,English,M,V1,10,2012-06-24,142.0,jason87@example.org
949788918889,English,M,V1,10,2012-06-24,117.0,james25@example.com
738398812647,English,M,V2,10,2012-06-24,97.0,jessica61@example.net
759399300780,English,M,V1,10,2012-06-24,89.0,delacruzderrick@example.net
150589318079,English,F,V3,10,2012-06-24,141.0,lindsey83@example.org
725147062355,English,F,V2,10,2012-06-24,136.0,lindagarza@example.com
754300867087,English,F,V3,10,2012-06-24,142.0,marygreen@example.org
780579132693,English,M,V3,10,2012-06-24,88.0,lisacollins@example.com
592995189939,English,F,V2,10,2012-06-24,106.0,zlee@example.org
942032797800,English,X,V2,10,2012-06-24,138.0,matthew09@example.org
617679582087,English,M,V2,10,2012-06-24,92.0,kirbyjennifer@example.org
552441075285,English,X,V1,10,2012-06-24,139.0,schneiderelizabeth@example.com
209473603062,English,M,V2,10,2012-06-24,128.0,kathleenrojas@example.org
666244609407,English,M,V3,10,2012-06-24,143.0,brettcook@example.com
813556032194,English,M,V1,10,2012-06-24,138.0,castrojuan@example.net
520794841530,English,M,V3,10,2012-06-24,134.0,terrellanthony@example.net
291085189182,English,F,V2,10,2012-06-24,142.0,williamsgary@example.org
134739434619,English,M,V3,10,2012-06-24,143.0,xadams@example.org
511690071755,English,M,V2,10,2012-06-24,135.0,coryclements@example.net
918425883310,English,M,V1,10,2012-06-24,,richardsonjason@example.net
819628925302,English,F,V2,10,2012-06-24,145.0,braunjulie@example.com
128497156216,English,M,V2,10,2012-06-24,137.0,patrickgilmore@example.net
150612677098,English,M,V2,10,2012-06-24,139.0,smithmichael@example.com
781484869536,English,F,V2,10,2012-06-24,96.0,smithvernon@example.net
203185376417,English,M,V3,10,2012-06-24,136.0,moralesnatalie@example.org
936759005043,English,M,V2,10,2012-06-24,142.0,kristenpatel@example.com
351324798755,English,M,V1,10,2012-06-24,149.0,fowlerchristine@example.net
948359002199,English,M,V1,10,2012-06-24,147.0,james48@example.com
172575046893,English,M,V3,10,2012-06-24,147.0,qshelton@example.net
403367630857,English,F,V3,10,2012-06-24,138.0,vsanchez@example.org
154415119743,English,M,V1,10,2012-06-24,134.0,daniel75@example.net
254394492969,English,F,V1,10,2012-06-24,96.0,michaelrivera@example.com
390361546218,English,F,V2,10,2012-06-24,139.0,scott96@example.org
632662184892,English,M,V1,10,2012-06-24,145.0,kevinmorris@example.net
310735696452,English,F,V1,10,2012-06-24,139.0,jerry88@example.net
290686809346,English,M,V3,10,2012-06-24,91.0,mhoover@example.com
972286561746,English,F,V3,10,2012-06-24,92.0,lreeves@example.net
926820154793,English,M,V2,10,2012-06-24,143.0,robert55@example.net
168474451714,English,F,V3,10,2012-06-24,137.0,melinda87@example.org
926820154793,English,M,V1,10,2012-06-24,147.0,stephanieoconnor@example.org
143199516424,English,M,V2,10,2012-06-24,137.0,suttonjeremy@example.org
632606562991,English,M,V3,10,2012-06-24,140.0,mvelasquez@example.com
255139358288,English,M,V2,10,2012-06-24,147.0,clarkkenneth@example.org
103609357500,English,F,V2,10,2012-06-24,130.0,tara65@example.net
632343320837,English,F,V1,10,2012-06-24,129.0,meyerscarol@example.com
438650816973,English,M,V3,10,2012-06-24,85.0,deanna87@example.com
801533185961,English,M,V3,10,2012-06-24,141.0,ylopez@example.org
614545132668,English,F,V3,10,2012-06-24,142.0,porterjennifer@example.com
203185376417,English,F,V3,10,2012-06-24,132.0,cburnett@example.com
810113900430,English,F,V1,10,2012-06-24,117.0,richardfisher@example.org
340667979208,English,M,V2,10,2012-06-24,,ashley44@example.net
543718766981,English,M,V2,10,2012-06-24,93.0,qvaughn@example.net
985320389318,English,M,V2,10,2012-06-24,147.0,jeffreybailey@example.org
864462646781,English,F,V2,10,2012-06-24,92.0,wesleycastillo@example.net
975886230389,English,M,V1,10,2012-06-24,98.0,browndaniel@example.org
751369012557,English,F,V3,10,2012-06-24,140.0,flowerssamuel@example.com
206636138929,English,F,V2,10,2012-06-24,143.0,jamie48@example.net
390962973260,English,M,V1,10,2012-06-24,147.0,velasqueznatalie@example.com
319982292958,English,F,V1,10,2012-06-24,98.0,kellyscott@example.com
567305799877,English,M,V2,10,2012-06-24,101.0,yolsen@example.net
792707689357,English,M,V1,10,2012-06-24,98.0,ngreen@example.org
345785542032,English,M,V1,10,2012-06-24,133.0,keith71@example.net
285488729576,English,F,V2,10,2012-06-24,99.0,susanmccarthy@example.com
768602729721,English,M,V1,10,2012-06-24,145.0,christopher99@example.org
914615865787,English,M,V1,10,2012-06-24,94.0,ronaldprice@example.org
390433312053,English,F,V3,10,2012-06-24,124.0,elaine21@example.org
908608550893,English,M,V2,10,2012-06-24,90.0,danielgraham@example.net
103786469951,English,F,V1,10,2012-06-24,146.0,anthony55@example.org
847642497367,English,F,V2,10,2012-06-24,92.0,kingjack@example.net
594531308470,English,F,V1,10,2012-06-24,135.0,connie33@example.com
101898752945,English,M,V1,10,2012-06-24,148.0,ashley43@example.net
122611423121,English,M,V3,10,2012-06-24,112.0,wvazquez@example.net
904442566992,English,M,V2,10,2012-06-24,91.0,erica79@example.com
523722507390,English,M,V2,10,2012-06-24,135.0,rboyd@example.net
595240811107,English,M,V1,10,2012-06-24,130.0,smithpatrick@example.net
143929034433,English,X,V2,10,2012-06-24,133.0,cummingskaren@example.com
107560236352,English,M,V3,10,2012-06-24,129.0,darrylwatson@example.org
874315192986,English,M,V1,10,2012-06-24,91.0,maxwelltracey@example.com
250351075528,English,M,V3,10,2012-06-24,129.0,riggswilliam@example.net
949788918889,English,F,V2,10,2012-06-24,116.0,ashleyyoung@example.com
417043973328,English,M,V2,10,2012-06-24,140.0,phillipsjoe@example.org
201181679983,English,M,V3,10,2012-06-24,143.0,jacksonraven@example.org
273333726691,English,F,V1,10,2012-06-24,139.0,salazarcody@example.com
973966272600,English,F,V3,10,2012-06-24,142.0,thomas14@example.org
443302824961,English,M,V1,10,2012-06-24,136.0,bennettkenneth@example.org
274063360211,English,M,V3,10,2012-06-24,126.0,maystina@example.org
754108572417,English,F,V1,10,2012-06-24,137.0,xjames@example.org
445238184811,English,M,V1,10,2012-06-24,137.0,timothyjames@example.org
601620673822,English,M,V2,10,2012-06-24,133.0,tylerwhite@example.net
604134992774,English,F,V3,10,2012-06-24,142.0,grogers@example.org
338612232919,English,M,V2,10,2012-06-24,140.0,williamhernandez@example.net
634393265142,English,M,V3,10,2012-06-24,137.0,holly38@example.com
905393862496,English,M,V2,10,2012-06-24,92.0,singletonricardo@example.net
646581131379,English,F,V3,10,2012-06-24,141.0,mollymontgomery@example.net
683713886925,English,M,V2,10,2012-06-24,96.0,thompsondaniel@example.org
859626325159,English,F,V3,10,2012-06-24,89.0,ebyrd@example.com
748637509094,English,M,V3,10,2012-06-24,91.0,andrew85@example.com
826764206383,English,F,V3,10,2012-06-24,143.0,frogers@example.org
338612232919,English,F,V3,10,2012-06-24,136.0,susan97@example.com
949112094187,English,M,V3,10,2012-06-24,144.0,johnsonphillip@example.net
819213578385,English,M,V3,10,2012-06-24,89.0,dustinwilson@example.org
520918541303,English,M,V3,10,2012-06-24,132.0,manderson@example.com
513210828377,English,F,V3,10,2012-06-24,132.0,brittanygray@example.net
952668214128,English,F,V3,10,2012-06-24,140.0,steven63@example.org
641184246215,English,M,V2,10,2012-06-24,131.0,cthompson@example.net
139627853393,English,M,V2,10,2012-06-24,144.0,ascott@example.com
948505624646,English,F,V2,10,2012-06-24,147.0,armstrongerin@example.com
521787333397,English,F,V3,10,2012-06-24,147.0,scott39@example.net
664083669524,English,F,V3,10,2012-06-24,146.0,gregory84@example.net
507368685689,English,X,V2,10,2012-06-24,99.0,morriskevin@example.org
334852081026,English,F,V1,10,2012-06-24,131.0,hickmanbethany@example.net
209473603062,English,M,V2,10,2012-06-24,132.0,oroy@example.net
767447166897,English,F,V1,10,2012-06-24,97.0,wrightshawn@example.com
446623122761,English,M,V3,10,2012-06-24,133.0,lucasrobinson@example.com
776822591015,English,M,V2,10,2012-06-24,139.0,elizabeth27@example.com
287958472129,English,F,V1,10,2012-06-24,94.0,chensamantha@example.com
889024868339,English,F,V1,10,2012-06-24,93.0,rlowe@example.org
665347814727,English,F,V2,10,2012-06-24,91.0,carrie37@example.org
614938201141,English,F,V2,10,2012-06-24,125.0,brittanyramos@example.net
817002575973,English,M,V3,10,2012-06-24,143.0,morrowjeffrey@example.com
961407936525,English,M,V3,10,2012-06-24,146.0,radams@example.org
106856533557,English,F,V3,10,2012-06-24,142.0,cbutler@example.org
882223254882,English,M,V2,10,2012-06-24,144.0,idavid@example.com
307546268556,English,M,V2,10,2012-06-24,142.0,ngeorge@example.net
213475560157,English,M,V3,10,2012-06-24,135.0,sheilasingh@example.org
582395683582,English,F,V2,10,2012-06-24,94.0,finleyelizabeth@example.net
760921537153,English,F,V3,10,2012-06-24,134.0,omoore@example.net
976112614085,English,F,V1,10,2012-06-24,139.0,woodardbrittney@example.org
199656122424,English,M,V3,10,2012-06-24,141.0,nicholas00@example.org
775508191228,English,F,V2,10,2012-06-24,145.0,fryeanne@example.net
819628925302,English,F,V3,10,2012-06-24,146.0,taylorstephanie@example.net
987016691540,English,F,V3,10,2012-06-24,145.0,tinaramirez@example.net
425574150608,English,F,V3,10,2012-06-24,133.0,cnewman@example.net
867300074615,English,F,V2,10,2012-06-24,136.0,ferickson@example.org
773582089731,English,F,V3,10,2012-06-24,86.0,mmartinez@example.com
339657483697,English,F,V3,10,2012-06-24,96.0,shanevillarreal@example.org
225364955042,English,F,V2,10,2012-06-24,134.0,audrey65@example.net
671700660507,English,M,V3,10,2012-06-24,135.0,nelsonnancy@example.com
719143988343,English,F,V2,10,2012-06-24,86.0,ericadaniels@example.net
970102233368,English,M,V2,10,2012-06-24,132.0,lauralamb@example.org
867549987352,English,M,V1,10,2012-06-24,99.0,petersontracey@example.com
474974939143,English,F,V2,10,2012-06-24,94.0,pattersonmatthew@example.org
205393009299,English,M,V2,10,2012-06-24,138.0,christina18@example.net
246941096697,English,F,V2,10,2012-06-24,92.0,beckylopez@example.net
934587489041,English,F,V2,10,2012-06-24,93.0,dgonzales@example.org
799401479614,English,F,V2,10,2012-06-24,91.0,wilsonkatie@example.com
975519765766,English,F,V2,10,2012-06-24,101.0,gregoryjoshua@example.net
916488167057,English,M,V3,10,2012-06-24,91.0,beckdavid@example.net
562044214401,English,M,V2,10,2012-06-24,122.0,colleenjones@example.org
417865729622,English,F,V3,10,2012-06-24,144.0,jonesharry@example.com
814009057001,English,M,V3,10,2012-06-24,125.0,laura39@example.com
806277861019,English,F,V2,10,2012-06-24,144.0,davidhampton@example.net
805492682306,English,F,V3,10,2012-06-24,140.0,careybrian@example.com
398690868181,English,M,V2,10,2012-06-24,94.0,castroandrew@example.org
634893582040,English,M,V1,10,2012-06-24,141.0,francojoseph@example.org
257985326435,English,F,V1,10,2012-06-24,144.0,christopher98@example.net
855341234799,English,F,V1,10,2012-06-24,91.0,rivasmatthew@example.org
551000756428,English,X,V2,10,2012-06-24,134.0,cynthiareynolds@example.net
708365027749,English,F,V3,10,2012-06-24,143.0,caitlin20@example.com
708140152775,English,F,V3,10,2012-06-24,135.0,cindyramirez@example.net
942019263038,English,F,V3,10,2012-06-24,138.0,cfrey@example.org
613738722777,English,F,V3,10,2012-06-24,85.0,jessica40@example.org
427229053731,English,F,V1,10,2012-06-24,136.0,williamsbethany@example.net
523761222517,English,F,V1,10,2012-06-24,131.0,jasonjimenez@example.com
807089258632,English,F,V3,10,2012-06-24,145.0,kristenwelch@example.org
673744433120,English,M,V3,10,2012-06-24,130.0,dawn33@example.net
477692435489,English,M,V1,10,2012-06-24,95.0,thamilton@example.org
284392979278,English,M,V3,10,2012-06-24,98.0,steve84@example.org
785596203827,English,F,V1,10,2012-06-24,89.0,bernard29@example.net
789039476604,English,F,V2,10,2012-06-24,94.0,patricia67@example.com
250775207259,English,F,V1,10,2012-06-24,138.0,riosshane@example.org
121001476242,English,F,V1,10,2012-06-24,115.0,fflores@example.org
585588674260,English,M,V3,10,2012-06-24,90.0,lopezdaniel@example.org
708956198317,English,M,V3,10,2012-06-24,89.0,garyhutchinson@example.net
292161722976,English,M,V2,10,2012-06-24,141.0,cassiegomez@example.org
456907414550,English,F,V1,10,2012-06-24,140.0,reynoldsandrea@example.net
478762481680,English,F,V1,10,2012-06-24,87.0,timothy75@example.org
269607551364,English,F,V2,10,2012-06-24,141.0,scottkirby@example.org
339162339764,English,F,V2,10,2012-06-24,141.0,xacevedo@example.com
516792495981,English,F,V3,10,2012-06-24,91.0,longamanda@example.net
931682110236,English,M,V3,10,2012-06-24,128.0,hjensen@example.org
407421682318,English,F,V1,10,2012-06-24,131.0,carrie57@example.net
990162543798,English,M,V2,10,2012-06-24,88.0,brandon41@example.com
542616265704,English,M,V1,10,2012-06-24,139.0,elijahpoole@example.com
349825112481,English,M,V2,10,2012-06-24,134.0,mallen@example.com
223218555212,English,M,V1,10,2012-06-24,127.0,lyoung@example.net
717408916062,English,M,V1,10,2012-06-24,141.0,zjones@example.com
100376646451,English,M,V1,10,2012-06-24,130.0,kristen48@example.net
667923705783,English,M,V2,10,2012-06-24,90.0,rpineda@example.com
452267923221,English,F,V3,10,2012-06-24,136.0,christopher65@example.com
260628553617,English,F,V2,10,2012-06-24,136.0,donna92@example.net
298086364277,English,M,V3,10,2012-06-24,93.0,rodriguezsamuel@example.org
691908322633,English,M,V3,10,2012-06-24,139.0,yhuff@example.org
706960891504,English,M,V2,10,2012-06-24,142.0,ftaylor@example.net
595351406372,English,M,V2,10,2012-06-24,138.0,derek27@example.com
739206555286,English,M,V2,10,2012-06-24,147.0,fpratt@example.com
104453711644,English,M,V1,10,2012-06-24,125.0,matthewsamy@example.com
481377868970,English,M,V2,10,2012-06-24,98.0,gary83@example.org
253229490020,English,M,V1,10,2012-06-24,125.0,gabriellawright@example.com
707631532417,English,M,V1,10,2012-06-24,134.0,cookamy@example.net
323290760440,English,M,V2,10,2012-06-24,130.0,romerojames@example.org
418105446331,English,M,V2,10,2012-06-24,129.0,vcardenas@example.net
328370035616,English,M,V3,10,2012-06-24,133.0,grossian@example.org
495093398942,English,M,V1,10,2012-06-24,92.0,ryan78@example.net
667738699923,English,F,V2,10,2012-06-24,100.0,chapmanrebekah@example.net
442960365990,English,F,V1,10,2012-06-24,144.0,scott03@example.com
273333726691,English,M,V3,10,2012-06-24,137.0,adavis@example.net
384898891725,English,M,V1,10,2012-06-24,100.0,xbridges@example.com
840747794133,English,M,V3,10,2012-06-24,142.0,sabrina20@example.org
782501312803,English,F,V3,10,2012-06-24,128.0,joe57@example.com
154415119743,English,F,V3,10,2012-06-24,136.0,rebeccaalvarez@example.org
308072450603,English,M,V3,10,2012-06-24,126.0,alexander04@example.com
611627322286,English,M,V1,10,2012-06-24,132.0,ochapman@example.org
777729532052,English,F,V3,10,2012-06-24,142.0,bjones@example.net
338228665242,English,M,V1,10,2012-06-24,142.0,tiffany80@example.com
457016401609,English,F,V2,10,2012-06-24,128.0,matthew45@example.org
255139358288,English,M,V1,10,2012-06-24,146.0,gregorywang@example.net
863136765708,English,M,V3,10,2012-06-24,87.0,timothy72@example.com
888931920885,English,F,V1,10,2012-06-24,96.0,james82@example.com
404457513502,English,M,V3,10,2012-06-24,131.0,williamstonya@example.com
292292290507,English,M,V3,10,2012-06-24,137.0,arowe@example.net
973156474567,English,M,V2,10,2012-06-24,95.0,cdonaldson@example.com
723297643101,English,M,V1,10,2012-06-24,135.0,joelfrench@example.net
939207223144,English,F,V1,10,2012-06-24,133.0,courtney26@example.net
383207085067,English,F,V1,10,2012-06-24,136.0,jill33@example.com
906618329322,English,F,V1,10,2012-06-24,136.0,michaelvalentine@example.com
431483254729,English,M,V1,10,2012-06-24,143.0,christopherharrington@example.com
454947259245,English,F,V3,10,2012-06-24,87.0,johnsonrebecca@example.com
493253556126,English,M,V2,10,2012-06-24,139.0,johnsonjohn@example.net
991785585042,English,F,V1,10,2012-06-24,93.0,spencerlee@example.net
315877941751,English,F,V2,10,2012-06-24,144.0,kaufmanmeghan@example.org
211831123994,English,F,V1,10,2012-06-24,133.0,laurarobinson@example.com
213596915888,English,F,V3,10,2012-06-24,92.0,ryanprice@example.org
261840366863,English,F,V3,10,2012-06-24,139.0,gjohnson@example.com
565542804397,English,M,V1,10,2012-06-24,143.0,melissaperry@example.net
778327249943,English,M,V1,10,2012-06-24,94.0,barbaraharrison@example.net
557189303820,English,F,V3,10,2012-06-24,137.0,veronicamacias@example.org
831800442490,English,M,V2,10,2012-06-24,129.0,lopeztonya@example.org
776707073748,English,M,V2,10,2012-06-24,93.0,bradbishop@example.org
135539038845,English,X,V3,10,2012-06-24,139.0,audrey39@example.com
526769744380,English,F,V3,10,2012-06-24,86.0,bturner@example.net
797283413672,English,M,V1,10,2012-06-24,150.0,bsimmons@example.com
892551338730,English,F,V3,10,2012-06-24,143.0,miaschultz@example.org
447354879124,English,M,V1,10,2012-06-24,148.0,nsmith@example.net
890765868163,English,F,V2,10,2012-06-24,94.0,lperez@example.com
924709431421,English,M,V1,10,2012-06-24,134.0,thunter@example.com
150612677098,English,M,V1,10,2012-06-24,137.0,tfarley@example.org
659065579796,English,M,V1,10,2012-06-24,100.0,luisjohnson@example.net
354306530808,English,M,V3,10,2012-06-24,136.0,seancooper@example.com
966826149413,English,F,V2,10,2012-06-24,150.0,karen73@example.org
847794245022,English,F,V2,10,2012-06-24,145.0,anne12@example.net
457615813253,English,M,V1,10,2012-06-24,136.0,berryjeremiah@example.com
204650359553,English,M,V3,10,2012-06-24,137.0,keith65@example.com
418301584235,English,F,V3,10,2012-06-24,135.0,kristin39@example.net
659782591119,English,F,V2,10,2012-06-24,91.0,david16@example.org
207282683267,English,M,V1,10,2012-06-24,140.0,migueljackson@example.org
505504517322,English,M,V2,10,2012-06-24,128.0,donnanunez@example.net
199008581751,English,F,V2,10,2012-06-24,139.0,kristinmolina@example.com
441056458576,English,F,V2,10,2012-06-24,140.0,yclark@example.net
334150715130,English,F,V3,10,2012-06-24,122.0,victoria61@example.org
195750664519,English,F,V2,10,2012-06-24,144.0,langmichael@example.org
880919916645,English,M,V1,10,2012-06-24,96.0,felliott@example.org
990528373407,English,F,V2,10,2012-06-24,142.0,stevensonallison@example.com
328375101686,English,M,V2,10,2012-06-24,141.0,ymorris@example.org
252176057298,English,F,V3,10,2012-06-24,141.0,npatrick@example.com
878617780236,English,M,V2,10,2012-06-24,89.0,justin23@example.com
899994991753,English,F,V2,10,2012-06-24,112.0,anthony55@example.com
618773005020,English,M,V1,10,2012-06-24,130.0,tbrown@example.org
557189303820,English,F,V1,10,2012-06-24,142.0,jennifer18@example.net
471761569244,English,M,V1,10,2012-06-24,141.0,debrajones@example.net
450845616983,English,F,V3,10,2012-06-24,149.0,morganmichael@example.com
663411929502,English,M,V1,10,2012-06-24,133.0,jose95@example.com
663526478112,English,M,V1,10,2012-06-24,141.0,ebradford@example.org
941457050026,English,M,V2,10,2012-06-24,130.0,jpierce@example.com
840057225658,English,M,V3,10,2012-06-24,137.0,dorseyanthony@example.net
239778358005,English,M,V1,10,2012-06-24,144.0,hicksmark@example.com
966266389629,English,F,V2,10,2012-06-24,102.0,ebony59@example.com
481489321009,English,M,V2,10,2012-06-24,138.0,potterjanet@example.org
503401449207,English,M,V1,10,2012-06-24,124.0,reginald14@example.com
852739738882,English,F,V2,10,2012-06-24,99.0,deborahward@example.org
251257573744,English,M,V3,10,2012-06-24,137.0,erika23@example.com
817891429836,English,M,V1,10,2012-06-24,95.0,simmonsamy@example.com
487807227526,English,M,V2,10,2012-06-24,145.0,maria86@example.net
439347027788,English,F,V2,10,2012-06-24,91.0,herringjonathan@example.net
933412534557,English,F,V3,10,2012-06-24,139.0,milleraaron@example.org
191923459767,English,M,V2,10,2012-06-24,91.0,vasquezrebecca@example.com
766624638736,English,F,V1,10,2012-06-24,94.0,harttammy@example.com
874142943157,English,F,V2,10,2012-06-24,144.0,balltaylor@example.org
772896547372,English,M,V1,10,2012-06-24,96.0,onealjoe@example.com
963814916152,English,F,V2,10,2012-06-24,142.0,vbradley@example.net
201181679983,English,F,V3,10,2012-06-24,143.0,debra10@example.org
770070551863,English,F,V3,10,2012-06-24,137.0,karensmith@example.net
612360049769,English,M,V1,10,2012-06-24,139.0,elogan@example.org
578936650198,English,M,V1,10,2012-06-24,94.0,victorwalker@example.com
198245753201,English,M,V3,10,2012-06-24,133.0,daniellecortez@example.org
729262781632,English,F,V1,10,2012-06-24,142.0,xsmith@example.org
722554773222,English,M,V2,10,2012-06-24,133.0,bmorrison@example.com
994042573031,English,F,V1,10,2012-06-24,132.0,jerrycochran@example.com
348785523924,English,F,V2,10,2012-06-24,91.0,anthonyjackson@example.com
587338026174,English,M,V3,10,2012-06-24,144.0,amywilkerson@example.com
345576579915,English,F,V2,10,2012-06-24,95.0,jeffreyduran@example.com
639621730925,English,M,V3,10,2012-06-24,138.0,evanskatrina@example.net
993714264009,English,F,V3,10,2012-06-24,142.0,dbarber@example.net
980867059994,English,M,V3,10,2012-06-24,100.0,wchristensen@example.org
313450226910,English,M,V3,10,2012-06-24,127.0,matthewsbreanna@example.net
860840473285,English,M,V3,10,2012-06-24,142.0,elliottangela@example.net
963814916152,English,F,V1,10,2012-06-24,141.0,landrymarcus@example.com
807082439924,English,M,V1,10,2012-06-24,143.0,douglas54@example.com
411110330445,English,M,V3,10,2012-06-24,115.0,kaylabarrett@example.org
252890340314,English,F,V1,10,2012-06-24,130.0,kaylabrown@example.net
712070262774,English,M,V2,10,2012-06-24,131.0,sotobradley@example.net
641184246215,English,M,V1,10,2012-06-24,130.0,mcdanielmary@example.com
111176595385,English,F,V1,10,2012-06-24,141.0,brettlewis@example.com
851408214617,English,F,V1,10,2012-06-24,137.0,destinyortiz@example.com
313198937391,English,F,V2,10,2012-06-24,145.0,georgegarcia@example.com
150612677098,English,F,V2,10,2012-06-24,143.0,fordjoshua@example.com
407049648443,English,F,V3,10,2012-06-24,142.0,mandy93@example.com
255299272852,English,M,V3,10,2012-06-24,144.0,howardbradley@example.org
241184769899,English,M,V1,10,2012-06-24,99.0,michaelbyrd@example.com
627875266132,English,F,V1,10,2012-06-24,145.0,omartinez@example.com
641573370933,English,F,V3,10,2012-06-24,136.0,moralesrebecca@example.org
177771777338,English,M,V2,10,2012-06-24,96.0,tracy29@example.com
464370281934,English,F,V1,10,2012-06-24,137.0,erin54@example.net
559265943161,English,M,V3,10,2012-06-24,147.0,gflynn@example.net
181944925455,English,F,V2,10,2012-06-24,145.0,qhuynh@example.org
535738469066,English,M,V3,10,2012-06-24,91.0,martinezjoshua@example.net
964672606237,English,M,V3,10,2012-06-24,149.0,jonathanjohnson@example.org
717935760884,English,M,V1,10,2012-06-24,91.0,nkent@example.org
255299272852,English,F,V1,10,2012-06-24,148.0,grantjennifer@example.net
636911543823,English,F,V1,10,2012-06-24,141.0,mark98@example.org
103761989697,English,F,V2,10,2012-06-24,95.0,chaneybrittany@example.com
150612677098,English,F,V1,10,2012-06-24,140.0,evanscraig@example.com
891006660143,English,M,V3,10,2012-06-24,130.0,robertsmith@example.com
992771766298,English,M,V2,10,2012-06-24,101.0,theresa85@example.com
154415119743,English,M,V2,10,2012-06-24,130.0,kcase@example.net
929014882720,English,F,V3,10,2012-06-24,139.0,kennethjones@example.net
774650469349,English,M,V3,10,2012-06-24,95.0,payneamy@example.net
637239408352,English,M,V3,10,2012-06-24,141.0,lhawkins@example.net
585588674260,English,M,V3,10,2012-06-24,92.0,hphillips@example.org
924609449427,English,F,V3,10,2012-06-24,88.0,jonesbarbara@example.net
937324181876,English,M,V1,10,2012-06-24,147.0,ihill@example.net
576218160977,English,F,V1,10,2012-06-24,144.0,davidsmith@example.com
868479428654,English,F,V3,10,2012-06-24,99.0,jennifer46@example.net
305559803484,English,M,V1,10,2012-06-24,143.0,carrdawn@example.com
549478812828,English,M,V2,10,2012-06-24,91.0,buchananjessica@example.com
660172774617,English,M,V3,10,2012-06-24,145.0,hernandezkenneth@example.org
322739471887,English,F,V2,10,2012-06-24,88.0,leahwu@example.net
433664638258,English,F,V3,10,2012-06-24,146.0,ochang@example.net
632606562991,English,F,V3,10,2012-06-24,,alec46@example.com
222346293053,English,M,V1,10,2012-06-24,132.0,christopher83@example.net
845598550161,English,F,V1,10,2012-06-24,146.0,jillian35@example.com
868450756453,English,F,V3,10,2012-06-24,92.0,uhall@example.com
447468587229,English,F,V2,10,2012-06-24,94.0,thomaspatrick@example.org
215685532703,English,M,V3,10,2012-06-24,,tonystuart@example.com
405594287725,English,M,V1,10,2012-06-24,147.0,dbeck@example.com
681199893924,English,F,V1,10,2012-06-24,96.0,kent28@example.net
397201391650,English,M,V1,10,2012-06-24,136.0,meganconway@example.org
953692589255,English,F,V1,10,2012-06-24,95.0,robertsjason@example.com
359582596462,English,M,V3,10,2012-06-24,90.0,zacharywarner@example.com
145898865578,English,M,V1,10,2012-06-24,102.0,wangalyssa@example.com
542998222088,English,M,V2,10,2012-06-24,149.0,phillip15@example.org
243769105274,English,M,V1,10,2012-06-24,139.0,allison33@example.com
355082575001,English,M,V2,10,2012-06-24,127.0,graveskenneth@example.net
349825112481,English,F,V1,10,2012-06-24,134.0,jennifer49@example.net
890559898123,English,M,V3,10,2012-06-24,94.0,vasquezdanielle@example.net
891006660143,English,F,V1,10,2012-06-24,131.0,michael52@example.net
576882605094,English,M,V1,10,2012-06-24,90.0,erincabrera@example.com
952165135352,English,F,V1,10,2012-06-24,136.0,ericksonandrew@example.org
462472660379,English,F,V3,10,2012-06-24,142.0,lisapage@example.net
417865729622,English,M,V2,10,2012-06-24,145.0,christopher77@example.org
358690604387,English,M,V3,10,2012-06-24,146.0,wheelerlindsay@example.org
333518494724,English,F,V3,10,2012-06-24,141.0,michaelpeck@example.org
874315192986,English,M,V2,10,2012-06-24,93.0,manuel93@example.com
800840430270,English,F,V3,10,2012-06-24,126.0,jason74@example.org
987363517569,English,M,V3,10,2012-06-24,94.0,jason30@example.net
805713251002,English,F,V2,10,2012-06-24,123.0,cody30@example.com
662357163964,English,M,V3,10,2012-06-24,144.0,kbautista@example.com
417865729622,English,M,V2,10,2012-06-24,146.0,teresapaul@example.net
461562308336,English,F,V1,10,2012-06-24,137.0,kayla41@example.org
868812882944,English,F,V3,10,2012-06-24,95.0,melissa32@example.org
768602729721,English,F,V2,10,2012-06-24,144.0,johnsontiffany@example.org
664237992652,English,M,V1,10,2012-06-24,87.0,kross@example.net
903940341436,English,F,V3,10,2012-06-24,134.0,kristen72@example.org
845631877535,English,M,V3,10,2012-06-24,90.0,nicholaslee@example.com
819308177196,English,F,V2,10,2012-06-24,87.0,michelle99@example.net
338331488894,English,F,V2,10,2012-06-24,93.0,cheryl29@example.net
206636138929,English,M,V3,10,2012-06-24,140.0,nicolejones@example.org
566317524586,English,M,V1,10,2012-06-24,143.0,jeffreyhanson@example.org
546269938399,English,F,V1,10,2012-06-24,98.0,johnsonmelinda@example.net
446623122761,English,M,V3,10,2012-06-24,133.0,johnwalker@example.com
204283192366,English,F,V3,10,2012-06-24,137.0,dawnhowell@example.org
866530543354,English,M,V3,10,2012-06-24,138.0,karen91@example.org
446898575440,English,F,V3,10,2012-06-24,94.0,james21@example.com
865053465212,English,M,V1,10,2012-06-24,137.0,umartin@example.net
287958472129,English,M,V2,10,2012-06-24,95.0,kwatson@example.org
673744433120,English,F,V3,10,2012-06-24,130.0,gibsonpatricia@example.com
985320389318,English,M,V1,10,2012-06-24,146.0,yhenry@example.com
664083669524,English,F,V1,10,2012-06-24,145.0,clove@example.net
493916058304,English,F,V3,10,2012-06-24,139.0,rodney96@example.org
868812882944,English,M,V1,10,2012-06-24,95.0,imartinez@example.net
682725938448,English,F,V1,10,2012-06-24,92.0,sheila95@example.org
983615001885,English,F,V2,10,2012-06-24,143.0,iharris@example.net
425808162424,English,X,V1,10,2012-06-24,131.0,johnlee@example.org
779356778188,English,M,V2,10,2012-06-24,103.0,david61@example.net
255299272852,English,F,V1,10,2012-06-24,149.0,fperkins@example.com
642247818358,English,M,V1,10,2012-06-24,146.0,lisatorres@example.com
383207085067,English,F,V3,10,2012-06-24,140.0,alexanderroberts@example.net
199993201320,English,F,V2,10,2012-06-24,138.0,eduardo37@example.com
565739783347,English,F,V1,10,2012-06-24,95.0,samanthapage@example.org
514357709214,English,F,V1,10,2012-06-24,137.0,matthew01@example.net
627609701805,English,M,V3,10,2012-06-24,137.0,williamsrobin@example.com
629047028135,English,F,V3,10,2012-06-24,137.0,erica18@example.com
196228755441,English,M,V1,10,2012-06-24,140.0,david77@example.net
345785542032,English,F,V2,10,2012-06-24,135.0,jasonfox@example.com
932667236981,English,F,V2,10,2012-06-24,91.0,robertshunter@example.com
970274447069,English,X,V1,10,2012-06-24,149.0,muellercrystal@example.org
497919395983,English,M,V1,10,2012-06-24,101.0,lconway@example.net
548830662032,English,F,V1,10,2012-06-24,135.0,joshua09@example.com
385259937280,English,F,V3,10,2012-06-24,91.0,nelsoncarolyn@example.org
304499671684,English,M,V1,10,2012-06-24,92.0,simmonslisa@example.net
708365027749,English,M,V3,10,2012-06-24,143.0,amytaylor@example.org
808467631530,English,F,V2,10,2012-06-24,139.0,michael96@example.net
618773005020,English,F,V1,10,2012-06-24,129.0,denise20@example.net
199707268140,English,M,V1,10,2012-06-24,142.0,richardray@example.net
745990248852,English,M,V1,10,2012-06-24,89.0,simonjamie@example.org
937324181876,English,F,V2,10,2012-06-24,145.0,juanmoore@example.com
711402209760,English,F,V2,10,2012-06-24,125.0,lauramorgan@example.net
186228824287,English,F,V3,10,2012-06-24,143.0,patrick53@example.org
984159272939,English,M,V2,10,2012-06-24,97.0,prush@example.net
173653863599,English,M,V1,10,2012-06-24,95.0,cameronbrian@example.org
606983062879,English,M,V2,10,2012-06-24,93.0,kball@example.org
285488729576,English,M,V1,10,2012-06-24,98.0,millerkelly@example.org
408559379826,English,M,V1,10,2012-06-24,91.0,dana42@example.com
251010329044,English,M,V3,10,2012-06-24,117.0,cherylpoole@example.net
493316931896,English,F,V3,10,2012-06-24,91.0,jacob14@example.com
511483611665,English,M,V2,10,2012-06-24,138.0,amymccarthy@example.org
525201192803,English,M,V1,10,2012-06-24,124.0,andrea73@example.org
441243716501,English,F,V3,10,2012-06-24,127.0,benjaminhall@example.org
465975059223,English,F,V2,10,2012-06-24,,gilbertsabrina@example.org
377852794893,English,M,V3,10,2012-06-24,102.0,julia90@example.net
902997366317,English,M,V2,10,2012-06-24,89.0,whitebradley@example.net
480213561772,English,M,V2,10,2012-06-24,131.0,hknight@example.net
917804645148,English,M,V1,10,2012-06-24,145.0,alexis18@example.com
978786485682,English,M,V1,10,2012-06-24,105.0,veronica58@example.com
657740576276,English,M,V2,10,2012-06-24,91.0,oparker@example.net
993752640741,English,M,V2,10,2012-06-24,143.0,dylan55@example.org
902422984952,English,F,V1,10,2012-06-24,143.0,laura82@example.net
127673925754,English,F,V3,10,2012-06-24,146.0,mary98@example.net
352452365315,English,F,V3,10,2012-06-24,129.0,paige39@example.com
427733063130,English,F,V3,10,2012-06-24,128.0,robert34@example.net
180755717371,English,F,V2,10,2012-06-24,140.0,jimenezlauren@example.com
177416331890,English,F,V1,10,2012-06-24,136.0,smithnatalie@example.org
460999153933,English,M,V3,10,2012-06-24,91.0,kristendavis@example.org
810113900430,English,F,V3,10,2012-06-24,121.0,rileykenneth@example.org
813227487612,English,F,V3,10,2012-06-24,136.0,omason@example.org
515326549002,English,M,V1,10,2012-06-24,127.0,carlyspears@example.com
238663051405,English,M,V2,10,2012-06-24,134.0,kelly56@example.com
481489321009,English,F,V3,10,2012-06-24,138.0,erikanunez@example.org
840057225658,English,F,V2,10,2012-06-24,143.0,brandon60@example.org
922134110972,English,M,V1,10,2012-06-24,128.0,vknight@example.org
662778408648,English,F,V3,10,2012-06-24,92.0,chelsey08@example.com
644740260248,English,F,V3,10,2012-06-24,135.0,bfernandez@example.net
832926225654,English,F,V3,10,2012-06-24,145.0,tannerrogers@example.com
625598723759,English,F,V3,10,2012-06-24,93.0,jeffrey19@example.com
642215814862,English,F,V3,10,2012-06-24,140.0,willisjeffrey@example.net
757620194397,English,F,V3,10,2012-06-24,85.0,michaelstewart@example.net
249310833886,English,F,V1,10,2012-06-24,142.0,sarahsullivan@example.net
785551748651,English,M,V1,10,2012-06-24,88.0,vcortez@example.net
551965428535,English,F,V3,10,2012-06-24,143.0,shawnevans@example.com
976112614085,English,F,V1,10,2012-06-24,136.0,nbutler@example.com
503762710842,English,M,V3,10,2012-06-24,133.0,diana62@example.org
824463561458,English,M,V1,10,2012-06-24,142.0,melissahall@example.net
892605293011,English,M,V1,10,2012-06-24,132.0,martinezroy@example.org
471873684379,English,F,V2,10,2012-06-24,95.0,sharon06@example.com
813227487612,English,F,V2,10,2012-06-24,139.0,cfernandez@example.com
286349957756,English,F,V1,10,2012-06-24,102.0,torresjennifer@example.net
293248638690,English,M,V1,10,2012-06-24,91.0,josephturner@example.com
619828978341,English,M,V3,10,2012-06-24,95.0,watsonelizabeth@example.com
462782240869,English,M,V1,10,2012-06-24,148.0,rebecca88@example.com
866530543354,English,F,V3,10,2012-06-24,140.0,jessica80@example.com
113182466298,English,X,V2,10,2012-06-24,140.0,rebecca38@example.net
590926604882,English,M,V2,10,2012-06-24,144.0,allenwesley@example.com
868450756453,English,F,V2,10,2012-06-24,88.0,epeters@example.com
962751239441,English,M,V1,10,2012-06-24,144.0,reynoldsamanda@example.com
506840729522,English,M,V1,10,2012-06-24,140.0,kgutierrez@example.org
729262781632,English,M,V2,10,2012-06-24,146.0,kimberlyherman@example.org
365747243391,English,M,V1,10,2012-06-24,143.0,alanrodriguez@example.com
486077060968,English,F,V3,10,2012-06-24,88.0,kdurham@example.com
596197291817,English,M,V3,10,2012-06-24,93.0,mark88@example.net
565542804397,English,F,V3,10,2012-06-24,148.0,arroyoisabella@example.com
419711119705,English,M,V3,10,2012-06-24,137.0,gregorylori@example.net
812563223652,English,M,V2,10,2012-06-24,135.0,jessica52@example.org
282097830578,English,M,V1,10,2012-06-24,148.0,barbara31@example.org
292384093634,English,F,V2,10,2012-06-24,141.0,lfarrell@example.net
835068421020,English,F,V1,10,2012-06-24,,abigail41@example.net
856182001421,English,F,V2,10,2012-06-24,123.0,steve95@example.net
324084157708,English,F,V1,10,2012-06-24,136.0,gkelley@example.org
747115969028,English,F,V3,10,2012-06-24,150.0,sullivanjoshua@example.com
520221614394,English,F,V3,10,2012-06-24,124.0,rchung@example.org
635933860837,English,M,V2,10,2012-06-24,91.0,melindawall@example.com
706700675532,English,F,V1,10,2012-06-24,139.0,jonathan52@example.com
414564525249,English,F,V2,10,2012-06-24,141.0,andre72@example.com
101898752945,English,M,V2,10,2012-06-24,150.0,xanderson@example.net
327235830011,English,M,V1,10,2012-06-24,123.0,sanchezoscar@example.net
324848417999,English,M,V2,10,2012-06-24,97.0,frazieralison@example.net
239564532053,English,M,V1,10,2012-06-24,133.0,hjones@example.net
337335793892,English,M,V1,10,2012-06-24,89.0,marienovak@example.org
170035993078,English,F,V3,10,2012-06-24,140.0,aliciabaldwin@example.org
291243138027,English,F,V2,10,2012-06-24,131.0,john99@example.com
835068421020,English,X,V3,10,2012-06-24,130.0,amandarussell@example.org
697346801423,English,M,V3,10,2012-06-24,139.0,contrerascarrie@example.org
137556335809,English,F,V2,10,2012-06-24,142.0,snyderchristopher@example.net
162606537876,English,M,V2,10,2012-06-24,143.0,berrymelissa@example.org
194909189019,English,M,V2,10,2012-06-24,86.0,tfisher@example.net
113347906732,English,F,V2,10,2012-06-24,137.0,taraevans@example.com
766019818917,English,F,V3,10,2012-06-24,93.0,caseyhuff@example.org
981864149412,English,M,V1,10,2012-06-24,147.0,briggsjason@example.com
810113900430,English,F,V1,10,2012-06-24,116.0,robin43@example.com
190991828889,English,M,V1,10,2012-06-24,98.0,adam55@example.com
792495375001,English,M,V2,10,2012-06-24,139.0,whitneyhill@example.net
335619798160,English,F,V2,10,2012-06-24,145.0,hansenlarry@example.com
578936650198,English,M,V2,10,2012-06-24,95.0,vbrennan@example.net
598153235111,English,M,V3,10,2012-06-24,132.0,barreracynthia@example.net
100367813335,English,M,V2,10,2012-06-24,130.0,brian79@example.com
144868032815,English,M,V2,10,2012-06-24,141.0,lindseyoconnor@example.org
375728191724,English,F,V2,10,2012-06-24,147.0,berryandrew@example.net
569116599791,English,F,V2,10,2012-06-24,99.0,brandonharvey@example.com
864731438609,English,F,V1,10,2012-06-24,148.0,stephaniesmith@example.com
613970226679,English,M,V1,10,2012-06-24,144.0,annaholmes@example.com
373399252713,English,F,V2,10,2012-06-24,144.0,wattsjonathan@example.net
488850425766,English,F,V1,10,2012-06-24,89.0,marypowers@example.com
645736746855,English,M,V1,10,2012-06-24,93.0,wwalters@example.net
914368329983,English,M,V3,10,2012-06-24,95.0,russell62@example.net
578862588300,English,M,V2,10,2012-06-24,91.0,lindseypetty@example.com
698349662440,English,M,V3,10,2012-06-24,87.0,amyosborne@example.net
854722792754,English,F,V1,10,2012-06-24,88.0,petersonkathy@example.org
857243289762,English,F,V3,10,2012-06-24,89.0,julie45@example.com
249310833886,English,M,V3,10,2012-06-24,140.0,brandon97@example.com
878270163674,English,M,V1,10,2012-06-24,147.0,travis39@example.org
475140800580,English,F,V1,10,2012-06-24,130.0,jeff26@example.org
865984570940,English,F,V1,10,2012-06-24,96.0,dmitchell@example.net
222911798392,English,M,V1,10,2012-06-24,146.0,ckrause@example.net
641544879653,English,M,V3,10,2012-06-24,87.0,scottjohn@example.com
831818657234,English,M,V1,10,2012-06-24,147.0,emilyriley@example.net
385027486888,English,M,V2,10,2012-06-24,95.0,martinezkatherine@example.net
307042220601,English,M,V2,10,2012-06-24,118.0,zsingleton@example.net
411356859846,English,M,V1,10,2012-06-24,91.0,stevenwilson@example.net
319979229146,English,F,V3,10,2012-06-24,88.0,jody58@example.net
892652225351,English,F,V2,10,2012-06-24,137.0,kmorris@example.com
254384806321,English,F,V2,10,2012-06-24,135.0,austinsmith@example.org
855341234799,English,F,V3,10,2012-06-24,87.0,mjohnson@example.org
874142943157,English,M,V3,10,2012-06-24,143.0,briannawest@example.org
460999153933,English,F,V3,10,2012-06-24,86.0,david01@example.net
522790588991,English,F,V3,10,2012-06-24,91.0,kristopherhunter@example.org
447468587229,English,F,V1,10,2012-06-24,91.0,lopezchristopher@example.com
432621398435,English,M,V2,10,2012-06-24,141.0,garciajennifer@example.net
752193783258,English,F,V3,10,2012-06-24,87.0,scottblackwell@example.org
806420648171,English,F,V1,10,2012-06-24,133.0,alexawalker@example.org
712070262774,English,F,V1,10,2012-06-24,134.0,shannonpennington@example.org
213475560157,English,F,V2,10,2012-06-24,133.0,jeremy91@example.org
373399252713,English,F,V2,10,2012-06-24,144.0,rachael96@example.com
770081568392,English,M,V3,10,2012-06-24,141.0,stevenanderson@example.org
241184769899,English,F,V2,10,2012-06-24,93.0,elizabeth04@example.org
703801104285,English,M,V2,10,2012-06-24,129.0,frodriguez@example.net
864423417463,English,M,V3,10,2012-06-24,137.0,jkrause@example.org
547078979991,English,F,V2,10,2012-06-24,101.0,jennabaker@example.com
858020558417,English,M,V3,10,2012-06-24,144.0,vlong@example.org
134080688821,English,M,V1,10,2012-06-24,140.0,hhernandez@example.org
724182930590,English,M,V2,10,2012-06-24,137.0,aaron74@example.net
905393862496,English,F,V2,10,2012-06-24,89.0,matthew86@example.com
606293421470,English,X,V3,10,2012-06-24,134.0,mccallsarah@example.com
920552768528,English,X,V2,10,2012-06-24,145.0,psmith@example.com
847642497367,English,F,V3,10,2012-06-24,96.0,zburke@example.org
248261157535,English,M,V2,10,2012-06-24,134.0,amanda44@example.com
795692074351,English,M,V1,10,2012-06-24,145.0,williamstravis@example.net
312854157464,English,F,V2,10,2012-06-24,135.0,kenneth90@example.net
908608550893,English,F,V1,10,2012-06-24,87.0,paul83@example.net
662642068410,English,M,V1,10,2012-06-24,131.0,robertjohnson@example.org
962064466500,English,F,V2,10,2012-06-24,136.0,clarkrobert@example.org
678185079330,English,M,V1,10,2012-06-24,143.0,andrew31@example.org
276623343690,English,M,V2,10,2012-06-24,138.0,wsolomon@example.com
234180731026,English,M,V1,10,2012-06-24,126.0,ccalhoun@example.net
963277809443,English,F,V1,10,2012-06-24,89.0,jason97@example.org
108052193041,English,F,V2,10,2012-06-24,119.0,tylerdaniel@example.com
247650929030,English,M,V2,10,2012-06-24,133.0,egray@example.com
483891934744,English,F,V2,10,2012-06-24,89.0,marcwilliams@example.net
291133121198,English,F,V2,10,2012-06-24,129.0,meaganhernandez@example.com
663617817040,English,M,V3,10,2012-06-24,140.0,lgarcia@example.com
244746476064,English,M,V3,10,2012-06-24,145.0,amy38@example.org
130469213072,English,M,V2,10,2012-06-24,128.0,gcampbell@example.net
777729532052,English,M,V3,10,2012-06-24,146.0,mackmary@example.com
904545043683,English,F,V2,10,2012-06-24,140.0,maria06@example.org
400588156197,English,M,V2,10,2012-06-24,143.0,crystal55@example.org
620604566876,English,F,V1,10,2012-06-24,147.0,susangraves@example.com
717474296075,English,F,V2,10,2012-06-24,148.0,smithjames@example.org
290026027356,English,F,V3,10,2012-06-24,130.0,josephjones@example.com
652600421127,English,F,V1,10,2012-06-24,122.0,raymond50@example.net
561195439228,English,M,V3,10,2012-06-24,141.0,orozcohannah@example.com
386541447861,English,M,V1,10,2012-06-24,143.0,julie85@example.net
865053465212,English,F,V3,10,2012-06-24,133.0,vrivas@example.com
246628644715,English,M,V1,10,2012-06-24,141.0,boyerstephen@example.net
803721641980,English,M,V1,10,2012-06-24,135.0,angela04@example.org
905913678510,English,F,V1,10,2012-06-24,143.0,ferrellfelicia@example.net
800341426704,English,M,V2,10,2012-06-24,128.0,transuzanne@example.com
401153289728,English,M,V2,10,2012-06-24,135.0,ramosjennifer@example.com
987687302981,English,M,V3,10,2012-06-24,97.0,uweaver@example.org
355082575001,English,M,V3,10,2012-06-24,126.0,xwalsh@example.com
641816967681,English,M,V2,10,2012-06-24,94.0,hallstephanie@example.org
482212273351,English,M,V1,10,2012-06-24,131.0,nathannelson@example.com
335515093884,English,M,V2,10,2012-06-24,141.0,kelseymonroe@example.com
200184075356,English,F,V1,10,2012-06-24,131.0,ngarza@example.org
669015631450,English,M,V2,10,2012-06-24,132.0,ashleytorres@example.com
592995189939,English,M,V1,10,2012-06-24,109.0,renee41@example.org
666446377035,English,M,V1,10,2012-06-24,,snyderrobert@example.com
773509480888,English,M,V2,10,2012-06-24,92.0,yhodges@example.net
808467631530,English,M,V3,10,2012-06-24,136.0,lisa76@example.net
981451090129,English,F,V3,10,2012-06-24,137.0,heidibowman@example.net
139627853393,English,F,V3,10,2012-06-24,144.0,jessewright@example.org
998504303122,English,F,V1,10,2012-06-24,131.0,joseph17@example.net
981279567686,English,F,V1,10,2012-06-24,101.0,romerobrandi@example.net
560807807181,English,F,V3,10,2012-06-24,136.0,fsmith@example.net
525196867112,English,F,V3,10,2012-06-24,144.0,kathrynjones@example.com
300464595862,English,F,V3,10,2012-06-24,138.0,lpoole@example.net
757644635997,English,M,V1,10,2012-06-24,98.0,mjohnson@example.net
503401449207,English,M,V1,10,2012-06-24,126.0,virginia36@example.org
159304162991,English,F,V2,10,2012-06-24,138.0,rhancock@example.org
706177742856,English,M,V3,10,2012-06-24,88.0,smcneil@example.org
439535146036,English,F,V1,10,2012-06-24,134.0,campbelldaniel@example.com
672360750524,English,M,V2,10,2012-06-24,134.0,westbrian@example.com
372980857173,English,M,V1,10,2012-06-24,86.0,robertlane@example.net
844371997945,English,M,V2,10,2012-06-24,100.0,allen35@example.org
867300074615,English,F,V3,10,2012-06-24,135.0,freynicole@example.com
395809864171,English,M,V1,10,2012-06-24,90.0,brownannette@example.org
670173066318,English,F,V2,10,2012-06-24,133.0,michael30@example.net
553470789161,English,F,V2,10,2012-06-24,146.0,diazsheila@example.net
240266702593,English,M,V2,10,2012-06-24,134.0,jimmyyang@example.net
308695457327,English,F,V2,10,2012-06-24,144.0,jaredramirez@example.net
674777600695,English,M,V3,10,2012-06-24,90.0,lopezchristopher@example.net
393563959032,English,M,V3,10,2012-06-24,147.0,samanthapowers@example.net
308362826890,English,M,V2,10,2012-06-24,144.0,christinehorton@example.com
898803592700,English,F,V2,10,2012-06-24,147.0,williamspaul@example.org
605987068781,English,F,V1,10,2012-06-24,90.0,james23@example.net
728845882706,English,M,V3,10,2012-06-24,96.0,maryvalenzuela@example.net
868812882944,English,F,V1,10,2012-06-24,96.0,jerry16@example.net
223804997846,English,M,V1,10,2012-06-24,93.0,hilldaniel@example.org
402807262675,English,F,V3,10,2012-06-24,134.0,fitzgeraldvictoria@example.com
986084536003,English,M,V1,10,2012-06-24,143.0,acopeland@example.com
953226721542,English,F,V1,10,2012-06-24,138.0,robertbaker@example.net
488850425766,English,X,V2,10,2012-06-24,88.0,rodriguezmelissa@example.net
546737290466,English,M,V2,10,2012-06-24,146.0,david64@example.org
354706373774,English,M,V2,10,2012-06-24,141.0,jon21@example.net
244746476064,English,F,V2,10,2012-06-24,140.0,michaelknight@example.org
427733063130,English,F,V2,10,2012-06-24,126.0,kcunningham@example.com
330141731740,English,M,V3,10,2012-06-24,,susan58@example.com
712070262774,English,F,V2,10,2012-06-24,130.0,romanjeremy@example.net
851965018721,English,F,V2,10,2012-06-24,143.0,gwyatt@example.com
515491056808,English,F,V1,10,2012-06-24,137.0,dyerjohn@example.net
897691417566,English,M,V1,10,2012-06-24,100.0,sierra34@example.org
682076323146,English,M,V1,10,2012-06-24,134.0,amber50@example.com
625598723759,English,M,V1,10,2012-06-24,95.0,hstokes@example.net
179593430508,English,F,V3,10,2012-06-24,144.0,odickson@example.net
576218160977,English,M,V3,10,2012-06-24,146.0,patricia86@example.org
493316931896,English,M,V2,10,2012-06-24,89.0,juanmurphy@example.com
681035590647,English,F,V2,10,2012-06-24,139.0,frank21@example.com
506969828065,English,F,V1,10,2012-06-24,95.0,bwhite@example.org
634387860747,English,M,V3,10,2012-06-24,88.0,davidrobinson@example.net
831421616619,English,M,V3,10,2012-06-24,135.0,danielle75@example.com
322938277609,English,M,V2,10,2012-06-24,146.0,johnbrown@example.net
373399252713,English,M,V2,10,2012-06-24,144.0,parnold@example.org
571249255299,English,F,V2,10,2012-06-24,90.0,kaylarocha@example.com
300796552874,English,M,V1,10,2012-06-24,143.0,dromero@example.com
803355475701,English,F,V1,10,2012-06-24,139.0,darrelljimenez@example.net
661458700628,English,F,V3,10,2012-06-24,141.0,kimmartha@example.org
640493736275,English,M,V2,10,2012-06-24,142.0,nward@example.org
146798900669,English,F,V3,10,2012-06-24,93.0,tylerbarker@example.com
499557734856,English,M,V2,10,2012-06-24,101.0,blake17@example.org
487807227526,English,F,V2,10,2012-06-24,143.0,oreynolds@example.net
230195185425,English,M,V2,10,2012-06-24,131.0,joshua36@example.net
273848044950,English,F,V2,10,2012-06-24,141.0,longchristopher@example.org
692121873116,English,F,V3,10,2012-06-24,138.0,jerry18@example.com
618127402744,English,F,V1,10,2012-06-24,131.0,matthewssandra@example.net
207767756466,English,M,V1,10,2012-06-24,94.0,jasonscott@example.org
282097830578,English,M,V2,10,2012-06-24,147.0,madison96@example.org
133708045417,English,M,V3,10,2012-06-24,133.0,courtneyrangel@example.com
722170705063,English,M,V2,10,2012-06-24,130.0,cmoore@example.net
113804294991,English,X,V3,10,2012-06-24,141.0,mooreanna@example.com
597251844890,English,F,V1,10,2012-06-24,92.0,lmoore@example.org
806277861019,English,F,V3,10,2012-06-24,142.0,greenjason@example.org
195750664519,English,F,V1,10,2012-06-24,147.0,owelch@example.com
108052193041,English,F,V3,10,2012-06-24,122.0,tmurphy@example.net
672756481313,English,M,V3,10,2012-06-24,141.0,andrearichardson@example.org
573348354348,English,M,V1,10,2012-06-24,142.0,parkmary@example.com
658176160606,English,F,V1,10,2012-06-24,137.0,bthompson@example.com
683713886925,English,M,V1,10,2012-06-24,95.0,kathryncain@example.org
360436093855,English,M,V2,10,2012-06-24,143.0,jesse19@example.net
434988341135,English,X,V3,10,2012-06-24,139.0,jeffrey44@example.com
553470789161,English,M,V1,10,2012-06-24,142.0,breed@example.com
709170959349,English,F,V2,10,2012-06-24,92.0,tiffanyballard@example.com
127294323368,English,M,V3,10,2012-06-24,136.0,wolson@example.net
615528403440,English,M,V1,10,2012-06-24,133.0,caitlinmcclain@example.org
620604566876,English,F,V1,10,2012-06-24,145.0,ann73@example.com
975282340680,English,M,V3,10,2012-06-24,145.0,erica76@example.org
521932046808,English,M,V2,10,2012-06-24,133.0,jonesshirley@example.com
162620352362,English,M,V2,10,2012-06-24,124.0,matthew46@example.net
999701122017,English,F,V2,10,2012-06-24,139.0,zamorastephen@example.net
367271156342,English,F,V3,10,2012-06-24,134.0,keithbridget@example.org
911128725609,English,F,V3,10,2012-06-24,140.0,kevinyates@example.com
945966157129,English,F,V1,10,2012-06-24,89.0,william43@example.org
729189200998,English,F,V2,10,2012-06-24,93.0,nicolepalmer@example.net
222239220883,English,F,V2,10,2012-06-24,133.0,parsonsjoshua@example.com
404761941907,English,M,V1,10,2012-06-24,140.0,jroberts@example.org
