Student ID,test name,gender,version,level,test date,Standardised Score,Email
041036731663,Overall,M,V1,11,2021-06-28 00:00:00,123.0,kevinlewis@example.com
033928077871,Overall,F,V1,11,2021-06-28 00:00:00,138.0,moniquewebster@example.com
094344418266,Overall,F,V1,11,2021-06-28 00:00:00,135.0,dianaallen@example.org
036286742371,Overall,M,V2,11,2021-06-28 00:00:00,142.0,michael06@example.org
056460728901,Overall,F,V2,11,2021-06-28 00:00:00,138.0,dyoung@example.com
069824647912,Overall,F,V3,11,2021-06-28 00:00:00,140.0,brenda74@example.net
093739686276,Overall,M,V1,11,2021-06-28 00:00:00,92.0,qsparks@example.com
035302083769,Overall,M,V3,11,2021-06-28 00:00:00,137.0,oanderson@example.com
011963291503,Overall,M,V2,11,2021-06-28 00:00:00,126.0,jamesblake@example.net
034982511248,Overall,M,V1,11,2021-06-28 00:00:00,135.0,william19@example.com
071747429607,Overall,M,V3,11,2021-06-28 00:00:00,144.0,michelle64@example.com
060126909279,Overall,M,V3,11,2021-06-28 00:00:00,134.0,collinsnicole@example.com
075764463599,Overall,M,V3,11,2021-06-28 00:00:00,96.0,pwilson@example.com
037689196074,Overall,M,V1,11,2021-06-28 00:00:00,88.0,benjaminhoover@example.net
052091854130,Overall,M,V3,11,2021-06-28 00:00:00,124.0,xweeks@example.net
045690741455,Overall,F,V3,11,2021-06-28 00:00:00,131.0,stevensims@example.com
025852436488,Overall,F,V1,11,2021-06-28 00:00:00,87.0,ihaney@example.net
053331345987,Overall,F,V2,11,2021-06-28 00:00:00,141.0,mendezmelvin@example.org
013553903884,Overall,M,V1,11,2021-06-28 00:00:00,137.0,hpalmer@example.org
052738822981,Overall,F,V1,11,2021-06-28 00:00:00,86.0,bauersandra@example.com
069130396003,Overall,M,V3,11,2021-06-28 00:00:00,125.0,sara48@example.com
038525993728,Overall,F,V2,11,2021-06-28 00:00:00,84.0,david79@example.net
076931994493,Overall,F,V1,11,2021-06-28 00:00:00,96.0,goldensarah@example.net
095196468629,Overall,M,V1,11,2021-06-28 00:00:00,94.0,housetheresa@example.net
096528377161,Overall,F,V3,11,2021-06-28 00:00:00,84.0,david99@example.org
040710163836,Overall,F,V3,11,2021-06-28 00:00:00,135.0,tiffany31@example.com
098551708929,Overall,F,V1,11,2021-06-28 00:00:00,90.0,jeffersonrenee@example.org
027670504426,Overall,F,V1,11,2021-06-28 00:00:00,137.0,bwilliams@example.net
087154740958,Overall,M,V1,11,2021-06-28 00:00:00,139.0,bvasquez@example.org
049783812084,Overall,F,V2,11,2021-06-28 00:00:00,87.0,james42@example.com
073463546268,Overall,F,V3,11,2021-06-28 00:00:00,89.0,velazquezchristine@example.org
020150801491,Overall,F,V3,11,2021-06-28 00:00:00,121.0,carol08@example.org
090854092419,Overall,M,V2,11,2021-06-28 00:00:00,141.0,johnny83@example.org
011518691719,Overall,M,V2,11,2021-06-28 00:00:00,137.0,brandonrussell@example.org
030046459586,Overall,M,V1,11,2021-06-28 00:00:00,135.0,vanessajones@example.net
042762653372,Overall,F,V3,11,2021-06-28 00:00:00,133.0,blacktroy@example.com
052267357741,Overall,F,V1,11,2021-06-28 00:00:00,143.0,beth98@example.net
063138763083,Overall,F,V2,11,2021-06-28 00:00:00,141.0,xburgess@example.com
048282764673,Overall,M,V2,11,2021-06-28 00:00:00,145.0,zbrown@example.net
010265693975,Overall,M,V2,11,2021-06-28 00:00:00,138.0,vernon37@example.org
047176156924,Overall,M,V2,11,2021-06-28 00:00:00,139.0,ahogan@example.com
060007386333,Overall,F,V2,11,2021-06-28 00:00:00,129.0,danielgomez@example.org
051958937957,Overall,M,V2,11,2021-06-28 00:00:00,93.0,tonicline@example.org
037360508133,Overall,F,V3,11,2021-06-28 00:00:00,128.0,schwartzdaniel@example.com
010683501271,Overall,M,V2,11,2021-06-28 00:00:00,126.0,holly59@example.org
061144369133,Overall,F,V1,11,2021-06-28 00:00:00,126.0,snyderjacob@example.com
060592067157,Overall,X,V1,11,2021-06-28 00:00:00,133.0,turnertaylor@example.com
088211012877,Overall,M,V3,11,2021-06-28 00:00:00,131.0,dawn15@example.com
081087819756,Overall,F,V1,11,2021-06-28 00:00:00,90.0,ywelch@example.com
052091854130,Overall,M,V3,11,2021-06-28 00:00:00,122.0,jamieflowers@example.org
097783007354,Overall,F,V2,11,2021-06-28 00:00:00,86.0,leroywelch@example.com
073928661001,Overall,M,V1,11,2021-06-28 00:00:00,133.0,dicksondonna@example.org
057688260509,Overall,M,V2,11,2021-06-28 00:00:00,84.0,ahansen@example.org
039974983885,Overall,M,V2,11,2021-06-28 00:00:00,100.0,tammybradshaw@example.org
071263057353,Overall,M,V2,11,2021-06-28 00:00:00,138.0,kathleen08@example.org
068528339061,Overall,M,V2,11,2021-06-28 00:00:00,136.0,jeremy02@example.com
050440524003,Overall,M,V2,11,2021-06-28 00:00:00,116.0,maryarellano@example.org
032073696250,Overall,F,V2,11,2021-06-28 00:00:00,125.0,pattersonalan@example.com
020728268326,Overall,M,V2,11,2021-06-28 00:00:00,136.0,udixon@example.com
062592977651,Overall,F,V2,11,2021-06-28 00:00:00,142.0,monicafrench@example.net
061950497007,Overall,M,V3,11,2021-06-28 00:00:00,136.0,youngkatherine@example.com
057778707981,Overall,M,V3,11,2021-06-28 00:00:00,95.0,brittany54@example.com
089118450268,Overall,M,V1,11,2021-06-28 00:00:00,85.0,helenwest@example.org
037123103564,Overall,F,V3,11,2021-06-28 00:00:00,117.0,grossshane@example.com
049325355612,Overall,M,V1,11,2021-06-28 00:00:00,133.0,vlam@example.org
032273947188,Overall,F,V1,11,2021-06-28 00:00:00,82.0,gabriella27@example.com
053481804145,Overall,F,V1,11,2021-06-28 00:00:00,129.0,marksmith@example.net
089095082722,Overall,F,V1,11,2021-06-28 00:00:00,140.0,ahughes@example.org
036765516638,Overall,M,V3,11,2021-06-28 00:00:00,85.0,shelley31@example.net
072674756050,Overall,M,V1,11,2021-06-28 00:00:00,140.0,imarks@example.net
057963280128,Overall,F,V2,11,2021-06-28 00:00:00,138.0,ayalacynthia@example.org
081671169791,Overall,M,V3,11,2021-06-28 00:00:00,86.0,grose@example.org
086425529235,Overall,M,V2,11,2021-06-28 00:00:00,135.0,gardnermitchell@example.org
030324513138,Overall,F,V1,11,2021-06-28 00:00:00,118.0,vbentley@example.net
067757312189,Overall,F,V1,11,2021-06-28 00:00:00,90.0,xmarquez@example.org
063750072808,Overall,F,V1,11,2021-06-28 00:00:00,127.0,marissa50@example.org
060359563824,Overall,M,V3,11,2021-06-28 00:00:00,138.0,beniteztonya@example.net
026294102455,Overall,F,V1,11,2021-06-28 00:00:00,124.0,michellesmith@example.net
074935330921,Overall,M,V1,11,2021-06-28 00:00:00,135.0,elizabeth77@example.com
015855170920,Overall,M,V3,11,2021-06-28 00:00:00,130.0,kchandler@example.com
030836282689,Overall,M,V2,11,2021-06-28 00:00:00,136.0,doris62@example.com
067004321168,Overall,F,V3,11,2021-06-28 00:00:00,127.0,patricia79@example.com
053426080830,Overall,F,V2,11,2021-06-28 00:00:00,128.0,gballard@example.com
014556869867,Overall,F,V1,11,2021-06-28 00:00:00,95.0,molinadennis@example.com
052765036695,Overall,M,V2,11,2021-06-28 00:00:00,136.0,robinsonsteven@example.com
046356979179,Overall,M,V2,11,2021-06-28 00:00:00,94.0,pittmanlindsey@example.org
077284815560,Overall,F,V3,11,2021-06-28 00:00:00,89.0,jeremylawrence@example.org
021892220065,Overall,M,V2,11,2021-06-28 00:00:00,125.0,gonzalezzachary@example.net
024780223641,Overall,F,V3,11,2021-06-28 00:00:00,129.0,fleonard@example.org
090617841832,Overall,M,V2,11,2021-06-28 00:00:00,140.0,melanie37@example.net
099079581829,Overall,M,V2,11,2021-06-28 00:00:00,90.0,meredithcoleman@example.org
096275123944,Overall,M,V3,11,2021-06-28 00:00:00,138.0,mejiaashley@example.com
097073406454,Overall,M,V3,11,2021-06-28 00:00:00,136.0,littleregina@example.com
078300311222,Overall,M,V1,11,2021-06-28 00:00:00,125.0,courtney24@example.net
056677997785,Overall,M,V1,11,2021-06-28 00:00:00,108.0,kdelacruz@example.com
061658609831,Overall,M,V1,11,2021-06-28 00:00:00,83.0,jenniferlawson@example.com
054371876698,Overall,F,V2,11,2021-06-28 00:00:00,87.0,vchapman@example.net
068001617986,Overall,M,V1,11,2021-06-28 00:00:00,141.0,klewis@example.org
064339139235,Overall,M,V3,11,2021-06-28 00:00:00,136.0,landrybeth@example.com
012398814621,Overall,F,V1,11,2021-06-28 00:00:00,138.0,traceyjordan@example.org
052079484153,Overall,F,V3,11,2021-06-28 00:00:00,135.0,lee35@example.org
034620096616,Overall,M,V2,11,2021-06-28 00:00:00,135.0,shannon27@example.net
049335365867,Overall,F,V3,11,2021-06-28 00:00:00,94.0,alexismontoya@example.net
059476071373,Overall,F,V2,11,2021-06-28 00:00:00,144.0,vdaniels@example.org
041419658404,Overall,F,V3,11,2021-06-28 00:00:00,129.0,michelle07@example.com
024137928457,Overall,F,V2,11,2021-06-28 00:00:00,142.0,marissathompson@example.net
055100075642,Overall,M,V1,11,2021-06-28 00:00:00,126.0,annelong@example.org
071320022619,Overall,M,V2,11,2021-06-28 00:00:00,120.0,whitejon@example.org
021884031456,Overall,M,V3,11,2021-06-28 00:00:00,132.0,ojensen@example.org
072329764310,Overall,F,V3,11,2021-06-28 00:00:00,130.0,norrismary@example.net
050550451732,Overall,M,V2,11,2021-06-28 00:00:00,122.0,tiffany97@example.net
034017578783,Overall,M,V3,11,2021-06-28 00:00:00,138.0,nathan68@example.org
056631752458,Overall,M,V1,11,2021-06-28 00:00:00,141.0,fwagner@example.org
081700257597,Overall,M,V1,11,2021-06-28 00:00:00,135.0,gthomas@example.org
014388280272,Overall,M,V2,11,2021-06-28 00:00:00,132.0,esparks@example.org
047523820531,Overall,F,V1,11,2021-06-28 00:00:00,128.0,maryball@example.net
083493367836,Overall,F,V1,11,2021-06-28 00:00:00,86.0,holmesjoseph@example.net
017921904089,Overall,M,V1,11,2021-06-28 00:00:00,141.0,phillipsrobert@example.com
097919766045,Overall,X,V1,11,2021-06-28 00:00:00,87.0,jackfuller@example.org
031345022691,Overall,M,V1,11,2021-06-28 00:00:00,123.0,toddtaylor@example.net
050369155417,Overall,F,V2,11,2021-06-28 00:00:00,132.0,andrealopez@example.net
040280726267,Overall,F,V2,11,2021-06-28 00:00:00,136.0,byoung@example.org
098205931969,Overall,M,V2,11,2021-06-28 00:00:00,87.0,ruizkimberly@example.org
086598457094,Overall,F,V2,11,2021-06-28 00:00:00,86.0,jobrien@example.org
046597505922,Overall,F,V3,11,2021-06-28 00:00:00,143.0,calvinshort@example.org
033530435011,Overall,M,V2,11,2021-06-28 00:00:00,112.0,vwilson@example.net
060007386333,Overall,M,V3,11,2021-06-28 00:00:00,125.0,fgarrison@example.net
037082448955,Overall,F,V3,11,2021-06-28 00:00:00,83.0,hodgejustin@example.com
032618136647,Overall,M,V1,11,2021-06-28 00:00:00,132.0,nicolefox@example.net
048009167776,Overall,M,V2,11,2021-06-28 00:00:00,88.0,nstone@example.net
042741444025,Overall,F,V3,11,2021-06-28 00:00:00,130.0,zallen@example.org
025372444859,Overall,F,V3,11,2021-06-28 00:00:00,145.0,fritzdavid@example.org
083180044249,Overall,M,V2,11,2021-06-28 00:00:00,128.0,rhall@example.com
031127735030,Overall,F,V2,11,2021-06-28 00:00:00,118.0,qfrost@example.net
059524081110,Overall,F,V2,11,2021-06-28 00:00:00,124.0,vanessa17@example.com
077008156839,Overall,F,V3,11,2021-06-28 00:00:00,140.0,madeline99@example.com
024211003974,Overall,M,V2,11,2021-06-28 00:00:00,126.0,ibowman@example.net
013373469250,Overall,M,V2,11,2021-06-28 00:00:00,135.0,sara80@example.org
040703841441,Overall,F,V3,11,2021-06-28 00:00:00,125.0,ljones@example.com
014152185374,Overall,M,V2,11,2021-06-28 00:00:00,125.0,denise66@example.net
080994576752,Overall,F,V3,11,2021-06-28 00:00:00,92.0,wilsonryan@example.com
044570626510,Overall,M,V1,11,2021-06-28 00:00:00,124.0,donalddelgado@example.com
077226342904,Overall,M,V1,11,2021-06-28 00:00:00,137.0,xgarrett@example.org
030417376981,Overall,F,V1,11,2021-06-28 00:00:00,137.0,suzanne33@example.org
099178558504,Overall,F,V2,11,2021-06-28 00:00:00,87.0,blake81@example.com
069941181782,Overall,M,V1,11,2021-06-28 00:00:00,88.0,martinezian@example.org
057620766327,Overall,M,V2,11,2021-06-28 00:00:00,140.0,ricardosutton@example.net
070851460100,Overall,F,V1,11,2021-06-28 00:00:00,123.0,matthew39@example.net
074338152736,Overall,F,V3,11,2021-06-28 00:00:00,141.0,jasminesimpson@example.org
082088271121,Overall,F,V3,11,2021-06-28 00:00:00,134.0,samuel63@example.net
030754881755,Overall,M,V3,11,2021-06-28 00:00:00,86.0,thompsonchristopher@example.com
046914552208,Overall,M,V2,11,2021-06-28 00:00:00,130.0,wfranklin@example.com
039117670414,Overall,F,V1,11,2021-06-28 00:00:00,127.0,mollyburton@example.com
050397594842,Overall,M,V1,11,2021-06-28 00:00:00,139.0,bmorris@example.org
012849715621,Overall,M,V2,11,2021-06-28 00:00:00,138.0,micheal43@example.com
026027069074,Overall,M,V3,11,2021-06-28 00:00:00,127.0,johnsontammy@example.org
094259631288,Overall,F,V3,11,2021-06-28 00:00:00,81.0,angela48@example.com
043900686230,Overall,F,V3,11,2021-06-28 00:00:00,132.0,william99@example.org
053479087216,Overall,M,V1,11,2021-06-28 00:00:00,139.0,kwatkins@example.net
089591280176,Overall,M,V3,11,2021-06-28 00:00:00,88.0,lisa89@example.com
035175235439,Overall,F,V1,11,2021-06-28 00:00:00,137.0,mark82@example.net
085697277370,Overall,F,V1,11,2021-06-28 00:00:00,90.0,anthonyarmstrong@example.net
060346376362,Overall,M,V3,11,2021-06-28 00:00:00,132.0,maria12@example.com
048751971906,Overall,M,V1,11,2021-06-28 00:00:00,142.0,jamesramirez@example.net
046099915393,Overall,F,V3,11,2021-06-28 00:00:00,87.0,dan93@example.com
097061452259,Overall,F,V1,11,2021-06-28 00:00:00,143.0,jamesmccarty@example.com
038489889172,Overall,M,V2,11,2021-06-28 00:00:00,99.0,mckinneygail@example.net
073660436571,Overall,F,V3,11,2021-06-28 00:00:00,136.0,mezacrystal@example.net
061846214742,Overall,F,V2,11,2021-06-28 00:00:00,128.0,juliejohnston@example.com
042295447126,Overall,M,V3,11,2021-06-28 00:00:00,137.0,shahraymond@example.net
053048518063,Overall,F,V1,11,2021-06-28 00:00:00,126.0,parkdiana@example.com
031149771912,Overall,M,V1,11,2021-06-28 00:00:00,139.0,gdavis@example.com
044197375480,Overall,M,V1,11,2021-06-28 00:00:00,136.0,moyerjudith@example.net
035183013920,Overall,F,V2,11,2021-06-28 00:00:00,124.0,christina19@example.org
060243756872,Overall,M,V3,11,2021-06-28 00:00:00,143.0,ryanstevens@example.net
083912345562,Overall,M,V1,11,2021-06-28 00:00:00,138.0,thomasparker@example.org
055718930382,Overall,F,V3,11,2021-06-28 00:00:00,137.0,misty47@example.com
016867141783,Overall,M,V2,11,2021-06-28 00:00:00,139.0,gamblebrandon@example.org
025101032904,Overall,M,V1,11,2021-06-28 00:00:00,113.0,david04@example.com
083183040369,Overall,M,V1,11,2021-06-28 00:00:00,133.0,joshuajones@example.com
070696089150,Overall,F,V2,11,2021-06-28 00:00:00,139.0,moramichael@example.com
032408415770,Overall,F,V2,11,2021-06-28 00:00:00,133.0,mnguyen@example.org
017673990580,Overall,F,V1,11,2021-06-28 00:00:00,88.0,jesseholt@example.net
031977728248,Overall,F,V3,11,2021-06-28 00:00:00,89.0,lstevens@example.net
073017626722,Overall,F,V1,11,2021-06-28 00:00:00,127.0,griffithjeffrey@example.com
048221227335,Overall,F,V1,11,2021-06-28 00:00:00,127.0,bennettshannon@example.net
057223443562,Overall,M,V2,11,2021-06-28 00:00:00,130.0,millersamantha@example.org
014388280272,Overall,M,V2,11,2021-06-28 00:00:00,134.0,clarkrobert@example.org
086849114334,Overall,F,V2,11,2021-06-28 00:00:00,142.0,juan58@example.com
037586378306,Overall,F,V2,11,2021-06-28 00:00:00,139.0,michaelgalloway@example.org
047248033668,Overall,M,V3,11,2021-06-28 00:00:00,139.0,uwatkins@example.com
013201870167,Overall,F,V1,11,2021-06-28 00:00:00,129.0,durhamjessica@example.net
030485001704,Overall,F,V2,11,2021-06-28 00:00:00,114.0,carolgilmore@example.org
049955773485,Overall,M,V2,11,2021-06-28 00:00:00,93.0,warrenbrooke@example.org
038786829058,Overall,F,V3,11,2021-06-28 00:00:00,87.0,yeseniamckenzie@example.com
018616173567,Overall,M,V3,11,2021-06-28 00:00:00,134.0,angela98@example.net
033530435011,Overall,M,V2,11,2021-06-28 00:00:00,118.0,ygarcia@example.net
089999499175,Overall,F,V1,11,2021-06-28 00:00:00,108.0,williamwheeler@example.com
091279563783,Overall,M,V2,11,2021-06-28 00:00:00,90.0,rodriguezshannon@example.com
038808112381,Overall,F,V2,11,2021-06-28 00:00:00,125.0,fieldsandrea@example.net
046183184411,Overall,M,V3,11,2021-06-28 00:00:00,130.0,zsmith@example.net
070814015277,Overall,M,V3,11,2021-06-28 00:00:00,133.0,uduran@example.org
017777177733,Overall,M,V3,11,2021-06-28 00:00:00,91.0,clairewillis@example.net
083390709566,Overall,F,V3,11,2021-06-28 00:00:00,140.0,vhill@example.net
034857790163,Overall,M,V3,11,2021-06-28 00:00:00,86.0,charleschung@example.com
012669068460,Overall,M,V2,11,2021-06-28 00:00:00,136.0,spencerrichard@example.net
090956140218,Overall,F,V2,11,2021-06-28 00:00:00,139.0,joycelynch@example.net
017807132932,Overall,M,V1,11,2021-06-28 00:00:00,135.0,gregory34@example.org
066341192950,Overall,F,V1,11,2021-06-28 00:00:00,135.0,dlopez@example.net
067988096186,Overall,M,V1,11,2021-06-28 00:00:00,95.0,vhiggins@example.net
092374684132,Overall,F,V3,11,2021-06-28 00:00:00,133.0,rmorgan@example.org
073599034076,Overall,M,V3,11,2021-06-28 00:00:00,136.0,mitchelljennifer@example.net
032798166368,Overall,M,V1,11,2021-06-28 00:00:00,144.0,robert64@example.com
058708860193,Overall,F,V2,11,2021-06-28 00:00:00,83.0,michelle09@example.net
096024313140,Overall,M,V2,11,2021-06-28 00:00:00,126.0,rachelhendricks@example.net
026294102455,Overall,F,V3,11,2021-06-28 00:00:00,125.0,charlesmassey@example.net
092902348450,Overall,F,V2,11,2021-06-28 00:00:00,137.0,gabriellejohnston@example.org
079569207435,Overall,M,V2,11,2021-06-28 00:00:00,145.0,jennifercook@example.org
075144033914,Overall,M,V2,11,2021-06-28 00:00:00,128.0,christina18@example.com
016757514490,Overall,M,V1,11,2021-06-28 00:00:00,134.0,bakerstephen@example.org
016921174454,Overall,F,V3,11,2021-06-28 00:00:00,131.0,taylorhernandez@example.net
066361781704,Overall,M,V1,11,2021-06-28 00:00:00,130.0,johnsonmicheal@example.org
075927133681,Overall,M,V2,11,2021-06-28 00:00:00,137.0,nicolebenjamin@example.net
088686963256,Overall,F,V2,11,2021-06-28 00:00:00,96.0,brownadam@example.com
097983610992,Overall,F,V2,11,2021-06-28 00:00:00,86.0,jessicanorris@example.com
036388376414,Overall,F,V2,11,2021-06-28 00:00:00,144.0,wendysmith@example.com
077960886288,Overall,M,V3,11,2021-06-28 00:00:00,100.0,jlopez@example.net
077793950213,Overall,F,V1,11,2021-06-28 00:00:00,82.0,wgross@example.com
026511967362,Overall,F,V1,11,2021-06-28 00:00:00,130.0,torresmichelle@example.org
073233045101,Overall,F,V3,11,2021-06-28 00:00:00,111.0,jamiecantrell@example.net
045132514564,Overall,F,V2,11,2021-06-28 00:00:00,121.0,lindsaylester@example.org
032954244871,Overall,X,V1,11,2021-06-28 00:00:00,136.0,iarmstrong@example.org
034089916831,Overall,F,V3,11,2021-06-28 00:00:00,136.0,kristinlynn@example.org
048106670858,Overall,M,V3,11,2021-06-28 00:00:00,87.0,holly37@example.com
056707214207,Overall,F,V1,11,2021-06-28 00:00:00,136.0,xbarton@example.com
077992179653,Overall,F,V3,11,2021-06-28 00:00:00,92.0,heather74@example.net
029324863869,Overall,M,V3,11,2021-06-28 00:00:00,82.0,morganbenjamin@example.org
068103559064,Overall,F,V1,11,2021-06-28 00:00:00,139.0,john52@example.org
039117670414,Overall,F,V1,11,2021-06-28 00:00:00,129.0,uortiz@example.com
052519266919,Overall,F,V3,11,2021-06-28 00:00:00,142.0,alexandervasquez@example.net
011211116028,Overall,M,V2,11,2021-06-28 00:00:00,118.0,todd47@example.net
050232939293,Overall,F,V3,11,2021-06-28 00:00:00,141.0,blacklee@example.com
057050863336,Overall,F,V3,11,2021-06-28 00:00:00,129.0,nicole58@example.com
065837289601,Overall,F,V1,11,2021-06-28 00:00:00,83.0,riverabonnie@example.org
082026200820,Overall,F,V1,11,2021-06-28 00:00:00,126.0,jacksonjennifer@example.com
081578537551,Overall,F,V1,11,2021-06-28 00:00:00,143.0,omontoya@example.net
015114280579,Overall,F,V3,11,2021-06-28 00:00:00,134.0,tammyyoder@example.org
057778707981,Overall,F,V1,11,2021-06-28 00:00:00,91.0,markjohnson@example.org
083265475663,Overall,M,V2,11,2021-06-28 00:00:00,91.0,cwilson@example.com
096888134248,Overall,F,V2,11,2021-06-28 00:00:00,82.0,sara18@example.net
060941448557,Overall,M,V3,11,2021-06-28 00:00:00,140.0,kleinjeffrey@example.net
036428385005,Overall,F,V2,11,2021-06-28 00:00:00,137.0,melissarivers@example.net
046197153036,Overall,F,V1,11,2021-06-28 00:00:00,132.0,johnlewis@example.com
043164613273,Overall,F,V2,11,2021-06-28 00:00:00,129.0,jbrooks@example.net
041419658404,Overall,M,V3,11,2021-06-28 00:00:00,131.0,pmcgee@example.com
093675900504,Overall,F,V1,11,2021-06-28 00:00:00,135.0,antoniobarnett@example.net
030244226594,Overall,M,V1,11,2021-06-28 00:00:00,127.0,michelegonzales@example.com
046914552208,Overall,M,V1,11,2021-06-28 00:00:00,130.0,lucasboone@example.com
064224781835,Overall,F,V3,11,2021-06-28 00:00:00,139.0,holmesdaniel@example.net
037082448955,Overall,F,V2,11,2021-06-28 00:00:00,85.0,bakerbradley@example.net
068604590987,Overall,M,V1,11,2021-06-28 00:00:00,86.0,maryriley@example.org
098040467902,Overall,F,V3,11,2021-06-28 00:00:00,138.0,taracook@example.net
021983263525,Overall,M,V2,11,2021-06-28 00:00:00,141.0,dbaker@example.com
019944946973,Overall,M,V3,11,2021-06-28 00:00:00,94.0,ryan67@example.org
077265164274,Overall,F,V2,11,2021-06-28 00:00:00,,amyparker@example.com
071118851983,Overall,F,V2,11,2021-06-28 00:00:00,145.0,lisacraig@example.org
016712819211,Overall,M,V1,11,2021-06-28 00:00:00,126.0,danielbranch@example.org
050389605697,Overall,M,V1,11,2021-06-28 00:00:00,85.0,gtravis@example.org
092109718953,Overall,F,V3,11,2021-06-28 00:00:00,137.0,belljohn@example.com
034982511248,Overall,F,V2,11,2021-06-28 00:00:00,130.0,cruzjessica@example.com
075278985461,Overall,F,V3,11,2021-06-28 00:00:00,88.0,xthompson@example.net
078710005300,Overall,M,V3,11,2021-06-28 00:00:00,124.0,katelyncollins@example.org
046251785040,Overall,M,V2,11,2021-06-28 00:00:00,131.0,gjohnson@example.org
091547234398,Overall,F,V2,11,2021-06-28 00:00:00,88.0,jessica29@example.com
079344470231,Overall,M,V1,11,2021-06-28 00:00:00,132.0,oortega@example.com
048905054400,Overall,F,V3,11,2021-06-28 00:00:00,123.0,markeverett@example.org
081534051243,Overall,F,V3,11,2021-06-28 00:00:00,126.0,stricklandwilliam@example.net
051435770921,Overall,M,V1,11,2021-06-28 00:00:00,130.0,jackiehunter@example.com
084388021483,Overall,F,V3,11,2021-06-28 00:00:00,132.0,smithbenjamin@example.com
058198064021,Overall,M,V3,11,2021-06-28 00:00:00,137.0,daviesfrank@example.net
024902524720,Overall,F,V2,11,2021-06-28 00:00:00,125.0,mkane@example.com
060272542767,Overall,M,V3,11,2021-06-28 00:00:00,135.0,milleredward@example.org
086729156361,Overall,F,V2,11,2021-06-28 00:00:00,135.0,ricky74@example.com
018310024870,Overall,M,V2,11,2021-06-28 00:00:00,124.0,marissastrong@example.org
066264206841,Overall,M,V3,11,2021-06-28 00:00:00,129.0,katherine38@example.org
082125397121,Overall,M,V3,11,2021-06-28 00:00:00,129.0,dustin69@example.com
053409024625,Overall,F,V3,11,2021-06-28 00:00:00,125.0,james36@example.org
047689891209,Overall,F,V1,11,2021-06-28 00:00:00,91.0,sanchezjesus@example.com
010100288664,Overall,F,V1,11,2021-06-28 00:00:00,122.0,darlene58@example.com
048885042576,Overall,F,V3,11,2021-06-28 00:00:00,86.0,colton98@example.net
055718930382,Overall,F,V2,11,2021-06-28 00:00:00,135.0,barnescarmen@example.net
064339139235,Overall,M,V2,11,2021-06-28 00:00:00,130.0,kaitlyn24@example.org
039036154621,Overall,M,V3,11,2021-06-28 00:00:00,132.0,operez@example.com
038586973218,Overall,F,V2,11,2021-06-28 00:00:00,86.0,sean09@example.net
035694812605,Overall,M,V1,11,2021-06-28 00:00:00,135.0,russellramos@example.org
029918386642,Overall,M,V1,11,2021-06-28 00:00:00,142.0,lisadelacruz@example.com
096379516016,Overall,M,V1,11,2021-06-28 00:00:00,88.0,urichards@example.com
093431359966,Overall,M,V2,11,2021-06-28 00:00:00,146.0,wdaniels@example.org
044819616710,Overall,F,V1,11,2021-06-28 00:00:00,133.0,vickiwilliams@example.net
051498528149,Overall,F,V2,11,2021-06-28 00:00:00,142.0,daniel87@example.net
080213266337,Overall,X,V3,11,2021-06-28 00:00:00,128.0,edwardserik@example.com
068025000520,Overall,M,V1,11,2021-06-28 00:00:00,118.0,clementstheresa@example.org
037360508133,Overall,F,V2,11,2021-06-28 00:00:00,125.0,stephanieherrera@example.com
076616636453,Overall,F,V1,11,2021-06-28 00:00:00,88.0,tracey07@example.net
064590900610,Overall,M,V1,11,2021-06-28 00:00:00,127.0,williampatterson@example.com
086403484294,Overall,F,V2,11,2021-06-28 00:00:00,87.0,zowen@example.net
031149771912,Overall,F,V3,11,2021-06-28 00:00:00,136.0,zvazquez@example.com
068103559064,Overall,F,V2,11,2021-06-28 00:00:00,136.0,mcdowellryan@example.com
066624460940,Overall,M,V3,11,2021-06-28 00:00:00,139.0,collin93@example.com
037679680617,Overall,M,V2,11,2021-06-28 00:00:00,88.0,kevin88@example.net
086313676570,Overall,X,V2,11,2021-06-28 00:00:00,82.0,mandrews@example.com
078559620382,Overall,M,V1,11,2021-06-28 00:00:00,88.0,gomezdillon@example.org
053387285163,Overall,M,V1,11,2021-06-28 00:00:00,140.0,shannonhowe@example.net
074935330921,Overall,M,V3,11,2021-06-28 00:00:00,135.0,smckay@example.net
098145109012,Overall,F,V1,11,2021-06-28 00:00:00,131.0,johnsonrichard@example.net
020018407535,Overall,F,V1,11,2021-06-28 00:00:00,123.0,hannah54@example.org
091547234398,Overall,M,V2,11,2021-06-28 00:00:00,89.0,ronald62@example.com
098107407695,Overall,F,V1,11,2021-06-28 00:00:00,141.0,ijones@example.com
018953113726,Overall,F,V3,11,2021-06-28 00:00:00,137.0,lisa32@example.com
086845075645,Overall,M,V3,11,2021-06-28 00:00:00,88.0,hrobinson@example.net
040058815619,Overall,F,V1,11,2021-06-28 00:00:00,138.0,debbieperez@example.net
030750725447,Overall,M,V3,11,2021-06-28 00:00:00,137.0,alexander64@example.org
036682368076,Overall,M,V3,11,2021-06-28 00:00:00,144.0,romerophilip@example.com
012507180474,Overall,X,V1,11,2021-06-28 00:00:00,126.0,tperez@example.net
010818203976,Overall,M,V1,11,2021-06-28 00:00:00,138.0,veronicaluna@example.net
062559872375,Overall,M,V3,11,2021-06-28 00:00:00,94.0,anthonycampbell@example.net
083159452910,Overall,F,V2,11,2021-06-28 00:00:00,137.0,renee17@example.org
044358650065,Overall,X,V1,11,2021-06-28 00:00:00,139.0,prestonapril@example.net
039043331205,Overall,M,V2,11,2021-06-28 00:00:00,123.0,xcrawford@example.net
044314339348,Overall,M,V3,11,2021-06-28 00:00:00,139.0,cwalters@example.org
086042788452,Overall,M,V1,11,2021-06-28 00:00:00,137.0,mariasnyder@example.com
087029434653,Overall,M,V3,11,2021-06-28 00:00:00,87.0,qadkins@example.net
098127956768,Overall,F,V1,11,2021-06-28 00:00:00,99.0,murraykaren@example.org
057672805825,Overall,M,V1,11,2021-06-28 00:00:00,140.0,vincentarnold@example.org
030567104512,Overall,M,V1,11,2021-06-28 00:00:00,122.0,mlewis@example.net
086077657619,Overall,F,V1,11,2021-06-28 00:00:00,85.0,xwhite@example.net
041036731663,Overall,M,V2,11,2021-06-28 00:00:00,121.0,ejohnson@example.org
030836282689,Overall,M,V2,11,2021-06-28 00:00:00,142.0,codybanks@example.net
071840246818,Overall,F,V2,11,2021-06-28 00:00:00,137.0,swheeler@example.com
048780722752,Overall,M,V1,11,2021-06-28 00:00:00,142.0,james87@example.com
026062855361,Overall,M,V3,11,2021-06-28 00:00:00,137.0,keith45@example.com
098010664414,Overall,M,V2,11,2021-06-28 00:00:00,130.0,sanchezbrian@example.org
050496638539,Overall,M,V2,11,2021-06-28 00:00:00,145.0,xmeadows@example.net
081671169791,Overall,M,V1,11,2021-06-28 00:00:00,84.0,ocastillo@example.com
093431359966,Overall,F,V2,11,2021-06-28 00:00:00,146.0,mcdowelltyler@example.com
067688907535,Overall,F,V3,11,2021-06-28 00:00:00,92.0,mccarthyanne@example.com
050710512158,Overall,F,V3,11,2021-06-28 00:00:00,117.0,dawn69@example.com
056554280439,Overall,M,V3,11,2021-06-28 00:00:00,141.0,sean81@example.net
045835307448,Overall,F,V1,11,2021-06-28 00:00:00,135.0,wilsonjason@example.com
040200516001,Overall,M,V1,11,2021-06-28 00:00:00,100.0,kfisher@example.org
021367576184,Overall,F,V3,11,2021-06-28 00:00:00,138.0,joel43@example.org
031587794175,Overall,F,V1,11,2021-06-28 00:00:00,141.0,toni31@example.org
051179103416,Overall,F,V3,11,2021-06-28 00:00:00,126.0,fernandonguyen@example.com
058558867426,Overall,F,V2,11,2021-06-28 00:00:00,86.0,kevin51@example.net
058734018255,Overall,F,V3,11,2021-06-28 00:00:00,135.0,qbennett@example.com
075843297688,Overall,F,V2,11,2021-06-28 00:00:00,94.0,qellis@example.net
087909706137,Overall,F,V3,11,2021-06-28 00:00:00,87.0,james58@example.org
037736886474,Overall,F,V2,11,2021-06-28 00:00:00,95.0,ewilliams@example.com
036187008357,Overall,F,V3,11,2021-06-28 00:00:00,139.0,washingtonallen@example.org
016696368838,Overall,M,V2,11,2021-06-28 00:00:00,94.0,vasquezkeith@example.com
038167417587,Overall,M,V3,11,2021-06-28 00:00:00,144.0,phillipbartlett@example.org
093168211023,Overall,F,V3,11,2021-06-28 00:00:00,126.0,andrealucas@example.com
075895093204,Overall,M,V1,11,2021-06-28 00:00:00,139.0,stephanie31@example.net
064181696768,Overall,M,V1,11,2021-06-28 00:00:00,87.0,burtonjeremy@example.net
014610206322,Overall,M,V3,11,2021-06-28 00:00:00,112.0,wilsonsherry@example.net
090860855089,Overall,M,V2,11,2021-06-28 00:00:00,86.0,fscott@example.net
062772816034,Overall,M,V1,11,2021-06-28 00:00:00,137.0,lori77@example.org
083493367836,Overall,M,V1,11,2021-06-28 00:00:00,87.0,david88@example.net
051010417229,Overall,M,V2,11,2021-06-28 00:00:00,122.0,emilybrown@example.org
056710124739,Overall,F,V1,11,2021-06-28 00:00:00,135.0,johnwilliams@example.com
072304054195,Overall,M,V2,11,2021-06-28 00:00:00,126.0,jason34@example.com
073362473890,Overall,M,V1,11,2021-06-28 00:00:00,138.0,hartmark@example.com
042256244443,Overall,F,V3,11,2021-06-28 00:00:00,130.0,steven30@example.com
067477760069,Overall,M,V2,11,2021-06-28 00:00:00,86.0,zburns@example.com
016867141783,Overall,F,V3,11,2021-06-28 00:00:00,137.0,rebeccaallison@example.org
026906457870,Overall,M,V1,11,2021-06-28 00:00:00,89.0,michelle52@example.net
021897305293,Overall,F,V1,11,2021-06-28 00:00:00,142.0,paul83@example.com
098086939685,Overall,M,V1,11,2021-06-28 00:00:00,96.0,michael52@example.com
021066229153,Overall,F,V2,11,2021-06-28 00:00:00,118.0,marcusball@example.com
089212253099,Overall,F,V2,11,2021-06-28 00:00:00,140.0,santosmary@example.org
077203650003,Overall,M,V3,11,2021-06-28 00:00:00,117.0,melanie87@example.net
021553729374,Overall,F,V3,11,2021-06-28 00:00:00,131.0,zrodriguez@example.net
017257504689,Overall,F,V1,11,2021-06-28 00:00:00,139.0,jmartinez@example.net
035831854928,Overall,M,V1,11,2021-06-28 00:00:00,141.0,eric45@example.org
037616069648,Overall,M,V1,11,2021-06-28 00:00:00,142.0,ilowery@example.com
080177985735,Overall,F,V1,11,2021-06-28 00:00:00,90.0,castanedajennifer@example.net
015833735379,Overall,F,V2,11,2021-06-28 00:00:00,143.0,rblack@example.org
086562011958,Overall,F,V3,11,2021-06-28 00:00:00,146.0,hayesdebra@example.net
080746885149,Overall,M,V2,11,2021-06-28 00:00:00,83.0,perrygregory@example.net
057289164403,Overall,M,V2,11,2021-06-28 00:00:00,136.0,leachalex@example.com
077723001899,Overall,M,V1,11,2021-06-28 00:00:00,140.0,garnold@example.org
070766063695,Overall,M,V2,11,2021-06-28 00:00:00,87.0,cynthiarodgers@example.net
097830994405,Overall,F,V1,11,2021-06-28 00:00:00,144.0,millermary@example.com
075538385389,Overall,F,V1,11,2021-06-28 00:00:00,88.0,thorntonjill@example.com
035450182853,Overall,F,V3,11,2021-06-28 00:00:00,133.0,jongomez@example.org
042426234811,Overall,F,V3,11,2021-06-28 00:00:00,127.0,myersdustin@example.org
065694137849,Overall,M,V3,11,2021-06-28 00:00:00,89.0,melindaguzman@example.org
047665164771,Overall,M,V2,11,2021-06-28 00:00:00,88.0,jfuentes@example.org
067028275820,Overall,M,V2,11,2021-06-28 00:00:00,136.0,uturner@example.com
080764416537,Overall,F,V2,11,2021-06-28 00:00:00,139.0,stephanie10@example.net
040855937982,Overall,M,V3,11,2021-06-28 00:00:00,89.0,qwilliams@example.com
041487065529,Overall,F,V1,11,2021-06-28 00:00:00,,teresa48@example.com
034089916831,Overall,M,V2,11,2021-06-28 00:00:00,138.0,meghan79@example.net
017497351497,Overall,M,V2,11,2021-06-28 00:00:00,89.0,james06@example.com
047014320018,Overall,M,V3,11,2021-06-28 00:00:00,117.0,shannon42@example.org
085060726201,Overall,F,V1,11,2021-06-28 00:00:00,131.0,vincentwarren@example.org
045750394620,Overall,M,V2,11,2021-06-28 00:00:00,138.0,johnsonrhonda@example.com
051724386460,Overall,M,V3,11,2021-06-28 00:00:00,137.0,proctorrebecca@example.org
021557104391,Overall,M,V2,11,2021-06-28 00:00:00,125.0,toni83@example.org
053253132859,Overall,F,V2,11,2021-06-28 00:00:00,134.0,pwilson@example.net
076385104908,Overall,F,V1,11,2021-06-28 00:00:00,142.0,ashley97@example.org
071148422025,Overall,M,V1,11,2021-06-28 00:00:00,128.0,jconrad@example.net
079071973540,Overall,M,V1,11,2021-06-28 00:00:00,142.0,xnelson@example.com
010943409282,Overall,F,V3,11,2021-06-28 00:00:00,131.0,jharvey@example.net
036286742371,Overall,F,V1,11,2021-06-28 00:00:00,144.0,debbiejones@example.org
060880431777,Overall,M,V3,11,2021-06-28 00:00:00,140.0,bgonzalez@example.org
027709694266,Overall,F,V3,11,2021-06-28 00:00:00,91.0,tashamcdowell@example.net
090067530945,Overall,F,V3,11,2021-06-28 00:00:00,133.0,benjaminsummers@example.net
015323904410,Overall,M,V1,11,2021-06-28 00:00:00,126.0,wilkinsonhannah@example.org
073669721897,Overall,F,V3,11,2021-06-28 00:00:00,97.0,pcolon@example.org
091917649653,Overall,F,V1,11,2021-06-28 00:00:00,89.0,anthonyhicks@example.net
043767656070,Overall,M,V1,11,2021-06-28 00:00:00,84.0,vsparks@example.org
077203650003,Overall,F,V1,11,2021-06-28 00:00:00,117.0,kathleen96@example.com
093276537675,Overall,F,V2,11,2021-06-28 00:00:00,96.0,woodlauren@example.org
065384110973,Overall,M,V3,11,2021-06-28 00:00:00,138.0,crosario@example.org
016044858677,Overall,M,V2,11,2021-06-28 00:00:00,143.0,nicole21@example.org
069809644248,Overall,M,V2,11,2021-06-28 00:00:00,89.0,dwayne71@example.net
097312111797,Overall,F,V2,11,2021-06-28 00:00:00,,velazquezann@example.net
074438693764,Overall,X,V1,11,2021-06-28 00:00:00,85.0,flynndiane@example.org
048780722752,Overall,F,V2,11,2021-06-28 00:00:00,139.0,oklein@example.net
027570784241,Overall,F,V1,11,2021-06-28 00:00:00,137.0,michael47@example.org
051562259022,Overall,F,V2,11,2021-06-28 00:00:00,126.0,ronaldmarks@example.net
091780464514,Overall,M,V2,11,2021-06-28 00:00:00,141.0,randall63@example.com
063121608624,Overall,M,V1,11,2021-06-28 00:00:00,128.0,ashleyturner@example.com
012398814621,Overall,X,V3,11,2021-06-28 00:00:00,134.0,amber76@example.com
090134488505,Overall,M,V2,11,2021-06-28 00:00:00,134.0,qbray@example.org
062140213261,Overall,F,V3,11,2021-06-28 00:00:00,118.0,munozdaniel@example.net
075913827647,Overall,F,V2,11,2021-06-28 00:00:00,87.0,mary24@example.net
029964796020,Overall,F,V3,11,2021-06-28 00:00:00,144.0,conniemercer@example.com
057688260509,Overall,F,V2,11,2021-06-28 00:00:00,83.0,rjennings@example.com
032383903140,Overall,F,V1,11,2021-06-28 00:00:00,123.0,oday@example.com
012114875903,Overall,F,V2,11,2021-06-28 00:00:00,127.0,darrell71@example.org
056993245051,Overall,M,V1,11,2021-06-28 00:00:00,140.0,lisaaustin@example.net
075410857241,Overall,F,V2,11,2021-06-28 00:00:00,133.0,ojohnson@example.com
077754742528,Overall,F,V3,11,2021-06-28 00:00:00,85.0,mallorymaynard@example.com
058072930641,Overall,M,V3,11,2021-06-28 00:00:00,137.0,rnash@example.org
086813257996,Overall,M,V1,11,2021-06-28 00:00:00,87.0,hannahcarney@example.org
061235838353,Overall,F,V3,11,2021-06-28 00:00:00,134.0,katherine68@example.org
038555887165,Overall,M,V1,11,2021-06-28 00:00:00,88.0,sawyertravis@example.org
094009256499,Overall,M,V2,11,2021-06-28 00:00:00,86.0,holly65@example.org
030413544194,Overall,F,V2,11,2021-06-28 00:00:00,126.0,pdixon@example.net
035694812605,Overall,M,V3,11,2021-06-28 00:00:00,132.0,clinton81@example.org
026519791232,Overall,M,V1,11,2021-06-28 00:00:00,132.0,david82@example.org
013523509037,Overall,M,V3,11,2021-06-28 00:00:00,124.0,leahmoore@example.com
098205931969,Overall,M,V3,11,2021-06-28 00:00:00,87.0,loganball@example.com
013201870167,Overall,F,V1,11,2021-06-28 00:00:00,126.0,margaret17@example.org
046251785040,Overall,F,V2,11,2021-06-28 00:00:00,133.0,timothyharvey@example.net
056903738033,Overall,M,V1,11,2021-06-28 00:00:00,137.0,bcampbell@example.net
052924011673,Overall,M,V3,11,2021-06-28 00:00:00,127.0,amanda05@example.org
035077518316,Overall,F,V2,11,2021-06-28 00:00:00,138.0,eho@example.org
040923823655,Overall,F,V3,11,2021-06-28 00:00:00,136.0,snyderchristine@example.org
036301074169,Overall,F,V3,11,2021-06-28 00:00:00,124.0,zgreen@example.org
074517027094,Overall,F,V3,11,2021-06-28 00:00:00,137.0,dana71@example.org
032237885407,Overall,M,V2,11,2021-06-28 00:00:00,138.0,moralesjoel@example.org
044539705790,Overall,F,V2,11,2021-06-28 00:00:00,138.0,wilsonfrank@example.com
014252734671,Overall,F,V2,11,2021-06-28 00:00:00,132.0,bdavidson@example.net
084606770524,Overall,M,V1,11,2021-06-28 00:00:00,140.0,charlessims@example.org
065906557979,Overall,F,V2,11,2021-06-28 00:00:00,97.0,jshepard@example.org
064154487965,Overall,M,V1,11,2021-06-28 00:00:00,88.0,wendy71@example.com
050313043805,Overall,M,V3,11,2021-06-28 00:00:00,125.0,franksmith@example.org
088591206518,Overall,F,V2,11,2021-06-28 00:00:00,139.0,egomez@example.org
020424689532,Overall,M,V3,11,2021-06-28 00:00:00,129.0,kristenparks@example.com
071263057353,Overall,F,V3,11,2021-06-28 00:00:00,135.0,tgordon@example.com
057223443562,Overall,M,V1,11,2021-06-28 00:00:00,124.0,lpreston@example.net
094978891888,Overall,F,V1,11,2021-06-28 00:00:00,111.0,faith10@example.net
030605012650,Overall,M,V2,11,2021-06-28 00:00:00,122.0,troy51@example.com
034272345132,Overall,M,V1,11,2021-06-28 00:00:00,131.0,rogerschristie@example.org
023830861493,Overall,F,V1,11,2021-06-28 00:00:00,137.0,hpatterson@example.net
049509339894,Overall,F,V1,11,2021-06-28 00:00:00,86.0,jenniferbrown@example.org
033269808639,Overall,X,V2,11,2021-06-28 00:00:00,142.0,westlisa@example.org
019099182888,Overall,F,V2,11,2021-06-28 00:00:00,94.0,catherine04@example.org
077155129292,Overall,M,V1,11,2021-06-28 00:00:00,137.0,robert57@example.net
076601981891,Overall,F,V3,11,2021-06-28 00:00:00,87.0,lcompton@example.org
046625851920,Overall,F,V3,11,2021-06-28 00:00:00,133.0,andrearoberts@example.org
015387356500,Overall,M,V1,11,2021-06-28 00:00:00,128.0,jeremy08@example.org
038165645211,Overall,F,V3,11,2021-06-28 00:00:00,129.0,tristanpoole@example.net
031003658454,Overall,X,V1,11,2021-06-28 00:00:00,128.0,phillipmoreno@example.net
085697277370,Overall,F,V3,11,2021-06-28 00:00:00,88.0,pagesusan@example.com
063962173092,Overall,F,V1,11,2021-06-28 00:00:00,135.0,kimberlysanchez@example.org
061321121522,Overall,F,V3,11,2021-06-28 00:00:00,120.0,robertbennett@example.com
052406376545,Overall,M,V1,11,2021-06-28 00:00:00,137.0,websterstephanie@example.net
072329764310,Overall,M,V1,11,2021-06-28 00:00:00,127.0,paulrhodes@example.net
051498528149,Overall,M,V3,11,2021-06-28 00:00:00,143.0,jamesmeadows@example.org
080084043027,Overall,F,V2,11,2021-06-28 00:00:00,122.0,nsellers@example.net
047187368437,Overall,F,V2,11,2021-06-28 00:00:00,88.0,kimberly65@example.org
057778707981,Overall,M,V2,11,2021-06-28 00:00:00,95.0,kyle82@example.com
060404294460,Overall,M,V3,11,2021-06-28 00:00:00,128.0,paul09@example.com
088952692400,Overall,M,V1,11,2021-06-28 00:00:00,143.0,xgonzalez@example.com
087586908277,Overall,M,V1,11,2021-06-28 00:00:00,97.0,jasminegonzalez@example.net
019335374671,Overall,F,V1,11,2021-06-28 00:00:00,140.0,pearsondavid@example.net
016728258966,Overall,M,V3,11,2021-06-28 00:00:00,84.0,brandigeorge@example.org
067366259454,Overall,M,V2,11,2021-06-28 00:00:00,92.0,eric44@example.net
092222691896,Overall,F,V1,11,2021-06-28 00:00:00,142.0,bgomez@example.org
089693256623,Overall,M,V3,11,2021-06-28 00:00:00,90.0,anna86@example.com
055513760012,Overall,M,V1,11,2021-06-28 00:00:00,125.0,martinethan@example.net
093341253455,Overall,F,V3,11,2021-06-28 00:00:00,136.0,mary08@example.net
091501738825,Overall,F,V2,11,2021-06-28 00:00:00,141.0,thomasbruce@example.com
090444256699,Overall,F,V2,11,2021-06-28 00:00:00,87.0,kristina32@example.org
022789746770,Overall,F,V3,11,2021-06-28 00:00:00,89.0,ubradley@example.net
076268194260,Overall,M,V1,11,2021-06-28 00:00:00,141.0,djohnson@example.com
032934041971,Overall,M,V3,11,2021-06-28 00:00:00,135.0,connerkimberly@example.org
016259079847,Overall,M,V3,11,2021-06-28 00:00:00,145.0,pmendoza@example.com
081733153846,Overall,F,V2,11,2021-06-28 00:00:00,139.0,emilycross@example.net
066585591063,Overall,F,V3,11,2021-06-28 00:00:00,141.0,emilyjackson@example.org
088984782727,Overall,F,V2,11,2021-06-28 00:00:00,103.0,michelebutler@example.net
076427760160,Overall,F,V3,11,2021-06-28 00:00:00,129.0,yross@example.com
068762201850,Overall,M,V1,11,2021-06-28 00:00:00,131.0,joshua52@example.net
048130445295,Overall,F,V1,11,2021-06-28 00:00:00,128.0,sheppardamanda@example.net
082547263618,Overall,M,V3,11,2021-06-28 00:00:00,84.0,srodriguez@example.net
083818188308,Overall,F,V2,11,2021-06-28 00:00:00,83.0,icampbell@example.org
033640466390,Overall,F,V3,11,2021-06-28 00:00:00,128.0,hayesnicholas@example.net
080549268230,Overall,F,V2,11,2021-06-28 00:00:00,135.0,joe31@example.net
061236004976,Overall,M,V2,11,2021-06-28 00:00:00,134.0,taylor80@example.com
093237933476,Overall,M,V2,11,2021-06-28 00:00:00,88.0,stephenkelly@example.net
054618308006,Overall,F,V1,11,2021-06-28 00:00:00,136.0,emily72@example.com
067757312189,Overall,F,V3,11,2021-06-28 00:00:00,88.0,barbarageorge@example.org
082097416069,Overall,M,V2,11,2021-06-28 00:00:00,85.0,blane@example.net
076427760160,Overall,M,V2,11,2021-06-28 00:00:00,127.0,leonardsmith@example.com
051266832565,Overall,F,V1,11,2021-06-28 00:00:00,,hansonjames@example.net
096564034860,Overall,M,V1,11,2021-06-28 00:00:00,,ashleywalter@example.net
062248259304,Overall,F,V3,11,2021-06-28 00:00:00,132.0,mkrause@example.org
035694812605,Overall,M,V2,11,2021-06-28 00:00:00,133.0,stevenharris@example.com
092752922809,Overall,M,V3,11,2021-06-28 00:00:00,143.0,melissa74@example.net
099738183782,Overall,F,V3,11,2021-06-28 00:00:00,96.0,susanbryan@example.org
097547752363,Overall,F,V1,11,2021-06-28 00:00:00,145.0,jamie54@example.org
058239568358,Overall,M,V3,11,2021-06-28 00:00:00,87.0,jamiewong@example.org
014392903443,Overall,F,V2,11,2021-06-28 00:00:00,131.0,enielsen@example.com
024753135906,Overall,M,V3,11,2021-06-28 00:00:00,136.0,travisashley@example.net
066574436634,Overall,M,V2,11,2021-06-28 00:00:00,146.0,walkerjohn@example.org
094267260052,Overall,F,V2,11,2021-06-28 00:00:00,134.0,mallorylopez@example.com
046826212090,Overall,F,V1,11,2021-06-28 00:00:00,121.0,cassandramcdonald@example.com
036518286324,Overall,F,V1,11,2021-06-28 00:00:00,134.0,marshallleslie@example.org
041021005164,Overall,F,V2,11,2021-06-28 00:00:00,109.0,hernandezmichael@example.net
091501738825,Overall,F,V2,11,2021-06-28 00:00:00,140.0,christyayala@example.com
030261213866,Overall,F,V1,11,2021-06-28 00:00:00,132.0,johnmorrison@example.net
066442272452,Overall,F,V1,11,2021-06-28 00:00:00,129.0,martinsamuel@example.net
084779424502,Overall,F,V1,11,2021-06-28 00:00:00,141.0,lynchjacqueline@example.org
018622882428,Overall,M,V3,11,2021-06-28 00:00:00,143.0,buckjoshua@example.com
072926278163,Overall,M,V1,11,2021-06-28 00:00:00,139.0,castrotony@example.org
047403561708,Overall,M,V2,11,2021-06-28 00:00:00,132.0,ortegajames@example.net
077249513509,Overall,M,V3,11,2021-06-28 00:00:00,142.0,jasonromero@example.com
013238229253,Overall,M,V1,11,2021-06-28 00:00:00,123.0,kayla39@example.org
027959937532,Overall,F,V3,11,2021-06-28 00:00:00,86.0,bobbytaylor@example.com
081789142983,Overall,M,V2,11,2021-06-28 00:00:00,88.0,joseph91@example.com
013150148282,Overall,F,V1,11,2021-06-28 00:00:00,130.0,michael06@example.org
082660728285,Overall,M,V1,11,2021-06-28 00:00:00,141.0,bethgonzales@example.org
044689857544,Overall,F,V3,11,2021-06-28 00:00:00,86.0,wrightcharles@example.net
061446395512,Overall,F,V3,11,2021-06-28 00:00:00,136.0,christine42@example.net
098675933653,Overall,M,V3,11,2021-06-28 00:00:00,92.0,mcguirekimberly@example.com
078382586427,Overall,M,V3,11,2021-06-28 00:00:00,89.0,wellsjohn@example.org
091493344330,Overall,F,V2,11,2021-06-28 00:00:00,124.0,bradley81@example.net
086946637181,Overall,M,V2,11,2021-06-28 00:00:00,83.0,davismichelle@example.net
086214529106,Overall,F,V1,11,2021-06-28 00:00:00,136.0,thayes@example.com
038167417587,Overall,M,V1,11,2021-06-28 00:00:00,143.0,rmitchell@example.net
060941448557,Overall,F,V2,11,2021-06-28 00:00:00,140.0,colemanjason@example.org
056703451903,Overall,F,V2,11,2021-06-28 00:00:00,127.0,lynchkenneth@example.net
018649317511,Overall,M,V2,11,2021-06-28 00:00:00,128.0,fdavis@example.net
035383024905,Overall,M,V1,11,2021-06-28 00:00:00,130.0,henrymatthew@example.com
083633847571,Overall,M,V2,11,2021-06-28 00:00:00,88.0,fcraig@example.com
090661832932,Overall,F,V2,11,2021-06-28 00:00:00,136.0,porteralexandra@example.com
049547226065,Overall,M,V1,11,2021-06-28 00:00:00,140.0,victortyler@example.org
086353849605,Overall,F,V1,11,2021-06-28 00:00:00,90.0,wolfjeremy@example.org
022691082602,Overall,M,V2,11,2021-06-28 00:00:00,124.0,weavergregory@example.org
024137928457,Overall,F,V3,11,2021-06-28 00:00:00,140.0,james88@example.com
020286665275,Overall,M,V2,11,2021-06-28 00:00:00,137.0,hchambers@example.org
083965326058,Overall,M,V2,11,2021-06-28 00:00:00,141.0,autumn06@example.org
061321121522,Overall,M,V2,11,2021-06-28 00:00:00,121.0,swagner@example.com
044124371650,Overall,F,V3,11,2021-06-28 00:00:00,123.0,kathyfritz@example.com
013434527971,Overall,M,V3,11,2021-06-28 00:00:00,140.0,patrickjones@example.net
088694835985,Overall,M,V1,11,2021-06-28 00:00:00,106.0,qwilliams@example.com
044570626510,Overall,F,V3,11,2021-06-28 00:00:00,129.0,nataliepham@example.net
079001373120,Overall,F,V3,11,2021-06-28 00:00:00,,ashleytran@example.org
038309998575,Overall,M,V3,11,2021-06-28 00:00:00,97.0,harveykristin@example.net
026184036686,Overall,F,V2,11,2021-06-28 00:00:00,134.0,dmorrison@example.net
031806763990,Overall,M,V2,11,2021-06-28 00:00:00,139.0,tgraham@example.com
024991855057,Overall,F,V2,11,2021-06-28 00:00:00,140.0,colejoseph@example.org
074424371593,Overall,M,V3,11,2021-06-28 00:00:00,142.0,hsmith@example.com
048143527078,Overall,F,V3,11,2021-06-28 00:00:00,139.0,angelazavala@example.org
023992353940,Overall,F,V3,11,2021-06-28 00:00:00,136.0,asmith@example.com
064679097141,Overall,M,V1,11,2021-06-28 00:00:00,86.0,caseyjohnson@example.com
074777702216,Overall,F,V3,11,2021-06-28 00:00:00,140.0,briannaacevedo@example.net
076141754841,Overall,M,V1,11,2021-06-28 00:00:00,129.0,katherine26@example.net
026184036686,Overall,F,V2,11,2021-06-28 00:00:00,138.0,justin01@example.com
093214808732,Overall,M,V3,11,2021-06-28 00:00:00,135.0,laurie40@example.net
032237885407,Overall,M,V1,11,2021-06-28 00:00:00,140.0,dustinpeterson@example.org
014486803281,Overall,F,V1,11,2021-06-28 00:00:00,137.0,martinezbrian@example.org
047735352519,Overall,F,V1,11,2021-06-28 00:00:00,139.0,wardlisa@example.org
077155129292,Overall,F,V2,11,2021-06-28 00:00:00,136.0,anthonyjohnson@example.net
090654985233,Overall,F,V1,11,2021-06-28 00:00:00,85.0,kevinhopkins@example.org
095460414481,Overall,M,V2,11,2021-06-28 00:00:00,133.0,jerry16@example.com
079584499606,Overall,M,V3,11,2021-06-28 00:00:00,92.0,ybrown@example.net
064174102904,Overall,F,V2,11,2021-06-28 00:00:00,128.0,griffinmark@example.net
097611261408,Overall,F,V3,11,2021-06-28 00:00:00,134.0,thomasjeffrey@example.com
033833148889,Overall,M,V2,11,2021-06-28 00:00:00,85.0,zgross@example.com
083818188308,Overall,M,V2,11,2021-06-28 00:00:00,82.0,parmstrong@example.net
095360479745,Overall,M,V1,11,2021-06-28 00:00:00,89.0,sue42@example.org
047514080058,Overall,F,V1,11,2021-06-28 00:00:00,125.0,ocoleman@example.net
061454022073,Overall,M,V2,11,2021-06-28 00:00:00,123.0,jennifergriffin@example.org
082559748325,Overall,M,V1,11,2021-06-28 00:00:00,89.0,vharris@example.net
088676399804,Overall,F,V3,11,2021-06-28 00:00:00,93.0,kathryn23@example.org
041456452524,Overall,F,V1,11,2021-06-28 00:00:00,136.0,otaylor@example.com
080708153309,Overall,F,V3,11,2021-06-28 00:00:00,134.0,aortega@example.net
069538763343,Overall,F,V1,11,2021-06-28 00:00:00,91.0,alexisruiz@example.org
053639636758,Overall,F,V1,11,2021-06-28 00:00:00,93.0,mayala@example.org
027138327477,Overall,F,V1,11,2021-06-28 00:00:00,138.0,sarah16@example.com
063318867981,Overall,F,V3,11,2021-06-28 00:00:00,93.0,fjackson@example.net
019344055589,Overall,F,V3,11,2021-06-28 00:00:00,83.0,russelljanet@example.com
076860272972,Overall,M,V1,11,2021-06-28 00:00:00,142.0,hollyblair@example.net
077793950213,Overall,M,V1,11,2021-06-28 00:00:00,83.0,aarnold@example.org
018616173567,Overall,F,V2,11,2021-06-28 00:00:00,135.0,evansjohnny@example.com
020624007895,Overall,M,V2,11,2021-06-28 00:00:00,127.0,cameronrobinson@example.net
075953549829,Overall,F,V2,11,2021-06-28 00:00:00,91.0,davisbethany@example.com
045896825840,Overall,M,V3,11,2021-06-28 00:00:00,88.0,saundersdiana@example.net
094674129136,Overall,F,V1,11,2021-06-28 00:00:00,139.0,meganshaw@example.org
042741444025,Overall,M,V3,11,2021-06-28 00:00:00,129.0,connerjessica@example.com
040336763085,Overall,F,V2,11,2021-06-28 00:00:00,138.0,patrickarellano@example.net
070766063695,Overall,F,V3,11,2021-06-28 00:00:00,85.0,mandyhurst@example.net
034151878320,Overall,F,V2,11,2021-06-28 00:00:00,130.0,pamelahamilton@example.net
028904520728,Overall,F,V1,11,2021-06-28 00:00:00,142.0,sheila39@example.org
083912345562,Overall,F,V2,11,2021-06-28 00:00:00,135.0,maureen94@example.net
038309998575,Overall,F,V3,11,2021-06-28 00:00:00,98.0,stephenmata@example.net
033525309700,Overall,M,V1,11,2021-06-28 00:00:00,126.0,xanderson@example.com
066519642619,Overall,F,V1,11,2021-06-28 00:00:00,85.0,michele38@example.com
015261553330,Overall,M,V2,11,2021-06-28 00:00:00,124.0,johnclark@example.net
096330933243,Overall,M,V3,11,2021-06-28 00:00:00,135.0,xriddle@example.net
072951096544,Overall,F,V1,11,2021-06-28 00:00:00,87.0,carolyn14@example.net
021905810782,Overall,F,V3,11,2021-06-28 00:00:00,133.0,derrick01@example.org
033909014681,Overall,M,V1,11,2021-06-28 00:00:00,128.0,rhondabrown@example.net
089704234466,Overall,F,V3,11,2021-06-28 00:00:00,140.0,gmcguire@example.com
018194492545,Overall,F,V2,11,2021-06-28 00:00:00,138.0,david53@example.org
033014173174,Overall,X,V3,11,2021-06-28 00:00:00,120.0,bradymitchell@example.net
021038689282,Overall,M,V3,11,2021-06-28 00:00:00,138.0,mrubio@example.org
051958937957,Overall,M,V2,11,2021-06-28 00:00:00,91.0,lanetaylor@example.com
097783007354,Overall,F,V2,11,2021-06-28 00:00:00,85.0,scottbrooks@example.net
090444256699,Overall,M,V3,11,2021-06-28 00:00:00,86.0,oneillwilliam@example.com
019513807409,Overall,F,V2,11,2021-06-28 00:00:00,133.0,justincain@example.com
071380522818,Overall,M,V2,11,2021-06-28 00:00:00,139.0,martinwilliam@example.org
085721409906,Overall,F,V3,11,2021-06-28 00:00:00,140.0,hvasquez@example.org
027831628469,Overall,F,V2,11,2021-06-28 00:00:00,83.0,ashleyhall@example.com
063489358204,Overall,F,V1,11,2021-06-28 00:00:00,139.0,rmay@example.com
013962785339,Overall,M,V3,11,2021-06-28 00:00:00,145.0,diaztamara@example.org
085123625749,Overall,M,V2,11,2021-06-28 00:00:00,137.0,igreen@example.org
017151621448,Overall,M,V2,11,2021-06-28 00:00:00,129.0,dylan73@example.net
056649577144,Overall,M,V2,11,2021-06-28 00:00:00,81.0,alfredwilson@example.net
073566484059,Overall,F,V2,11,2021-06-28 00:00:00,144.0,christinajackson@example.com
013473943461,Overall,F,V2,11,2021-06-28 00:00:00,137.0,dillonwesley@example.org
040625980271,Overall,M,V1,11,2021-06-28 00:00:00,132.0,rogersmelissa@example.net
074925344039,Overall,M,V3,11,2021-06-28 00:00:00,138.0,msanchez@example.net
047187368437,Overall,F,V2,11,2021-06-28 00:00:00,89.0,hrodriguez@example.com
093962347153,Overall,M,V1,11,2021-06-28 00:00:00,146.0,qcross@example.org
026149031136,Overall,F,V2,11,2021-06-28 00:00:00,126.0,uphelps@example.org
052924011673,Overall,F,V1,11,2021-06-28 00:00:00,127.0,henrykatherine@example.org
030244226594,Overall,F,V1,11,2021-06-28 00:00:00,125.0,nicole54@example.com
051750876984,Overall,F,V1,11,2021-06-28 00:00:00,83.0,dcollins@example.com
025513935828,Overall,M,V1,11,2021-06-28 00:00:00,143.0,paige96@example.com
061297373783,Overall,F,V1,11,2021-06-28 00:00:00,86.0,kelleyglenn@example.org
064181696768,Overall,F,V1,11,2021-06-28 00:00:00,85.0,willie28@example.net
090806397936,Overall,F,V2,11,2021-06-28 00:00:00,93.0,bpotter@example.net
019513807409,Overall,M,V2,11,2021-06-28 00:00:00,133.0,barrchase@example.net
020947360306,Overall,F,V3,11,2021-06-28 00:00:00,127.0,robertvaughn@example.org
032786403400,Overall,M,V2,11,2021-06-28 00:00:00,124.0,christopher65@example.org
030485001704,Overall,M,V1,11,2021-06-28 00:00:00,113.0,amylewis@example.net
048885042576,Overall,F,V2,11,2021-06-28 00:00:00,89.0,austin80@example.com
059865485869,Overall,M,V1,11,2021-06-28 00:00:00,100.0,tsullivan@example.com
021359691588,Overall,M,V2,11,2021-06-28 00:00:00,89.0,davidhall@example.org
095273363145,Overall,F,V2,11,2021-06-28 00:00:00,134.0,liuashley@example.org
015483560665,Overall,M,V2,11,2021-06-28 00:00:00,139.0,russellpatrick@example.net
049449450686,Overall,M,V1,11,2021-06-28 00:00:00,87.0,obrown@example.com
084606770524,Overall,M,V1,11,2021-06-28 00:00:00,135.0,kaylacollins@example.com
063060610997,Overall,M,V2,11,2021-06-28 00:00:00,138.0,mhoffman@example.net
062337725180,Overall,F,V2,11,2021-06-28 00:00:00,135.0,ohernandez@example.org
045690741455,Overall,F,V3,11,2021-06-28 00:00:00,135.0,brian95@example.org
080070153914,Overall,M,V2,11,2021-06-28 00:00:00,121.0,kim13@example.org
040765181928,Overall,M,V1,11,2021-06-28 00:00:00,132.0,hamptondavid@example.com
048945853155,Overall,M,V2,11,2021-06-28 00:00:00,141.0,james57@example.org
017267104453,Overall,M,V2,11,2021-06-28 00:00:00,121.0,fterrell@example.net
023163662263,Overall,M,V2,11,2021-06-28 00:00:00,125.0,matthewbridges@example.net
049196074781,Overall,M,V1,11,2021-06-28 00:00:00,90.0,hutchinsondaniel@example.org
021139723621,Overall,M,V2,11,2021-06-28 00:00:00,130.0,johngarcia@example.net
076399268540,Overall,F,V3,11,2021-06-28 00:00:00,89.0,victoria70@example.org
092497771019,Overall,M,V1,11,2021-06-28 00:00:00,141.0,elyons@example.com
087572605624,Overall,M,V2,11,2021-06-28 00:00:00,83.0,ricejacqueline@example.com
015855170920,Overall,F,V1,11,2021-06-28 00:00:00,132.0,michaelhayes@example.net
083633847571,Overall,M,V2,11,2021-06-28 00:00:00,88.0,ryanadams@example.com
025931410973,Overall,M,V2,11,2021-06-28 00:00:00,132.0,ustuart@example.net
087137992205,Overall,M,V2,11,2021-06-28 00:00:00,144.0,ykelly@example.net
061569908493,Overall,F,V3,11,2021-06-28 00:00:00,86.0,jwilson@example.org
046870804921,Overall,F,V1,11,2021-06-28 00:00:00,132.0,jacob37@example.net
031408011861,Overall,M,V3,11,2021-06-28 00:00:00,120.0,younglinda@example.org
054883066203,Overall,M,V2,11,2021-06-28 00:00:00,130.0,robertsbrooke@example.com
038165645211,Overall,F,V2,11,2021-06-28 00:00:00,127.0,kimberly81@example.net
015288556575,Overall,F,V2,11,2021-06-28 00:00:00,89.0,stephaniebautista@example.net
095322672154,Overall,F,V3,11,2021-06-28 00:00:00,130.0,david08@example.com
092153425210,Overall,F,V1,11,2021-06-28 00:00:00,120.0,bradley07@example.org
031926417176,Overall,F,V3,11,2021-06-28 00:00:00,142.0,dawsonamy@example.net
081872202339,Overall,M,V1,11,2021-06-28 00:00:00,132.0,kellyhubbard@example.com
050710512158,Overall,F,V2,11,2021-06-28 00:00:00,120.0,ewoods@example.org
077289654737,Overall,M,V3,11,2021-06-28 00:00:00,94.0,mariah68@example.com
037586378306,Overall,F,V1,11,2021-06-28 00:00:00,141.0,vlester@example.com
029108518918,Overall,F,V1,11,2021-06-28 00:00:00,141.0,langbrandon@example.com
011753221459,Overall,F,V1,11,2021-06-28 00:00:00,127.0,danielle13@example.org
025594367274,Overall,M,V1,11,2021-06-28 00:00:00,139.0,mcmahoncameron@example.net
093214808732,Overall,M,V2,11,2021-06-28 00:00:00,136.0,williamsryan@example.org
010513637901,Overall,M,V3,11,2021-06-28 00:00:00,120.0,brittney14@example.com
010756023635,Overall,F,V2,11,2021-06-28 00:00:00,125.0,robert11@example.com
070193859751,Overall,M,V2,11,2021-06-28 00:00:00,141.0,kcarey@example.com
066901563145,Overall,M,V3,11,2021-06-28 00:00:00,129.0,prush@example.net
038306664381,Overall,M,V2,11,2021-06-28 00:00:00,139.0,alisha52@example.org
039334102924,Overall,F,V2,11,2021-06-28 00:00:00,125.0,dperez@example.net
055070441930,Overall,M,V1,11,2021-06-28 00:00:00,124.0,emilybraun@example.com
037554877934,Overall,F,V3,11,2021-06-28 00:00:00,87.0,carrieballard@example.org
049449450686,Overall,M,V1,11,2021-06-28 00:00:00,86.0,sschultz@example.org
048526226984,Overall,F,V1,11,2021-06-28 00:00:00,83.0,jacobreid@example.org
092161672958,Overall,F,V2,11,2021-06-28 00:00:00,145.0,brodriguez@example.com
082660728285,Overall,M,V3,11,2021-06-28 00:00:00,145.0,brightjohn@example.net
063624814348,Overall,M,V3,11,2021-06-28 00:00:00,132.0,brett34@example.net
034089916831,Overall,F,V2,11,2021-06-28 00:00:00,141.0,middletonsabrina@example.net
036574724339,Overall,F,V1,11,2021-06-28 00:00:00,140.0,xglass@example.org
097061452259,Overall,F,V3,11,2021-06-28 00:00:00,144.0,millersarah@example.net
053048518063,Overall,M,V2,11,2021-06-28 00:00:00,127.0,julie61@example.com
047248033668,Overall,F,V2,11,2021-06-28 00:00:00,141.0,gross@example.net
072304054195,Overall,M,V3,11,2021-06-28 00:00:00,128.0,russell84@example.com
093675900504,Overall,M,V1,11,2021-06-28 00:00:00,135.0,amyadams@example.net
049213652529,Overall,F,V2,11,2021-06-28 00:00:00,135.0,brian93@example.org
082770913973,Overall,X,V2,11,2021-06-28 00:00:00,91.0,christopher58@example.net
094076974964,Overall,F,V3,11,2021-06-28 00:00:00,93.0,monica92@example.org
075170456893,Overall,M,V3,11,2021-06-28 00:00:00,146.0,bgordon@example.com
045576637568,Overall,M,V3,11,2021-06-28 00:00:00,88.0,nmoore@example.org
025439449296,Overall,M,V2,11,2021-06-28 00:00:00,91.0,timwilson@example.org
029970600082,Overall,F,V2,11,2021-06-28 00:00:00,130.0,wallgina@example.org
086146961563,Overall,F,V2,11,2021-06-28 00:00:00,140.0,omartinez@example.net
069538763343,Overall,F,V2,11,2021-06-28 00:00:00,90.0,sball@example.com
044296036599,Overall,F,V2,11,2021-06-28 00:00:00,142.0,robert05@example.com
031056568242,Overall,F,V2,11,2021-06-28 00:00:00,131.0,walkerjustin@example.com
042154030647,Overall,F,V2,11,2021-06-28 00:00:00,127.0,michaelmcdonald@example.net
028022681781,Overall,M,V1,11,2021-06-28 00:00:00,131.0,tracylee@example.org
060698306287,Overall,M,V1,11,2021-06-28 00:00:00,88.0,jessica35@example.com
039869086818,Overall,F,V3,11,2021-06-28 00:00:00,91.0,bradleywhite@example.com
087002737277,Overall,M,V2,11,2021-06-28 00:00:00,141.0,kmiller@example.com
030117262610,Overall,F,V3,11,2021-06-28 00:00:00,121.0,rwhitney@example.org
093175755267,Overall,M,V2,11,2021-06-28 00:00:00,139.0,lpittman@example.net
018716079873,Overall,F,V3,11,2021-06-28 00:00:00,93.0,randy98@example.com
033838118459,Overall,F,V3,11,2021-06-28 00:00:00,138.0,smithkristen@example.com
032073696250,Overall,M,V3,11,2021-06-28 00:00:00,124.0,elliottpaul@example.com
035132479875,Overall,M,V1,11,2021-06-28 00:00:00,142.0,ttodd@example.com
052738822981,Overall,M,V1,11,2021-06-28 00:00:00,83.0,awalsh@example.org
021047341204,Overall,F,V3,11,2021-06-28 00:00:00,116.0,jessica34@example.com
082721504740,Overall,F,V1,11,2021-06-28 00:00:00,126.0,probertson@example.com
038583679039,Overall,M,V2,11,2021-06-28 00:00:00,91.0,lawrencelisa@example.org
097887585527,Overall,M,V2,11,2021-06-28 00:00:00,92.0,morrisonmary@example.net
086901915576,Overall,F,V2,11,2021-06-28 00:00:00,86.0,hendricksjeffrey@example.net
082097416069,Overall,F,V3,11,2021-06-28 00:00:00,86.0,george96@example.net
024830514640,Overall,F,V1,11,2021-06-28 00:00:00,126.0,chapmankathy@example.org
036546080270,Overall,M,V2,11,2021-06-28 00:00:00,131.0,whitepatrick@example.net
042295447126,Overall,M,V2,11,2021-06-28 00:00:00,138.0,patelshawn@example.com
075091881254,Overall,F,V2,11,2021-06-28 00:00:00,144.0,cynthiadominguez@example.net
059809207515,Overall,M,V1,11,2021-06-28 00:00:00,138.0,richard42@example.com
013553903884,Overall,M,V3,11,2021-06-28 00:00:00,136.0,williamsdonna@example.com
041912159832,Overall,F,V1,11,2021-06-28 00:00:00,133.0,qmason@example.com
071302708781,Overall,F,V1,11,2021-06-28 00:00:00,129.0,gmoss@example.com
099197638529,Overall,M,V1,11,2021-06-28 00:00:00,97.0,nhicks@example.com
099016254379,Overall,F,V2,11,2021-06-28 00:00:00,90.0,nicoleriley@example.net
050256663435,Overall,M,V1,11,2021-06-28 00:00:00,133.0,caguirre@example.org
049955773485,Overall,M,V1,11,2021-06-28 00:00:00,94.0,adam36@example.org
025289435376,Overall,M,V3,11,2021-06-28 00:00:00,85.0,michelle38@example.com
040703841441,Overall,F,V3,11,2021-06-28 00:00:00,123.0,pottertraci@example.com
076268194260,Overall,M,V1,11,2021-06-28 00:00:00,141.0,xgonzalez@example.net
046844377724,Overall,M,V3,11,2021-06-28 00:00:00,143.0,juan40@example.com
043728978642,Overall,F,V1,11,2021-06-28 00:00:00,82.0,ahowell@example.net
020491855812,Overall,M,V3,11,2021-06-28 00:00:00,136.0,felicialuna@example.org
062866769631,Overall,F,V1,11,2021-06-28 00:00:00,83.0,ronald99@example.net
069113799855,Overall,M,V2,11,2021-06-28 00:00:00,88.0,victor39@example.com
051932950495,Overall,M,V1,11,2021-06-28 00:00:00,142.0,sonya94@example.com
086084047328,Overall,M,V2,11,2021-06-28 00:00:00,136.0,phillipmassey@example.net
031345022691,Overall,M,V2,11,2021-06-28 00:00:00,122.0,millermark@example.net
047248033668,Overall,M,V2,11,2021-06-28 00:00:00,141.0,rhughes@example.org
028904520728,Overall,M,V3,11,2021-06-28 00:00:00,141.0,walkermary@example.net
096275123944,Overall,F,V2,11,2021-06-28 00:00:00,137.0,ashleygonzales@example.net
080514205220,Overall,M,V2,11,2021-06-28 00:00:00,117.0,sarah67@example.com
084759977063,Overall,F,V1,11,2021-06-28 00:00:00,93.0,ellischristina@example.com
098361500188,Overall,M,V2,11,2021-06-28 00:00:00,136.0,karina58@example.net
052924011673,Overall,M,V2,11,2021-06-28 00:00:00,129.0,petersphillip@example.net
041971111970,Overall,F,V3,11,2021-06-28 00:00:00,128.0,ecochran@example.com
061846214742,Overall,F,V2,11,2021-06-28 00:00:00,130.0,hwhite@example.net
080084043027,Overall,F,V1,11,2021-06-28 00:00:00,123.0,jordan84@example.net
076651147824,Overall,M,V3,11,2021-06-28 00:00:00,139.0,blakesheila@example.com
019246623440,Overall,F,V2,11,2021-06-28 00:00:00,128.0,dthompson@example.net
023458377686,Overall,F,V2,11,2021-06-28 00:00:00,91.0,jason47@example.org
081400905700,Overall,M,V1,11,2021-06-28 00:00:00,121.0,johnconley@example.org
051692510154,Overall,F,V1,11,2021-06-28 00:00:00,126.0,matthew31@example.net
019900858175,Overall,F,V2,11,2021-06-28 00:00:00,140.0,robertblackwell@example.net
030555980348,Overall,M,V1,11,2021-06-28 00:00:00,135.0,amberhines@example.com
054840817518,Overall,M,V2,11,2021-06-28 00:00:00,141.0,dylanwilson@example.net
064658113137,Overall,F,V2,11,2021-06-28 00:00:00,136.0,megan48@example.net
081179198349,Overall,F,V1,11,2021-06-28 00:00:00,86.0,james40@example.net
054098537818,Overall,M,V2,11,2021-06-28 00:00:00,88.0,qgomez@example.org
033965748369,Overall,M,V2,11,2021-06-28 00:00:00,91.0,jennifergonzalez@example.org
096327780944,Overall,F,V1,11,2021-06-28 00:00:00,89.0,meredithpatterson@example.net
038502748688,Overall,M,V3,11,2021-06-28 00:00:00,93.0,hjones@example.com
022802721985,Overall,M,V2,11,2021-06-28 00:00:00,130.0,tracy47@example.org
090444256699,Overall,M,V1,11,2021-06-28 00:00:00,86.0,cwilliams@example.org
032798166368,Overall,M,V3,11,2021-06-28 00:00:00,143.0,lindaward@example.com
011167153500,Overall,F,V3,11,2021-06-28 00:00:00,116.0,wardjonathan@example.net
023775653575,Overall,F,V2,11,2021-06-28 00:00:00,86.0,sarah36@example.net
067170066050,Overall,M,V3,11,2021-06-28 00:00:00,130.0,joe41@example.net
028508387466,Overall,M,V1,11,2021-06-28 00:00:00,87.0,alexskinner@example.net
039043331205,Overall,F,V3,11,2021-06-28 00:00:00,122.0,jacksonrobert@example.com
013542651890,Overall,F,V3,11,2021-06-28 00:00:00,126.0,jasonfleming@example.com
075091881254,Overall,M,V2,11,2021-06-28 00:00:00,140.0,valerieparsons@example.org
037572819172,Overall,M,V1,11,2021-06-28 00:00:00,141.0,ramirezsonya@example.net
097510247615,Overall,M,V2,11,2021-06-28 00:00:00,140.0,jonestamara@example.net
024765092903,Overall,M,V3,11,2021-06-28 00:00:00,129.0,anthonywolfe@example.com
071252334368,Overall,F,V3,11,2021-06-28 00:00:00,138.0,thomastimothy@example.org
023872171614,Overall,F,V3,11,2021-06-28 00:00:00,134.0,sarahchase@example.org
050760869345,Overall,M,V2,11,2021-06-28 00:00:00,139.0,jthornton@example.com
077284815560,Overall,F,V1,11,2021-06-28 00:00:00,84.0,leahbarker@example.com
030665491417,Overall,F,V2,11,2021-06-28 00:00:00,131.0,fernandezjocelyn@example.com
038406904648,Overall,F,V3,11,2021-06-28 00:00:00,88.0,vvasquez@example.com
043975349827,Overall,M,V2,11,2021-06-28 00:00:00,84.0,kristin49@example.net
039595675716,Overall,M,V2,11,2021-06-28 00:00:00,89.0,deanna05@example.com
090434213717,Overall,F,V3,11,2021-06-28 00:00:00,132.0,justin97@example.org
083796715762,Overall,M,V2,11,2021-06-28 00:00:00,92.0,william36@example.net
061220792461,Overall,F,V1,11,2021-06-28 00:00:00,130.0,walterdylan@example.org
024574066081,Overall,F,V1,11,2021-06-28 00:00:00,131.0,kiddjoe@example.org
093853872713,Overall,F,V2,11,2021-06-28 00:00:00,141.0,hendersonnicholas@example.org
017772851846,Overall,M,V2,11,2021-06-28 00:00:00,87.0,glove@example.org
094329558132,Overall,F,V1,11,2021-06-28 00:00:00,143.0,sherridavis@example.org
087572605624,Overall,F,V2,11,2021-06-28 00:00:00,87.0,stephanieperez@example.org
061732744333,Overall,M,V3,11,2021-06-28 00:00:00,132.0,wroth@example.org
046278224086,Overall,F,V3,11,2021-06-28 00:00:00,139.0,stevensstacey@example.org
021892220065,Overall,M,V3,11,2021-06-28 00:00:00,128.0,lawrencewalker@example.com
094911209418,Overall,F,V2,11,2021-06-28 00:00:00,136.0,eric78@example.com
051010417229,Overall,F,V1,11,2021-06-28 00:00:00,119.0,andersonmary@example.org
012997966424,Overall,M,V1,11,2021-06-28 00:00:00,83.0,brian43@example.net
078825342331,Overall,F,V2,11,2021-06-28 00:00:00,131.0,phammargaret@example.net
062904702813,Overall,M,V2,11,2021-06-28 00:00:00,131.0,williscarol@example.net
067213926373,Overall,F,V1,11,2021-06-28 00:00:00,135.0,tinasmith@example.com
042114800800,Overall,F,V1,11,2021-06-28 00:00:00,115.0,robertconner@example.net
048143527078,Overall,M,V2,11,2021-06-28 00:00:00,141.0,joseph13@example.net
052022161439,Overall,F,V2,11,2021-06-28 00:00:00,120.0,wrichardson@example.net
063596987097,Overall,M,V2,11,2021-06-28 00:00:00,97.0,jenkinsdaniel@example.net
096381491615,Overall,M,V1,11,2021-06-28 00:00:00,137.0,ffox@example.org
051169007175,Overall,F,V1,11,2021-06-28 00:00:00,130.0,grantcourtney@example.com
088648124608,Overall,M,V1,11,2021-06-28 00:00:00,84.0,jennifer08@example.net
079947132030,Overall,M,V3,11,2021-06-28 00:00:00,129.0,codyrandall@example.org
056710124739,Overall,F,V1,11,2021-06-28 00:00:00,,thomaswalker@example.com
096070316767,Overall,F,V3,11,2021-06-28 00:00:00,85.0,tsmith@example.com
058585323447,Overall,F,V2,11,2021-06-28 00:00:00,135.0,ayoung@example.com
053765576444,Overall,M,V3,11,2021-06-28 00:00:00,140.0,madelinegarza@example.net
077670707374,Overall,M,V3,11,2021-06-28 00:00:00,89.0,parkerlinda@example.org
077350948088,Overall,F,V1,11,2021-06-28 00:00:00,94.0,zacharyrowland@example.net
024112732169,Overall,F,V2,11,2021-06-28 00:00:00,121.0,mary37@example.net
079754791231,Overall,M,V1,11,2021-06-28 00:00:00,87.0,scott11@example.org
050696982806,Overall,X,V3,11,2021-06-28 00:00:00,89.0,smithbrooke@example.com
015537865299,Overall,F,V1,11,2021-06-28 00:00:00,88.0,timothy90@example.org
017741633189,Overall,M,V1,11,2021-06-28 00:00:00,134.0,rjackson@example.com
019451494013,Overall,F,V1,11,2021-06-28 00:00:00,127.0,teresa77@example.com
027670504426,Overall,F,V3,11,2021-06-28 00:00:00,137.0,davidrichardson@example.com
080776882407,Overall,M,V3,11,2021-06-28 00:00:00,143.0,hugheskelly@example.org
099197638529,Overall,M,V1,11,2021-06-28 00:00:00,100.0,lisamcgee@example.net
039557586787,Overall,M,V1,11,2021-06-28 00:00:00,96.0,millerzachary@example.org
039764836903,Overall,F,V2,11,2021-06-28 00:00:00,142.0,hamptonjoseph@example.com
089100666014,Overall,F,V3,11,2021-06-28 00:00:00,131.0,christopheranderson@example.com
016998062521,Overall,F,V1,11,2021-06-28 00:00:00,136.0,sarahbarrera@example.com
077284815560,Overall,F,V1,11,2021-06-28 00:00:00,89.0,thomas80@example.net
054209775731,Overall,F,V2,11,2021-06-28 00:00:00,145.0,ryan38@example.org
056119543922,Overall,M,V1,11,2021-06-28 00:00:00,142.0,mrichardson@example.com
029216172297,Overall,M,V2,11,2021-06-28 00:00:00,136.0,sara46@example.com
054840817518,Overall,M,V3,11,2021-06-28 00:00:00,142.0,smithkylie@example.net
017772851846,Overall,F,V1,11,2021-06-28 00:00:00,85.0,milleramanda@example.com
038077509774,Overall,M,V1,11,2021-06-28 00:00:00,88.0,kathleen89@example.org
088315924202,Overall,F,V1,11,2021-06-28 00:00:00,128.0,hartvirginia@example.org
044539705790,Overall,M,V2,11,2021-06-28 00:00:00,143.0,meghan85@example.net
090839588470,Overall,M,V3,11,2021-06-28 00:00:00,94.0,zlee@example.net
063655269023,Overall,F,V2,11,2021-06-28 00:00:00,134.0,erika89@example.net
091842588331,Overall,F,V1,11,2021-06-28 00:00:00,138.0,emma87@example.org
058733802617,Overall,F,V1,11,2021-06-28 00:00:00,139.0,jacquelinefoster@example.com
028022681781,Overall,F,V2,11,2021-06-28 00:00:00,134.0,john24@example.org
019211724000,Overall,F,V1,11,2021-06-28 00:00:00,117.0,carolyn21@example.com
033485208102,Overall,M,V2,11,2021-06-28 00:00:00,129.0,pcarroll@example.net
069538763343,Overall,F,V3,11,2021-06-28 00:00:00,93.0,tim62@example.net
082770913973,Overall,M,V1,11,2021-06-28 00:00:00,89.0,nbarnes@example.org
090924118531,Overall,M,V1,11,2021-06-28 00:00:00,135.0,amycollins@example.net
078250131280,Overall,M,V1,11,2021-06-28 00:00:00,125.0,sandraturner@example.net
073599034076,Overall,F,V3,11,2021-06-28 00:00:00,136.0,ylee@example.org
026468420270,Overall,M,V2,11,2021-06-28 00:00:00,130.0,diana79@example.com
051912210360,Overall,M,V2,11,2021-06-28 00:00:00,122.0,garciakeith@example.com
016609679149,Overall,F,V1,11,2021-06-28 00:00:00,146.0,kim69@example.com
046481887062,Overall,F,V1,11,2021-06-28 00:00:00,142.0,xclark@example.org
072279782606,Overall,M,V1,11,2021-06-28 00:00:00,85.0,bdiaz@example.org
073600888804,Overall,F,V3,11,2021-06-28 00:00:00,,rray@example.net
077289654737,Overall,M,V1,11,2021-06-28 00:00:00,90.0,washingtontimothy@example.com
083707325788,Overall,F,V3,11,2021-06-28 00:00:00,81.0,gainessara@example.com
054934716430,Overall,F,V2,11,2021-06-28 00:00:00,128.0,sgreen@example.org
087660753294,Overall,F,V1,11,2021-06-28 00:00:00,,elizabeth57@example.net
071263057353,Overall,F,V2,11,2021-06-28 00:00:00,135.0,jerry98@example.org
023458377686,Overall,M,V2,11,2021-06-28 00:00:00,91.0,murrayterri@example.net
026887657122,Overall,F,V3,11,2021-06-28 00:00:00,141.0,riceamanda@example.com
084074779413,Overall,F,V3,11,2021-06-28 00:00:00,144.0,guyavery@example.com
085091763340,Overall,M,V3,11,2021-06-28 00:00:00,134.0,mary89@example.net
017412939964,Overall,M,V3,11,2021-06-28 00:00:00,139.0,larakyle@example.com
066624460940,Overall,M,V2,11,2021-06-28 00:00:00,136.0,edwinpugh@example.com
023163662263,Overall,F,V2,11,2021-06-28 00:00:00,128.0,wilsoncynthia@example.net
093276537675,Overall,F,V3,11,2021-06-28 00:00:00,91.0,mitchell91@example.org
036606393679,Overall,M,V2,11,2021-06-28 00:00:00,92.0,gonzalezemily@example.org
098608453600,Overall,F,V1,11,2021-06-28 00:00:00,138.0,kelsey49@example.org
029964796020,Overall,F,V3,11,2021-06-28 00:00:00,144.0,kellymelissa@example.net
025438480632,Overall,M,V3,11,2021-06-28 00:00:00,132.0,roblespaul@example.net
044124371650,Overall,F,V2,11,2021-06-28 00:00:00,121.0,scottclark@example.net
027132400599,Overall,M,V2,11,2021-06-28 00:00:00,128.0,gregory95@example.org
075592934479,Overall,F,V2,11,2021-06-28 00:00:00,89.0,steven53@example.org
087137992205,Overall,M,V3,11,2021-06-28 00:00:00,144.0,jamescox@example.net
019689225324,Overall,X,V2,11,2021-06-28 00:00:00,140.0,lmartinez@example.org
040939685066,Overall,F,V3,11,2021-06-28 00:00:00,142.0,dhall@example.org
025289034031,Overall,M,V3,11,2021-06-28 00:00:00,124.0,matthew18@example.net
047014320018,Overall,F,V2,11,2021-06-28 00:00:00,111.0,andersonerica@example.net
018622882428,Overall,F,V2,11,2021-06-28 00:00:00,144.0,lopezcatherine@example.net
051321082837,Overall,F,V3,11,2021-06-28 00:00:00,131.0,stacy88@example.net
045420984779,Overall,M,V1,11,2021-06-28 00:00:00,86.0,watsonrachel@example.com
083158035998,Overall,F,V3,11,2021-06-28 00:00:00,87.0,cynthia45@example.net
024651916419,Overall,F,V2,11,2021-06-28 00:00:00,138.0,laura14@example.com
037591276477,Overall,F,V3,11,2021-06-28 00:00:00,89.0,yritter@example.com
030836282689,Overall,M,V3,11,2021-06-28 00:00:00,138.0,jonathan17@example.net
063099100928,Overall,F,V3,11,2021-06-28 00:00:00,140.0,moniquehernandez@example.org
018030008035,Overall,F,V1,11,2021-06-28 00:00:00,109.0,pgreen@example.org
064224781835,Overall,F,V3,11,2021-06-28 00:00:00,139.0,fishercassandra@example.com
050340144920,Overall,F,V1,11,2021-06-28 00:00:00,125.0,kcervantes@example.com
075057500823,Overall,M,V2,11,2021-06-28 00:00:00,133.0,padillastacy@example.com
045617047065,Overall,F,V2,11,2021-06-28 00:00:00,,stephanie69@example.org
039800235512,Overall,F,V1,11,2021-06-28 00:00:00,129.0,istewart@example.org
023956453205,Overall,F,V1,11,2021-06-28 00:00:00,130.0,brookscurtis@example.org
041704397332,Overall,F,V2,11,2021-06-28 00:00:00,135.0,suzannehernandez@example.org
096878621929,Overall,M,V3,11,2021-06-28 00:00:00,98.0,sfernandez@example.com
088941136046,Overall,F,V3,11,2021-06-28 00:00:00,142.0,wellsdavid@example.org
073800119046,Overall,M,V1,11,2021-06-28 00:00:00,127.0,katie79@example.org
039869086818,Overall,M,V1,11,2021-06-28 00:00:00,89.0,taylordanielle@example.net
082069905550,Overall,M,V1,11,2021-06-28 00:00:00,140.0,ethankennedy@example.net
014252734671,Overall,F,V2,11,2021-06-28 00:00:00,130.0,anthony47@example.com
038654144786,Overall,F,V2,11,2021-06-28 00:00:00,140.0,efoster@example.org
050124280300,Overall,M,V2,11,2021-06-28 00:00:00,111.0,cassandrajordan@example.net
063260656299,Overall,F,V3,11,2021-06-28 00:00:00,139.0,gregory56@example.com
049607952972,Overall,M,V2,11,2021-06-28 00:00:00,90.0,everettjack@example.com
033733579389,Overall,F,V1,11,2021-06-28 00:00:00,85.0,margaretyates@example.com
056119543922,Overall,F,V3,11,2021-06-28 00:00:00,141.0,kellygreene@example.org
054075143335,Overall,M,V1,11,2021-06-28 00:00:00,128.0,james68@example.net
086247219014,Overall,M,V2,11,2021-06-28 00:00:00,131.0,todd68@example.org
088826855667,Overall,M,V3,11,2021-06-28 00:00:00,94.0,yhunt@example.com
090008157135,Overall,F,V1,11,2021-06-28 00:00:00,123.0,matthewraymond@example.com
095495381619,Overall,F,V2,11,2021-06-28 00:00:00,86.0,hinesrebekah@example.org
081671169791,Overall,M,V2,11,2021-06-28 00:00:00,88.0,allenmaureen@example.com
098609402527,Overall,F,V1,11,2021-06-28 00:00:00,136.0,mcase@example.org
084793888593,Overall,M,V1,11,2021-06-28 00:00:00,97.0,david17@example.org
013312642784,Overall,F,V3,11,2021-06-28 00:00:00,129.0,nataliehayes@example.net
047405426284,Overall,M,V2,11,2021-06-28 00:00:00,141.0,julie94@example.org
047622873728,Overall,F,V3,11,2021-06-28 00:00:00,85.0,wmartin@example.net
033838118459,Overall,M,V3,11,2021-06-28 00:00:00,143.0,turnerjared@example.com
083265222484,Overall,F,V1,11,2021-06-28 00:00:00,131.0,ibrown@example.org
075581213700,Overall,F,V3,11,2021-06-28 00:00:00,135.0,cpeterson@example.net
021884031456,Overall,F,V2,11,2021-06-28 00:00:00,134.0,ashleyperry@example.com
052216310047,Overall,F,V2,11,2021-06-28 00:00:00,115.0,angelica01@example.com
055200339341,Overall,F,V1,11,2021-06-28 00:00:00,122.0,gloria27@example.org
014687645459,Overall,F,V1,11,2021-06-28 00:00:00,87.0,flopez@example.org
086084047328,Overall,F,V3,11,2021-06-28 00:00:00,136.0,christiesanders@example.org
094329558132,Overall,M,V2,11,2021-06-28 00:00:00,142.0,petersenpamela@example.net
096309355787,Overall,M,V2,11,2021-06-28 00:00:00,90.0,amanda52@example.net
037679680617,Overall,M,V1,11,2021-06-28 00:00:00,89.0,joellane@example.com
099850430312,Overall,F,V1,11,2021-06-28 00:00:00,127.0,brittany54@example.org
074424371593,Overall,F,V3,11,2021-06-28 00:00:00,142.0,meganreeves@example.com
025931410973,Overall,M,V3,11,2021-06-28 00:00:00,138.0,matthewrobinson@example.net
070380110428,Overall,F,V2,11,2021-06-28 00:00:00,126.0,hjacobs@example.com
086946637181,Overall,F,V3,11,2021-06-28 00:00:00,86.0,darlene00@example.net
054765427875,Overall,F,V3,11,2021-06-28 00:00:00,91.0,bcarson@example.com
099197638529,Overall,F,V1,11,2021-06-28 00:00:00,97.0,williamsjulia@example.org
055566478611,Overall,F,V3,11,2021-06-28 00:00:00,145.0,fishermaureen@example.com
015261553330,Overall,M,V1,11,2021-06-28 00:00:00,120.0,olsonmarcus@example.org
037669623658,Overall,F,V2,11,2021-06-28 00:00:00,86.0,thomasfoster@example.com
021967965150,Overall,F,V1,11,2021-06-28 00:00:00,136.0,joseph66@example.org
020218381963,Overall,F,V1,11,2021-06-28 00:00:00,130.0,amandabrown@example.com
077482005590,Overall,F,V3,11,2021-06-28 00:00:00,139.0,schneidercollin@example.com
050270635494,Overall,M,V2,11,2021-06-28 00:00:00,128.0,anthony89@example.com
089814186116,Overall,M,V1,11,2021-06-28 00:00:00,82.0,jeffreyramos@example.org
090924118531,Overall,F,V3,11,2021-06-28 00:00:00,137.0,markhenson@example.net
067028275820,Overall,F,V2,11,2021-06-28 00:00:00,137.0,wrightwilliam@example.net
035037836869,Overall,M,V2,11,2021-06-28 00:00:00,88.0,smithchristine@example.org
083912345562,Overall,F,V1,11,2021-06-28 00:00:00,139.0,garciamark@example.com
025963866675,Overall,M,V1,11,2021-06-28 00:00:00,92.0,watkinserica@example.org
095766753356,Overall,M,V1,11,2021-06-28 00:00:00,89.0,shelby45@example.org
015387356500,Overall,F,V3,11,2021-06-28 00:00:00,128.0,douglas74@example.org
031587794175,Overall,M,V2,11,2021-06-28 00:00:00,142.0,caitlin72@example.org
089095082722,Overall,M,V1,11,2021-06-28 00:00:00,136.0,dawn67@example.org
