Student ID,test name,gender,version,level,test date,Standardised Score,Email
223804997846,English,M,V2,6,2021-01-20,92.0,moorejoseph@example.net
625113610111,English,M,V1,6,2021-01-20,115.0,reginald64@example.com
302215541220,English,M,V3,6,2021-01-20,114.0,williamscraig@example.com
223606469896,English,M,V1,6,2021-01-20,88.0,ggarcia@example.net
587338026174,English,F,V2,6,2021-01-20,140.0,wvillanueva@example.com
604042944603,English,F,V3,6,2021-01-20,133.0,jessicasheppard@example.org
154835606655,English,F,V2,6,2021-01-20,142.0,salvarado@example.org
541881658793,English,F,V1,6,2021-01-20,96.0,hooperjason@example.com
588113463813,English,M,V3,6,2021-01-20,139.0,kaylaflores@example.net
813066289675,English,M,V1,6,2021-01-20,92.0,jeremy58@example.com
171170226973,English,M,V2,6,2021-01-20,137.0,gina84@example.net
864462646781,English,F,V1,6,2021-01-20,89.0,lallen@example.com
859626325159,English,F,V3,6,2021-01-20,91.0,suttonlaura@example.com
795692074351,English,F,V3,6,2021-01-20,144.0,nstephenson@example.net
496784328858,English,F,V3,6,2021-01-20,103.0,matthewbarnes@example.com
395977578681,English,F,V3,6,2021-01-20,101.0,masseytaylor@example.net
727115010466,English,F,V1,6,2021-01-20,128.0,guerrerofrances@example.org
866216012696,English,M,V1,6,2021-01-20,140.0,jamessmith@example.com
299183866421,English,M,V1,6,2021-01-20,148.0,jonesbrian@example.net
211145739478,English,F,V1,6,2021-01-20,141.0,adam73@example.org
385027486888,English,F,V2,6,2021-01-20,96.0,hannalisa@example.com
846045250849,English,F,V1,6,2021-01-20,144.0,obecker@example.org
571816228849,English,M,V1,6,2021-01-20,90.0,jamespierce@example.com
179288543424,English,F,V1,6,2021-01-20,145.0,ismith@example.org
748414805292,English,M,V1,6,2021-01-20,143.0,sgarcia@example.org
918471253432,English,M,V1,6,2021-01-20,134.0,chayes@example.net
503130438059,English,F,V1,6,2021-01-20,130.0,ahudson@example.net
249025247203,English,M,V1,6,2021-01-20,130.0,hardinangela@example.com
618462147420,English,F,V3,6,2021-01-20,133.0,elizabethgordon@example.org
716442649009,English,M,V2,6,2021-01-20,137.0,zachary37@example.com
207017855461,English,F,V1,6,2021-01-20,136.0,mariegraham@example.org
898141861168,English,F,V3,6,2021-01-20,,houstonkeith@example.com
459584715204,English,M,V2,6,2021-01-20,139.0,john96@example.net
530671432508,English,M,V3,6,2021-01-20,129.0,matthew48@example.com
558595083397,English,F,V1,6,2021-01-20,96.0,aaronkelly@example.com
615528403440,English,M,V3,6,2021-01-20,133.0,barnesashley@example.com
876651292140,English,F,V2,6,2021-01-20,136.0,williamkaufman@example.org
660172774617,English,F,V2,6,2021-01-20,141.0,jeremy00@example.com
747906468440,English,M,V2,6,2021-01-20,149.0,ginagrimes@example.com
921097189530,English,F,V2,6,2021-01-20,145.0,rodney93@example.net
788253423313,English,M,V1,6,2021-01-20,140.0,steven82@example.org
190991828889,English,F,V2,6,2021-01-20,102.0,garywilson@example.org
385722722170,English,M,V3,6,2021-01-20,137.0,nwade@example.net
576882605094,English,F,V2,6,2021-01-20,85.0,dannyjackson@example.net
442522058424,English,F,V3,6,2021-01-20,129.0,mstokes@example.net
756320651675,English,F,V1,6,2021-01-20,143.0,hjohnson@example.org
211145739478,English,M,V1,6,2021-01-20,141.0,jared90@example.net
866357197973,English,F,V3,6,2021-01-20,96.0,ashley17@example.org
809538956134,English,M,V2,6,2021-01-20,87.0,calderonamanda@example.com
263678203352,English,M,V1,6,2021-01-20,135.0,ycisneros@example.com
947148976224,English,F,V3,6,2021-01-20,93.0,oreid@example.net
847907320716,English,M,V3,6,2021-01-20,142.0,davenportwayne@example.com
520745609699,English,F,V3,6,2021-01-20,90.0,fullercindy@example.org
333518494724,English,M,V2,6,2021-01-20,141.0,joneskelly@example.net
742569586880,English,M,V3,6,2021-01-20,95.0,ralvarez@example.com
323150413641,English,M,V2,6,2021-01-20,122.0,jamesdiaz@example.net
305671045126,English,M,V1,6,2021-01-20,126.0,felicia94@example.com
660395029635,English,F,V3,6,2021-01-20,143.0,wagnerandre@example.org
867549987352,English,M,V2,6,2021-01-20,99.0,garrett76@example.com
457615813253,English,M,V3,6,2021-01-20,135.0,theresa99@example.org
115935786896,English,M,V1,6,2021-01-20,99.0,pittsbelinda@example.net
155375766368,English,F,V2,6,2021-01-20,87.0,amanda23@example.org
123153247964,English,F,V2,6,2021-01-20,136.0,wayne95@example.net
666910782089,English,M,V2,6,2021-01-20,87.0,smartin@example.net
942777837503,English,M,V2,6,2021-01-20,91.0,gomezcharles@example.net
286756664038,English,F,V2,6,2021-01-20,87.0,samuel37@example.org
133734692505,English,F,V1,6,2021-01-20,136.0,john92@example.com
993752640741,English,F,V2,6,2021-01-20,144.0,pattersonkevin@example.net
524063765453,English,F,V2,6,2021-01-20,135.0,gibsonaustin@example.org
412893629990,English,F,V1,6,2021-01-20,90.0,robinsonchristina@example.org
176739905808,English,M,V2,6,2021-01-20,92.0,zwilson@example.com
206240078951,English,F,V1,6,2021-01-20,134.0,vhall@example.net
980867059994,English,M,V3,6,2021-01-20,101.0,davidpena@example.com
758950932046,English,F,V3,6,2021-01-20,143.0,allenelizabeth@example.com
303245131384,English,M,V3,6,2021-01-20,122.0,xterry@example.org
968881342480,English,M,V3,6,2021-01-20,89.0,bakertyler@example.net
329590434096,English,M,V3,6,2021-01-20,140.0,kevin40@example.com
362835646255,English,F,V1,6,2021-01-20,146.0,heiditodd@example.net
748107158234,English,F,V3,6,2021-01-20,140.0,patrick48@example.org
390766859652,English,M,V1,6,2021-01-20,95.0,bmiller@example.net
257932054469,English,F,V1,6,2021-01-20,142.0,tammycampbell@example.com
516925101543,English,M,V3,6,2021-01-20,127.0,zcarney@example.com
199720842682,English,F,V1,6,2021-01-20,147.0,penalauren@example.com
918471253432,English,M,V1,6,2021-01-20,135.0,adamsmelanie@example.com
384419721059,English,F,V3,6,2021-01-20,138.0,milesnicole@example.net
862472190140,English,F,V3,6,2021-01-20,133.0,ericawagner@example.com
162293003965,English,F,V2,6,2021-01-20,136.0,shelby61@example.net
972487086847,English,M,V1,6,2021-01-20,99.0,sandersalexandra@example.net
845992499228,English,M,V1,6,2021-01-20,101.0,johnsmith@example.com
255943672742,English,M,V2,6,2021-01-20,145.0,paullandry@example.org
246026478512,English,F,V2,6,2021-01-20,134.0,sierra62@example.org
152733190610,English,F,V2,6,2021-01-20,127.0,kathleen31@example.com
691137998551,English,F,V2,6,2021-01-20,95.0,lroach@example.net
579792725057,English,M,V3,6,2021-01-20,95.0,michaelfry@example.org
783998801641,English,M,V2,6,2021-01-20,91.0,michael83@example.net
453873225097,English,M,V3,6,2021-01-20,144.0,thomasmclaughlin@example.org
697529076902,English,F,V3,6,2021-01-20,89.0,mckaychristopher@example.com
609176334694,English,F,V2,6,2021-01-20,147.0,chelseahancock@example.org
511425140794,English,M,V2,6,2021-01-20,132.0,fullertodd@example.com
596227809363,English,F,V3,6,2021-01-20,88.0,heatherfrederick@example.org
567463216130,English,M,V2,6,2021-01-20,135.0,brownlauren@example.com
272755343854,English,M,V3,6,2021-01-20,143.0,wheelerrebecca@example.net
191199639060,English,F,V3,6,2021-01-20,142.0,qmontoya@example.net
915472343988,English,M,V2,6,2021-01-20,91.0,joseph18@example.org
902997366317,English,M,V1,6,2021-01-20,89.0,jonathanstone@example.com
673567309422,English,F,V1,6,2021-01-20,139.0,jhanson@example.net
990873028975,English,F,V3,6,2021-01-20,96.0,clarklisa@example.com
180362800836,English,M,V1,6,2021-01-20,133.0,kimberlyjackson@example.org
386398939313,English,M,V1,6,2021-01-20,95.0,taylormorrison@example.net
909241185319,English,M,V3,6,2021-01-20,139.0,jessica15@example.org
890615738935,English,M,V1,6,2021-01-20,89.0,dominiquestephenson@example.org
725175674275,English,F,V3,6,2021-01-20,147.0,martinchristine@example.com
773873971338,English,M,V3,6,2021-01-20,94.0,jbrooks@example.org
272755343854,English,M,V2,6,2021-01-20,142.0,aliciabryant@example.org
745170270949,English,F,V2,6,2021-01-20,145.0,carolyn40@example.org
347146191156,English,M,V3,6,2021-01-20,138.0,allencorey@example.net
163111495750,English,F,V1,6,2021-01-20,129.0,stevenskevin@example.org
851965018721,English,M,V3,6,2021-01-20,138.0,tammybradley@example.com
309562390010,English,F,V3,6,2021-01-20,123.0,donald01@example.net
458968258405,English,M,V2,6,2021-01-20,95.0,christopher90@example.net
560994930240,English,M,V3,6,2021-01-20,137.0,huntgina@example.net
133438794040,English,F,V3,6,2021-01-20,134.0,carolwilliams@example.com
328370035616,English,M,V3,6,2021-01-20,133.0,hpreston@example.net
596233368427,English,M,V1,6,2021-01-20,147.0,martinsteven@example.net
459092679393,English,F,V3,6,2021-01-20,96.0,jenniferoconnell@example.com
158337353795,English,M,V1,6,2021-01-20,149.0,larrysmith@example.net
596233368427,English,M,V3,6,2021-01-20,145.0,ccarlson@example.com
111176595385,English,M,V3,6,2021-01-20,137.0,sierra49@example.com
480933987614,English,M,V1,6,2021-01-20,90.0,vward@example.org
890052542822,English,X,V2,6,2021-01-20,133.0,kfreeman@example.org
436349025665,English,F,V2,6,2021-01-20,143.0,wjones@example.org
466032558304,English,F,V1,6,2021-01-20,133.0,helen56@example.com
495019945100,English,M,V2,6,2021-01-20,133.0,smithelizabeth@example.com
707631532417,English,M,V1,6,2021-01-20,133.0,dennisrussell@example.org
355082575001,English,M,V2,6,2021-01-20,128.0,sgreene@example.org
594531308470,English,M,V1,6,2021-01-20,136.0,rfoster@example.com
515491056808,English,F,V1,6,2021-01-20,137.0,amy94@example.com
417865729622,English,F,V3,6,2021-01-20,150.0,rachelmayo@example.net
390361546218,English,F,V2,6,2021-01-20,137.0,hollowaybrenda@example.org
316954708901,English,M,V1,6,2021-01-20,138.0,jon65@example.net
596833479650,English,F,V2,6,2021-01-20,90.0,lewisjuan@example.net
926306288141,English,M,V3,6,2021-01-20,141.0,rbates@example.net
682536179054,English,F,V2,6,2021-01-20,147.0,kaitlin34@example.net
565522687841,English,M,V1,6,2021-01-20,147.0,fischermichael@example.net
229802510939,English,F,V2,6,2021-01-20,136.0,wagnermichelle@example.com
715815455387,English,F,V3,6,2021-01-20,148.0,michealrodriguez@example.org
732233743236,English,M,V3,6,2021-01-20,133.0,christopherhahn@example.net
365013353796,English,M,V1,6,2021-01-20,137.0,perezdevin@example.net
261681445534,English,F,V3,6,2021-01-20,138.0,andreachang@example.com
228289027787,English,F,V2,6,2021-01-20,92.0,igamble@example.com
200983011886,English,F,V1,6,2021-01-20,134.0,jean87@example.com
687924668267,English,F,V3,6,2021-01-20,101.0,vhernandez@example.com
139627853393,English,M,V3,6,2021-01-20,145.0,james64@example.com
836338475719,English,F,V3,6,2021-01-20,89.0,jsmith@example.net
670043211688,English,F,V2,6,2021-01-20,135.0,riverabriana@example.net
309555202514,English,M,V3,6,2021-01-20,126.0,samantha42@example.net
831421616619,English,M,V1,6,2021-01-20,136.0,osbornstacy@example.org
770081568392,English,F,V1,6,2021-01-20,146.0,christopher97@example.net
519535580167,English,M,V3,6,2021-01-20,140.0,henry20@example.com
168474451714,English,F,V3,6,2021-01-20,138.0,fshaw@example.net
242691571505,English,F,V2,6,2021-01-20,134.0,jonathanhernandez@example.org
134485184411,English,F,V1,6,2021-01-20,132.0,ericgentry@example.org
497797858963,English,F,V2,6,2021-01-20,109.0,amandahodge@example.com
103761989697,English,M,V1,6,2021-01-20,96.0,moorerobert@example.net
142341152470,English,M,V2,6,2021-01-20,119.0,jessicajefferson@example.org
661458700628,English,M,V3,6,2021-01-20,142.0,ericray@example.net
439006862308,English,F,V2,6,2021-01-20,135.0,jillian82@example.org
882688718473,English,M,V1,6,2021-01-20,99.0,williamsdavid@example.net
969849332500,English,F,V1,6,2021-01-20,144.0,peter29@example.net
397649310601,English,M,V3,6,2021-01-20,136.0,thomasberry@example.net
886468789798,English,M,V2,6,2021-01-20,116.0,jtaylor@example.net
403367630857,English,F,V3,6,2021-01-20,140.0,vanessamoore@example.org
466258519200,English,M,V2,6,2021-01-20,133.0,janetschmidt@example.net
174973514975,English,F,V1,6,2021-01-20,93.0,washingtonjohn@example.net
786692644855,English,F,V1,6,2021-01-20,100.0,john33@example.org
288981149969,English,M,V2,6,2021-01-20,103.0,jamesmorgan@example.com
836338475719,English,M,V1,6,2021-01-20,94.0,uyoung@example.org
165697621960,English,F,V3,6,2021-01-20,145.0,michelelowe@example.net
132873212320,English,M,V3,6,2021-01-20,119.0,vjensen@example.org
390361546218,English,F,V1,6,2021-01-20,135.0,jonesjames@example.com
139828230487,English,F,V1,6,2021-01-20,142.0,melissatyler@example.org
411110330445,English,M,V1,6,2021-01-20,112.0,andersonkevin@example.org
223772243074,English,M,V2,6,2021-01-20,130.0,peggy72@example.net
582395683582,English,F,V2,6,2021-01-20,94.0,sbrown@example.net
503975948420,English,F,V2,6,2021-01-20,141.0,morenotracey@example.org
573941685632,English,F,V1,6,2021-01-20,149.0,sduran@example.org
398068042442,English,M,V1,6,2021-01-20,141.0,dproctor@example.com
748603223565,English,F,V1,6,2021-01-20,141.0,rmartinez@example.com
368456525402,English,F,V1,6,2021-01-20,137.0,kelleyjoseph@example.org
720824100308,English,M,V3,6,2021-01-20,126.0,wrightrobert@example.com
673744433120,English,M,V1,6,2021-01-20,130.0,alexisdixon@example.com
734635462689,English,F,V2,6,2021-01-20,93.0,christopher16@example.org
473749929778,English,F,V1,6,2021-01-20,106.0,shannonjones@example.net
311879076780,English,F,V2,6,2021-01-20,144.0,matthew88@example.com
612360049769,English,M,V3,6,2021-01-20,139.0,anthony19@example.org
348785523924,English,M,V1,6,2021-01-20,89.0,cruzeric@example.net
291085189182,English,X,V1,6,2021-01-20,141.0,victorferrell@example.com
594531308470,English,M,V1,6,2021-01-20,139.0,michellerice@example.com
867549987352,English,F,V1,6,2021-01-20,98.0,jhenderson@example.com
304793032991,English,M,V3,6,2021-01-20,137.0,youngreginald@example.org
806359129720,English,M,V2,6,2021-01-20,138.0,kristin06@example.net
752193783258,English,F,V3,6,2021-01-20,90.0,dana29@example.org
316954708901,English,F,V2,6,2021-01-20,142.0,ashleytucker@example.net
122471763674,English,F,V2,6,2021-01-20,140.0,nicholasshaw@example.org
319264171768,English,F,V1,6,2021-01-20,146.0,dylanstokes@example.org
915583518606,English,F,V3,6,2021-01-20,142.0,chess@example.org
940218203912,English,M,V1,6,2021-01-20,126.0,jmartin@example.org
327160175426,English,M,V3,6,2021-01-20,129.0,dillon99@example.org
291779474869,English,M,V2,6,2021-01-20,101.0,susanmoore@example.net
719367670776,English,F,V3,6,2021-01-20,97.0,shawn13@example.com
299647960205,English,M,V2,6,2021-01-20,147.0,cpotter@example.com
589080376961,English,M,V2,6,2021-01-20,90.0,stephenberg@example.com
625385859927,English,M,V2,6,2021-01-20,99.0,aprilwatson@example.net
672765956976,English,M,V1,6,2021-01-20,102.0,eringarcia@example.org
468443777243,English,F,V3,6,2021-01-20,147.0,dwilliams@example.org
282097830578,English,X,V2,6,2021-01-20,147.0,kjones@example.net
392156489791,English,M,V3,6,2021-01-20,93.0,csmith@example.com
327235830011,English,F,V2,6,2021-01-20,125.0,bradymelinda@example.org
944659375014,English,M,V1,6,2021-01-20,142.0,sweeneyjeremiah@example.net
457012891370,English,F,V3,6,2021-01-20,135.0,wrightkatie@example.net
862145291067,English,M,V3,6,2021-01-20,137.0,wolfebriana@example.org
179617135038,English,M,V3,6,2021-01-20,141.0,natalie44@example.com
775508191228,English,M,V2,6,2021-01-20,143.0,malik24@example.org
981313119452,English,M,V3,6,2021-01-20,137.0,vmarks@example.com
152733190610,English,M,V3,6,2021-01-20,124.0,rachaelstout@example.net
710320991877,English,F,V1,6,2021-01-20,142.0,sarahkelley@example.org
218494372801,English,M,V1,6,2021-01-20,139.0,fdecker@example.org
902422984952,English,F,V3,6,2021-01-20,145.0,brenda54@example.org
566489971154,English,F,V3,6,2021-01-20,95.0,elizabethholt@example.net
339090146811,English,M,V2,6,2021-01-20,136.0,walterbrian@example.com
574976505213,English,F,V1,6,2021-01-20,144.0,ronald41@example.com
592995189939,English,F,V1,6,2021-01-20,107.0,tracysmith@example.com
316232430132,English,F,V2,6,2021-01-20,121.0,leachdawn@example.org
682076323146,English,M,V3,6,2021-01-20,133.0,cameronmiller@example.com
932667236981,English,M,V2,6,2021-01-20,90.0,haynesaaron@example.com
166096791491,English,F,V3,6,2021-01-20,150.0,rcurry@example.net
133515504933,English,F,V3,6,2021-01-20,127.0,billybartlett@example.net
323211499472,English,M,V1,6,2021-01-20,132.0,justinphillips@example.com
912051694744,English,M,V3,6,2021-01-20,140.0,burkejulie@example.com
665618169239,English,F,V3,6,2021-01-20,91.0,walkertravis@example.com
706177742856,English,M,V3,6,2021-01-20,89.0,kellymartinez@example.org
665744366345,English,F,V3,6,2021-01-20,147.0,jesus94@example.com
550704419304,English,M,V1,6,2021-01-20,130.0,hoffmanalan@example.org
328370035616,English,F,V2,6,2021-01-20,129.0,karencarlson@example.net
594531308470,English,M,V1,6,2021-01-20,134.0,theresalivingston@example.org
965709944636,English,M,V3,6,2021-01-20,94.0,josephhenderson@example.com
691548233936,English,M,V3,6,2021-01-20,147.0,christopher98@example.com
257554881714,English,F,V1,6,2021-01-20,143.0,lisa95@example.org
733624738901,English,M,V3,6,2021-01-20,139.0,khughes@example.net
564705212236,English,M,V2,6,2021-01-20,132.0,gloriathornton@example.org
785076443129,English,M,V3,6,2021-01-20,142.0,michaelmorris@example.com
685283390611,English,M,V3,6,2021-01-20,142.0,valeriebrady@example.net
817469012013,English,M,V2,6,2021-01-20,129.0,michaelskinner@example.net
344005941719,English,F,V3,6,2021-01-20,137.0,aschmidt@example.net
864731438609,English,F,V2,6,2021-01-20,149.0,agilmore@example.com
815785375513,English,F,V2,6,2021-01-20,144.0,donovanjustin@example.net
147180203824,English,M,V2,6,2021-01-20,127.0,chadmorgan@example.com
885912065183,English,M,V1,6,2021-01-20,143.0,brandon72@example.net
747435685181,English,M,V2,6,2021-01-20,150.0,harryruiz@example.com
240848899109,English,F,V2,6,2021-01-20,92.0,amanda18@example.org
167128192111,English,F,V1,6,2021-01-20,127.0,adamsullivan@example.net
950903976212,English,F,V2,6,2021-01-20,141.0,taylorferguson@example.net
866530543354,English,F,V3,6,2021-01-20,143.0,kevin11@example.com
246787003533,English,M,V3,6,2021-01-20,,patrickcarr@example.net
455766375680,English,F,V3,6,2021-01-20,93.0,garciameredith@example.org
966266389629,English,M,V3,6,2021-01-20,98.0,cassandrajefferson@example.com
912795637839,English,M,V1,6,2021-01-20,100.0,xgreen@example.org
884546856094,English,F,V3,6,2021-01-20,97.0,adamstara@example.net
929023484506,English,M,V1,6,2021-01-20,138.0,walterpetersen@example.com
363883764145,English,F,V1,6,2021-01-20,143.0,jessejackson@example.net
832926225654,English,M,V2,6,2021-01-20,144.0,ricardo15@example.net
751718503432,English,F,V1,6,2021-01-20,137.0,tiffanymaldonado@example.net
677573121898,English,M,V2,6,2021-01-20,92.0,eschmidt@example.org
564535680938,English,M,V3,6,2021-01-20,90.0,sking@example.org
426236734990,English,M,V2,6,2021-01-20,143.0,diazgregory@example.org
260724213002,English,M,V1,6,2021-01-20,116.0,qbrown@example.org
793242424717,English,M,V3,6,2021-01-20,143.0,cpetersen@example.org
789039476604,English,F,V2,6,2021-01-20,90.0,williamstaylor@example.org
254406964639,English,X,V2,6,2021-01-20,143.0,roberthuff@example.com
724349147347,English,M,V2,6,2021-01-20,142.0,brooksbrandon@example.com
465975059223,English,F,V3,6,2021-01-20,143.0,robynmorton@example.net
101002886641,English,M,V3,6,2021-01-20,123.0,fitzpatrickjenna@example.net
341593935818,English,F,V2,6,2021-01-20,148.0,vsmith@example.net
755929344794,English,F,V1,6,2021-01-20,98.0,lisaedwards@example.net
711124222118,English,F,V3,6,2021-01-20,123.0,donna94@example.org
764174103958,English,M,V1,6,2021-01-20,140.0,jamiebrown@example.com
207282683267,English,F,V2,6,2021-01-20,140.0,patrick56@example.net
223606469896,English,F,V2,6,2021-01-20,86.0,suttonmelinda@example.org
158551709205,English,F,V3,6,2021-01-20,136.0,john29@example.com
463299565879,English,F,V1,6,2021-01-20,102.0,lori98@example.org
323150413641,English,M,V1,6,2021-01-20,120.0,samanthajohnson@example.com
753454805272,English,M,V3,6,2021-01-20,139.0,yrobinson@example.org
345785542032,English,M,V3,6,2021-01-20,138.0,dunlapandrew@example.net
917804645148,English,F,V3,6,2021-01-20,147.0,browningsophia@example.org
328123981982,English,M,V2,6,2021-01-20,142.0,michael18@example.net
139424792209,English,F,V1,6,2021-01-20,140.0,jennifer08@example.com
604134992774,English,F,V1,6,2021-01-20,144.0,mspencer@example.net
846045250849,English,M,V1,6,2021-01-20,143.0,gsmith@example.net
454209847795,English,F,V3,6,2021-01-20,89.0,jenkinsdominique@example.net
929014882720,English,M,V3,6,2021-01-20,143.0,longscott@example.com
146448706872,English,F,V2,6,2021-01-20,143.0,fanderson@example.net
818220754698,English,M,V1,6,2021-01-20,85.0,theresa17@example.org
995510116716,English,M,V2,6,2021-01-20,141.0,brownwendy@example.net
238308614937,English,M,V3,6,2021-01-20,142.0,thompsonaustin@example.org
272080678568,English,M,V1,6,2021-01-20,150.0,frodriguez@example.com
660737060734,English,F,V2,6,2021-01-20,137.0,christopher61@example.org
641741029043,English,F,V2,6,2021-01-20,131.0,igarza@example.net
207282683267,English,M,V1,6,2021-01-20,141.0,nbennett@example.net
566317524586,English,M,V2,6,2021-01-20,147.0,gdixon@example.net
761120616947,English,F,V2,6,2021-01-20,138.0,hgoodman@example.net
155671629937,English,M,V3,6,2021-01-20,86.0,davidmcclure@example.net
273333726691,English,M,V2,6,2021-01-20,137.0,crystal39@example.org
299647960205,English,F,V1,6,2021-01-20,149.0,michael36@example.org
200983011886,English,M,V3,6,2021-01-20,134.0,rachel34@example.net
132873212320,English,F,V2,6,2021-01-20,123.0,wbradley@example.net
254406964639,English,F,V1,6,2021-01-20,144.0,jay06@example.com
534766237512,English,F,V2,6,2021-01-20,138.0,robert00@example.com
875172640408,English,F,V1,6,2021-01-20,143.0,jenniferberg@example.com
118257582482,English,M,V3,6,2021-01-20,142.0,eric40@example.org
614714552835,English,M,V1,6,2021-01-20,138.0,prowland@example.org
258773861652,English,M,V3,6,2021-01-20,89.0,austinramirez@example.net
337335793892,English,M,V3,6,2021-01-20,88.0,sonya93@example.net
931682110236,English,F,V1,6,2021-01-20,131.0,jasonchapman@example.org
967229548506,English,F,V1,6,2021-01-20,93.0,tdelacruz@example.org
315877941751,English,F,V1,6,2021-01-20,145.0,boylesusan@example.net
525619793400,English,M,V1,6,2021-01-20,137.0,lindseyrodriguez@example.com
195138074095,English,F,V1,6,2021-01-20,137.0,tiffanygraves@example.com
409375661661,English,M,V2,6,2021-01-20,141.0,msmith@example.net
439347027788,English,M,V1,6,2021-01-20,89.0,qbush@example.net
354306530808,English,X,V1,6,2021-01-20,130.0,raymond22@example.org
810113900430,English,F,V3,6,2021-01-20,118.0,hansonaudrey@example.com
845992499228,English,M,V2,6,2021-01-20,96.0,russelljennifer@example.net
491960747817,English,M,V3,6,2021-01-20,89.0,erikaalexander@example.com
432507687630,English,M,V2,6,2021-01-20,141.0,audreykeith@example.net
134636406522,English,F,V1,6,2021-01-20,131.0,johnnyburke@example.org
780035363554,English,F,V2,6,2021-01-20,139.0,mccarthyralph@example.com
395809864171,English,M,V3,6,2021-01-20,88.0,marycohen@example.com
568478910518,English,F,V3,6,2021-01-20,91.0,brianwilkinson@example.com
555048023937,English,F,V1,6,2021-01-20,137.0,campbellrenee@example.org
561195439228,English,F,V2,6,2021-01-20,145.0,bradley24@example.net
467137868528,English,F,V1,6,2021-01-20,91.0,bradley00@example.org
509879310079,English,M,V3,6,2021-01-20,145.0,christopher16@example.org
482827646732,English,M,V2,6,2021-01-20,144.0,john08@example.com
542613700187,English,F,V3,6,2021-01-20,135.0,justin08@example.com
862145291067,English,F,V3,6,2021-01-20,142.0,josephcantrell@example.org
834127762099,English,F,V3,6,2021-01-20,149.0,kylie53@example.org
865685763443,English,M,V3,6,2021-01-20,91.0,wgarcia@example.net
719143988343,English,M,V3,6,2021-01-20,86.0,lisamarks@example.com
241127321691,English,X,V2,6,2021-01-20,129.0,rcopeland@example.net
819331410656,English,X,V3,6,2021-01-20,,gwebster@example.org
167282589661,English,M,V2,6,2021-01-20,89.0,beasleyjonathan@example.com
611238074220,English,M,V3,6,2021-01-20,125.0,kristen72@example.org
377368864747,English,F,V3,6,2021-01-20,100.0,jordan43@example.com
238115319052,English,F,V1,6,2021-01-20,126.0,jenny12@example.net
973966272600,English,F,V3,6,2021-01-20,144.0,karen18@example.net
630991009289,English,F,V3,6,2021-01-20,141.0,gutierrezmichael@example.com
567072142078,English,X,V2,6,2021-01-20,138.0,jodyhernandez@example.net
784243118192,English,F,V3,6,2021-01-20,140.0,gina97@example.org
898279701114,English,M,V3,6,2021-01-20,147.0,zamorajasmine@example.net
439469528020,English,M,V3,6,2021-01-20,143.0,raymond90@example.com
495019945100,English,F,V3,6,2021-01-20,137.0,craigmario@example.com
614077263633,English,F,V2,6,2021-01-20,137.0,meganbrown@example.org
678185079330,English,F,V3,6,2021-01-20,143.0,cameron42@example.com
851408214617,English,M,V1,6,2021-01-20,132.0,asanders@example.net
543701586039,English,F,V3,6,2021-01-20,136.0,caitlin64@example.com
943295581328,English,F,V2,6,2021-01-20,148.0,patrickjames@example.net
763992685403,English,M,V3,6,2021-01-20,92.0,hayleykelley@example.net
563537496369,English,F,V1,6,2021-01-20,97.0,gconner@example.org
993752640741,English,M,V3,6,2021-01-20,145.0,nicolerodriguez@example.com
495806488606,English,M,V3,6,2021-01-20,90.0,johncannon@example.net
473763220612,English,F,V3,6,2021-01-20,129.0,feliciaponce@example.org
381142223745,English,M,V1,6,2021-01-20,132.0,meganpratt@example.net
804164123414,English,M,V2,6,2021-01-20,123.0,gutierrezderrick@example.com
455324936231,English,F,V3,6,2021-01-20,137.0,andrea07@example.org
115601618150,English,M,V3,6,2021-01-20,120.0,benjaminbrown@example.org
222239220883,English,F,V1,6,2021-01-20,132.0,stanleyscott@example.net
213562124032,English,M,V3,6,2021-01-20,122.0,xjohnson@example.net
246787003533,English,M,V3,6,2021-01-20,137.0,cynthiasmith@example.org
570523523901,English,M,V1,6,2021-01-20,132.0,shanecosta@example.com
675125764162,English,M,V1,6,2021-01-20,143.0,kenneth89@example.org
662357163964,English,M,V1,6,2021-01-20,148.0,john58@example.net
901344885053,English,M,V3,6,2021-01-20,138.0,richardrodriguez@example.org
713805228188,English,M,V3,6,2021-01-20,141.0,wardkevin@example.com
263046620430,English,F,V3,6,2021-01-20,124.0,charleshayes@example.net
879331045360,English,M,V1,6,2021-01-20,135.0,edwardsnathan@example.org
635969870976,English,M,V1,6,2021-01-20,,jonathan02@example.net
345327417065,English,F,V3,6,2021-01-20,132.0,kimberlycook@example.net
980106644145,English,M,V2,6,2021-01-20,136.0,turnermelissa@example.com
428085648436,English,M,V1,6,2021-01-20,145.0,amiranda@example.com
449630819667,English,F,V3,6,2021-01-20,93.0,milesjames@example.org
170035993078,English,F,V3,6,2021-01-20,139.0,amy37@example.com
775249896054,English,F,V1,6,2021-01-20,95.0,kyle26@example.org
560994930240,English,F,V2,6,2021-01-20,141.0,ndavis@example.net
652600421127,English,F,V2,6,2021-01-20,127.0,ericvalentine@example.net
497797858963,English,F,V3,6,2021-01-20,110.0,qmorales@example.com
340899168312,English,M,V1,6,2021-01-20,144.0,dwhite@example.net
121148759032,English,F,V2,6,2021-01-20,131.0,danielflores@example.com
698096442488,English,M,V2,6,2021-01-20,95.0,isaiahsmith@example.com
134636406522,English,M,V2,6,2021-01-20,132.0,jamesrivera@example.net
371398905029,English,F,V2,6,2021-01-20,145.0,gcarpenter@example.org
399749838854,English,M,V3,6,2021-01-20,107.0,ibowen@example.org
201181679983,English,M,V2,6,2021-01-20,144.0,peter71@example.org
993752640741,English,F,V1,6,2021-01-20,146.0,josephmacias@example.net
361934257652,English,M,V2,6,2021-01-20,143.0,murrayjanet@example.net
468708049212,English,F,V1,6,2021-01-20,136.0,wisejustin@example.org
319264171768,English,M,V1,6,2021-01-20,146.0,haneywendy@example.net
543701586039,English,M,V2,6,2021-01-20,142.0,brendanbooth@example.com
493253556126,English,F,V1,6,2021-01-20,138.0,jose04@example.org
440444697536,English,F,V2,6,2021-01-20,146.0,rickybrewer@example.net
551000756428,English,F,V3,6,2021-01-20,129.0,brendabarnett@example.org
968786219299,English,M,V1,6,2021-01-20,104.0,ramseysamuel@example.net
858069980250,English,M,V1,6,2021-01-20,90.0,dorisortiz@example.net
496458919006,English,F,V1,6,2021-01-20,86.0,millsadam@example.org
547654278759,English,M,V1,6,2021-01-20,97.0,mathewsmatthew@example.org
587338026174,English,F,V1,6,2021-01-20,141.0,jmartin@example.net
103761989697,English,F,V3,6,2021-01-20,91.0,piercelisa@example.com
967805282397,English,M,V2,6,2021-01-20,94.0,oboyd@example.org
239564532053,English,F,V1,6,2021-01-20,137.0,znelson@example.net
961458379522,English,F,V1,6,2021-01-20,92.0,steven63@example.org
960703167679,English,F,V1,6,2021-01-20,91.0,monica40@example.com
362867423718,English,F,V1,6,2021-01-20,145.0,crystal56@example.org
999341820272,English,F,V3,6,2021-01-20,143.0,stephensamber@example.com
246628644715,English,F,V1,6,2021-01-20,140.0,jsandoval@example.org
147163426728,English,M,V2,6,2021-01-20,137.0,grahamwanda@example.net
821253971212,English,F,V1,6,2021-01-20,128.0,jadelewis@example.com
840747794133,English,M,V1,6,2021-01-20,144.0,dbarber@example.net
724349147347,English,M,V3,6,2021-01-20,142.0,jrodriguez@example.net
387967879689,English,M,V1,6,2021-01-20,114.0,lunasarah@example.com
497797858963,English,F,V1,6,2021-01-20,111.0,erin63@example.com
978875855270,English,F,V2,6,2021-01-20,99.0,susanmay@example.org
286349957756,English,F,V1,6,2021-01-20,99.0,deborahcoleman@example.net
466032558304,English,M,V2,6,2021-01-20,136.0,ucollins@example.com
939662060053,English,M,V1,6,2021-01-20,137.0,daleanderson@example.com
133515504933,English,F,V2,6,2021-01-20,129.0,james31@example.net
351752354396,English,X,V1,6,2021-01-20,142.0,gregoryacosta@example.com
800840430270,English,F,V2,6,2021-01-20,122.0,scott98@example.org
585485274870,English,M,V1,6,2021-01-20,94.0,matthewgalloway@example.net
636911543823,English,M,V2,6,2021-01-20,137.0,susansmith@example.net
695387633439,English,M,V2,6,2021-01-20,92.0,mckaydonald@example.com
897365815192,English,F,V3,6,2021-01-20,91.0,jessewaller@example.com
936794991159,English,M,V3,6,2021-01-20,98.0,lsanchez@example.org
475140800580,English,F,V2,6,2021-01-20,130.0,pameladaniels@example.net
199707268140,English,M,V1,6,2021-01-20,140.0,olivia95@example.net
298431551953,English,F,V1,6,2021-01-20,140.0,yhess@example.net
113182466298,English,M,V1,6,2021-01-20,141.0,paulrangel@example.com
758432976883,English,F,V3,6,2021-01-20,101.0,snyderjohn@example.org
962064466500,English,M,V2,6,2021-01-20,138.0,stephanierusso@example.net
210020085529,English,F,V3,6,2021-01-20,119.0,francisjohn@example.org
196524099922,English,M,V3,6,2021-01-20,145.0,glassgeorge@example.com
902888634785,English,F,V1,6,2021-01-20,,melissa27@example.com
747115969028,English,M,V3,6,2021-01-20,145.0,williamscrystal@example.net
215935921180,English,F,V2,6,2021-01-20,135.0,kristyhall@example.org
795525993376,English,M,V2,6,2021-01-20,97.0,nelsonbrianna@example.com
707660636956,English,M,V2,6,2021-01-20,87.0,patrick44@example.com
155003885450,English,F,V2,6,2021-01-20,130.0,joshuajones@example.net
229802510939,English,F,V2,6,2021-01-20,137.0,jtownsend@example.net
559949048521,English,F,V2,6,2021-01-20,92.0,lori46@example.net
336763649817,English,M,V1,6,2021-01-20,93.0,marysmith@example.org
167575144900,English,F,V2,6,2021-01-20,138.0,mariedelacruz@example.org
827709139739,English,M,V1,6,2021-01-20,90.0,bhall@example.com
580070960992,English,F,V2,6,2021-01-20,141.0,cynthia97@example.org
739286610014,English,M,V3,6,2021-01-20,137.0,michelleramos@example.net
863766581743,English,F,V2,6,2021-01-20,93.0,douglasholland@example.net
764174103958,English,F,V3,6,2021-01-20,140.0,tbanks@example.com
457016401609,English,M,V2,6,2021-01-20,134.0,alexandrathomas@example.net
678185079330,English,F,V3,6,2021-01-20,145.0,kristen19@example.net
959316551152,English,M,V2,6,2021-01-20,137.0,esharp@example.com
906178418327,English,M,V1,6,2021-01-20,145.0,wrightmegan@example.com
680667209783,English,M,V1,6,2021-01-20,90.0,icummings@example.org
279599375321,English,F,V1,6,2021-01-20,88.0,michael48@example.com
552003393412,English,F,V1,6,2021-01-20,122.0,osbornemegan@example.com
680250005204,English,M,V1,6,2021-01-20,122.0,matthew25@example.net
906597627080,English,F,V2,6,2021-01-20,147.0,pmalone@example.net
293889284806,English,F,V1,6,2021-01-20,96.0,robertgriffin@example.org
981864149412,English,F,V2,6,2021-01-20,142.0,kingstephanie@example.com
376234328621,English,M,V2,6,2021-01-20,137.0,joshua58@example.net
194909189019,English,F,V2,6,2021-01-20,91.0,ericjones@example.org
857022426358,English,M,V3,6,2021-01-20,140.0,williamjensen@example.com
819356590549,English,F,V1,6,2021-01-20,92.0,hernandezshannon@example.org
422791744804,English,M,V2,6,2021-01-20,140.0,philip82@example.com
385871104004,English,F,V1,6,2021-01-20,129.0,rogerskelly@example.com
522895166553,English,M,V3,6,2021-01-20,144.0,deborah85@example.com
415143093433,English,M,V2,6,2021-01-20,125.0,adkinsanthony@example.net
231279002009,English,F,V2,6,2021-01-20,124.0,hoffmanjose@example.org
556449995540,English,M,V2,6,2021-01-20,95.0,tliu@example.net
875807259097,English,M,V1,6,2021-01-20,92.0,lsimon@example.net
590432206643,English,F,V1,6,2021-01-20,129.0,carolhall@example.net
878700780951,English,M,V1,6,2021-01-20,85.0,sharonchaney@example.org
485937848430,English,X,V2,6,2021-01-20,93.0,davismichael@example.org
432236749492,English,F,V2,6,2021-01-20,144.0,arroyoemily@example.net
851408214617,English,F,V3,6,2021-01-20,134.0,mperez@example.net
666244609407,English,F,V2,6,2021-01-20,139.0,joshuamartinez@example.org
440444697536,English,F,V1,6,2021-01-20,141.0,amy93@example.net
360337209954,English,M,V1,6,2021-01-20,138.0,erikgay@example.net
463299565879,English,F,V1,6,2021-01-20,99.0,debra96@example.org
878270163674,English,F,V3,6,2021-01-20,148.0,jfrench@example.org
847072416927,English,F,V3,6,2021-01-20,144.0,dking@example.net
612371925154,English,M,V2,6,2021-01-20,133.0,christopher52@example.org
857022426358,English,X,V2,6,2021-01-20,137.0,antoniocaldwell@example.org
936794991159,English,M,V1,6,2021-01-20,101.0,rossjoshua@example.net
712892779058,English,F,V1,6,2021-01-20,96.0,harrisonamber@example.org
138320838071,English,M,V1,6,2021-01-20,131.0,icrawford@example.com
309795236099,English,F,V2,6,2021-01-20,91.0,alexandersharp@example.net
706700675532,English,M,V1,6,2021-01-20,134.0,casey36@example.com
667738699923,English,M,V2,6,2021-01-20,104.0,brian99@example.org
675125764162,English,M,V3,6,2021-01-20,141.0,cynthia63@example.net
903940341436,English,F,V3,6,2021-01-20,136.0,williamschristina@example.net
911730070373,English,M,V3,6,2021-01-20,132.0,thomastran@example.com
516925101543,English,F,V2,6,2021-01-20,131.0,andersonkaren@example.org
951964686292,English,F,V1,6,2021-01-20,98.0,wmiller@example.net
597696297374,English,F,V1,6,2021-01-20,99.0,cathygarrison@example.org
729510965449,English,M,V2,6,2021-01-20,90.0,willie09@example.com
904442566992,English,F,V3,6,2021-01-20,86.0,richard61@example.net
228530526066,English,M,V2,6,2021-01-20,130.0,bmartin@example.com
850254434111,English,F,V1,6,2021-01-20,126.0,johnsonlisa@example.org
819213578385,English,M,V3,6,2021-01-20,91.0,troy28@example.org
391176704142,English,M,V2,6,2021-01-20,134.0,velasquezmichele@example.org
193440555899,English,M,V3,6,2021-01-20,90.0,olivia56@example.com
209473603062,English,F,V3,6,2021-01-20,131.0,deborahparsons@example.org
824319930112,English,F,V1,6,2021-01-20,128.0,zjackson@example.net
340899168312,English,F,V3,6,2021-01-20,142.0,richard66@example.com
300543374430,English,M,V1,6,2021-01-20,127.0,awashington@example.com
677573121898,English,F,V3,6,2021-01-20,93.0,victorsantiago@example.net
527650366951,English,F,V2,6,2021-01-20,141.0,matthewwolf@example.net
813556032194,English,F,V3,6,2021-01-20,135.0,melissa21@example.net
409396850660,English,M,V3,6,2021-01-20,146.0,brian17@example.org
920552768528,English,F,V3,6,2021-01-20,150.0,harringtonmichelle@example.org
511791034166,English,F,V3,6,2021-01-20,131.0,brittney99@example.com
739206555286,English,M,V2,6,2021-01-20,143.0,dmaxwell@example.com
534766237512,English,M,V3,6,2021-01-20,138.0,fcaldwell@example.org
451516465645,English,F,V3,6,2021-01-20,143.0,browe@example.org
862311584295,English,M,V1,6,2021-01-20,141.0,davidowens@example.net
782501312803,English,F,V3,6,2021-01-20,125.0,josephjimenez@example.net
576544845473,English,M,V3,6,2021-01-20,91.0,mariacastro@example.org
876609933812,English,F,V3,6,2021-01-20,88.0,doughertyadam@example.org
647442462294,English,M,V3,6,2021-01-20,143.0,kimberlygreene@example.com
771551292921,English,M,V1,6,2021-01-20,137.0,stephenjohnson@example.org
345594312626,English,F,V3,6,2021-01-20,135.0,gomezjeffrey@example.net
344005941719,English,M,V2,6,2021-01-20,137.0,kennethlove@example.net
716323121588,English,M,V1,6,2021-01-20,133.0,jenny32@example.net
989814381144,English,M,V1,6,2021-01-20,87.0,jfloyd@example.net
932148087324,English,M,V3,6,2021-01-20,138.0,chambersmichael@example.com
614492451828,English,M,V3,6,2021-01-20,139.0,robertsstacy@example.net
727864648057,English,M,V1,6,2021-01-20,95.0,kevinwilson@example.net
323290760440,English,M,V2,6,2021-01-20,127.0,lmejia@example.org
981074076952,English,F,V2,6,2021-01-20,146.0,laura29@example.org
491774150305,English,F,V3,6,2021-01-20,135.0,zbrown@example.org
774820055905,English,F,V2,6,2021-01-20,138.0,campbellcorey@example.com
614545132668,English,M,V2,6,2021-01-20,139.0,debrajones@example.com
296761860646,English,M,V3,6,2021-01-20,89.0,lgray@example.org
908608550893,English,F,V2,6,2021-01-20,92.0,eturner@example.org
325677467259,English,F,V2,6,2021-01-20,89.0,jonathanmorales@example.com
911128725609,English,F,V1,6,2021-01-20,142.0,andreavega@example.org
111313902135,English,X,V2,6,2021-01-20,121.0,jmartin@example.org
449682660931,English,M,V3,6,2021-01-20,146.0,keychristina@example.org
234704451784,English,M,V3,6,2021-01-20,135.0,maldonadocourtney@example.org
700226383273,English,M,V1,6,2021-01-20,133.0,oliverandrew@example.com
129979664242,English,F,V1,6,2021-01-20,90.0,crystalreyes@example.org
215353408180,English,F,V2,6,2021-01-20,128.0,william38@example.net
305559803484,English,M,V3,6,2021-01-20,144.0,peckmelissa@example.net
565739783347,English,F,V1,6,2021-01-20,94.0,renee02@example.org
820882711219,English,M,V2,6,2021-01-20,135.0,xperez@example.org
111634359919,English,M,V1,6,2021-01-20,143.0,nsmith@example.net
212326690639,English,M,V3,6,2021-01-20,135.0,parkercraig@example.org
485667105689,English,M,V2,6,2021-01-20,95.0,dana91@example.com
485667105689,English,F,V2,6,2021-01-20,95.0,khernandez@example.com
496015244964,English,F,V1,6,2021-01-20,140.0,carmendaugherty@example.net
677573121898,English,F,V3,6,2021-01-20,94.0,humphreycole@example.net
570576008481,English,F,V1,6,2021-01-20,140.0,banderson@example.net
576176191685,English,M,V3,6,2021-01-20,90.0,sramsey@example.org
156713786431,English,M,V3,6,2021-01-20,143.0,sbrooks@example.net
427733063130,English,M,V1,6,2021-01-20,126.0,dawndavis@example.com
846755192590,English,M,V2,6,2021-01-20,92.0,cindy94@example.org
247650929030,English,M,V1,6,2021-01-20,133.0,robertsonlawrence@example.org
979197660453,English,M,V2,6,2021-01-20,91.0,wayne46@example.net
932379334767,English,M,V2,6,2021-01-20,89.0,williammacdonald@example.net
379863869634,English,M,V1,6,2021-01-20,100.0,sandra49@example.com
299706000823,English,M,V3,6,2021-01-20,133.0,homartin@example.com
172575046893,English,M,V3,6,2021-01-20,143.0,carlosgilbert@example.com
481922448030,English,F,V3,6,2021-01-20,132.0,caitlintran@example.org
218973052939,English,F,V1,6,2021-01-20,143.0,dennis48@example.net
391975168948,English,M,V1,6,2021-01-20,95.0,carrie98@example.com
579524457076,English,M,V1,6,2021-01-20,90.0,tiffanydudley@example.org
358690604387,English,M,V1,6,2021-01-20,147.0,ramosdaniel@example.com
540985378187,English,M,V2,6,2021-01-20,94.0,hwiley@example.com
336763649817,English,F,V1,6,2021-01-20,89.0,castrodavid@example.com
820882711219,English,F,V1,6,2021-01-20,135.0,cevans@example.org
943444182661,English,F,V3,6,2021-01-20,137.0,michael84@example.com
556449995540,English,M,V1,6,2021-01-20,90.0,jonathan85@example.net
446623122761,English,M,V1,6,2021-01-20,132.0,fclay@example.com
497838120848,English,F,V3,6,2021-01-20,87.0,coxcrystal@example.org
783306738548,English,M,V3,6,2021-01-20,88.0,john67@example.org
113576598941,English,X,V3,6,2021-01-20,147.0,swansondavid@example.com
260270690742,English,M,V1,6,2021-01-20,131.0,andersonandres@example.com
439469528020,English,M,V2,6,2021-01-20,138.0,jenkinssara@example.com
594760713736,English,M,V2,6,2021-01-20,144.0,brittany01@example.net
419711119705,English,F,V1,6,2021-01-20,131.0,natalie75@example.net
700214168142,English,F,V3,6,2021-01-20,124.0,jennifer41@example.net
276623343690,English,M,V3,6,2021-01-20,137.0,alexander22@example.net
863304856263,English,M,V1,6,2021-01-20,141.0,jean77@example.org
196583523675,English,M,V3,6,2021-01-20,86.0,jesse51@example.org
761334094416,English,F,V1,6,2021-01-20,139.0,rogermccarthy@example.net
524767403409,English,F,V2,6,2021-01-20,141.0,andreadavis@example.com
322938277609,English,M,V2,6,2021-01-20,149.0,vwilliams@example.net
766166364538,English,F,V1,6,2021-01-20,89.0,unelson@example.net
508148358756,English,X,V2,6,2021-01-20,87.0,kcarter@example.org
360337209954,English,M,V3,6,2021-01-20,139.0,kristenfitzgerald@example.org
210386892828,English,M,V3,6,2021-01-20,145.0,pattywallace@example.com
443302824961,English,M,V3,6,2021-01-20,134.0,daniel12@example.net
847072416927,English,F,V2,6,2021-01-20,148.0,williamwest@example.org
921616729582,English,M,V3,6,2021-01-20,149.0,ccole@example.net
468262120900,English,F,V3,6,2021-01-20,131.0,fhill@example.net
685006751897,English,F,V2,6,2021-01-20,90.0,martinezheather@example.com
600073863335,English,M,V2,6,2021-01-20,130.0,suzanne92@example.org
807082439924,English,M,V3,6,2021-01-20,145.0,perezcraig@example.com
827215047405,English,M,V1,6,2021-01-20,134.0,weberjeffrey@example.net
151142805798,English,F,V2,6,2021-01-20,138.0,ronaldthomas@example.org
788079066652,English,M,V3,6,2021-01-20,94.0,fritzsamantha@example.net
457371388894,English,F,V1,6,2021-01-20,94.0,johnsonemma@example.com
783825864272,English,M,V2,6,2021-01-20,89.0,edwardsalice@example.org
158337353795,English,F,V1,6,2021-01-20,148.0,smithchristy@example.org
478358358007,English,F,V3,6,2021-01-20,143.0,elizabeth10@example.org
474187816990,English,F,V3,6,2021-01-20,90.0,jorgeharrell@example.net
502768875015,English,M,V2,6,2021-01-20,139.0,bonnieclark@example.org
588113463813,English,F,V2,6,2021-01-20,141.0,salinasmatthew@example.com
462037890135,English,F,V3,6,2021-01-20,136.0,olsondawn@example.net
889526924004,English,M,V3,6,2021-01-20,144.0,kathryn37@example.net
939292359243,English,F,V2,6,2021-01-20,89.0,megancontreras@example.com
529604947711,English,F,V3,6,2021-01-20,144.0,christopher36@example.net
706177742856,English,M,V3,6,2021-01-20,89.0,anthony99@example.net
348708282530,English,F,V1,6,2021-01-20,140.0,awilliams@example.org
612973737837,English,M,V1,6,2021-01-20,92.0,sawyerdouglas@example.com
522673577418,English,M,V3,6,2021-01-20,148.0,matthewschristopher@example.net
333523158266,English,F,V2,6,2021-01-20,134.0,kelly39@example.com
440868206292,English,F,V2,6,2021-01-20,139.0,ann26@example.com
858069980250,English,F,V2,6,2021-01-20,85.0,garciajohn@example.com
112111160288,English,M,V3,6,2021-01-20,122.0,teresaburke@example.com
211397236218,English,M,V3,6,2021-01-20,133.0,jacobpotter@example.com
161779414295,English,F,V2,6,2021-01-20,143.0,nstewart@example.org
802132663376,English,F,V1,6,2021-01-20,133.0,michellesanchez@example.org
712892779058,English,F,V1,6,2021-01-20,95.0,troyhawkins@example.com
380558201210,English,F,V1,6,2021-01-20,126.0,jameshill@example.net
487807227526,English,M,V1,6,2021-01-20,148.0,joseph17@example.net
686045909873,English,M,V1,6,2021-01-20,94.0,zwatson@example.org
786369841143,English,F,V2,6,2021-01-20,89.0,nicholas29@example.net
213675761843,English,M,V3,6,2021-01-20,141.0,qmiller@example.net
776697306663,English,M,V1,6,2021-01-20,94.0,davidgomez@example.com
246792705189,English,M,V3,6,2021-01-20,87.0,brian55@example.com
788253423313,English,F,V3,6,2021-01-20,138.0,jgreen@example.org
887849117282,English,F,V1,6,2021-01-20,92.0,patriciaaustin@example.com
711484220257,English,M,V1,6,2021-01-20,134.0,frazierjeremiah@example.net
463569791795,English,F,V2,6,2021-01-20,96.0,kreynolds@example.org
196570095240,English,M,V2,6,2021-01-20,137.0,blackjessica@example.org
826353985358,English,M,V1,6,2021-01-20,94.0,linda27@example.com
774644562927,English,F,V3,6,2021-01-20,91.0,john45@example.org
961407936525,English,M,V3,6,2021-01-20,143.0,patricia03@example.org
286349957756,English,F,V3,6,2021-01-20,101.0,nancymiller@example.net
772651642746,English,F,V1,6,2021-01-20,145.0,mwilliams@example.net
780173585340,English,F,V3,6,2021-01-20,139.0,kennethanderson@example.com
711124222118,English,F,V2,6,2021-01-20,117.0,cmitchell@example.net
263358841424,English,F,V1,6,2021-01-20,141.0,simmonsdenise@example.com
922134110972,English,F,V2,6,2021-01-20,127.0,lfrancis@example.com
611627322286,English,M,V2,6,2021-01-20,133.0,rebecca72@example.net
653697199953,English,F,V3,6,2021-01-20,102.0,christianbrown@example.com
321922475308,English,M,V3,6,2021-01-20,132.0,aaronroberts@example.com
557203739261,English,F,V1,6,2021-01-20,139.0,amyadams@example.net
340667979208,English,M,V1,6,2021-01-20,91.0,maria23@example.com
930918734277,English,M,V1,6,2021-01-20,87.0,derek02@example.com
977729226871,English,M,V3,6,2021-01-20,98.0,caseybrian@example.com
843822832127,English,F,V3,6,2021-01-20,136.0,zacharywhitehead@example.org
371862082492,English,M,V3,6,2021-01-20,143.0,woodjohn@example.com
943295581328,English,F,V1,6,2021-01-20,149.0,david67@example.com
113182466298,English,M,V1,6,2021-01-20,136.0,michaeljohnson@example.com
879097061377,English,M,V1,6,2021-01-20,91.0,kreed@example.com
826749989976,English,M,V3,6,2021-01-20,112.0,kellermatthew@example.org
506609365151,English,M,V2,6,2021-01-20,134.0,antoniowilliamson@example.org
485937848430,English,M,V1,6,2021-01-20,91.0,alan20@example.com
397855340575,English,F,V3,6,2021-01-20,87.0,sarahflynn@example.net
370824489557,English,F,V3,6,2021-01-20,90.0,mark38@example.com
365306758902,English,F,V2,6,2021-01-20,143.0,bmurray@example.com
980867059994,English,M,V1,6,2021-01-20,102.0,vancejustin@example.com
481922448030,English,M,V3,6,2021-01-20,132.0,todd31@example.net
784243118192,English,F,V1,6,2021-01-20,139.0,robert16@example.com
630980247109,English,M,V2,6,2021-01-20,134.0,maryflores@example.com
553128167130,English,M,V2,6,2021-01-20,131.0,stephanieross@example.net
147734107781,English,M,V2,6,2021-01-20,135.0,sanfordmelissa@example.net
302215541220,English,F,V1,6,2021-01-20,113.0,hlee@example.org
640073979521,English,M,V1,6,2021-01-20,143.0,bhoffman@example.com
972894788885,English,F,V2,6,2021-01-20,113.0,jacobcollins@example.org
814730556777,English,F,V1,6,2021-01-20,86.0,mcneilandrew@example.org
211010753364,English,M,V1,6,2021-01-20,123.0,davidrosales@example.org
335619798160,English,F,V2,6,2021-01-20,146.0,foconnor@example.org
186500840867,English,F,V1,6,2021-01-20,139.0,barrettnicole@example.org
836502264923,English,M,V1,6,2021-01-20,139.0,umckay@example.com
784478712583,English,F,V3,6,2021-01-20,92.0,anthonyross@example.net
239923539405,English,F,V2,6,2021-01-20,140.0,lucasdavid@example.com
748637509094,English,M,V3,6,2021-01-20,90.0,frobinson@example.net
415638569408,English,M,V1,6,2021-01-20,150.0,wchen@example.net
557124120137,English,F,V3,6,2021-01-20,127.0,marknorris@example.com
391084375927,English,F,V1,6,2021-01-20,146.0,wendy77@example.net
777230018990,English,M,V3,6,2021-01-20,141.0,darrylespinoza@example.net
770070551863,English,F,V2,6,2021-01-20,139.0,anthony05@example.com
576207663272,English,F,V1,6,2021-01-20,143.0,fcortez@example.org
608804317773,English,M,V3,6,2021-01-20,144.0,meghanballard@example.com
405594287725,English,F,V2,6,2021-01-20,145.0,joseph81@example.net
861254599844,English,M,V2,6,2021-01-20,91.0,dmiller@example.org
213475560157,English,M,V3,6,2021-01-20,136.0,bridgesanne@example.com
252176987388,English,F,V3,6,2021-01-20,92.0,marychapman@example.org
321722806829,English,F,V1,6,2021-01-20,140.0,yorkstephanie@example.com
585127087436,English,M,V3,6,2021-01-20,141.0,matthewgarcia@example.com
440982284414,English,M,V3,6,2021-01-20,141.0,mcgeeaaron@example.com
615528403440,English,F,V1,6,2021-01-20,129.0,martincarl@example.net
105136379011,English,M,V2,6,2021-01-20,125.0,garciapamela@example.com
481066708587,English,M,V2,6,2021-01-20,90.0,juliejohnson@example.org
338331488894,English,F,V1,6,2021-01-20,88.0,dburns@example.org
375863783061,English,F,V3,6,2021-01-20,145.0,jonesjames@example.net
596821431812,English,F,V3,6,2021-01-20,138.0,lewisfrances@example.com
961403946426,English,M,V1,6,2021-01-20,141.0,rodriguezsteven@example.com
174679156136,English,M,V1,6,2021-01-20,143.0,christopher24@example.com
857022426358,English,M,V3,6,2021-01-20,137.0,brogers@example.net
759522068264,English,F,V3,6,2021-01-20,144.0,jessicadavis@example.org
620604566876,English,M,V2,6,2021-01-20,142.0,ulindsey@example.com
553128167130,English,M,V2,6,2021-01-20,128.0,tscott@example.org
831057115803,English,M,V2,6,2021-01-20,128.0,gloriaquinn@example.com
567808066789,English,M,V1,6,2021-01-20,97.0,jordangraves@example.net
204144487126,English,M,V3,6,2021-01-20,131.0,cynthia58@example.com
383629293320,English,M,V1,6,2021-01-20,137.0,kellylee@example.net
134636406522,English,M,V1,6,2021-01-20,128.0,cmartin@example.net
407421682318,English,M,V1,6,2021-01-20,137.0,williamsonjohnathan@example.com
380775097746,English,M,V3,6,2021-01-20,90.0,antonio07@example.net
990873028975,English,M,V3,6,2021-01-20,94.0,kayleefoster@example.net
253256534203,English,M,V1,6,2021-01-20,131.0,deanna32@example.net
588113463813,English,M,V3,6,2021-01-20,140.0,jwaller@example.net
130895393817,English,M,V3,6,2021-01-20,143.0,heathertucker@example.com
258156166999,English,M,V2,6,2021-01-20,94.0,davidhernandez@example.org
378332847751,English,F,V1,6,2021-01-20,147.0,rjohnson@example.com
826607282855,English,F,V1,6,2021-01-20,148.0,samanthamclaughlin@example.com
721127573552,English,M,V1,6,2021-01-20,138.0,patriciarivera@example.org
260295290622,English,M,V2,6,2021-01-20,131.0,meghan03@example.org
462782240869,English,M,V2,6,2021-01-20,146.0,pnunez@example.net
933943295180,English,F,V3,6,2021-01-20,143.0,smithdawn@example.com
496447276210,English,F,V3,6,2021-01-20,142.0,harveyanna@example.com
405511471518,English,M,V3,6,2021-01-20,127.0,paulpearson@example.org
981441061612,English,F,V3,6,2021-01-20,129.0,jeremy35@example.com
848107187784,English,M,V2,6,2021-01-20,94.0,megan26@example.org
143929034433,English,M,V1,6,2021-01-20,130.0,katherine32@example.net
160131800019,English,M,V1,6,2021-01-20,119.0,lauren27@example.net
187160798739,English,F,V2,6,2021-01-20,94.0,william26@example.net
489458531551,English,F,V3,6,2021-01-20,148.0,vmarsh@example.net
680016179863,English,X,V2,6,2021-01-20,142.0,maria47@example.com
903621282961,English,M,V1,6,2021-01-20,136.0,marissa68@example.net
418954717944,English,M,V1,6,2021-01-20,91.0,hector04@example.net
847599770631,English,F,V1,6,2021-01-20,92.0,dmills@example.com
103609357500,English,F,V1,6,2021-01-20,130.0,mooredebbie@example.org
215935921180,English,F,V3,6,2021-01-20,131.0,umartin@example.net
945966157129,English,F,V3,6,2021-01-20,95.0,valeriemeyers@example.net
130723695883,English,F,V1,6,2021-01-20,145.0,morenomichael@example.net
875172640408,English,F,V1,6,2021-01-20,142.0,jackgentry@example.org
923746841321,English,X,V3,6,2021-01-20,139.0,michael21@example.org
572340576596,English,M,V3,6,2021-01-20,144.0,xlittle@example.com
396739436548,English,F,V1,6,2021-01-20,95.0,bishopangela@example.net
946551645217,English,M,V1,6,2021-01-20,144.0,adamcarlson@example.org
214195797998,English,M,V2,6,2021-01-20,101.0,heidiedwards@example.org
549715783564,English,M,V3,6,2021-01-20,93.0,xwilson@example.com
347545842898,English,F,V1,6,2021-01-20,96.0,bradleycook@example.org
466032558304,English,F,V2,6,2021-01-20,133.0,shanerodriguez@example.org
398660291351,English,F,V2,6,2021-01-20,139.0,josephwest@example.org
368936061203,English,M,V2,6,2021-01-20,135.0,tonykim@example.com
422386589067,English,F,V1,6,2021-01-20,91.0,pjackson@example.net
572521574352,English,M,V2,6,2021-01-20,134.0,rebekahacosta@example.com
136537271252,English,M,V3,6,2021-01-20,135.0,bobby04@example.net
993714264009,English,M,V1,6,2021-01-20,143.0,welchrichard@example.org
260295290622,English,M,V2,6,2021-01-20,136.0,ricardododson@example.net
262941024552,English,F,V3,6,2021-01-20,131.0,xallen@example.org
257554881714,English,M,V1,6,2021-01-20,145.0,smithdonna@example.com
845992499228,English,F,V3,6,2021-01-20,96.0,snowmisty@example.net
138908447703,English,M,V1,6,2021-01-20,145.0,igomez@example.org
447634844789,English,F,V2,6,2021-01-20,97.0,ameadows@example.org
806045643728,English,M,V3,6,2021-01-20,143.0,qpierce@example.org
613211215228,English,F,V2,6,2021-01-20,123.0,mcbridemelissa@example.net
729849112047,English,M,V3,6,2021-01-20,139.0,snowkari@example.net
806359129720,English,F,V3,6,2021-01-20,139.0,cherylwilliams@example.org
749253440396,English,M,V1,6,2021-01-20,146.0,jessica00@example.net
695387633439,English,F,V3,6,2021-01-20,93.0,garciaholly@example.net
525196867112,English,F,V1,6,2021-01-20,144.0,heatherharrison@example.com
222239220883,English,M,V3,6,2021-01-20,133.0,markjones@example.net
611627322286,English,F,V3,6,2021-01-20,137.0,tmorgan@example.com
656166134946,English,M,V2,6,2021-01-20,143.0,mfernandez@example.com
972286561746,English,F,V1,6,2021-01-20,90.0,stephanieanderson@example.com
327572491911,English,F,V3,6,2021-01-20,140.0,nicholshelen@example.org
794628934984,English,F,V1,6,2021-01-20,98.0,xrichardson@example.org
880799057992,English,F,V2,6,2021-01-20,100.0,thomasreyes@example.org
884930424452,English,M,V1,6,2021-01-20,138.0,vincentbrianna@example.net
890950827223,English,F,V3,6,2021-01-20,141.0,sextontammy@example.org
842024387615,English,M,V2,6,2021-01-20,137.0,matthewclay@example.com
738001190462,English,M,V3,6,2021-01-20,126.0,martinezbrandy@example.com
387066474145,English,M,V3,6,2021-01-20,143.0,mcknightnicholas@example.org
299647960205,English,M,V3,6,2021-01-20,150.0,georgeprice@example.com
612973737837,English,M,V1,6,2021-01-20,91.0,warrenmeghan@example.org
159304162991,English,M,V2,6,2021-01-20,136.0,twebb@example.org
848882080130,English,M,V2,6,2021-01-20,139.0,snyderdylan@example.com
497919395983,English,F,V1,6,2021-01-20,103.0,pwalker@example.net
219679651504,English,F,V2,6,2021-01-20,145.0,sarah48@example.org
748414805292,English,F,V2,6,2021-01-20,142.0,hwong@example.com
819628925302,English,F,V1,6,2021-01-20,143.0,greerjasmine@example.com
516998076651,English,M,V2,6,2021-01-20,92.0,leahjohnson@example.com
599071382221,English,M,V2,6,2021-01-20,138.0,cunninghamamanda@example.net
665618169239,English,F,V1,6,2021-01-20,89.0,robert33@example.com
271864361219,English,F,V2,6,2021-01-20,139.0,john46@example.com
176259240370,English,F,V2,6,2021-01-20,132.0,trevor41@example.net
719143988343,English,M,V2,6,2021-01-20,88.0,sdecker@example.net
688860789824,English,F,V2,6,2021-01-20,99.0,lydiapeters@example.org
566317524586,English,M,V2,6,2021-01-20,144.0,cynthia41@example.net
251257573744,English,M,V3,6,2021-01-20,143.0,pacegrant@example.org
466258519200,English,M,V1,6,2021-01-20,134.0,nibarra@example.com
617327443335,English,F,V3,6,2021-01-20,134.0,brownmatthew@example.net
447354879124,English,M,V2,6,2021-01-20,148.0,stephanieramirez@example.net
827709139739,English,M,V2,6,2021-01-20,93.0,kathymartinez@example.net
526769744380,English,M,V1,6,2021-01-20,90.0,sanchezstephanie@example.com
741502550695,English,M,V2,6,2021-01-20,140.0,wwilliams@example.org
865406850384,English,M,V1,6,2021-01-20,144.0,davisbradley@example.net
720541164238,English,F,V2,6,2021-01-20,129.0,walshtanya@example.net
932379334767,English,F,V1,6,2021-01-20,90.0,wgoodwin@example.net
195406992999,English,F,V2,6,2021-01-20,97.0,joshua49@example.com
195138074095,English,M,V3,6,2021-01-20,140.0,zcarter@example.org
652600421127,English,M,V1,6,2021-01-20,127.0,mary96@example.org
503975948420,English,M,V1,6,2021-01-20,147.0,egraham@example.net
196583523675,English,F,V3,6,2021-01-20,,kcortez@example.org
928397143727,English,M,V2,6,2021-01-20,93.0,novakchristopher@example.net
847969577704,English,M,V3,6,2021-01-20,100.0,nguyenshawn@example.com
914933443300,English,F,V3,6,2021-01-20,132.0,courtneyvargas@example.net
850607262018,English,M,V2,6,2021-01-20,136.0,alexis06@example.net
520221614394,English,M,V1,6,2021-01-20,130.0,jennifer29@example.net
614903558290,English,M,V2,6,2021-01-20,141.0,ericmartinez@example.com
635899780496,English,M,V3,6,2021-01-20,101.0,emathis@example.com
970614522597,English,M,V1,6,2021-01-20,146.0,rodriguezapril@example.com
763782401933,English,F,V2,6,2021-01-20,142.0,xwilson@example.net
710320991877,English,M,V3,6,2021-01-20,139.0,rowens@example.net
521402659074,English,M,V1,6,2021-01-20,136.0,kelly59@example.org
567463216130,English,F,V3,6,2021-01-20,130.0,jeffrey90@example.com
933943295180,English,M,V1,6,2021-01-20,146.0,karen67@example.org
345785542032,English,F,V1,6,2021-01-20,136.0,bonniecruz@example.org
390766859652,English,M,V3,6,2021-01-20,95.0,kenneth68@example.com
134739434619,English,F,V2,6,2021-01-20,139.0,kylecaldwell@example.com
113347906732,English,F,V3,6,2021-01-20,134.0,briannawilson@example.com
839123455626,English,F,V1,6,2021-01-20,141.0,kristapearson@example.net
948505624646,English,F,V3,6,2021-01-20,148.0,eric61@example.org
876912863858,English,F,V2,6,2021-01-20,102.0,caitlinmorse@example.net
193353746714,English,F,V2,6,2021-01-20,141.0,nicolewhite@example.net
731855329923,English,F,V1,6,2021-01-20,148.0,beth04@example.com
213140014042,English,F,V2,6,2021-01-20,113.0,donaldrice@example.org
229657968734,English,M,V2,6,2021-01-20,99.0,garciabrenda@example.org
914368329983,English,M,V3,6,2021-01-20,96.0,jwilson@example.com
993752640741,English,F,V1,6,2021-01-20,148.0,stephaniefoley@example.net
790080582543,English,F,V3,6,2021-01-20,141.0,rhill@example.net
851236257490,English,F,V3,6,2021-01-20,137.0,hamiltonjeffrey@example.org
196583523675,English,F,V2,6,2021-01-20,86.0,sheri83@example.com
598396161617,English,F,V3,6,2021-01-20,93.0,ygrant@example.com
241464207320,English,F,V1,6,2021-01-20,124.0,michaelsullivan@example.org
576728058252,English,F,V2,6,2021-01-20,147.0,robert46@example.net
595240811107,English,M,V2,6,2021-01-20,129.0,vgill@example.net
973121117977,English,F,V3,6,2021-01-20,145.0,taylorcody@example.com
890052542822,English,F,V1,6,2021-01-20,137.0,randyrichardson@example.org
790013731207,English,F,V1,6,2021-01-20,125.0,paul46@example.com
379899486863,English,M,V1,6,2021-01-20,105.0,chenlisa@example.net
656253028728,English,F,V3,6,2021-01-20,139.0,qhunt@example.com
783998801641,English,F,V2,6,2021-01-20,95.0,nicolecunningham@example.org
879331045360,English,M,V3,6,2021-01-20,140.0,rcox@example.net
444187134573,English,F,V2,6,2021-01-20,141.0,wpeck@example.org
729262781632,English,F,V3,6,2021-01-20,146.0,asmith@example.org
422562444433,English,M,V2,6,2021-01-20,133.0,zacharybowers@example.com
114874246289,English,M,V1,6,2021-01-20,143.0,jonathan25@example.com
255880496857,English,M,V1,6,2021-01-20,96.0,jason28@example.org
327572491911,English,F,V3,6,2021-01-20,136.0,ilopez@example.net
483140463971,English,F,V2,6,2021-01-20,137.0,amber85@example.org
813177934349,English,M,V3,6,2021-01-20,146.0,wnorman@example.com
744243715938,English,F,V2,6,2021-01-20,147.0,wendy23@example.net
864731438609,English,F,V1,6,2021-01-20,145.0,monica44@example.com
886468789798,English,M,V1,6,2021-01-20,114.0,peggyblack@example.org
125071804742,English,M,V3,6,2021-01-20,128.0,scott52@example.com
202597572430,English,M,V3,6,2021-01-20,132.0,yoliver@example.org
134485184411,English,M,V1,6,2021-01-20,130.0,rwarner@example.org
857214099067,English,F,V2,6,2021-01-20,146.0,vweber@example.net
598092075150,English,F,V1,6,2021-01-20,141.0,allisonanderson@example.net
462472660379,English,F,V2,6,2021-01-20,146.0,mariawhite@example.net
427229053731,English,M,V2,6,2021-01-20,130.0,warnold@example.net
422791744804,English,F,V1,6,2021-01-20,141.0,stacygentry@example.net
929190851648,English,F,V2,6,2021-01-20,90.0,ocain@example.org
134636406522,English,M,V1,6,2021-01-20,127.0,john53@example.net
854523785284,English,M,V1,6,2021-01-20,92.0,melissagarcia@example.net
375912764775,English,M,V3,6,2021-01-20,,kaylablackwell@example.com
859730454216,English,M,V1,6,2021-01-20,143.0,bennettjill@example.net
598092075150,English,F,V1,6,2021-01-20,142.0,ujohnson@example.org
195406992999,English,F,V2,6,2021-01-20,103.0,rnewman@example.com
384069046489,English,F,V2,6,2021-01-20,87.0,rebecca57@example.com
516925101543,English,M,V1,6,2021-01-20,132.0,alfredgilbert@example.com
316232430132,English,M,V1,6,2021-01-20,116.0,hansenmelanie@example.org
548408175187,English,F,V3,6,2021-01-20,143.0,jennifernovak@example.net
742849649305,English,M,V3,6,2021-01-20,90.0,angelabeard@example.net
807089258632,English,M,V3,6,2021-01-20,143.0,brandon70@example.com
778327249943,English,F,V1,6,2021-01-20,91.0,xfinley@example.org
831830403696,English,F,V2,6,2021-01-20,142.0,amanda77@example.org
890950827223,English,F,V1,6,2021-01-20,145.0,umullins@example.org
698096442488,English,M,V3,6,2021-01-20,97.0,uherrera@example.com
483140463971,English,M,V2,6,2021-01-20,136.0,elizabethhernandez@example.net
439177280097,English,F,V3,6,2021-01-20,142.0,hrobinson@example.com
434633594962,English,M,V2,6,2021-01-20,146.0,marcmartinez@example.net
845631877535,English,F,V3,6,2021-01-20,91.0,bryan23@example.net
147734107781,English,F,V3,6,2021-01-20,141.0,middletonchristopher@example.net
200184075356,English,F,V1,6,2021-01-20,129.0,samantha34@example.org
850254434111,English,M,V3,6,2021-01-20,128.0,sgarrett@example.net
345785542032,English,F,V3,6,2021-01-20,137.0,vbrown@example.org
364283850058,English,F,V2,6,2021-01-20,140.0,michael58@example.com
509901447319,English,M,V3,6,2021-01-20,141.0,andreawilliams@example.net
928458224129,English,M,V2,6,2021-01-20,147.0,ghaynes@example.org
742849649305,English,M,V1,6,2021-01-20,86.0,johnsemily@example.net
961403946426,English,F,V2,6,2021-01-20,144.0,holly74@example.com
135235090373,English,M,V3,6,2021-01-20,128.0,erin95@example.org
481377868970,English,M,V3,6,2021-01-20,94.0,deannalee@example.org
539912460737,English,F,V3,6,2021-01-20,142.0,hbradley@example.com
906178418327,English,M,V2,6,2021-01-20,145.0,fryan@example.net
404761941907,English,M,V2,6,2021-01-20,143.0,sheila61@example.com
534818041455,English,M,V2,6,2021-01-20,139.0,uperry@example.net
132382292530,English,M,V2,6,2021-01-20,127.0,jrodriguez@example.net
307042220601,English,M,V2,6,2021-01-20,112.0,henrychambers@example.net
871674499258,English,M,V3,6,2021-01-20,99.0,isabel21@example.net
474974939143,English,M,V3,6,2021-01-20,89.0,jgarcia@example.net
200184075356,English,F,V3,6,2021-01-20,129.0,framirez@example.com
328123981982,English,M,V2,6,2021-01-20,141.0,jameswilson@example.org
393341029244,English,M,V1,6,2021-01-20,135.0,johnriddle@example.com
973122212761,English,M,V1,6,2021-01-20,132.0,okelley@example.com
455324936231,English,F,V3,6,2021-01-20,135.0,laurawatkins@example.com
218048465306,English,M,V1,6,2021-01-20,136.0,dawn53@example.com
675631911681,English,F,V3,6,2021-01-20,144.0,sara90@example.com
762219028976,English,M,V1,6,2021-01-20,147.0,sarawalker@example.com
201181679983,English,F,V1,6,2021-01-20,145.0,nielsenkathy@example.com
732754659476,English,M,V1,6,2021-01-20,92.0,gallegossusan@example.com
380407569981,English,M,V3,6,2021-01-20,90.0,sbeck@example.net
373399252713,English,M,V1,6,2021-01-20,141.0,ycooper@example.com
194909189019,English,M,V3,6,2021-01-20,86.0,bmcgrath@example.net
914615865787,English,M,V3,6,2021-01-20,98.0,heidilittle@example.net
617915712233,English,F,V2,6,2021-01-20,136.0,mooretimothy@example.net
895912801769,English,F,V1,6,2021-01-20,90.0,lwood@example.org
252259210934,English,M,V1,6,2021-01-20,132.0,guerradiana@example.com
243769105274,English,M,V2,6,2021-01-20,139.0,callahandebra@example.com
543718766981,English,F,V3,6,2021-01-20,95.0,vsmall@example.org
372658952341,English,F,V2,6,2021-01-20,146.0,tadams@example.net
153239044109,English,F,V1,6,2021-01-20,130.0,johnsonstacy@example.net
583636192434,English,M,V1,6,2021-01-20,140.0,kreyes@example.net
285083874666,English,M,V1,6,2021-01-20,90.0,williamsheather@example.net
510548219065,English,F,V2,6,2021-01-20,135.0,bakeraustin@example.com
658206872114,English,F,V1,6,2021-01-20,,joshua93@example.org
945751490318,English,M,V1,6,2021-01-20,147.0,alyssagibson@example.net
151106641286,English,F,V3,6,2021-01-20,126.0,hendrickshannah@example.com
919540673347,English,F,V1,6,2021-01-20,148.0,sandra27@example.com
385259937280,English,F,V1,6,2021-01-20,87.0,eric80@example.com
258374244697,English,M,V3,6,2021-01-20,86.0,ssmith@example.com
632343320837,English,M,V3,6,2021-01-20,130.0,hkelley@example.net
266794421880,English,F,V2,6,2021-01-20,142.0,mallory04@example.org
127673925754,English,F,V1,6,2021-01-20,145.0,ashleyfisher@example.org
516998076651,English,F,V2,6,2021-01-20,92.0,davisrobin@example.com
246519164194,English,M,V1,6,2021-01-20,141.0,robinrichardson@example.net
854165703305,English,M,V3,6,2021-01-20,132.0,grace82@example.com
901867522076,English,F,V2,6,2021-01-20,141.0,lauren74@example.org
886481246086,English,F,V2,6,2021-01-20,86.0,fbrown@example.com
365306758902,English,M,V2,6,2021-01-20,141.0,heidisandoval@example.com
334444233818,English,F,V1,6,2021-01-20,136.0,smithgrace@example.com
824302594053,English,M,V1,6,2021-01-20,130.0,xgarcia@example.org
179617135038,English,F,V1,6,2021-01-20,137.0,hartmanjoshua@example.org
138320838071,English,M,V2,6,2021-01-20,132.0,elizabethcarr@example.net
831818657234,English,F,V2,6,2021-01-20,141.0,xvargas@example.com
218494372801,English,M,V3,6,2021-01-20,134.0,geraldhudson@example.org
597331333698,English,F,V2,6,2021-01-20,91.0,cantuchristopher@example.com
664083669524,English,M,V1,6,2021-01-20,150.0,cwashington@example.com
717408916062,English,F,V3,6,2021-01-20,136.0,holmeschristopher@example.com
762219028976,English,F,V3,6,2021-01-20,146.0,jacob22@example.net
459841769791,English,F,V2,6,2021-01-20,100.0,brandonchavez@example.net
902888634785,English,M,V3,6,2021-01-20,93.0,nicoleyoung@example.com
686332706442,English,F,V2,6,2021-01-20,142.0,brownandrew@example.com
443529134863,English,M,V2,6,2021-01-20,143.0,lisa51@example.com
880799057992,English,F,V3,6,2021-01-20,99.0,robertsmith@example.org
706177742856,English,M,V3,6,2021-01-20,85.0,kenneth02@example.com
938946134100,English,F,V1,6,2021-01-20,133.0,mpeters@example.org
722329841980,English,M,V1,6,2021-01-20,146.0,torresgeorge@example.net
630606109976,English,F,V1,6,2021-01-20,138.0,latoya94@example.net
457615813253,English,M,V2,6,2021-01-20,140.0,vrandolph@example.com
917000812830,English,F,V2,6,2021-01-20,128.0,jacksondeborah@example.net
927529228091,English,F,V2,6,2021-01-20,143.0,meadowsbarbara@example.com
210353038522,English,F,V3,6,2021-01-20,125.0,lynchtyler@example.com
435971684794,English,M,V2,6,2021-01-20,98.0,alexandrayoder@example.com
189531137269,English,M,V1,6,2021-01-20,146.0,kathy88@example.net
305167456490,English,M,V1,6,2021-01-20,137.0,gomezkathleen@example.com
481489321009,English,M,V2,6,2021-01-20,140.0,vargasbrian@example.net
176259240370,English,M,V3,6,2021-01-20,137.0,anna13@example.net
649728096849,English,M,V1,6,2021-01-20,101.0,osmith@example.com
215935921180,English,F,V3,6,2021-01-20,131.0,shieldsdawn@example.com
368456525402,English,M,V3,6,2021-01-20,141.0,gcarter@example.net
212021814743,English,F,V3,6,2021-01-20,120.0,sheila62@example.net
590926604882,English,F,V2,6,2021-01-20,147.0,elizabethsanchez@example.com
317654862796,English,F,V2,6,2021-01-20,92.0,xthompson@example.net
